ISO-10303-21;
HEADER;
/* Generated by software containing ST-Developer
 * from STEP Tools, Inc. (www.steptools.com) 
 */
/* OPTION: using custom renumber hook */

FILE_DESCRIPTION(
/* description */ ('STEP AP242 Edition 2',
'CAx-IF Rec.Pracs.---Representation and Presentation of Product Manufa
cturing Information (PMI)---4.0---2014-10-13',
'CAx-IF Rec.Pracs.---3D Tessellated Geometry---0.4---2014-09-14','2;1',
'CAx-IF Rec.Pracs.---User Defined Attributes---1.5---2016-08-15'),
/* implementation_level */ '2;1');

FILE_NAME(
/* name */ '696fe0495e382773a904345c',
/* time_stamp */ '2026-01-20T20:06:34Z',
/* author */ (''),
/* organization */ (''),
/* preprocessor_version */ 'ST-DEVELOPER v20',
/* originating_system */ 'ONSHAPE BY PTC INC, 1.209',
/* authorisation */ '  ');

FILE_SCHEMA (('AP242_MANAGED_MODEL_BASED_3D_ENGINEERING_MIM_LF { 1 0 10303 442 3 1 4 }'));
ENDSEC;

DATA;
#10=B_SPLINE_CURVE_WITH_KNOTS('',3,(#1877,#1878,#1879,#1880,#1881,#1882,
#1883,#1884,#1885,#1886,#1887),.UNSPECIFIED.,.T.,.F.,(1,1,1,1,1,1,1,1,1,
1,1,1,1,1,1),(-0.00117258710694019,-0.000781724737960125,-0.000390862368980063,
4.78723535905421E-20,0.000390862368980063,0.000781724737960126,0.00117258710694019,
0.00156344947592025,0.00195431184490031,0.00234517421388038,0.00273603658286044,
0.0031268989518405,0.00351776132082056,0.00390862368980063,0.00429948605878069),
 .UNSPECIFIED.);
#11=B_SPLINE_CURVE_WITH_KNOTS('',3,(#1899,#1900,#1901,#1902,#1903,#1904,
#1905,#1906,#1907,#1908,#1909),.UNSPECIFIED.,.T.,.F.,(1,1,1,1,1,1,1,1,1,
1,1,1,1,1,1),(-0.00117252315637519,-0.000781682104250127,-0.000390841052125064,
1.41179686376201E-20,0.000390841052125063,0.000781682104250127,0.00117252315637519,
0.00156336420850025,0.00195420526062532,0.00234504631275038,0.00273588736487544,
0.00312672841700051,0.00351756946912557,0.00390841052125063,0.0042992515733757),
 .UNSPECIFIED.);
#12=CONICAL_SURFACE('',#1342,0.0056,0.832981266674434);
#13=CONICAL_SURFACE('',#1346,0.0078,0.785398163397449);
#14=CONICAL_SURFACE('',#1362,0.0073,1.24904577239825);
#15=CONICAL_SURFACE('',#1370,0.0073,1.24904577239825);
#16=CONICAL_SURFACE('',#1378,0.0073,1.24904577239825);
#17=CONICAL_SURFACE('',#1386,0.0073,1.24904577239825);
#18=SHAPE_REPRESENTATION_RELATIONSHIP('','',#1313,#23);
#19=SHAPE_REPRESENTATION_RELATIONSHIP('','',#1314,#24);
#20=SHAPE_REPRESENTATION_RELATIONSHIP('','',#1315,#25);
#21=SHAPE_REPRESENTATION_RELATIONSHIP('','',#1316,#26);
#22=SHAPE_REPRESENTATION_RELATIONSHIP('','',#1317,#27);
#23=ADVANCED_BREP_SHAPE_REPRESENTATION('',(#1303),#2170);
#24=ADVANCED_BREP_SHAPE_REPRESENTATION('',(#1304),#2171);
#25=ADVANCED_BREP_SHAPE_REPRESENTATION('',(#1305),#2172);
#26=ADVANCED_BREP_SHAPE_REPRESENTATION('',(#1306),#2173);
#27=ADVANCED_BREP_SHAPE_REPRESENTATION('',(#1307),#2174);
#28=CYLINDRICAL_SURFACE('',#1330,0.0069);
#29=CYLINDRICAL_SURFACE('',#1338,0.0071);
#30=CYLINDRICAL_SURFACE('',#1344,0.0078);
#31=CYLINDRICAL_SURFACE('',#1351,0.0088);
#32=CYLINDRICAL_SURFACE('',#1358,0.0073);
#33=CYLINDRICAL_SURFACE('',#1366,0.0073);
#34=CYLINDRICAL_SURFACE('',#1374,0.0073);
#35=CYLINDRICAL_SURFACE('',#1382,0.0073);
#36=CYLINDRICAL_SURFACE('',#1388,0.0005);
#37=CYLINDRICAL_SURFACE('',#1401,0.0069);
#38=CYLINDRICAL_SURFACE('',#1414,0.0069);
#39=CYLINDRICAL_SURFACE('',#1427,0.0069);
#40=CIRCLE('',#1327,0.0069);
#41=CIRCLE('',#1329,0.0069);
#42=CIRCLE('',#1333,0.0071);
#43=CIRCLE('',#1334,0.0088);
#44=CIRCLE('',#1335,0.0088);
#45=CIRCLE('',#1336,0.0088);
#46=CIRCLE('',#1337,0.0088);
#47=CIRCLE('',#1339,0.0071);
#48=CIRCLE('',#1341,0.0056);
#49=CIRCLE('',#1343,0.0078);
#50=CIRCLE('',#1345,0.0078);
#51=CIRCLE('',#1347,0.0068);
#52=CIRCLE('',#1350,0.0088);
#53=CIRCLE('',#1352,0.0088);
#54=CIRCLE('',#1353,0.0088);
#55=CIRCLE('',#1354,0.0088);
#56=CIRCLE('',#1355,0.0088);
#57=CIRCLE('',#1359,0.0073);
#58=CIRCLE('',#1360,0.0073);
#59=CIRCLE('',#1367,0.0073);
#60=CIRCLE('',#1368,0.0073);
#61=CIRCLE('',#1375,0.0073);
#62=CIRCLE('',#1376,0.0073);
#63=CIRCLE('',#1383,0.0073);
#64=CIRCLE('',#1384,0.0073);
#65=CIRCLE('',#1398,0.0069);
#66=CIRCLE('',#1400,0.0069);
#67=CIRCLE('',#1411,0.0069);
#68=CIRCLE('',#1413,0.0069);
#69=CIRCLE('',#1424,0.0069);
#70=CIRCLE('',#1426,0.0069);
#71=ORIENTED_EDGE('',*,*,#409,.F.);
#72=ORIENTED_EDGE('',*,*,#410,.T.);
#73=ORIENTED_EDGE('',*,*,#411,.T.);
#74=ORIENTED_EDGE('',*,*,#412,.T.);
#75=ORIENTED_EDGE('',*,*,#413,.F.);
#76=ORIENTED_EDGE('',*,*,#414,.T.);
#77=ORIENTED_EDGE('',*,*,#415,.F.);
#78=ORIENTED_EDGE('',*,*,#416,.F.);
#79=ORIENTED_EDGE('',*,*,#417,.F.);
#80=ORIENTED_EDGE('',*,*,#418,.F.);
#81=ORIENTED_EDGE('',*,*,#419,.T.);
#82=ORIENTED_EDGE('',*,*,#420,.T.);
#83=ORIENTED_EDGE('',*,*,#414,.F.);
#84=ORIENTED_EDGE('',*,*,#418,.T.);
#85=ORIENTED_EDGE('',*,*,#421,.T.);
#86=ORIENTED_EDGE('',*,*,#422,.F.);
#87=ORIENTED_EDGE('',*,*,#423,.F.);
#88=ORIENTED_EDGE('',*,*,#424,.T.);
#89=ORIENTED_EDGE('',*,*,#409,.T.);
#90=ORIENTED_EDGE('',*,*,#425,.F.);
#91=ORIENTED_EDGE('',*,*,#426,.F.);
#92=ORIENTED_EDGE('',*,*,#422,.T.);
#93=ORIENTED_EDGE('',*,*,#425,.T.);
#94=ORIENTED_EDGE('',*,*,#412,.F.);
#95=ORIENTED_EDGE('',*,*,#427,.F.);
#96=ORIENTED_EDGE('',*,*,#415,.T.);
#97=ORIENTED_EDGE('',*,*,#420,.F.);
#98=ORIENTED_EDGE('',*,*,#428,.T.);
#99=ORIENTED_EDGE('',*,*,#419,.F.);
#100=ORIENTED_EDGE('',*,*,#423,.T.);
#101=ORIENTED_EDGE('',*,*,#426,.T.);
#102=ORIENTED_EDGE('',*,*,#428,.F.);
#103=ORIENTED_EDGE('',*,*,#429,.F.);
#104=ORIENTED_EDGE('',*,*,#416,.T.);
#105=ORIENTED_EDGE('',*,*,#427,.T.);
#106=ORIENTED_EDGE('',*,*,#411,.F.);
#107=ORIENTED_EDGE('',*,*,#424,.F.);
#108=ORIENTED_EDGE('',*,*,#421,.F.);
#109=ORIENTED_EDGE('',*,*,#417,.T.);
#110=ORIENTED_EDGE('',*,*,#430,.T.);
#111=ORIENTED_EDGE('',*,*,#430,.F.);
#112=ORIENTED_EDGE('',*,*,#413,.T.);
#113=ORIENTED_EDGE('',*,*,#429,.T.);
#114=ORIENTED_EDGE('',*,*,#410,.F.);
#115=ORIENTED_EDGE('',*,*,#431,.F.);
#116=ORIENTED_EDGE('',*,*,#432,.F.);
#117=ORIENTED_EDGE('',*,*,#433,.T.);
#118=ORIENTED_EDGE('',*,*,#434,.T.);
#119=ORIENTED_EDGE('',*,*,#435,.F.);
#120=ORIENTED_EDGE('',*,*,#436,.F.);
#121=ORIENTED_EDGE('',*,*,#437,.T.);
#122=ORIENTED_EDGE('',*,*,#438,.T.);
#123=ORIENTED_EDGE('',*,*,#439,.F.);
#124=ORIENTED_EDGE('',*,*,#440,.F.);
#125=ORIENTED_EDGE('',*,*,#441,.T.);
#126=ORIENTED_EDGE('',*,*,#442,.T.);
#127=ORIENTED_EDGE('',*,*,#443,.F.);
#128=ORIENTED_EDGE('',*,*,#444,.F.);
#129=ORIENTED_EDGE('',*,*,#445,.T.);
#130=ORIENTED_EDGE('',*,*,#446,.T.);
#131=ORIENTED_EDGE('',*,*,#447,.F.);
#132=ORIENTED_EDGE('',*,*,#448,.F.);
#133=ORIENTED_EDGE('',*,*,#431,.T.);
#134=ORIENTED_EDGE('',*,*,#449,.F.);
#135=ORIENTED_EDGE('',*,*,#448,.T.);
#136=ORIENTED_EDGE('',*,*,#450,.F.);
#137=ORIENTED_EDGE('',*,*,#449,.T.);
#138=ORIENTED_EDGE('',*,*,#451,.T.);
#139=ORIENTED_EDGE('',*,*,#452,.F.);
#140=ORIENTED_EDGE('',*,*,#450,.T.);
#141=ORIENTED_EDGE('',*,*,#453,.F.);
#142=ORIENTED_EDGE('',*,*,#452,.T.);
#143=ORIENTED_EDGE('',*,*,#453,.T.);
#144=ORIENTED_EDGE('',*,*,#454,.F.);
#145=ORIENTED_EDGE('',*,*,#455,.F.);
#146=ORIENTED_EDGE('',*,*,#454,.T.);
#147=ORIENTED_EDGE('',*,*,#434,.F.);
#148=ORIENTED_EDGE('',*,*,#456,.F.);
#149=ORIENTED_EDGE('',*,*,#457,.F.);
#150=ORIENTED_EDGE('',*,*,#458,.T.);
#151=ORIENTED_EDGE('',*,*,#446,.F.);
#152=ORIENTED_EDGE('',*,*,#459,.F.);
#153=ORIENTED_EDGE('',*,*,#460,.F.);
#154=ORIENTED_EDGE('',*,*,#461,.T.);
#155=ORIENTED_EDGE('',*,*,#442,.F.);
#156=ORIENTED_EDGE('',*,*,#462,.F.);
#157=ORIENTED_EDGE('',*,*,#463,.F.);
#158=ORIENTED_EDGE('',*,*,#464,.T.);
#159=ORIENTED_EDGE('',*,*,#438,.F.);
#160=ORIENTED_EDGE('',*,*,#465,.F.);
#161=ORIENTED_EDGE('',*,*,#466,.F.);
#162=ORIENTED_EDGE('',*,*,#467,.T.);
#163=ORIENTED_EDGE('',*,*,#468,.T.);
#164=ORIENTED_EDGE('',*,*,#469,.T.);
#165=ORIENTED_EDGE('',*,*,#435,.T.);
#166=ORIENTED_EDGE('',*,*,#467,.F.);
#167=ORIENTED_EDGE('',*,*,#470,.F.);
#168=ORIENTED_EDGE('',*,*,#471,.F.);
#169=ORIENTED_EDGE('',*,*,#472,.F.);
#170=ORIENTED_EDGE('',*,*,#473,.F.);
#171=ORIENTED_EDGE('',*,*,#474,.T.);
#172=ORIENTED_EDGE('',*,*,#475,.T.);
#173=ORIENTED_EDGE('',*,*,#465,.T.);
#174=ORIENTED_EDGE('',*,*,#437,.F.);
#175=ORIENTED_EDGE('',*,*,#476,.F.);
#176=ORIENTED_EDGE('',*,*,#471,.T.);
#177=ORIENTED_EDGE('',*,*,#477,.T.);
#178=ORIENTED_EDGE('',*,*,#474,.F.);
#179=ORIENTED_EDGE('',*,*,#473,.T.);
#180=ORIENTED_EDGE('',*,*,#478,.T.);
#181=ORIENTED_EDGE('',*,*,#468,.F.);
#182=ORIENTED_EDGE('',*,*,#476,.T.);
#183=ORIENTED_EDGE('',*,*,#470,.T.);
#184=ORIENTED_EDGE('',*,*,#466,.T.);
#185=ORIENTED_EDGE('',*,*,#475,.F.);
#186=ORIENTED_EDGE('',*,*,#477,.F.);
#187=ORIENTED_EDGE('',*,*,#478,.F.);
#188=ORIENTED_EDGE('',*,*,#472,.T.);
#189=ORIENTED_EDGE('',*,*,#436,.T.);
#190=ORIENTED_EDGE('',*,*,#469,.F.);
#191=ORIENTED_EDGE('',*,*,#479,.T.);
#192=ORIENTED_EDGE('',*,*,#480,.T.);
#193=ORIENTED_EDGE('',*,*,#439,.T.);
#194=ORIENTED_EDGE('',*,*,#464,.F.);
#195=ORIENTED_EDGE('',*,*,#481,.F.);
#196=ORIENTED_EDGE('',*,*,#482,.F.);
#197=ORIENTED_EDGE('',*,*,#483,.F.);
#198=ORIENTED_EDGE('',*,*,#484,.F.);
#199=ORIENTED_EDGE('',*,*,#485,.T.);
#200=ORIENTED_EDGE('',*,*,#486,.T.);
#201=ORIENTED_EDGE('',*,*,#462,.T.);
#202=ORIENTED_EDGE('',*,*,#441,.F.);
#203=ORIENTED_EDGE('',*,*,#487,.F.);
#204=ORIENTED_EDGE('',*,*,#482,.T.);
#205=ORIENTED_EDGE('',*,*,#488,.T.);
#206=ORIENTED_EDGE('',*,*,#485,.F.);
#207=ORIENTED_EDGE('',*,*,#484,.T.);
#208=ORIENTED_EDGE('',*,*,#489,.T.);
#209=ORIENTED_EDGE('',*,*,#479,.F.);
#210=ORIENTED_EDGE('',*,*,#487,.T.);
#211=ORIENTED_EDGE('',*,*,#481,.T.);
#212=ORIENTED_EDGE('',*,*,#463,.T.);
#213=ORIENTED_EDGE('',*,*,#486,.F.);
#214=ORIENTED_EDGE('',*,*,#488,.F.);
#215=ORIENTED_EDGE('',*,*,#489,.F.);
#216=ORIENTED_EDGE('',*,*,#483,.T.);
#217=ORIENTED_EDGE('',*,*,#440,.T.);
#218=ORIENTED_EDGE('',*,*,#480,.F.);
#219=ORIENTED_EDGE('',*,*,#490,.T.);
#220=ORIENTED_EDGE('',*,*,#491,.T.);
#221=ORIENTED_EDGE('',*,*,#443,.T.);
#222=ORIENTED_EDGE('',*,*,#461,.F.);
#223=ORIENTED_EDGE('',*,*,#492,.F.);
#224=ORIENTED_EDGE('',*,*,#493,.F.);
#225=ORIENTED_EDGE('',*,*,#494,.F.);
#226=ORIENTED_EDGE('',*,*,#495,.F.);
#227=ORIENTED_EDGE('',*,*,#496,.T.);
#228=ORIENTED_EDGE('',*,*,#497,.T.);
#229=ORIENTED_EDGE('',*,*,#459,.T.);
#230=ORIENTED_EDGE('',*,*,#445,.F.);
#231=ORIENTED_EDGE('',*,*,#498,.F.);
#232=ORIENTED_EDGE('',*,*,#493,.T.);
#233=ORIENTED_EDGE('',*,*,#499,.T.);
#234=ORIENTED_EDGE('',*,*,#496,.F.);
#235=ORIENTED_EDGE('',*,*,#495,.T.);
#236=ORIENTED_EDGE('',*,*,#500,.T.);
#237=ORIENTED_EDGE('',*,*,#490,.F.);
#238=ORIENTED_EDGE('',*,*,#498,.T.);
#239=ORIENTED_EDGE('',*,*,#492,.T.);
#240=ORIENTED_EDGE('',*,*,#460,.T.);
#241=ORIENTED_EDGE('',*,*,#497,.F.);
#242=ORIENTED_EDGE('',*,*,#499,.F.);
#243=ORIENTED_EDGE('',*,*,#500,.F.);
#244=ORIENTED_EDGE('',*,*,#494,.T.);
#245=ORIENTED_EDGE('',*,*,#444,.T.);
#246=ORIENTED_EDGE('',*,*,#491,.F.);
#247=ORIENTED_EDGE('',*,*,#501,.T.);
#248=ORIENTED_EDGE('',*,*,#502,.T.);
#249=ORIENTED_EDGE('',*,*,#447,.T.);
#250=ORIENTED_EDGE('',*,*,#458,.F.);
#251=ORIENTED_EDGE('',*,*,#503,.F.);
#252=ORIENTED_EDGE('',*,*,#504,.F.);
#253=ORIENTED_EDGE('',*,*,#505,.F.);
#254=ORIENTED_EDGE('',*,*,#506,.F.);
#255=ORIENTED_EDGE('',*,*,#507,.T.);
#256=ORIENTED_EDGE('',*,*,#508,.T.);
#257=ORIENTED_EDGE('',*,*,#456,.T.);
#258=ORIENTED_EDGE('',*,*,#433,.F.);
#259=ORIENTED_EDGE('',*,*,#509,.F.);
#260=ORIENTED_EDGE('',*,*,#504,.T.);
#261=ORIENTED_EDGE('',*,*,#510,.T.);
#262=ORIENTED_EDGE('',*,*,#507,.F.);
#263=ORIENTED_EDGE('',*,*,#506,.T.);
#264=ORIENTED_EDGE('',*,*,#511,.T.);
#265=ORIENTED_EDGE('',*,*,#501,.F.);
#266=ORIENTED_EDGE('',*,*,#509,.T.);
#267=ORIENTED_EDGE('',*,*,#503,.T.);
#268=ORIENTED_EDGE('',*,*,#457,.T.);
#269=ORIENTED_EDGE('',*,*,#508,.F.);
#270=ORIENTED_EDGE('',*,*,#510,.F.);
#271=ORIENTED_EDGE('',*,*,#511,.F.);
#272=ORIENTED_EDGE('',*,*,#505,.T.);
#273=ORIENTED_EDGE('',*,*,#432,.T.);
#274=ORIENTED_EDGE('',*,*,#502,.F.);
#275=ORIENTED_EDGE('',*,*,#455,.T.);
#276=ORIENTED_EDGE('',*,*,#451,.F.);
#277=ORIENTED_EDGE('',*,*,#512,.F.);
#278=ORIENTED_EDGE('',*,*,#513,.T.);
#279=ORIENTED_EDGE('',*,*,#514,.T.);
#280=ORIENTED_EDGE('',*,*,#515,.T.);
#281=ORIENTED_EDGE('',*,*,#516,.F.);
#282=ORIENTED_EDGE('',*,*,#517,.T.);
#283=ORIENTED_EDGE('',*,*,#518,.F.);
#284=ORIENTED_EDGE('',*,*,#519,.F.);
#285=ORIENTED_EDGE('',*,*,#520,.F.);
#286=ORIENTED_EDGE('',*,*,#521,.F.);
#287=ORIENTED_EDGE('',*,*,#522,.T.);
#288=ORIENTED_EDGE('',*,*,#523,.T.);
#289=ORIENTED_EDGE('',*,*,#517,.F.);
#290=ORIENTED_EDGE('',*,*,#521,.T.);
#291=ORIENTED_EDGE('',*,*,#524,.T.);
#292=ORIENTED_EDGE('',*,*,#525,.F.);
#293=ORIENTED_EDGE('',*,*,#526,.F.);
#294=ORIENTED_EDGE('',*,*,#527,.T.);
#295=ORIENTED_EDGE('',*,*,#512,.T.);
#296=ORIENTED_EDGE('',*,*,#528,.F.);
#297=ORIENTED_EDGE('',*,*,#529,.F.);
#298=ORIENTED_EDGE('',*,*,#525,.T.);
#299=ORIENTED_EDGE('',*,*,#528,.T.);
#300=ORIENTED_EDGE('',*,*,#515,.F.);
#301=ORIENTED_EDGE('',*,*,#530,.F.);
#302=ORIENTED_EDGE('',*,*,#518,.T.);
#303=ORIENTED_EDGE('',*,*,#523,.F.);
#304=ORIENTED_EDGE('',*,*,#531,.T.);
#305=ORIENTED_EDGE('',*,*,#522,.F.);
#306=ORIENTED_EDGE('',*,*,#526,.T.);
#307=ORIENTED_EDGE('',*,*,#529,.T.);
#308=ORIENTED_EDGE('',*,*,#531,.F.);
#309=ORIENTED_EDGE('',*,*,#532,.F.);
#310=ORIENTED_EDGE('',*,*,#519,.T.);
#311=ORIENTED_EDGE('',*,*,#530,.T.);
#312=ORIENTED_EDGE('',*,*,#514,.F.);
#313=ORIENTED_EDGE('',*,*,#527,.F.);
#314=ORIENTED_EDGE('',*,*,#524,.F.);
#315=ORIENTED_EDGE('',*,*,#520,.T.);
#316=ORIENTED_EDGE('',*,*,#533,.T.);
#317=ORIENTED_EDGE('',*,*,#533,.F.);
#318=ORIENTED_EDGE('',*,*,#516,.T.);
#319=ORIENTED_EDGE('',*,*,#532,.T.);
#320=ORIENTED_EDGE('',*,*,#513,.F.);
#321=ORIENTED_EDGE('',*,*,#534,.F.);
#322=ORIENTED_EDGE('',*,*,#535,.T.);
#323=ORIENTED_EDGE('',*,*,#536,.T.);
#324=ORIENTED_EDGE('',*,*,#537,.T.);
#325=ORIENTED_EDGE('',*,*,#538,.F.);
#326=ORIENTED_EDGE('',*,*,#539,.T.);
#327=ORIENTED_EDGE('',*,*,#540,.F.);
#328=ORIENTED_EDGE('',*,*,#541,.F.);
#329=ORIENTED_EDGE('',*,*,#542,.F.);
#330=ORIENTED_EDGE('',*,*,#543,.F.);
#331=ORIENTED_EDGE('',*,*,#544,.T.);
#332=ORIENTED_EDGE('',*,*,#545,.T.);
#333=ORIENTED_EDGE('',*,*,#539,.F.);
#334=ORIENTED_EDGE('',*,*,#543,.T.);
#335=ORIENTED_EDGE('',*,*,#546,.T.);
#336=ORIENTED_EDGE('',*,*,#547,.F.);
#337=ORIENTED_EDGE('',*,*,#548,.F.);
#338=ORIENTED_EDGE('',*,*,#549,.T.);
#339=ORIENTED_EDGE('',*,*,#534,.T.);
#340=ORIENTED_EDGE('',*,*,#550,.F.);
#341=ORIENTED_EDGE('',*,*,#551,.F.);
#342=ORIENTED_EDGE('',*,*,#547,.T.);
#343=ORIENTED_EDGE('',*,*,#550,.T.);
#344=ORIENTED_EDGE('',*,*,#537,.F.);
#345=ORIENTED_EDGE('',*,*,#552,.F.);
#346=ORIENTED_EDGE('',*,*,#540,.T.);
#347=ORIENTED_EDGE('',*,*,#545,.F.);
#348=ORIENTED_EDGE('',*,*,#553,.T.);
#349=ORIENTED_EDGE('',*,*,#544,.F.);
#350=ORIENTED_EDGE('',*,*,#548,.T.);
#351=ORIENTED_EDGE('',*,*,#551,.T.);
#352=ORIENTED_EDGE('',*,*,#553,.F.);
#353=ORIENTED_EDGE('',*,*,#554,.F.);
#354=ORIENTED_EDGE('',*,*,#541,.T.);
#355=ORIENTED_EDGE('',*,*,#552,.T.);
#356=ORIENTED_EDGE('',*,*,#536,.F.);
#357=ORIENTED_EDGE('',*,*,#549,.F.);
#358=ORIENTED_EDGE('',*,*,#546,.F.);
#359=ORIENTED_EDGE('',*,*,#542,.T.);
#360=ORIENTED_EDGE('',*,*,#555,.T.);
#361=ORIENTED_EDGE('',*,*,#555,.F.);
#362=ORIENTED_EDGE('',*,*,#538,.T.);
#363=ORIENTED_EDGE('',*,*,#554,.T.);
#364=ORIENTED_EDGE('',*,*,#535,.F.);
#365=ORIENTED_EDGE('',*,*,#556,.F.);
#366=ORIENTED_EDGE('',*,*,#557,.T.);
#367=ORIENTED_EDGE('',*,*,#558,.T.);
#368=ORIENTED_EDGE('',*,*,#559,.T.);
#369=ORIENTED_EDGE('',*,*,#560,.F.);
#370=ORIENTED_EDGE('',*,*,#561,.T.);
#371=ORIENTED_EDGE('',*,*,#562,.F.);
#372=ORIENTED_EDGE('',*,*,#563,.F.);
#373=ORIENTED_EDGE('',*,*,#564,.F.);
#374=ORIENTED_EDGE('',*,*,#565,.F.);
#375=ORIENTED_EDGE('',*,*,#566,.T.);
#376=ORIENTED_EDGE('',*,*,#567,.T.);
#377=ORIENTED_EDGE('',*,*,#561,.F.);
#378=ORIENTED_EDGE('',*,*,#565,.T.);
#379=ORIENTED_EDGE('',*,*,#568,.T.);
#380=ORIENTED_EDGE('',*,*,#569,.F.);
#381=ORIENTED_EDGE('',*,*,#570,.F.);
#382=ORIENTED_EDGE('',*,*,#571,.T.);
#383=ORIENTED_EDGE('',*,*,#556,.T.);
#384=ORIENTED_EDGE('',*,*,#572,.F.);
#385=ORIENTED_EDGE('',*,*,#573,.F.);
#386=ORIENTED_EDGE('',*,*,#569,.T.);
#387=ORIENTED_EDGE('',*,*,#572,.T.);
#388=ORIENTED_EDGE('',*,*,#559,.F.);
#389=ORIENTED_EDGE('',*,*,#574,.F.);
#390=ORIENTED_EDGE('',*,*,#562,.T.);
#391=ORIENTED_EDGE('',*,*,#567,.F.);
#392=ORIENTED_EDGE('',*,*,#575,.T.);
#393=ORIENTED_EDGE('',*,*,#566,.F.);
#394=ORIENTED_EDGE('',*,*,#570,.T.);
#395=ORIENTED_EDGE('',*,*,#573,.T.);
#396=ORIENTED_EDGE('',*,*,#575,.F.);
#397=ORIENTED_EDGE('',*,*,#576,.F.);
#398=ORIENTED_EDGE('',*,*,#563,.T.);
#399=ORIENTED_EDGE('',*,*,#574,.T.);
#400=ORIENTED_EDGE('',*,*,#558,.F.);
#401=ORIENTED_EDGE('',*,*,#571,.F.);
#402=ORIENTED_EDGE('',*,*,#568,.F.);
#403=ORIENTED_EDGE('',*,*,#564,.T.);
#404=ORIENTED_EDGE('',*,*,#577,.T.);
#405=ORIENTED_EDGE('',*,*,#577,.F.);
#406=ORIENTED_EDGE('',*,*,#560,.T.);
#407=ORIENTED_EDGE('',*,*,#576,.T.);
#408=ORIENTED_EDGE('',*,*,#557,.F.);
#409=EDGE_CURVE('',#578,#579,#691,.F.);
#410=EDGE_CURVE('',#578,#580,#692,.F.);
#411=EDGE_CURVE('',#580,#581,#693,.T.);
#412=EDGE_CURVE('',#581,#579,#694,.T.);
#413=EDGE_CURVE('',#582,#583,#695,.F.);
#414=EDGE_CURVE('',#582,#584,#696,.T.);
#415=EDGE_CURVE('',#585,#584,#697,.T.);
#416=EDGE_CURVE('',#583,#585,#698,.T.);
#417=EDGE_CURVE('',#586,#582,#699,.T.);
#418=EDGE_CURVE('',#587,#586,#700,.T.);
#419=EDGE_CURVE('',#587,#588,#701,.T.);
#420=EDGE_CURVE('',#588,#584,#702,.T.);
#421=EDGE_CURVE('',#586,#589,#703,.T.);
#422=EDGE_CURVE('',#590,#589,#704,.F.);
#423=EDGE_CURVE('',#587,#590,#705,.T.);
#424=EDGE_CURVE('',#589,#578,#706,.F.);
#425=EDGE_CURVE('',#591,#579,#707,.F.);
#426=EDGE_CURVE('',#590,#591,#708,.F.);
#427=EDGE_CURVE('',#585,#581,#709,.T.);
#428=EDGE_CURVE('',#588,#591,#710,.T.);
#429=EDGE_CURVE('',#583,#580,#40,.F.);
#430=EDGE_CURVE('',#582,#578,#41,.T.);
#431=EDGE_CURVE('',#592,#592,#42,.T.);
#432=EDGE_CURVE('',#593,#594,#711,.T.);
#433=EDGE_CURVE('',#593,#595,#712,.T.);
#434=EDGE_CURVE('',#595,#596,#43,.T.);
#435=EDGE_CURVE('',#597,#596,#713,.T.);
#436=EDGE_CURVE('',#598,#597,#714,.T.);
#437=EDGE_CURVE('',#598,#599,#715,.T.);
#438=EDGE_CURVE('',#599,#600,#44,.T.);
#439=EDGE_CURVE('',#601,#600,#716,.T.);
#440=EDGE_CURVE('',#602,#601,#717,.T.);
#441=EDGE_CURVE('',#602,#603,#718,.T.);
#442=EDGE_CURVE('',#603,#604,#45,.T.);
#443=EDGE_CURVE('',#605,#604,#719,.T.);
#444=EDGE_CURVE('',#606,#605,#720,.T.);
#445=EDGE_CURVE('',#606,#607,#721,.T.);
#446=EDGE_CURVE('',#607,#608,#46,.T.);
#447=EDGE_CURVE('',#594,#608,#722,.T.);
#448=EDGE_CURVE('',#609,#609,#47,.T.);
#449=EDGE_CURVE('',#610,#610,#48,.T.);
#450=EDGE_CURVE('',#611,#611,#49,.T.);
#451=EDGE_CURVE('',#612,#612,#10,.T.);
#452=EDGE_CURVE('',#613,#613,#50,.T.);
#453=EDGE_CURVE('',#614,#614,#51,.T.);
#454=EDGE_CURVE('',#615,#615,#52,.T.);
#455=EDGE_CURVE('',#616,#616,#11,.T.);
#456=EDGE_CURVE('',#617,#595,#723,.T.);
#457=EDGE_CURVE('',#618,#617,#53,.T.);
#458=EDGE_CURVE('',#618,#608,#724,.T.);
#459=EDGE_CURVE('',#619,#607,#725,.T.);
#460=EDGE_CURVE('',#620,#619,#54,.T.);
#461=EDGE_CURVE('',#620,#604,#726,.T.);
#462=EDGE_CURVE('',#621,#603,#727,.T.);
#463=EDGE_CURVE('',#622,#621,#55,.T.);
#464=EDGE_CURVE('',#622,#600,#728,.T.);
#465=EDGE_CURVE('',#623,#599,#729,.T.);
#466=EDGE_CURVE('',#624,#623,#56,.T.);
#467=EDGE_CURVE('',#624,#596,#730,.T.);
#468=EDGE_CURVE('',#625,#626,#731,.T.);
#469=EDGE_CURVE('',#626,#597,#732,.T.);
#470=EDGE_CURVE('',#627,#624,#733,.T.);
#471=EDGE_CURVE('',#625,#627,#734,.T.);
#472=EDGE_CURVE('',#628,#598,#735,.T.);
#473=EDGE_CURVE('',#629,#628,#736,.T.);
#474=EDGE_CURVE('',#629,#630,#737,.T.);
#475=EDGE_CURVE('',#630,#623,#738,.T.);
#476=EDGE_CURVE('',#625,#629,#57,.T.);
#477=EDGE_CURVE('',#627,#630,#58,.T.);
#478=EDGE_CURVE('',#628,#626,#739,.T.);
#479=EDGE_CURVE('',#631,#632,#740,.T.);
#480=EDGE_CURVE('',#632,#601,#741,.T.);
#481=EDGE_CURVE('',#633,#622,#742,.T.);
#482=EDGE_CURVE('',#631,#633,#743,.T.);
#483=EDGE_CURVE('',#634,#602,#744,.T.);
#484=EDGE_CURVE('',#635,#634,#745,.T.);
#485=EDGE_CURVE('',#635,#636,#746,.T.);
#486=EDGE_CURVE('',#636,#621,#747,.T.);
#487=EDGE_CURVE('',#631,#635,#59,.T.);
#488=EDGE_CURVE('',#633,#636,#60,.T.);
#489=EDGE_CURVE('',#634,#632,#748,.T.);
#490=EDGE_CURVE('',#637,#638,#749,.T.);
#491=EDGE_CURVE('',#638,#605,#750,.T.);
#492=EDGE_CURVE('',#639,#620,#751,.T.);
#493=EDGE_CURVE('',#637,#639,#752,.T.);
#494=EDGE_CURVE('',#640,#606,#753,.T.);
#495=EDGE_CURVE('',#641,#640,#754,.T.);
#496=EDGE_CURVE('',#641,#642,#755,.T.);
#497=EDGE_CURVE('',#642,#619,#756,.T.);
#498=EDGE_CURVE('',#637,#641,#61,.T.);
#499=EDGE_CURVE('',#639,#642,#62,.T.);
#500=EDGE_CURVE('',#640,#638,#757,.T.);
#501=EDGE_CURVE('',#643,#644,#758,.T.);
#502=EDGE_CURVE('',#644,#594,#759,.T.);
#503=EDGE_CURVE('',#645,#618,#760,.T.);
#504=EDGE_CURVE('',#643,#645,#761,.T.);
#505=EDGE_CURVE('',#646,#593,#762,.T.);
#506=EDGE_CURVE('',#647,#646,#763,.T.);
#507=EDGE_CURVE('',#647,#648,#764,.T.);
#508=EDGE_CURVE('',#648,#617,#765,.T.);
#509=EDGE_CURVE('',#643,#647,#63,.T.);
#510=EDGE_CURVE('',#645,#648,#64,.T.);
#511=EDGE_CURVE('',#646,#644,#766,.T.);
#512=EDGE_CURVE('',#649,#650,#767,.F.);
#513=EDGE_CURVE('',#649,#651,#768,.F.);
#514=EDGE_CURVE('',#651,#652,#769,.T.);
#515=EDGE_CURVE('',#652,#650,#770,.T.);
#516=EDGE_CURVE('',#653,#654,#771,.F.);
#517=EDGE_CURVE('',#653,#655,#772,.T.);
#518=EDGE_CURVE('',#656,#655,#773,.T.);
#519=EDGE_CURVE('',#654,#656,#774,.T.);
#520=EDGE_CURVE('',#657,#653,#775,.T.);
#521=EDGE_CURVE('',#658,#657,#776,.T.);
#522=EDGE_CURVE('',#658,#659,#777,.T.);
#523=EDGE_CURVE('',#659,#655,#778,.T.);
#524=EDGE_CURVE('',#657,#660,#779,.T.);
#525=EDGE_CURVE('',#661,#660,#780,.F.);
#526=EDGE_CURVE('',#658,#661,#781,.T.);
#527=EDGE_CURVE('',#660,#649,#782,.F.);
#528=EDGE_CURVE('',#662,#650,#783,.F.);
#529=EDGE_CURVE('',#661,#662,#784,.F.);
#530=EDGE_CURVE('',#656,#652,#785,.T.);
#531=EDGE_CURVE('',#659,#662,#786,.T.);
#532=EDGE_CURVE('',#654,#651,#65,.F.);
#533=EDGE_CURVE('',#653,#649,#66,.T.);
#534=EDGE_CURVE('',#663,#664,#787,.F.);
#535=EDGE_CURVE('',#663,#665,#788,.F.);
#536=EDGE_CURVE('',#665,#666,#789,.T.);
#537=EDGE_CURVE('',#666,#664,#790,.T.);
#538=EDGE_CURVE('',#667,#668,#791,.F.);
#539=EDGE_CURVE('',#667,#669,#792,.T.);
#540=EDGE_CURVE('',#670,#669,#793,.T.);
#541=EDGE_CURVE('',#668,#670,#794,.T.);
#542=EDGE_CURVE('',#671,#667,#795,.T.);
#543=EDGE_CURVE('',#672,#671,#796,.T.);
#544=EDGE_CURVE('',#672,#673,#797,.T.);
#545=EDGE_CURVE('',#673,#669,#798,.T.);
#546=EDGE_CURVE('',#671,#674,#799,.T.);
#547=EDGE_CURVE('',#675,#674,#800,.F.);
#548=EDGE_CURVE('',#672,#675,#801,.T.);
#549=EDGE_CURVE('',#674,#663,#802,.F.);
#550=EDGE_CURVE('',#676,#664,#803,.F.);
#551=EDGE_CURVE('',#675,#676,#804,.F.);
#552=EDGE_CURVE('',#670,#666,#805,.T.);
#553=EDGE_CURVE('',#673,#676,#806,.T.);
#554=EDGE_CURVE('',#668,#665,#67,.F.);
#555=EDGE_CURVE('',#667,#663,#68,.T.);
#556=EDGE_CURVE('',#677,#678,#807,.F.);
#557=EDGE_CURVE('',#677,#679,#808,.F.);
#558=EDGE_CURVE('',#679,#680,#809,.T.);
#559=EDGE_CURVE('',#680,#678,#810,.T.);
#560=EDGE_CURVE('',#681,#682,#811,.F.);
#561=EDGE_CURVE('',#681,#683,#812,.T.);
#562=EDGE_CURVE('',#684,#683,#813,.T.);
#563=EDGE_CURVE('',#682,#684,#814,.T.);
#564=EDGE_CURVE('',#685,#681,#815,.T.);
#565=EDGE_CURVE('',#686,#685,#816,.T.);
#566=EDGE_CURVE('',#686,#687,#817,.T.);
#567=EDGE_CURVE('',#687,#683,#818,.T.);
#568=EDGE_CURVE('',#685,#688,#819,.T.);
#569=EDGE_CURVE('',#689,#688,#820,.F.);
#570=EDGE_CURVE('',#686,#689,#821,.T.);
#571=EDGE_CURVE('',#688,#677,#822,.F.);
#572=EDGE_CURVE('',#690,#678,#823,.F.);
#573=EDGE_CURVE('',#689,#690,#824,.F.);
#574=EDGE_CURVE('',#684,#680,#825,.T.);
#575=EDGE_CURVE('',#687,#690,#826,.T.);
#576=EDGE_CURVE('',#682,#679,#69,.F.);
#577=EDGE_CURVE('',#681,#677,#70,.T.);
#578=VERTEX_POINT('',#1787);
#579=VERTEX_POINT('',#1788);
#580=VERTEX_POINT('',#1790);
#581=VERTEX_POINT('',#1792);
#582=VERTEX_POINT('',#1796);
#583=VERTEX_POINT('',#1797);
#584=VERTEX_POINT('',#1799);
#585=VERTEX_POINT('',#1801);
#586=VERTEX_POINT('',#1805);
#587=VERTEX_POINT('',#1807);
#588=VERTEX_POINT('',#1809);
#589=VERTEX_POINT('',#1813);
#590=VERTEX_POINT('',#1815);
#591=VERTEX_POINT('',#1820);
#592=VERTEX_POINT('',#1834);
#593=VERTEX_POINT('',#1836);
#594=VERTEX_POINT('',#1837);
#595=VERTEX_POINT('',#1839);
#596=VERTEX_POINT('',#1841);
#597=VERTEX_POINT('',#1843);
#598=VERTEX_POINT('',#1845);
#599=VERTEX_POINT('',#1847);
#600=VERTEX_POINT('',#1849);
#601=VERTEX_POINT('',#1851);
#602=VERTEX_POINT('',#1853);
#603=VERTEX_POINT('',#1855);
#604=VERTEX_POINT('',#1857);
#605=VERTEX_POINT('',#1859);
#606=VERTEX_POINT('',#1861);
#607=VERTEX_POINT('',#1863);
#608=VERTEX_POINT('',#1865);
#609=VERTEX_POINT('',#1869);
#610=VERTEX_POINT('',#1872);
#611=VERTEX_POINT('',#1875);
#612=VERTEX_POINT('',#1888);
#613=VERTEX_POINT('',#1890);
#614=VERTEX_POINT('',#1893);
#615=VERTEX_POINT('',#1897);
#616=VERTEX_POINT('',#1910);
#617=VERTEX_POINT('',#1912);
#618=VERTEX_POINT('',#1914);
#619=VERTEX_POINT('',#1917);
#620=VERTEX_POINT('',#1919);
#621=VERTEX_POINT('',#1922);
#622=VERTEX_POINT('',#1924);
#623=VERTEX_POINT('',#1927);
#624=VERTEX_POINT('',#1929);
#625=VERTEX_POINT('',#1933);
#626=VERTEX_POINT('',#1934);
#627=VERTEX_POINT('',#1937);
#628=VERTEX_POINT('',#1941);
#629=VERTEX_POINT('',#1943);
#630=VERTEX_POINT('',#1945);
#631=VERTEX_POINT('',#1956);
#632=VERTEX_POINT('',#1957);
#633=VERTEX_POINT('',#1960);
#634=VERTEX_POINT('',#1964);
#635=VERTEX_POINT('',#1966);
#636=VERTEX_POINT('',#1968);
#637=VERTEX_POINT('',#1979);
#638=VERTEX_POINT('',#1980);
#639=VERTEX_POINT('',#1983);
#640=VERTEX_POINT('',#1987);
#641=VERTEX_POINT('',#1989);
#642=VERTEX_POINT('',#1991);
#643=VERTEX_POINT('',#2002);
#644=VERTEX_POINT('',#2003);
#645=VERTEX_POINT('',#2006);
#646=VERTEX_POINT('',#2010);
#647=VERTEX_POINT('',#2012);
#648=VERTEX_POINT('',#2014);
#649=VERTEX_POINT('',#2027);
#650=VERTEX_POINT('',#2028);
#651=VERTEX_POINT('',#2030);
#652=VERTEX_POINT('',#2032);
#653=VERTEX_POINT('',#2036);
#654=VERTEX_POINT('',#2037);
#655=VERTEX_POINT('',#2039);
#656=VERTEX_POINT('',#2041);
#657=VERTEX_POINT('',#2045);
#658=VERTEX_POINT('',#2047);
#659=VERTEX_POINT('',#2049);
#660=VERTEX_POINT('',#2053);
#661=VERTEX_POINT('',#2055);
#662=VERTEX_POINT('',#2060);
#663=VERTEX_POINT('',#2074);
#664=VERTEX_POINT('',#2075);
#665=VERTEX_POINT('',#2077);
#666=VERTEX_POINT('',#2079);
#667=VERTEX_POINT('',#2083);
#668=VERTEX_POINT('',#2084);
#669=VERTEX_POINT('',#2086);
#670=VERTEX_POINT('',#2088);
#671=VERTEX_POINT('',#2092);
#672=VERTEX_POINT('',#2094);
#673=VERTEX_POINT('',#2096);
#674=VERTEX_POINT('',#2100);
#675=VERTEX_POINT('',#2102);
#676=VERTEX_POINT('',#2107);
#677=VERTEX_POINT('',#2121);
#678=VERTEX_POINT('',#2122);
#679=VERTEX_POINT('',#2124);
#680=VERTEX_POINT('',#2126);
#681=VERTEX_POINT('',#2130);
#682=VERTEX_POINT('',#2131);
#683=VERTEX_POINT('',#2133);
#684=VERTEX_POINT('',#2135);
#685=VERTEX_POINT('',#2139);
#686=VERTEX_POINT('',#2141);
#687=VERTEX_POINT('',#2143);
#688=VERTEX_POINT('',#2147);
#689=VERTEX_POINT('',#2149);
#690=VERTEX_POINT('',#2154);
#691=LINE('',#1786,#827);
#692=LINE('',#1789,#828);
#693=LINE('',#1791,#829);
#694=LINE('',#1793,#830);
#695=LINE('',#1795,#831);
#696=LINE('',#1798,#832);
#697=LINE('',#1800,#833);
#698=LINE('',#1802,#834);
#699=LINE('',#1804,#835);
#700=LINE('',#1806,#836);
#701=LINE('',#1808,#837);
#702=LINE('',#1810,#838);
#703=LINE('',#1812,#839);
#704=LINE('',#1814,#840);
#705=LINE('',#1816,#841);
#706=LINE('',#1818,#842);
#707=LINE('',#1819,#843);
#708=LINE('',#1821,#844);
#709=LINE('',#1823,#845);
#710=LINE('',#1824,#846);
#711=LINE('',#1835,#847);
#712=LINE('',#1838,#848);
#713=LINE('',#1842,#849);
#714=LINE('',#1844,#850);
#715=LINE('',#1846,#851);
#716=LINE('',#1850,#852);
#717=LINE('',#1852,#853);
#718=LINE('',#1854,#854);
#719=LINE('',#1858,#855);
#720=LINE('',#1860,#856);
#721=LINE('',#1862,#857);
#722=LINE('',#1866,#858);
#723=LINE('',#1911,#859);
#724=LINE('',#1915,#860);
#725=LINE('',#1916,#861);
#726=LINE('',#1920,#862);
#727=LINE('',#1921,#863);
#728=LINE('',#1925,#864);
#729=LINE('',#1926,#865);
#730=LINE('',#1930,#866);
#731=LINE('',#1932,#867);
#732=LINE('',#1935,#868);
#733=LINE('',#1936,#869);
#734=LINE('',#1938,#870);
#735=LINE('',#1940,#871);
#736=LINE('',#1942,#872);
#737=LINE('',#1944,#873);
#738=LINE('',#1946,#874);
#739=LINE('',#1951,#875);
#740=LINE('',#1955,#876);
#741=LINE('',#1958,#877);
#742=LINE('',#1959,#878);
#743=LINE('',#1961,#879);
#744=LINE('',#1963,#880);
#745=LINE('',#1965,#881);
#746=LINE('',#1967,#882);
#747=LINE('',#1969,#883);
#748=LINE('',#1974,#884);
#749=LINE('',#1978,#885);
#750=LINE('',#1981,#886);
#751=LINE('',#1982,#887);
#752=LINE('',#1984,#888);
#753=LINE('',#1986,#889);
#754=LINE('',#1988,#890);
#755=LINE('',#1990,#891);
#756=LINE('',#1992,#892);
#757=LINE('',#1997,#893);
#758=LINE('',#2001,#894);
#759=LINE('',#2004,#895);
#760=LINE('',#2005,#896);
#761=LINE('',#2007,#897);
#762=LINE('',#2009,#898);
#763=LINE('',#2011,#899);
#764=LINE('',#2013,#900);
#765=LINE('',#2015,#901);
#766=LINE('',#2020,#902);
#767=LINE('',#2026,#903);
#768=LINE('',#2029,#904);
#769=LINE('',#2031,#905);
#770=LINE('',#2033,#906);
#771=LINE('',#2035,#907);
#772=LINE('',#2038,#908);
#773=LINE('',#2040,#909);
#774=LINE('',#2042,#910);
#775=LINE('',#2044,#911);
#776=LINE('',#2046,#912);
#777=LINE('',#2048,#913);
#778=LINE('',#2050,#914);
#779=LINE('',#2052,#915);
#780=LINE('',#2054,#916);
#781=LINE('',#2056,#917);
#782=LINE('',#2058,#918);
#783=LINE('',#2059,#919);
#784=LINE('',#2061,#920);
#785=LINE('',#2063,#921);
#786=LINE('',#2064,#922);
#787=LINE('',#2073,#923);
#788=LINE('',#2076,#924);
#789=LINE('',#2078,#925);
#790=LINE('',#2080,#926);
#791=LINE('',#2082,#927);
#792=LINE('',#2085,#928);
#793=LINE('',#2087,#929);
#794=LINE('',#2089,#930);
#795=LINE('',#2091,#931);
#796=LINE('',#2093,#932);
#797=LINE('',#2095,#933);
#798=LINE('',#2097,#934);
#799=LINE('',#2099,#935);
#800=LINE('',#2101,#936);
#801=LINE('',#2103,#937);
#802=LINE('',#2105,#938);
#803=LINE('',#2106,#939);
#804=LINE('',#2108,#940);
#805=LINE('',#2110,#941);
#806=LINE('',#2111,#942);
#807=LINE('',#2120,#943);
#808=LINE('',#2123,#944);
#809=LINE('',#2125,#945);
#810=LINE('',#2127,#946);
#811=LINE('',#2129,#947);
#812=LINE('',#2132,#948);
#813=LINE('',#2134,#949);
#814=LINE('',#2136,#950);
#815=LINE('',#2138,#951);
#816=LINE('',#2140,#952);
#817=LINE('',#2142,#953);
#818=LINE('',#2144,#954);
#819=LINE('',#2146,#955);
#820=LINE('',#2148,#956);
#821=LINE('',#2150,#957);
#822=LINE('',#2152,#958);
#823=LINE('',#2153,#959);
#824=LINE('',#2155,#960);
#825=LINE('',#2157,#961);
#826=LINE('',#2158,#962);
#827=VECTOR('',#1432,1.);
#828=VECTOR('',#1433,1.);
#829=VECTOR('',#1434,1.);
#830=VECTOR('',#1435,1.);
#831=VECTOR('',#1438,1.);
#832=VECTOR('',#1439,1.);
#833=VECTOR('',#1440,1.);
#834=VECTOR('',#1441,1.);
#835=VECTOR('',#1444,1.);
#836=VECTOR('',#1445,1.);
#837=VECTOR('',#1446,1.);
#838=VECTOR('',#1447,1.);
#839=VECTOR('',#1450,1.);
#840=VECTOR('',#1451,1.);
#841=VECTOR('',#1452,1.);
#842=VECTOR('',#1455,1.);
#843=VECTOR('',#1456,1.);
#844=VECTOR('',#1457,1.);
#845=VECTOR('',#1460,1.);
#846=VECTOR('',#1461,1.);
#847=VECTOR('',#1480,1.);
#848=VECTOR('',#1481,1.);
#849=VECTOR('',#1484,1.);
#850=VECTOR('',#1485,1.);
#851=VECTOR('',#1486,1.);
#852=VECTOR('',#1489,1.);
#853=VECTOR('',#1490,1.);
#854=VECTOR('',#1491,1.);
#855=VECTOR('',#1494,1.);
#856=VECTOR('',#1495,1.);
#857=VECTOR('',#1496,1.);
#858=VECTOR('',#1499,1.);
#859=VECTOR('',#1528,1.);
#860=VECTOR('',#1531,1.);
#861=VECTOR('',#1532,1.);
#862=VECTOR('',#1535,1.);
#863=VECTOR('',#1536,1.);
#864=VECTOR('',#1539,1.);
#865=VECTOR('',#1540,1.);
#866=VECTOR('',#1543,1.);
#867=VECTOR('',#1546,1.);
#868=VECTOR('',#1547,1.);
#869=VECTOR('',#1548,1.);
#870=VECTOR('',#1549,1.);
#871=VECTOR('',#1552,1.);
#872=VECTOR('',#1553,1.);
#873=VECTOR('',#1554,1.);
#874=VECTOR('',#1555,1.);
#875=VECTOR('',#1564,1.);
#876=VECTOR('',#1571,1.);
#877=VECTOR('',#1572,1.);
#878=VECTOR('',#1573,1.);
#879=VECTOR('',#1574,1.);
#880=VECTOR('',#1577,1.);
#881=VECTOR('',#1578,1.);
#882=VECTOR('',#1579,1.);
#883=VECTOR('',#1580,1.);
#884=VECTOR('',#1589,1.);
#885=VECTOR('',#1596,1.);
#886=VECTOR('',#1597,1.);
#887=VECTOR('',#1598,1.);
#888=VECTOR('',#1599,1.);
#889=VECTOR('',#1602,1.);
#890=VECTOR('',#1603,1.);
#891=VECTOR('',#1604,1.);
#892=VECTOR('',#1605,1.);
#893=VECTOR('',#1614,1.);
#894=VECTOR('',#1621,1.);
#895=VECTOR('',#1622,1.);
#896=VECTOR('',#1623,1.);
#897=VECTOR('',#1624,1.);
#898=VECTOR('',#1627,1.);
#899=VECTOR('',#1628,1.);
#900=VECTOR('',#1629,1.);
#901=VECTOR('',#1630,1.);
#902=VECTOR('',#1639,1.);
#903=VECTOR('',#1650,1.);
#904=VECTOR('',#1651,1.);
#905=VECTOR('',#1652,1.);
#906=VECTOR('',#1653,1.);
#907=VECTOR('',#1656,1.);
#908=VECTOR('',#1657,1.);
#909=VECTOR('',#1658,1.);
#910=VECTOR('',#1659,1.);
#911=VECTOR('',#1662,1.);
#912=VECTOR('',#1663,1.);
#913=VECTOR('',#1664,1.);
#914=VECTOR('',#1665,1.);
#915=VECTOR('',#1668,1.);
#916=VECTOR('',#1669,1.);
#917=VECTOR('',#1670,1.);
#918=VECTOR('',#1673,1.);
#919=VECTOR('',#1674,1.);
#920=VECTOR('',#1675,1.);
#921=VECTOR('',#1678,1.);
#922=VECTOR('',#1679,1.);
#923=VECTOR('',#1696,1.);
#924=VECTOR('',#1697,1.);
#925=VECTOR('',#1698,1.);
#926=VECTOR('',#1699,1.);
#927=VECTOR('',#1702,1.);
#928=VECTOR('',#1703,1.);
#929=VECTOR('',#1704,1.);
#930=VECTOR('',#1705,1.);
#931=VECTOR('',#1708,1.);
#932=VECTOR('',#1709,1.);
#933=VECTOR('',#1710,1.);
#934=VECTOR('',#1711,1.);
#935=VECTOR('',#1714,1.);
#936=VECTOR('',#1715,1.);
#937=VECTOR('',#1716,1.);
#938=VECTOR('',#1719,1.);
#939=VECTOR('',#1720,1.);
#940=VECTOR('',#1721,1.);
#941=VECTOR('',#1724,1.);
#942=VECTOR('',#1725,1.);
#943=VECTOR('',#1742,1.);
#944=VECTOR('',#1743,1.);
#945=VECTOR('',#1744,1.);
#946=VECTOR('',#1745,1.);
#947=VECTOR('',#1748,1.);
#948=VECTOR('',#1749,1.);
#949=VECTOR('',#1750,1.);
#950=VECTOR('',#1751,1.);
#951=VECTOR('',#1754,1.);
#952=VECTOR('',#1755,1.);
#953=VECTOR('',#1756,1.);
#954=VECTOR('',#1757,1.);
#955=VECTOR('',#1760,1.);
#956=VECTOR('',#1761,1.);
#957=VECTOR('',#1762,1.);
#958=VECTOR('',#1765,1.);
#959=VECTOR('',#1766,1.);
#960=VECTOR('',#1767,1.);
#961=VECTOR('',#1770,1.);
#962=VECTOR('',#1771,1.);
#963=EDGE_LOOP('',(#71,#72,#73,#74));
#964=EDGE_LOOP('',(#75,#76,#77,#78));
#965=EDGE_LOOP('',(#79,#80,#81,#82,#83));
#966=EDGE_LOOP('',(#84,#85,#86,#87));
#967=EDGE_LOOP('',(#88,#89,#90,#91,#92));
#968=EDGE_LOOP('',(#93,#94,#95,#96,#97,#98));
#969=EDGE_LOOP('',(#99,#100,#101,#102));
#970=EDGE_LOOP('',(#103,#104,#105,#106));
#971=EDGE_LOOP('',(#107,#108,#109,#110));
#972=EDGE_LOOP('',(#111,#112,#113,#114));
#973=EDGE_LOOP('',(#115));
#974=EDGE_LOOP('',(#116,#117,#118,#119,#120,#121,#122,#123,#124,#125,#126,
#127,#128,#129,#130,#131));
#975=EDGE_LOOP('',(#132));
#976=EDGE_LOOP('',(#133));
#977=EDGE_LOOP('',(#134));
#978=EDGE_LOOP('',(#135));
#979=EDGE_LOOP('',(#136));
#980=EDGE_LOOP('',(#137));
#981=EDGE_LOOP('',(#138));
#982=EDGE_LOOP('',(#139));
#983=EDGE_LOOP('',(#140));
#984=EDGE_LOOP('',(#141));
#985=EDGE_LOOP('',(#142));
#986=EDGE_LOOP('',(#143));
#987=EDGE_LOOP('',(#144));
#988=EDGE_LOOP('',(#145));
#989=EDGE_LOOP('',(#146));
#990=EDGE_LOOP('',(#147,#148,#149,#150,#151,#152,#153,#154,#155,#156,#157,
#158,#159,#160,#161,#162));
#991=EDGE_LOOP('',(#163,#164,#165,#166,#167,#168));
#992=EDGE_LOOP('',(#169,#170,#171,#172,#173,#174));
#993=EDGE_LOOP('',(#175,#176,#177,#178));
#994=EDGE_LOOP('',(#179,#180,#181,#182));
#995=EDGE_LOOP('',(#183,#184,#185,#186));
#996=EDGE_LOOP('',(#187,#188,#189,#190));
#997=EDGE_LOOP('',(#191,#192,#193,#194,#195,#196));
#998=EDGE_LOOP('',(#197,#198,#199,#200,#201,#202));
#999=EDGE_LOOP('',(#203,#204,#205,#206));
#1000=EDGE_LOOP('',(#207,#208,#209,#210));
#1001=EDGE_LOOP('',(#211,#212,#213,#214));
#1002=EDGE_LOOP('',(#215,#216,#217,#218));
#1003=EDGE_LOOP('',(#219,#220,#221,#222,#223,#224));
#1004=EDGE_LOOP('',(#225,#226,#227,#228,#229,#230));
#1005=EDGE_LOOP('',(#231,#232,#233,#234));
#1006=EDGE_LOOP('',(#235,#236,#237,#238));
#1007=EDGE_LOOP('',(#239,#240,#241,#242));
#1008=EDGE_LOOP('',(#243,#244,#245,#246));
#1009=EDGE_LOOP('',(#247,#248,#249,#250,#251,#252));
#1010=EDGE_LOOP('',(#253,#254,#255,#256,#257,#258));
#1011=EDGE_LOOP('',(#259,#260,#261,#262));
#1012=EDGE_LOOP('',(#263,#264,#265,#266));
#1013=EDGE_LOOP('',(#267,#268,#269,#270));
#1014=EDGE_LOOP('',(#271,#272,#273,#274));
#1015=EDGE_LOOP('',(#275));
#1016=EDGE_LOOP('',(#276));
#1017=EDGE_LOOP('',(#277,#278,#279,#280));
#1018=EDGE_LOOP('',(#281,#282,#283,#284));
#1019=EDGE_LOOP('',(#285,#286,#287,#288,#289));
#1020=EDGE_LOOP('',(#290,#291,#292,#293));
#1021=EDGE_LOOP('',(#294,#295,#296,#297,#298));
#1022=EDGE_LOOP('',(#299,#300,#301,#302,#303,#304));
#1023=EDGE_LOOP('',(#305,#306,#307,#308));
#1024=EDGE_LOOP('',(#309,#310,#311,#312));
#1025=EDGE_LOOP('',(#313,#314,#315,#316));
#1026=EDGE_LOOP('',(#317,#318,#319,#320));
#1027=EDGE_LOOP('',(#321,#322,#323,#324));
#1028=EDGE_LOOP('',(#325,#326,#327,#328));
#1029=EDGE_LOOP('',(#329,#330,#331,#332,#333));
#1030=EDGE_LOOP('',(#334,#335,#336,#337));
#1031=EDGE_LOOP('',(#338,#339,#340,#341,#342));
#1032=EDGE_LOOP('',(#343,#344,#345,#346,#347,#348));
#1033=EDGE_LOOP('',(#349,#350,#351,#352));
#1034=EDGE_LOOP('',(#353,#354,#355,#356));
#1035=EDGE_LOOP('',(#357,#358,#359,#360));
#1036=EDGE_LOOP('',(#361,#362,#363,#364));
#1037=EDGE_LOOP('',(#365,#366,#367,#368));
#1038=EDGE_LOOP('',(#369,#370,#371,#372));
#1039=EDGE_LOOP('',(#373,#374,#375,#376,#377));
#1040=EDGE_LOOP('',(#378,#379,#380,#381));
#1041=EDGE_LOOP('',(#382,#383,#384,#385,#386));
#1042=EDGE_LOOP('',(#387,#388,#389,#390,#391,#392));
#1043=EDGE_LOOP('',(#393,#394,#395,#396));
#1044=EDGE_LOOP('',(#397,#398,#399,#400));
#1045=EDGE_LOOP('',(#401,#402,#403,#404));
#1046=EDGE_LOOP('',(#405,#406,#407,#408));
#1047=FACE_BOUND('',#963,.T.);
#1048=FACE_BOUND('',#964,.T.);
#1049=FACE_BOUND('',#965,.T.);
#1050=FACE_BOUND('',#966,.T.);
#1051=FACE_BOUND('',#967,.T.);
#1052=FACE_BOUND('',#968,.T.);
#1053=FACE_BOUND('',#969,.T.);
#1054=FACE_BOUND('',#970,.T.);
#1055=FACE_BOUND('',#971,.T.);
#1056=FACE_BOUND('',#972,.T.);
#1057=FACE_BOUND('',#973,.T.);
#1058=FACE_BOUND('',#974,.T.);
#1059=FACE_BOUND('',#975,.T.);
#1060=FACE_BOUND('',#976,.T.);
#1061=FACE_BOUND('',#977,.T.);
#1062=FACE_BOUND('',#978,.T.);
#1063=FACE_BOUND('',#979,.T.);
#1064=FACE_BOUND('',#980,.T.);
#1065=FACE_BOUND('',#981,.T.);
#1066=FACE_BOUND('',#982,.T.);
#1067=FACE_BOUND('',#983,.T.);
#1068=FACE_BOUND('',#984,.T.);
#1069=FACE_BOUND('',#985,.T.);
#1070=FACE_BOUND('',#986,.T.);
#1071=FACE_BOUND('',#987,.T.);
#1072=FACE_BOUND('',#988,.T.);
#1073=FACE_BOUND('',#989,.T.);
#1074=FACE_BOUND('',#990,.T.);
#1075=FACE_BOUND('',#991,.T.);
#1076=FACE_BOUND('',#992,.T.);
#1077=FACE_BOUND('',#993,.T.);
#1078=FACE_BOUND('',#994,.T.);
#1079=FACE_BOUND('',#995,.T.);
#1080=FACE_BOUND('',#996,.T.);
#1081=FACE_BOUND('',#997,.T.);
#1082=FACE_BOUND('',#998,.T.);
#1083=FACE_BOUND('',#999,.T.);
#1084=FACE_BOUND('',#1000,.T.);
#1085=FACE_BOUND('',#1001,.T.);
#1086=FACE_BOUND('',#1002,.T.);
#1087=FACE_BOUND('',#1003,.T.);
#1088=FACE_BOUND('',#1004,.T.);
#1089=FACE_BOUND('',#1005,.T.);
#1090=FACE_BOUND('',#1006,.T.);
#1091=FACE_BOUND('',#1007,.T.);
#1092=FACE_BOUND('',#1008,.T.);
#1093=FACE_BOUND('',#1009,.T.);
#1094=FACE_BOUND('',#1010,.T.);
#1095=FACE_BOUND('',#1011,.T.);
#1096=FACE_BOUND('',#1012,.T.);
#1097=FACE_BOUND('',#1013,.T.);
#1098=FACE_BOUND('',#1014,.T.);
#1099=FACE_BOUND('',#1015,.T.);
#1100=FACE_BOUND('',#1016,.T.);
#1101=FACE_BOUND('',#1017,.T.);
#1102=FACE_BOUND('',#1018,.T.);
#1103=FACE_BOUND('',#1019,.T.);
#1104=FACE_BOUND('',#1020,.T.);
#1105=FACE_BOUND('',#1021,.T.);
#1106=FACE_BOUND('',#1022,.T.);
#1107=FACE_BOUND('',#1023,.T.);
#1108=FACE_BOUND('',#1024,.T.);
#1109=FACE_BOUND('',#1025,.T.);
#1110=FACE_BOUND('',#1026,.T.);
#1111=FACE_BOUND('',#1027,.T.);
#1112=FACE_BOUND('',#1028,.T.);
#1113=FACE_BOUND('',#1029,.T.);
#1114=FACE_BOUND('',#1030,.T.);
#1115=FACE_BOUND('',#1031,.T.);
#1116=FACE_BOUND('',#1032,.T.);
#1117=FACE_BOUND('',#1033,.T.);
#1118=FACE_BOUND('',#1034,.T.);
#1119=FACE_BOUND('',#1035,.T.);
#1120=FACE_BOUND('',#1036,.T.);
#1121=FACE_BOUND('',#1037,.T.);
#1122=FACE_BOUND('',#1038,.T.);
#1123=FACE_BOUND('',#1039,.T.);
#1124=FACE_BOUND('',#1040,.T.);
#1125=FACE_BOUND('',#1041,.T.);
#1126=FACE_BOUND('',#1042,.T.);
#1127=FACE_BOUND('',#1043,.T.);
#1128=FACE_BOUND('',#1044,.T.);
#1129=FACE_BOUND('',#1045,.T.);
#1130=FACE_BOUND('',#1046,.T.);
#1131=PLANE('',#1319);
#1132=PLANE('',#1320);
#1133=PLANE('',#1321);
#1134=PLANE('',#1322);
#1135=PLANE('',#1323);
#1136=PLANE('',#1324);
#1137=PLANE('',#1325);
#1138=PLANE('',#1326);
#1139=PLANE('',#1328);
#1140=PLANE('',#1332);
#1141=PLANE('',#1340);
#1142=PLANE('',#1348);
#1143=PLANE('',#1349);
#1144=PLANE('',#1356);
#1145=PLANE('',#1357);
#1146=PLANE('',#1361);
#1147=PLANE('',#1363);
#1148=PLANE('',#1364);
#1149=PLANE('',#1365);
#1150=PLANE('',#1369);
#1151=PLANE('',#1371);
#1152=PLANE('',#1372);
#1153=PLANE('',#1373);
#1154=PLANE('',#1377);
#1155=PLANE('',#1379);
#1156=PLANE('',#1380);
#1157=PLANE('',#1381);
#1158=PLANE('',#1385);
#1159=PLANE('',#1387);
#1160=PLANE('',#1390);
#1161=PLANE('',#1391);
#1162=PLANE('',#1392);
#1163=PLANE('',#1393);
#1164=PLANE('',#1394);
#1165=PLANE('',#1395);
#1166=PLANE('',#1396);
#1167=PLANE('',#1397);
#1168=PLANE('',#1399);
#1169=PLANE('',#1403);
#1170=PLANE('',#1404);
#1171=PLANE('',#1405);
#1172=PLANE('',#1406);
#1173=PLANE('',#1407);
#1174=PLANE('',#1408);
#1175=PLANE('',#1409);
#1176=PLANE('',#1410);
#1177=PLANE('',#1412);
#1178=PLANE('',#1416);
#1179=PLANE('',#1417);
#1180=PLANE('',#1418);
#1181=PLANE('',#1419);
#1182=PLANE('',#1420);
#1183=PLANE('',#1421);
#1184=PLANE('',#1422);
#1185=PLANE('',#1423);
#1186=PLANE('',#1425);
#1187=ADVANCED_FACE('',(#1047),#1131,.T.);
#1188=ADVANCED_FACE('',(#1048),#1132,.F.);
#1189=ADVANCED_FACE('',(#1049),#1133,.T.);
#1190=ADVANCED_FACE('',(#1050),#1134,.F.);
#1191=ADVANCED_FACE('',(#1051),#1135,.T.);
#1192=ADVANCED_FACE('',(#1052),#1136,.T.);
#1193=ADVANCED_FACE('',(#1053),#1137,.T.);
#1194=ADVANCED_FACE('',(#1054),#1138,.T.);
#1195=ADVANCED_FACE('',(#1055),#1139,.F.);
#1196=ADVANCED_FACE('',(#1056),#28,.T.);
#1197=ADVANCED_FACE('',(#1057,#1058),#1140,.T.);
#1198=ADVANCED_FACE('',(#1059,#1060),#29,.F.);
#1199=ADVANCED_FACE('',(#1061,#1062),#1141,.F.);
#1200=ADVANCED_FACE('',(#1063,#1064),#12,.F.);
#1201=ADVANCED_FACE('',(#1065,#1066,#1067),#30,.F.);
#1202=ADVANCED_FACE('',(#1068,#1069),#13,.F.);
#1203=ADVANCED_FACE('',(#1070),#1142,.F.);
#1204=ADVANCED_FACE('',(#1071),#1143,.T.);
#1205=ADVANCED_FACE('',(#1072,#1073,#1074),#31,.T.);
#1206=ADVANCED_FACE('',(#1075),#1144,.T.);
#1207=ADVANCED_FACE('',(#1076),#1145,.F.);
#1208=ADVANCED_FACE('',(#1077),#32,.F.);
#1209=ADVANCED_FACE('',(#1078),#1146,.F.);
#1210=ADVANCED_FACE('',(#1079),#14,.F.);
#1211=ADVANCED_FACE('',(#1080),#1147,.T.);
#1212=ADVANCED_FACE('',(#1081),#1148,.T.);
#1213=ADVANCED_FACE('',(#1082),#1149,.F.);
#1214=ADVANCED_FACE('',(#1083),#33,.F.);
#1215=ADVANCED_FACE('',(#1084),#1150,.F.);
#1216=ADVANCED_FACE('',(#1085),#15,.F.);
#1217=ADVANCED_FACE('',(#1086),#1151,.T.);
#1218=ADVANCED_FACE('',(#1087),#1152,.T.);
#1219=ADVANCED_FACE('',(#1088),#1153,.F.);
#1220=ADVANCED_FACE('',(#1089),#34,.F.);
#1221=ADVANCED_FACE('',(#1090),#1154,.F.);
#1222=ADVANCED_FACE('',(#1091),#16,.F.);
#1223=ADVANCED_FACE('',(#1092),#1155,.T.);
#1224=ADVANCED_FACE('',(#1093),#1156,.T.);
#1225=ADVANCED_FACE('',(#1094),#1157,.F.);
#1226=ADVANCED_FACE('',(#1095),#35,.F.);
#1227=ADVANCED_FACE('',(#1096),#1158,.F.);
#1228=ADVANCED_FACE('',(#1097),#17,.F.);
#1229=ADVANCED_FACE('',(#1098),#1159,.T.);
#1230=ADVANCED_FACE('',(#1099,#1100),#36,.F.);
#1231=ADVANCED_FACE('',(#1101),#1160,.T.);
#1232=ADVANCED_FACE('',(#1102),#1161,.F.);
#1233=ADVANCED_FACE('',(#1103),#1162,.T.);
#1234=ADVANCED_FACE('',(#1104),#1163,.F.);
#1235=ADVANCED_FACE('',(#1105),#1164,.T.);
#1236=ADVANCED_FACE('',(#1106),#1165,.T.);
#1237=ADVANCED_FACE('',(#1107),#1166,.T.);
#1238=ADVANCED_FACE('',(#1108),#1167,.T.);
#1239=ADVANCED_FACE('',(#1109),#1168,.F.);
#1240=ADVANCED_FACE('',(#1110),#37,.T.);
#1241=ADVANCED_FACE('',(#1111),#1169,.T.);
#1242=ADVANCED_FACE('',(#1112),#1170,.F.);
#1243=ADVANCED_FACE('',(#1113),#1171,.T.);
#1244=ADVANCED_FACE('',(#1114),#1172,.F.);
#1245=ADVANCED_FACE('',(#1115),#1173,.T.);
#1246=ADVANCED_FACE('',(#1116),#1174,.T.);
#1247=ADVANCED_FACE('',(#1117),#1175,.T.);
#1248=ADVANCED_FACE('',(#1118),#1176,.T.);
#1249=ADVANCED_FACE('',(#1119),#1177,.F.);
#1250=ADVANCED_FACE('',(#1120),#38,.T.);
#1251=ADVANCED_FACE('',(#1121),#1178,.T.);
#1252=ADVANCED_FACE('',(#1122),#1179,.F.);
#1253=ADVANCED_FACE('',(#1123),#1180,.T.);
#1254=ADVANCED_FACE('',(#1124),#1181,.F.);
#1255=ADVANCED_FACE('',(#1125),#1182,.T.);
#1256=ADVANCED_FACE('',(#1126),#1183,.T.);
#1257=ADVANCED_FACE('',(#1127),#1184,.T.);
#1258=ADVANCED_FACE('',(#1128),#1185,.T.);
#1259=ADVANCED_FACE('',(#1129),#1186,.F.);
#1260=ADVANCED_FACE('',(#1130),#39,.T.);
#1261=CLOSED_SHELL('',(#1187,#1188,#1189,#1190,#1191,#1192,#1193,#1194,
#1195,#1196));
#1262=CLOSED_SHELL('',(#1197,#1198,#1199,#1200,#1201,#1202,#1203,#1204,
#1205,#1206,#1207,#1208,#1209,#1210,#1211,#1212,#1213,#1214,#1215,#1216,
#1217,#1218,#1219,#1220,#1221,#1222,#1223,#1224,#1225,#1226,#1227,#1228,
#1229,#1230));
#1263=CLOSED_SHELL('',(#1231,#1232,#1233,#1234,#1235,#1236,#1237,#1238,
#1239,#1240));
#1264=CLOSED_SHELL('',(#1241,#1242,#1243,#1244,#1245,#1246,#1247,#1248,
#1249,#1250));
#1265=CLOSED_SHELL('',(#1251,#1252,#1253,#1254,#1255,#1256,#1257,#1258,
#1259,#1260));
#1266=STYLED_ITEM('',(#1271),#1303);
#1267=STYLED_ITEM('',(#1272),#1304);
#1268=STYLED_ITEM('',(#1273),#1305);
#1269=STYLED_ITEM('',(#1274),#1306);
#1270=STYLED_ITEM('',(#1275),#1307);
#1271=PRESENTATION_STYLE_ASSIGNMENT((#1276));
#1272=PRESENTATION_STYLE_ASSIGNMENT((#1277));
#1273=PRESENTATION_STYLE_ASSIGNMENT((#1278));
#1274=PRESENTATION_STYLE_ASSIGNMENT((#1279));
#1275=PRESENTATION_STYLE_ASSIGNMENT((#1280));
#1276=SURFACE_STYLE_USAGE(.BOTH.,#1281);
#1277=SURFACE_STYLE_USAGE(.BOTH.,#1282);
#1278=SURFACE_STYLE_USAGE(.BOTH.,#1283);
#1279=SURFACE_STYLE_USAGE(.BOTH.,#1284);
#1280=SURFACE_STYLE_USAGE(.BOTH.,#1285);
#1281=SURFACE_SIDE_STYLE('',(#1286));
#1282=SURFACE_SIDE_STYLE('',(#1287));
#1283=SURFACE_SIDE_STYLE('',(#1288));
#1284=SURFACE_SIDE_STYLE('',(#1289));
#1285=SURFACE_SIDE_STYLE('',(#1290));
#1286=SURFACE_STYLE_FILL_AREA(#1291);
#1287=SURFACE_STYLE_FILL_AREA(#1292);
#1288=SURFACE_STYLE_FILL_AREA(#1293);
#1289=SURFACE_STYLE_FILL_AREA(#1294);
#1290=SURFACE_STYLE_FILL_AREA(#1295);
#1291=FILL_AREA_STYLE('',(#1296));
#1292=FILL_AREA_STYLE('',(#1297));
#1293=FILL_AREA_STYLE('',(#1298));
#1294=FILL_AREA_STYLE('',(#1299));
#1295=FILL_AREA_STYLE('',(#1300));
#1296=FILL_AREA_STYLE_COLOUR('',#1301);
#1297=FILL_AREA_STYLE_COLOUR('',#1302);
#1298=FILL_AREA_STYLE_COLOUR('',#1301);
#1299=FILL_AREA_STYLE_COLOUR('',#1301);
#1300=FILL_AREA_STYLE_COLOUR('',#1301);
#1301=COLOUR_RGB('',0.917647058823529,0.917647058823529,0.917647058823529);
#1302=COLOUR_RGB('',0.615686274509804,0.811764705882353,0.929411764705882);
#1303=MANIFOLD_SOLID_BREP('Part 4',#1261);
#1304=MANIFOLD_SOLID_BREP('Part 1',#1262);
#1305=MANIFOLD_SOLID_BREP('Part 5',#1263);
#1306=MANIFOLD_SOLID_BREP('Part 6',#1264);
#1307=MANIFOLD_SOLID_BREP('Part 7',#1265);
#1308=SHAPE_DEFINITION_REPRESENTATION(#2195,#1313);
#1309=SHAPE_DEFINITION_REPRESENTATION(#2196,#1314);
#1310=SHAPE_DEFINITION_REPRESENTATION(#2197,#1315);
#1311=SHAPE_DEFINITION_REPRESENTATION(#2198,#1316);
#1312=SHAPE_DEFINITION_REPRESENTATION(#2199,#1317);
#1313=SHAPE_REPRESENTATION('Part 4',(#1318),#2170);
#1314=SHAPE_REPRESENTATION('Part 1',(#1331),#2171);
#1315=SHAPE_REPRESENTATION('Part 5',(#1389),#2172);
#1316=SHAPE_REPRESENTATION('Part 6',(#1402),#2173);
#1317=SHAPE_REPRESENTATION('Part 7',(#1415),#2174);
#1318=AXIS2_PLACEMENT_3D('',#1784,#1428,#1429);
#1319=AXIS2_PLACEMENT_3D('',#1785,#1430,#1431);
#1320=AXIS2_PLACEMENT_3D('',#1794,#1436,#1437);
#1321=AXIS2_PLACEMENT_3D('',#1803,#1442,#1443);
#1322=AXIS2_PLACEMENT_3D('',#1811,#1448,#1449);
#1323=AXIS2_PLACEMENT_3D('',#1817,#1453,#1454);
#1324=AXIS2_PLACEMENT_3D('',#1822,#1458,#1459);
#1325=AXIS2_PLACEMENT_3D('',#1825,#1462,#1463);
#1326=AXIS2_PLACEMENT_3D('',#1826,#1464,#1465);
#1327=AXIS2_PLACEMENT_3D('',#1827,#1466,#1467);
#1328=AXIS2_PLACEMENT_3D('',#1828,#1468,#1469);
#1329=AXIS2_PLACEMENT_3D('',#1829,#1470,#1471);
#1330=AXIS2_PLACEMENT_3D('',#1830,#1472,#1473);
#1331=AXIS2_PLACEMENT_3D('',#1831,#1474,#1475);
#1332=AXIS2_PLACEMENT_3D('',#1832,#1476,#1477);
#1333=AXIS2_PLACEMENT_3D('',#1833,#1478,#1479);
#1334=AXIS2_PLACEMENT_3D('',#1840,#1482,#1483);
#1335=AXIS2_PLACEMENT_3D('',#1848,#1487,#1488);
#1336=AXIS2_PLACEMENT_3D('',#1856,#1492,#1493);
#1337=AXIS2_PLACEMENT_3D('',#1864,#1497,#1498);
#1338=AXIS2_PLACEMENT_3D('',#1867,#1500,#1501);
#1339=AXIS2_PLACEMENT_3D('',#1868,#1502,#1503);
#1340=AXIS2_PLACEMENT_3D('',#1870,#1504,#1505);
#1341=AXIS2_PLACEMENT_3D('',#1871,#1506,#1507);
#1342=AXIS2_PLACEMENT_3D('',#1873,#1508,#1509);
#1343=AXIS2_PLACEMENT_3D('',#1874,#1510,#1511);
#1344=AXIS2_PLACEMENT_3D('',#1876,#1512,#1513);
#1345=AXIS2_PLACEMENT_3D('',#1889,#1514,#1515);
#1346=AXIS2_PLACEMENT_3D('',#1891,#1516,#1517);
#1347=AXIS2_PLACEMENT_3D('',#1892,#1518,#1519);
#1348=AXIS2_PLACEMENT_3D('',#1894,#1520,#1521);
#1349=AXIS2_PLACEMENT_3D('',#1895,#1522,#1523);
#1350=AXIS2_PLACEMENT_3D('',#1896,#1524,#1525);
#1351=AXIS2_PLACEMENT_3D('',#1898,#1526,#1527);
#1352=AXIS2_PLACEMENT_3D('',#1913,#1529,#1530);
#1353=AXIS2_PLACEMENT_3D('',#1918,#1533,#1534);
#1354=AXIS2_PLACEMENT_3D('',#1923,#1537,#1538);
#1355=AXIS2_PLACEMENT_3D('',#1928,#1541,#1542);
#1356=AXIS2_PLACEMENT_3D('',#1931,#1544,#1545);
#1357=AXIS2_PLACEMENT_3D('',#1939,#1550,#1551);
#1358=AXIS2_PLACEMENT_3D('',#1947,#1556,#1557);
#1359=AXIS2_PLACEMENT_3D('',#1948,#1558,#1559);
#1360=AXIS2_PLACEMENT_3D('',#1949,#1560,#1561);
#1361=AXIS2_PLACEMENT_3D('',#1950,#1562,#1563);
#1362=AXIS2_PLACEMENT_3D('',#1952,#1565,#1566);
#1363=AXIS2_PLACEMENT_3D('',#1953,#1567,#1568);
#1364=AXIS2_PLACEMENT_3D('',#1954,#1569,#1570);
#1365=AXIS2_PLACEMENT_3D('',#1962,#1575,#1576);
#1366=AXIS2_PLACEMENT_3D('',#1970,#1581,#1582);
#1367=AXIS2_PLACEMENT_3D('',#1971,#1583,#1584);
#1368=AXIS2_PLACEMENT_3D('',#1972,#1585,#1586);
#1369=AXIS2_PLACEMENT_3D('',#1973,#1587,#1588);
#1370=AXIS2_PLACEMENT_3D('',#1975,#1590,#1591);
#1371=AXIS2_PLACEMENT_3D('',#1976,#1592,#1593);
#1372=AXIS2_PLACEMENT_3D('',#1977,#1594,#1595);
#1373=AXIS2_PLACEMENT_3D('',#1985,#1600,#1601);
#1374=AXIS2_PLACEMENT_3D('',#1993,#1606,#1607);
#1375=AXIS2_PLACEMENT_3D('',#1994,#1608,#1609);
#1376=AXIS2_PLACEMENT_3D('',#1995,#1610,#1611);
#1377=AXIS2_PLACEMENT_3D('',#1996,#1612,#1613);
#1378=AXIS2_PLACEMENT_3D('',#1998,#1615,#1616);
#1379=AXIS2_PLACEMENT_3D('',#1999,#1617,#1618);
#1380=AXIS2_PLACEMENT_3D('',#2000,#1619,#1620);
#1381=AXIS2_PLACEMENT_3D('',#2008,#1625,#1626);
#1382=AXIS2_PLACEMENT_3D('',#2016,#1631,#1632);
#1383=AXIS2_PLACEMENT_3D('',#2017,#1633,#1634);
#1384=AXIS2_PLACEMENT_3D('',#2018,#1635,#1636);
#1385=AXIS2_PLACEMENT_3D('',#2019,#1637,#1638);
#1386=AXIS2_PLACEMENT_3D('',#2021,#1640,#1641);
#1387=AXIS2_PLACEMENT_3D('',#2022,#1642,#1643);
#1388=AXIS2_PLACEMENT_3D('',#2023,#1644,#1645);
#1389=AXIS2_PLACEMENT_3D('',#2024,#1646,#1647);
#1390=AXIS2_PLACEMENT_3D('',#2025,#1648,#1649);
#1391=AXIS2_PLACEMENT_3D('',#2034,#1654,#1655);
#1392=AXIS2_PLACEMENT_3D('',#2043,#1660,#1661);
#1393=AXIS2_PLACEMENT_3D('',#2051,#1666,#1667);
#1394=AXIS2_PLACEMENT_3D('',#2057,#1671,#1672);
#1395=AXIS2_PLACEMENT_3D('',#2062,#1676,#1677);
#1396=AXIS2_PLACEMENT_3D('',#2065,#1680,#1681);
#1397=AXIS2_PLACEMENT_3D('',#2066,#1682,#1683);
#1398=AXIS2_PLACEMENT_3D('',#2067,#1684,#1685);
#1399=AXIS2_PLACEMENT_3D('',#2068,#1686,#1687);
#1400=AXIS2_PLACEMENT_3D('',#2069,#1688,#1689);
#1401=AXIS2_PLACEMENT_3D('',#2070,#1690,#1691);
#1402=AXIS2_PLACEMENT_3D('',#2071,#1692,#1693);
#1403=AXIS2_PLACEMENT_3D('',#2072,#1694,#1695);
#1404=AXIS2_PLACEMENT_3D('',#2081,#1700,#1701);
#1405=AXIS2_PLACEMENT_3D('',#2090,#1706,#1707);
#1406=AXIS2_PLACEMENT_3D('',#2098,#1712,#1713);
#1407=AXIS2_PLACEMENT_3D('',#2104,#1717,#1718);
#1408=AXIS2_PLACEMENT_3D('',#2109,#1722,#1723);
#1409=AXIS2_PLACEMENT_3D('',#2112,#1726,#1727);
#1410=AXIS2_PLACEMENT_3D('',#2113,#1728,#1729);
#1411=AXIS2_PLACEMENT_3D('',#2114,#1730,#1731);
#1412=AXIS2_PLACEMENT_3D('',#2115,#1732,#1733);
#1413=AXIS2_PLACEMENT_3D('',#2116,#1734,#1735);
#1414=AXIS2_PLACEMENT_3D('',#2117,#1736,#1737);
#1415=AXIS2_PLACEMENT_3D('',#2118,#1738,#1739);
#1416=AXIS2_PLACEMENT_3D('',#2119,#1740,#1741);
#1417=AXIS2_PLACEMENT_3D('',#2128,#1746,#1747);
#1418=AXIS2_PLACEMENT_3D('',#2137,#1752,#1753);
#1419=AXIS2_PLACEMENT_3D('',#2145,#1758,#1759);
#1420=AXIS2_PLACEMENT_3D('',#2151,#1763,#1764);
#1421=AXIS2_PLACEMENT_3D('',#2156,#1768,#1769);
#1422=AXIS2_PLACEMENT_3D('',#2159,#1772,#1773);
#1423=AXIS2_PLACEMENT_3D('',#2160,#1774,#1775);
#1424=AXIS2_PLACEMENT_3D('',#2161,#1776,#1777);
#1425=AXIS2_PLACEMENT_3D('',#2162,#1778,#1779);
#1426=AXIS2_PLACEMENT_3D('',#2163,#1780,#1781);
#1427=AXIS2_PLACEMENT_3D('',#2164,#1782,#1783);
#1428=DIRECTION('',(0.,0.,1.));
#1429=DIRECTION('',(1.,0.,0.));
#1430=DIRECTION('',(1.,1.81461151582685E-16,-1.73472347597681E-15));
#1431=DIRECTION('',(-1.73472347597681E-15,0.,-1.));
#1432=DIRECTION('',(1.81461151582685E-16,-1.,-3.14784919628271E-31));
#1433=DIRECTION('',(1.73472347597681E-15,0.,1.));
#1434=DIRECTION('',(-1.81461151582685E-16,1.,3.14784919628271E-31));
#1435=DIRECTION('',(1.73472347597681E-15,0.,1.));
#1436=DIRECTION('',(1.,2.17753381899223E-16,-1.73472347597681E-15));
#1437=DIRECTION('',(-1.73472347597681E-15,0.,-1.));
#1438=DIRECTION('',(1.73472347597681E-15,0.,1.));
#1439=DIRECTION('',(-2.17753381899223E-16,1.,3.77741903553925E-31));
#1440=DIRECTION('',(1.73472347597681E-15,0.,1.));
#1441=DIRECTION('',(-2.17753381899223E-16,1.,3.77741903553925E-31));
#1442=DIRECTION('',(-0.965925826289069,-2.10333615338245E-16,-0.258819045102519));
#1443=DIRECTION('',(0.258819045102519,5.63587223710014E-17,-0.965925826289069));
#1444=DIRECTION('',(-2.17753381899223E-16,1.,3.77741903553925E-31));
#1445=DIRECTION('',(0.258819045102519,0.,-0.965925826289069));
#1446=DIRECTION('',(-2.17753381899223E-16,1.,3.77741903553925E-31));
#1447=DIRECTION('',(0.258819045102519,0.,-0.965925826289069));
#1448=DIRECTION('',(0.,1.,0.));
#1449=DIRECTION('',(0.,0.,1.));
#1450=DIRECTION('',(1.,0.,-1.73472347597681E-15));
#1451=DIRECTION('',(0.258819045102523,0.,0.965925826289068));
#1452=DIRECTION('',(1.,0.,-1.73472347597681E-15));
#1453=DIRECTION('',(0.965925826289068,1.75278012781871E-16,-0.258819045102523));
#1454=DIRECTION('',(-0.258819045102523,-4.69656019758345E-17,-0.965925826289068));
#1455=DIRECTION('',(1.81461151582685E-16,-1.,-3.14784919628271E-31));
#1456=DIRECTION('',(0.258819045102523,0.,0.965925826289068));
#1457=DIRECTION('',(1.81461151582685E-16,-1.,-3.14784919628271E-31));
#1458=DIRECTION('',(0.,1.,0.));
#1459=DIRECTION('',(0.,0.,1.));
#1460=DIRECTION('',(1.,0.,-1.73472347597681E-15));
#1461=DIRECTION('',(1.,0.,-1.73472347597681E-15));
#1462=DIRECTION('',(1.73472347597681E-15,0.,1.));
#1463=DIRECTION('',(1.,0.,-1.73472347597681E-15));
#1464=DIRECTION('',(-1.73472347597681E-15,0.,-1.));
#1465=DIRECTION('',(-1.,0.,1.73472347597681E-15));
#1466=DIRECTION('',(-1.73472347597681E-15,0.,-1.));
#1467=DIRECTION('',(-1.,0.,1.73472347597681E-15));
#1468=DIRECTION('',(1.73472347597681E-15,0.,1.));
#1469=DIRECTION('',(1.,0.,-1.73472347597681E-15));
#1470=DIRECTION('',(1.73472347597681E-15,0.,1.));
#1471=DIRECTION('',(1.,0.,-1.73472347597681E-15));
#1472=DIRECTION('',(1.73472347597681E-15,0.,1.));
#1473=DIRECTION('',(1.,0.,-1.73472347597681E-15));
#1474=DIRECTION('',(0.,0.,1.));
#1475=DIRECTION('',(1.,0.,0.));
#1476=DIRECTION('',(1.73472347597681E-15,0.,1.));
#1477=DIRECTION('',(1.,0.,-1.73472347597681E-15));
#1478=DIRECTION('',(1.73472347597681E-15,0.,1.));
#1479=DIRECTION('',(1.,0.,-1.73472347597681E-15));
#1480=DIRECTION('',(0.,-1.,0.));
#1481=DIRECTION('',(0.996194698091746,0.0871557427476583,1.09080331903893E-15));
#1482=DIRECTION('',(1.73472347597681E-15,0.,1.));
#1483=DIRECTION('',(1.,0.,-1.73472347597681E-15));
#1484=DIRECTION('',(0.0871557427476578,0.996194698091746,2.66773453545176E-15));
#1485=DIRECTION('',(1.,1.83697019872103E-16,-1.73472347597681E-15));
#1486=DIRECTION('',(-0.0871557427476585,0.996194698091746,2.97011676147287E-15));
#1487=DIRECTION('',(1.73472347597681E-15,0.,1.));
#1488=DIRECTION('',(1.,0.,-1.73472347597681E-15));
#1489=DIRECTION('',(-0.996194698091746,0.0871557427476578,4.54704797788569E-15));
#1490=DIRECTION('',(-1.22464679914735E-16,1.,2.12442355226077E-31));
#1491=DIRECTION('',(-0.996194698091746,-0.0871557427476584,4.54704797788569E-15));
#1492=DIRECTION('',(1.73472347597681E-15,0.,1.));
#1493=DIRECTION('',(1.,0.,-1.73472347597681E-15));
#1494=DIRECTION('',(-0.0871557427476579,-0.996194698091746,2.97011676147287E-15));
#1495=DIRECTION('',(-1.,-6.12323399573677E-17,1.73472347597681E-15));
#1496=DIRECTION('',(0.0871557427476584,-0.996194698091746,2.66773453545175E-15));
#1497=DIRECTION('',(1.73472347597681E-15,0.,1.));
#1498=DIRECTION('',(1.,0.,-1.73472347597681E-15));
#1499=DIRECTION('',(0.996194698091746,-0.0871557427476579,1.09080331903893E-15));
#1500=DIRECTION('',(1.73472347597681E-15,0.,1.));
#1501=DIRECTION('',(1.,0.,-1.73472347597681E-15));
#1502=DIRECTION('',(1.73472347597681E-15,0.,1.));
#1503=DIRECTION('',(1.,0.,-1.73472347597681E-15));
#1504=DIRECTION('',(-1.73472347597681E-15,0.,-1.));
#1505=DIRECTION('',(-1.,0.,1.73472347597681E-15));
#1506=DIRECTION('',(1.73472347597681E-15,0.,1.));
#1507=DIRECTION('',(1.,0.,-1.73472347597681E-15));
#1508=DIRECTION('',(-1.73472347597681E-15,0.,-1.));
#1509=DIRECTION('',(-1.,0.,1.73472347597681E-15));
#1510=DIRECTION('',(1.73472347597681E-15,0.,1.));
#1511=DIRECTION('',(1.,0.,-1.73472347597681E-15));
#1512=DIRECTION('',(1.73472347597681E-15,0.,1.));
#1513=DIRECTION('',(1.,0.,-1.73472347597681E-15));
#1514=DIRECTION('',(1.73472347597681E-15,0.,1.));
#1515=DIRECTION('',(1.,0.,-1.73472347597681E-15));
#1516=DIRECTION('',(1.73472347597681E-15,0.,1.));
#1517=DIRECTION('',(1.,0.,-1.73472347597681E-15));
#1518=DIRECTION('',(1.73472347597681E-15,0.,1.));
#1519=DIRECTION('',(1.,0.,-1.73472347597681E-15));
#1520=DIRECTION('',(-1.73472347597681E-15,0.,-1.));
#1521=DIRECTION('',(-1.,0.,1.73472347597681E-15));
#1522=DIRECTION('',(-1.73472347597681E-15,0.,-1.));
#1523=DIRECTION('',(-1.,0.,1.73472347597681E-15));
#1524=DIRECTION('',(1.73472347597681E-15,0.,1.));
#1525=DIRECTION('',(1.,0.,-1.73472347597681E-15));
#1526=DIRECTION('',(1.73472347597681E-15,0.,1.));
#1527=DIRECTION('',(1.,0.,-1.73472347597681E-15));
#1528=DIRECTION('',(7.78909003184472E-16,2.19914346197176E-16,-1.));
#1529=DIRECTION('',(1.73472347597681E-15,0.,1.));
#1530=DIRECTION('',(1.,0.,-1.73472347597681E-15));
#1531=DIRECTION('',(7.78909003184472E-16,-2.19914346197175E-16,-1.));
#1532=DIRECTION('',(-1.51480912977964E-15,-2.51363247916128E-15,-1.));
#1533=DIRECTION('',(1.73472347597681E-15,0.,1.));
#1534=DIRECTION('',(6.12323399573677E-17,-1.,-1.97215226305253E-31));
#1535=DIRECTION('',(-1.95463782217398E-15,-2.51363247916128E-15,-1.));
#1536=DIRECTION('',(-4.24835595513809E-15,-2.19914346197176E-16,-1.));
#1537=DIRECTION('',(1.73472347597681E-15,0.,1.));
#1538=DIRECTION('',(-1.,-1.22464679914735E-16,1.73472347597681E-15));
#1539=DIRECTION('',(-4.24835595513809E-15,2.19914346197175E-16,-1.));
#1540=DIRECTION('',(-1.95463782217398E-15,2.51363247916128E-15,-1.));
#1541=DIRECTION('',(1.73472347597681E-15,0.,1.));
#1542=DIRECTION('',(-1.83697019872103E-16,1.,3.94430452610506E-31));
#1543=DIRECTION('',(-1.51480912977964E-15,2.51363247916128E-15,-1.));
#1544=DIRECTION('',(0.996194698091746,-0.0871557427476578,-1.72812232942338E-15));
#1545=DIRECTION('',(0.0871557427476578,0.996194698091746,1.58353236296625E-15));
#1546=DIRECTION('',(0.0871557427476578,0.996194698091746,1.58353236296625E-15));
#1547=DIRECTION('',(-1.58295483747655E-15,1.73472347597681E-15,-1.));
#1548=DIRECTION('',(0.0826831974738906,0.945073271686113,0.316227766016838));
#1549=DIRECTION('',(1.58353236296625E-15,-1.72812232942338E-15,1.));
#1550=DIRECTION('',(0.996194698091746,0.0871557427476585,-1.72812232942338E-15));
#1551=DIRECTION('',(-0.0871557427476585,0.996194698091746,1.88591458898737E-15));
#1552=DIRECTION('',(-1.88649211447706E-15,1.73472347597681E-15,-1.));
#1553=DIRECTION('',(-0.0871557427476585,0.996194698091746,1.88591458898737E-15));
#1554=DIRECTION('',(1.88591458898737E-15,-1.72812232942338E-15,1.));
#1555=DIRECTION('',(-0.0826831974738903,0.945073271686113,0.316227766016839));
#1556=DIRECTION('',(1.73472347597681E-15,0.,1.));
#1557=DIRECTION('',(-1.83697019872103E-16,1.,3.94430452610506E-31));
#1558=DIRECTION('',(1.73472347597681E-15,0.,1.));
#1559=DIRECTION('',(-1.83697019872103E-16,1.,3.94430452610506E-31));
#1560=DIRECTION('',(1.73472347597681E-15,0.,1.));
#1561=DIRECTION('',(-1.83697019872103E-16,1.,3.94430452610506E-31));
#1562=DIRECTION('',(1.73472347597681E-15,0.,1.));
#1563=DIRECTION('',(-1.83697019872103E-16,1.,3.94430452610506E-31));
#1564=DIRECTION('',(1.,1.83697019872103E-16,-1.73472347597681E-15));
#1565=DIRECTION('',(1.73472347597681E-15,0.,1.));
#1566=DIRECTION('',(-1.83697019872103E-16,1.,3.94430452610506E-31));
#1567=DIRECTION('',(1.836970198721E-16,-1.,-1.73472347597681E-15));
#1568=DIRECTION('',(1.73472347597681E-15,-1.73472347597681E-15,1.));
#1569=DIRECTION('',(0.0871557427476578,0.996194698091746,-1.51191113010557E-16));
#1570=DIRECTION('',(-0.996194698091746,0.0871557427476578,3.46284580540019E-15));
#1571=DIRECTION('',(-0.996194698091746,0.0871557427476578,3.46284580540019E-15));
#1572=DIRECTION('',(-3.46944695195362E-15,1.51768638500255E-16,-1.));
#1573=DIRECTION('',(-0.945073271686112,0.0826831974738902,0.31622776601684));
#1574=DIRECTION('',(3.46284580540019E-15,-1.51191113010557E-16,1.));
#1575=DIRECTION('',(-0.0871557427476584,0.996194698091746,1.51191113010558E-16));
#1576=DIRECTION('',(-0.996194698091746,-0.0871557427476584,3.46284580540019E-15));
#1577=DIRECTION('',(-3.46944695195362E-15,-1.51768638500257E-16,-1.));
#1578=DIRECTION('',(-0.996194698091746,-0.0871557427476584,3.46284580540019E-15));
#1579=DIRECTION('',(3.46284580540019E-15,1.51191113010558E-16,1.));
#1580=DIRECTION('',(-0.945073271686112,-0.0826831974738907,0.31622776601684));
#1581=DIRECTION('',(1.73472347597681E-15,0.,1.));
#1582=DIRECTION('',(-1.,-1.22464679914735E-16,1.73472347597681E-15));
#1583=DIRECTION('',(1.73472347597681E-15,0.,1.));
#1584=DIRECTION('',(-1.,-1.22464679914735E-16,1.73472347597681E-15));
#1585=DIRECTION('',(1.73472347597681E-15,0.,1.));
#1586=DIRECTION('',(-1.,-1.22464679914735E-16,1.73472347597681E-15));
#1587=DIRECTION('',(1.73472347597681E-15,0.,1.));
#1588=DIRECTION('',(-1.,-1.22464679914735E-16,1.73472347597681E-15));
#1589=DIRECTION('',(-1.22464679914735E-16,1.,2.12442355226077E-31));
#1590=DIRECTION('',(1.73472347597681E-15,0.,1.));
#1591=DIRECTION('',(-1.,-1.22464679914735E-16,1.73472347597681E-15));
#1592=DIRECTION('',(1.,1.22464679914735E-16,-3.46944695195362E-15));
#1593=DIRECTION('',(3.46944695195362E-15,2.12442355226077E-31,1.));
#1594=DIRECTION('',(-0.996194698091746,0.0871557427476579,1.72812232942338E-15));
#1595=DIRECTION('',(-0.0871557427476579,-0.996194698091746,1.88591458898737E-15));
#1596=DIRECTION('',(-0.0871557427476579,-0.996194698091746,1.88591458898737E-15));
#1597=DIRECTION('',(-1.88649211447706E-15,-1.73472347597681E-15,-1.));
#1598=DIRECTION('',(-0.0826831974738897,-0.945073271686113,0.316227766016839));
#1599=DIRECTION('',(1.88591458898737E-15,1.72812232942338E-15,1.));
#1600=DIRECTION('',(-0.996194698091746,-0.0871557427476584,1.72812232942338E-15));
#1601=DIRECTION('',(0.0871557427476584,-0.996194698091746,1.58353236296625E-15));
#1602=DIRECTION('',(-1.58295483747655E-15,-1.73472347597681E-15,-1.));
#1603=DIRECTION('',(0.0871557427476584,-0.996194698091746,1.58353236296625E-15));
#1604=DIRECTION('',(1.58353236296625E-15,1.72812232942338E-15,1.));
#1605=DIRECTION('',(0.0826831974738912,-0.945073271686113,0.316227766016838));
#1606=DIRECTION('',(1.73472347597681E-15,0.,1.));
#1607=DIRECTION('',(6.12323399573677E-17,-1.,-1.97215226305253E-31));
#1608=DIRECTION('',(1.73472347597681E-15,0.,1.));
#1609=DIRECTION('',(6.12323399573677E-17,-1.,-1.97215226305253E-31));
#1610=DIRECTION('',(1.73472347597681E-15,0.,1.));
#1611=DIRECTION('',(6.12323399573677E-17,-1.,-1.97215226305253E-31));
#1612=DIRECTION('',(1.73472347597681E-15,0.,1.));
#1613=DIRECTION('',(6.12323399573677E-17,-1.,-1.97215226305253E-31));
#1614=DIRECTION('',(-1.,-6.12323399573677E-17,1.73472347597681E-15));
#1615=DIRECTION('',(1.73472347597681E-15,0.,1.));
#1616=DIRECTION('',(6.12323399573677E-17,-1.,-1.97215226305253E-31));
#1617=DIRECTION('',(-6.12323399573707E-17,1.,-1.73472347597681E-15));
#1618=DIRECTION('',(1.73472347597681E-15,1.73472347597681E-15,1.));
#1619=DIRECTION('',(-0.0871557427476579,-0.996194698091746,1.51191113010557E-16));
#1620=DIRECTION('',(0.996194698091746,-0.0871557427476579,6.60114655342839E-18));
#1621=DIRECTION('',(0.996194698091746,-0.0871557427476579,6.60114655342839E-18));
#1622=DIRECTION('',(0.,-1.51768638500256E-16,-1.));
#1623=DIRECTION('',(0.945073271686113,-0.0826831974738903,0.316227766016837));
#1624=DIRECTION('',(6.60114655342839E-18,1.51191113010557E-16,1.));
#1625=DIRECTION('',(0.0871557427476583,-0.996194698091746,-1.51191113010558E-16));
#1626=DIRECTION('',(0.996194698091746,0.0871557427476583,6.60114655342835E-18));
#1627=DIRECTION('',(0.,1.51768638500256E-16,-1.));
#1628=DIRECTION('',(0.996194698091746,0.0871557427476583,6.60114655342835E-18));
#1629=DIRECTION('',(6.60114655342835E-18,-1.51191113010558E-16,1.));
#1630=DIRECTION('',(0.945073271686113,0.0826831974738906,0.316227766016837));
#1631=DIRECTION('',(1.73472347597681E-15,0.,1.));
#1632=DIRECTION('',(1.,0.,-1.73472347597681E-15));
#1633=DIRECTION('',(1.73472347597681E-15,0.,1.));
#1634=DIRECTION('',(1.,0.,-1.73472347597681E-15));
#1635=DIRECTION('',(1.73472347597681E-15,0.,1.));
#1636=DIRECTION('',(1.,0.,-1.73472347597681E-15));
#1637=DIRECTION('',(1.73472347597681E-15,0.,1.));
#1638=DIRECTION('',(1.,0.,-1.73472347597681E-15));
#1639=DIRECTION('',(0.,-1.,0.));
#1640=DIRECTION('',(1.73472347597681E-15,0.,1.));
#1641=DIRECTION('',(1.,0.,-1.73472347597681E-15));
#1642=DIRECTION('',(-1.,0.,0.));
#1643=DIRECTION('',(0.,0.,1.));
#1644=DIRECTION('',(0.,-1.,0.));
#1645=DIRECTION('',(0.,0.,-1.));
#1646=DIRECTION('',(0.,0.,1.));
#1647=DIRECTION('',(1.,0.,0.));
#1648=DIRECTION('',(2.42693491540053E-16,-1.,-5.91645678915759E-31));
#1649=DIRECTION('',(-1.73472347597681E-15,0.,-1.));
#1650=DIRECTION('',(-1.,-2.42693491540053E-16,1.73472347597681E-15));
#1651=DIRECTION('',(1.73472347597681E-15,0.,1.));
#1652=DIRECTION('',(1.,2.42693491540053E-16,-1.73472347597681E-15));
#1653=DIRECTION('',(1.73472347597681E-15,-1.97215226305253E-31,1.));
#1654=DIRECTION('',(2.78985721856591E-16,-1.,-5.91645678915759E-31));
#1655=DIRECTION('',(-1.73472347597681E-15,0.,-1.));
#1656=DIRECTION('',(1.73472347597681E-15,0.,1.));
#1657=DIRECTION('',(1.,2.78985721856591E-16,-1.73472347597681E-15));
#1658=DIRECTION('',(1.73472347597681E-15,-1.97215226305253E-31,1.));
#1659=DIRECTION('',(1.,2.78985721856591E-16,-1.73472347597681E-15));
#1660=DIRECTION('',(-7.18458987476422E-16,0.965925826289068,-0.258819045102521));
#1661=DIRECTION('',(-1.60340738878779E-15,-0.258819045102521,-0.965925826289068));
#1662=DIRECTION('',(1.,2.78985721856591E-16,-1.73472347597681E-15));
#1663=DIRECTION('',(-1.65976611115879E-15,-0.258819045102521,-0.965925826289068));
#1664=DIRECTION('',(1.,2.78985721856591E-16,-1.73472347597681E-15));
#1665=DIRECTION('',(-1.65976611115879E-15,-0.258819045102521,-0.965925826289068));
#1666=DIRECTION('',(1.,6.12323399573677E-17,-1.73472347597681E-15));
#1667=DIRECTION('',(1.73472347597681E-15,1.73472347597681E-15,1.));
#1668=DIRECTION('',(6.12323399573677E-17,-1.,-1.97215226305253E-31));
#1669=DIRECTION('',(1.69146230267311E-15,-0.258819045102521,0.965925826289068));
#1670=DIRECTION('',(6.12323399573677E-17,-1.,-1.97215226305253E-31));
#1671=DIRECTION('',(-2.14555562218438E-16,-0.965925826289068,-0.258819045102521));
#1672=DIRECTION('',(-1.73842790464893E-15,0.258819045102521,-0.965925826289068));
#1673=DIRECTION('',(-1.,-2.42693491540053E-16,1.73472347597681E-15));
#1674=DIRECTION('',(1.69146230267311E-15,-0.258819045102521,0.965925826289068));
#1675=DIRECTION('',(-1.,-2.42693491540053E-16,1.73472347597681E-15));
#1676=DIRECTION('',(1.,6.12323399573677E-17,-1.73472347597681E-15));
#1677=DIRECTION('',(1.73472347597681E-15,1.73472347597681E-15,1.));
#1678=DIRECTION('',(6.12323399573677E-17,-1.,-1.97215226305253E-31));
#1679=DIRECTION('',(6.12323399573677E-17,-1.,-1.97215226305253E-31));
#1680=DIRECTION('',(1.73472347597681E-15,0.,1.));
#1681=DIRECTION('',(6.12323399573677E-17,-1.,-1.97215226305253E-31));
#1682=DIRECTION('',(-1.73472347597681E-15,0.,-1.));
#1683=DIRECTION('',(-6.12323399573677E-17,1.,1.97215226305253E-31));
#1684=DIRECTION('',(-1.73472347597681E-15,0.,-1.));
#1685=DIRECTION('',(-6.12323399573677E-17,1.,1.97215226305253E-31));
#1686=DIRECTION('',(1.73472347597681E-15,0.,1.));
#1687=DIRECTION('',(6.12323399573677E-17,-1.,-1.97215226305253E-31));
#1688=DIRECTION('',(1.73472347597681E-15,0.,1.));
#1689=DIRECTION('',(6.12323399573677E-17,-1.,-1.97215226305253E-31));
#1690=DIRECTION('',(1.73472347597681E-15,0.,1.));
#1691=DIRECTION('',(6.12323399573677E-17,-1.,-1.97215226305253E-31));
#1692=DIRECTION('',(0.,0.,1.));
#1693=DIRECTION('',(1.,0.,0.));
#1694=DIRECTION('',(-1.,-3.03925831497421E-16,1.73472347597681E-15));
#1695=DIRECTION('',(-1.73472347597681E-15,0.,-1.));
#1696=DIRECTION('',(-3.03925831497421E-16,1.,5.27227274854348E-31));
#1697=DIRECTION('',(1.73472347597681E-15,0.,1.));
#1698=DIRECTION('',(3.03925831497421E-16,-1.,-5.27227274854348E-31));
#1699=DIRECTION('',(1.73472347597681E-15,-4.37905770101506E-47,1.));
#1700=DIRECTION('',(-1.,-3.40218061813958E-16,1.73472347597681E-15));
#1701=DIRECTION('',(-1.73472347597681E-15,0.,-1.));
#1702=DIRECTION('',(1.73472347597681E-15,0.,1.));
#1703=DIRECTION('',(3.40218061813958E-16,-1.,-5.90184258780002E-31));
#1704=DIRECTION('',(1.73472347597681E-15,-4.37905770101506E-47,1.));
#1705=DIRECTION('',(3.40218061813958E-16,-1.,-5.90184258780002E-31));
#1706=DIRECTION('',(0.965925826289068,3.28625412476113E-16,-0.258819045102523));
#1707=DIRECTION('',(-0.258819045102523,-8.8054913885319E-17,-0.965925826289068));
#1708=DIRECTION('',(3.40218061813958E-16,-1.,-5.90184258780002E-31));
#1709=DIRECTION('',(-0.258819045102523,-3.16961915143176E-17,-0.965925826289068));
#1710=DIRECTION('',(3.40218061813958E-16,-1.,-5.90184258780002E-31));
#1711=DIRECTION('',(-0.258819045102523,-3.16961915143176E-17,-0.965925826289068));
#1712=DIRECTION('',(1.22464679914735E-16,-1.,-2.12442355226077E-31));
#1713=DIRECTION('',(3.46944695195362E-15,2.12442355226077E-31,1.));
#1714=DIRECTION('',(-1.,-1.22464679914735E-16,1.73472347597681E-15));
#1715=DIRECTION('',(-0.258819045102519,-3.16961915143176E-17,0.965925826289069));
#1716=DIRECTION('',(-1.,-1.22464679914735E-16,1.73472347597681E-15));
#1717=DIRECTION('',(-0.965925826289069,-2.93569809919739E-16,-0.258819045102519));
#1718=DIRECTION('',(0.258819045102519,7.86617934901521E-17,-0.965925826289069));
#1719=DIRECTION('',(-3.03925831497421E-16,1.,5.27227274854348E-31));
#1720=DIRECTION('',(-0.258819045102519,-3.16961915143176E-17,0.965925826289069));
#1721=DIRECTION('',(-3.03925831497421E-16,1.,5.27227274854348E-31));
#1722=DIRECTION('',(1.22464679914735E-16,-1.,-2.12442355226077E-31));
#1723=DIRECTION('',(3.46944695195362E-15,2.12442355226077E-31,1.));
#1724=DIRECTION('',(-1.,-1.22464679914735E-16,1.73472347597681E-15));
#1725=DIRECTION('',(-1.,-1.22464679914735E-16,1.73472347597681E-15));
#1726=DIRECTION('',(1.73472347597681E-15,0.,1.));
#1727=DIRECTION('',(-1.,-1.22464679914735E-16,1.73472347597681E-15));
#1728=DIRECTION('',(-1.73472347597681E-15,0.,-1.));
#1729=DIRECTION('',(1.,1.22464679914735E-16,-1.73472347597681E-15));
#1730=DIRECTION('',(-1.73472347597681E-15,0.,-1.));
#1731=DIRECTION('',(1.,1.22464679914735E-16,-1.73472347597681E-15));
#1732=DIRECTION('',(1.73472347597681E-15,0.,1.));
#1733=DIRECTION('',(-1.,-1.22464679914735E-16,1.73472347597681E-15));
#1734=DIRECTION('',(1.73472347597681E-15,0.,1.));
#1735=DIRECTION('',(-1.,-1.22464679914735E-16,1.73472347597681E-15));
#1736=DIRECTION('',(1.73472347597681E-15,0.,1.));
#1737=DIRECTION('',(-1.,-1.22464679914735E-16,1.73472347597681E-15));
#1738=DIRECTION('',(0.,0.,1.));
#1739=DIRECTION('',(1.,0.,0.));
#1740=DIRECTION('',(-3.65158171454789E-16,1.,7.88860905221012E-31));
#1741=DIRECTION('',(-1.73472347597681E-15,0.,-1.));
#1742=DIRECTION('',(1.,3.65158171454789E-16,-1.73472347597681E-15));
#1743=DIRECTION('',(1.73472347597681E-15,0.,1.));
#1744=DIRECTION('',(-1.,-3.65158171454789E-16,1.73472347597681E-15));
#1745=DIRECTION('',(1.73472347597681E-15,1.97215226305253E-31,1.));
#1746=DIRECTION('',(-4.01450401771326E-16,1.,7.88860905221012E-31));
#1747=DIRECTION('',(-1.73472347597681E-15,0.,-1.));
#1748=DIRECTION('',(1.73472347597681E-15,0.,1.));
#1749=DIRECTION('',(-1.,-4.01450401771326E-16,1.73472347597681E-15));
#1750=DIRECTION('',(1.73472347597681E-15,1.97215226305253E-31,1.));
#1751=DIRECTION('',(-1.,-4.01450401771326E-16,1.73472347597681E-15));
#1752=DIRECTION('',(-6.12081625241971E-17,-0.965925826289068,-0.258819045102521));
#1753=DIRECTION('',(-1.77951721655842E-15,0.258819045102521,-0.965925826289068));
#1754=DIRECTION('',(-1.,-4.01450401771326E-16,1.73472347597681E-15));
#1755=DIRECTION('',(-1.72315849418742E-15,0.258819045102521,-0.965925826289068));
#1756=DIRECTION('',(-1.,-4.01450401771326E-16,1.73472347597681E-15));
#1757=DIRECTION('',(-1.72315849418742E-15,0.258819045102521,-0.965925826289068));
#1758=DIRECTION('',(-1.,-1.83697019872103E-16,1.73472347597681E-15));
#1759=DIRECTION('',(1.73472347597681E-15,-1.73472347597681E-15,1.));
#1760=DIRECTION('',(-1.83697019872103E-16,1.,3.94430452610506E-31));
#1761=DIRECTION('',(1.62806991964446E-15,0.258819045102521,0.965925826289068));
#1762=DIRECTION('',(-1.83697019872103E-16,1.,3.94430452610506E-31));
#1763=DIRECTION('',(-8.01695182057915E-16,0.965925826289068,-0.258819045102521));
#1764=DIRECTION('',(-1.58110431766863E-15,-0.258819045102521,-0.965925826289068));
#1765=DIRECTION('',(1.,3.65158171454789E-16,-1.73472347597681E-15));
#1766=DIRECTION('',(1.62806991964446E-15,0.258819045102521,0.965925826289068));
#1767=DIRECTION('',(1.,3.65158171454789E-16,-1.73472347597681E-15));
#1768=DIRECTION('',(-1.,-1.83697019872103E-16,1.73472347597681E-15));
#1769=DIRECTION('',(1.73472347597681E-15,-1.73472347597681E-15,1.));
#1770=DIRECTION('',(-1.83697019872103E-16,1.,3.94430452610506E-31));
#1771=DIRECTION('',(-1.83697019872103E-16,1.,3.94430452610506E-31));
#1772=DIRECTION('',(1.73472347597681E-15,0.,1.));
#1773=DIRECTION('',(-1.83697019872103E-16,1.,3.94430452610506E-31));
#1774=DIRECTION('',(-1.73472347597681E-15,0.,-1.));
#1775=DIRECTION('',(1.83697019872103E-16,-1.,-3.94430452610506E-31));
#1776=DIRECTION('',(-1.73472347597681E-15,0.,-1.));
#1777=DIRECTION('',(1.83697019872103E-16,-1.,-3.94430452610506E-31));
#1778=DIRECTION('',(1.73472347597681E-15,0.,1.));
#1779=DIRECTION('',(-1.83697019872103E-16,1.,3.94430452610506E-31));
#1780=DIRECTION('',(1.73472347597681E-15,0.,1.));
#1781=DIRECTION('',(-1.83697019872103E-16,1.,3.94430452610506E-31));
#1782=DIRECTION('',(1.73472347597681E-15,0.,1.));
#1783=DIRECTION('',(-1.83697019872103E-16,1.,3.94430452610506E-31));
#1784=CARTESIAN_POINT('',(0.,0.,0.));
#1785=CARTESIAN_POINT('',(0.000246990920027341,4.48192567786284E-20,0.005898));
#1786=CARTESIAN_POINT('',(0.000246990920027345,4.48192567786284E-20,0.0078));
#1787=CARTESIAN_POINT('',(0.000246990920027345,-0.00689557796601736,0.0078));
#1788=CARTESIAN_POINT('',(0.000246990920027345,-0.00622565618225568,0.0078));
#1789=CARTESIAN_POINT('',(0.000246990920027333,-0.00689557796601736,0.00025));
#1790=CARTESIAN_POINT('',(0.000246990920027342,-0.00689557796601736,0.0059));
#1791=CARTESIAN_POINT('',(0.000246990920027341,4.48192567786284E-20,0.0059));
#1792=CARTESIAN_POINT('',(0.000246990920027342,-0.00622565618225568,0.0059));
#1793=CARTESIAN_POINT('',(0.000246990920027342,-0.00622565618225568,0.005898));
#1794=CARTESIAN_POINT('',(-0.000253009079972659,-5.50935828152574E-20,0.005898));
#1795=CARTESIAN_POINT('',(-0.000253009079972667,-0.00689535977346008,0.00025));
#1796=CARTESIAN_POINT('',(-0.000253009079972654,-0.00689535977346008,0.0078));
#1797=CARTESIAN_POINT('',(-0.000253009079972658,-0.00689535977346008,0.0059));
#1798=CARTESIAN_POINT('',(-0.000253009079972656,-5.50935828152574E-20,0.0078));
#1799=CARTESIAN_POINT('',(-0.000253009079972655,-0.00622565618225568,0.0078));
#1800=CARTESIAN_POINT('',(-0.000253009079972658,-0.00622565618225568,0.005898));
#1801=CARTESIAN_POINT('',(-0.000253009079972658,-0.00622565618225568,0.0059));
#1802=CARTESIAN_POINT('',(-0.000253009079972659,-5.50935828152574E-20,0.0059));
#1803=CARTESIAN_POINT('',(-0.000253009079972656,-5.50935828152574E-20,0.0078));
#1804=CARTESIAN_POINT('',(-0.000253009079972656,-5.50935828152574E-20,0.0078));
#1805=CARTESIAN_POINT('',(-0.000253009079972654,-0.00771936731963854,0.0078));
#1806=CARTESIAN_POINT('',(-0.000253009079972655,-0.00771936731963854,0.0078));
#1807=CARTESIAN_POINT('',(-0.000547753191646887,-0.00771936731963854,0.0089));
#1808=CARTESIAN_POINT('',(-0.000547753191646889,-1.19275109927204E-19,0.0089));
#1809=CARTESIAN_POINT('',(-0.000547753191646887,-0.00622565618225568,0.0089));
#1810=CARTESIAN_POINT('',(-0.000253009079972655,-0.00622565618225568,0.0078));
#1811=CARTESIAN_POINT('',(-3.0090799726524E-6,-0.00771936731963854,0.0089));
#1812=CARTESIAN_POINT('',(-3.00907997265431E-6,-0.00771936731963854,0.0078));
#1813=CARTESIAN_POINT('',(0.000246990920027345,-0.00771936731963854,0.0078));
#1814=CARTESIAN_POINT('',(0.000246990920027346,-0.00771936731963854,0.0078));
#1815=CARTESIAN_POINT('',(0.000541735031701582,-0.00771936731963854,0.0089));
#1816=CARTESIAN_POINT('',(-3.0090799726524E-6,-0.00771936731963854,0.0089));
#1817=CARTESIAN_POINT('',(0.000246990920027345,4.48192567786284E-20,0.0078));
#1818=CARTESIAN_POINT('',(0.000246990920027345,4.48192567786284E-20,0.0078));
#1819=CARTESIAN_POINT('',(0.000246990920027345,-0.00622565618225568,0.0078));
#1820=CARTESIAN_POINT('',(0.000541735031701582,-0.00622565618225568,0.0089));
#1821=CARTESIAN_POINT('',(0.000541735031701581,9.83038627052507E-20,0.0089));
#1822=CARTESIAN_POINT('',(-3.00907997265273E-6,-0.00622565618225568,0.0089));
#1823=CARTESIAN_POINT('',(-3.00907997265793E-6,-0.00622565618225568,0.0059));
#1824=CARTESIAN_POINT('',(-3.00907997265273E-6,-0.00622565618225568,0.0089));
#1825=CARTESIAN_POINT('',(5.03069808033278E-18,0.,0.0089));
#1826=CARTESIAN_POINT('',(0.00655,0.,0.0059));
#1827=CARTESIAN_POINT('',(2.07403106021427E-18,0.,0.0059));
#1828=CARTESIAN_POINT('',(0.0084,0.,0.0078));
#1829=CARTESIAN_POINT('',(5.37000566457021E-18,0.,0.0078));
#1830=CARTESIAN_POINT('',(-7.72715657905472E-18,0.,0.00025));
#1831=CARTESIAN_POINT('',(0.,0.,0.));
#1832=CARTESIAN_POINT('',(0.0084,0.,0.0078));
#1833=CARTESIAN_POINT('',(5.37000566457021E-18,0.,0.0078));
#1834=CARTESIAN_POINT('',(0.00710000000000001,0.,0.00779999999999999));
#1835=CARTESIAN_POINT('',(0.008,0.0125,0.0078));
#1836=CARTESIAN_POINT('',(0.008,0.000699909308207392,0.0078));
#1837=CARTESIAN_POINT('',(0.008,-0.000699909308207391,0.0078));
#1838=CARTESIAN_POINT('',(0.00836803546397066,0.000732108239080329,0.0078));
#1839=CARTESIAN_POINT('',(0.00876651334320736,0.000766970536179392,0.0078));
#1840=CARTESIAN_POINT('',(5.37000566457022E-18,0.,0.0078));
#1841=CARTESIAN_POINT('',(0.000766970536179402,0.00876651334320735,0.0078));
#1842=CARTESIAN_POINT('',(0.000732108239080339,0.00836803546397065,0.0078));
#1843=CARTESIAN_POINT('',(0.000699909308207403,0.008,0.0078));
#1844=CARTESIAN_POINT('',(-0.0125,0.008,0.0078));
#1845=CARTESIAN_POINT('',(-0.00069990930820738,0.008,0.0078));
#1846=CARTESIAN_POINT('',(-0.000732108239080317,0.00836803546397065,0.0078));
#1847=CARTESIAN_POINT('',(-0.000766970536179381,0.00876651334320736,0.0078));
#1848=CARTESIAN_POINT('',(5.37000566457022E-18,0.,0.0078));
#1849=CARTESIAN_POINT('',(-0.00876651334320734,0.000766970536179389,0.0078));
#1850=CARTESIAN_POINT('',(-0.00836803546397064,0.000732108239080326,0.0078));
#1851=CARTESIAN_POINT('',(-0.008,0.00069990930820739,0.0078));
#1852=CARTESIAN_POINT('',(-0.008,-0.0125,0.0078));
#1853=CARTESIAN_POINT('',(-0.008,-0.000699909308207393,0.0078));
#1854=CARTESIAN_POINT('',(-0.00836803546397064,-0.00073210823908033,0.0078));
#1855=CARTESIAN_POINT('',(-0.00876651334320735,-0.000766970536179395,0.0078));
#1856=CARTESIAN_POINT('',(5.37000566457022E-18,0.,0.0078));
#1857=CARTESIAN_POINT('',(-0.000766970536179376,-0.00876651334320735,0.0078));
#1858=CARTESIAN_POINT('',(-0.000732108239080313,-0.00836803546397065,0.0078));
#1859=CARTESIAN_POINT('',(-0.000699909308207376,-0.008,0.0078));
#1860=CARTESIAN_POINT('',(0.0125,-0.008,0.0078));
#1861=CARTESIAN_POINT('',(0.000699909308207406,-0.008,0.0078));
#1862=CARTESIAN_POINT('',(0.000732108239080343,-0.00836803546397065,0.0078));
#1863=CARTESIAN_POINT('',(0.000766970536179407,-0.00876651334320736,0.0078));
#1864=CARTESIAN_POINT('',(5.37000566457022E-18,0.,0.0078));
#1865=CARTESIAN_POINT('',(0.00876651334320736,-0.00076697053617939,0.0078));
#1866=CARTESIAN_POINT('',(0.00836803546397066,-0.000732108239080327,0.0078));
#1867=CARTESIAN_POINT('',(-7.72715657905472E-18,0.,0.00025));
#1868=CARTESIAN_POINT('',(2.07403106021427E-18,0.,0.0059));
#1869=CARTESIAN_POINT('',(0.0071,0.,0.00589999999999999));
#1870=CARTESIAN_POINT('',(0.00655,0.,0.0059));
#1871=CARTESIAN_POINT('',(2.07403106021426E-18,0.,0.0059));
#1872=CARTESIAN_POINT('',(0.0056,0.,0.00589999999999999));
#1873=CARTESIAN_POINT('',(2.07403106021426E-18,0.,0.0059));
#1874=CARTESIAN_POINT('',(-1.39541589173934E-18,0.,0.0039));
#1875=CARTESIAN_POINT('',(0.0078,0.,0.00389999999999999));
#1876=CARTESIAN_POINT('',(-7.72715657905472E-18,0.,0.00025));
#1877=CARTESIAN_POINT('',(0.000392248587289075,0.00779196672072412,0.00220769389692191));
#1878=CARTESIAN_POINT('',(-9.97081706584536E-8,0.007804012752152,0.00204496974562958));
#1879=CARTESIAN_POINT('',(-0.000391849754606463,0.00779198227066787,0.00220756962232453));
#1880=CARTESIAN_POINT('',(-0.000554022726650917,0.00777994739677241,0.00259877505203297));
#1881=CARTESIAN_POINT('',(-0.00039205890563065,0.00779197534307163,0.00299086054374952));
#1882=CARTESIAN_POINT('',(-8.21244433717359E-8,0.0078040032895927,0.00315322499742571));
#1883=CARTESIAN_POINT('',(0.000391309658595764,0.00779201148614804,0.00299138177472343));
#1884=CARTESIAN_POINT('',(0.000554110067696092,0.00777994226535359,0.0025997625284883));
#1885=CARTESIAN_POINT('',(0.000392248587289075,0.00779196672072412,0.00220769389692191));
#1886=CARTESIAN_POINT('',(-9.97081706584536E-8,0.007804012752152,0.00204496974562958));
#1887=CARTESIAN_POINT('',(-0.000391849754606463,0.00779198227066787,0.00220756962232453));
#1888=CARTESIAN_POINT('',(-3.63702462723969E-18,0.0078,0.00209919041696079));
#1889=CARTESIAN_POINT('',(-5.55875223408369E-18,0.,0.0015));
#1890=CARTESIAN_POINT('',(0.00779999999999999,0.,0.00149999999999999));
#1891=CARTESIAN_POINT('',(-5.55875223408369E-18,0.,0.0015));
#1892=CARTESIAN_POINT('',(-7.29347571006049E-18,0.,0.000500000000000014));
#1893=CARTESIAN_POINT('',(0.00679999999999999,0.,0.000500000000000002));
#1894=CARTESIAN_POINT('',(0.0034,0.,0.0005));
#1895=CARTESIAN_POINT('',(0.0044,0.,4.26470159992764E-19));
#1896=CARTESIAN_POINT('',(-8.16083744804889E-18,0.,1.69677639993982E-17));
#1897=CARTESIAN_POINT('',(0.00879999999999999,0.,1.70219741080222E-18));
#1898=CARTESIAN_POINT('',(-7.72715657905472E-18,0.,0.00025));
#1899=CARTESIAN_POINT('',(0.000392249119995019,0.00879287957254504,0.00220769302482391));
#1900=CARTESIAN_POINT('',(-9.99378102059843E-8,0.00880355675992817,0.00204497030463623));
#1901=CARTESIAN_POINT('',(-0.000391849368754217,0.00879289338774227,0.00220756825839596));
#1902=CARTESIAN_POINT('',(-0.000554021693049689,0.00878223085020897,0.00259877760092741));
#1903=CARTESIAN_POINT('',(-0.000392063428105948,0.00879288706704115,0.0029908558451256));
#1904=CARTESIAN_POINT('',(-7.98193208821428E-8,0.00880354841344696,0.00315322647754898));
#1905=CARTESIAN_POINT('',(0.000391308668688828,0.00879291926824721,0.00299138055418409));
#1906=CARTESIAN_POINT('',(0.000554110177587441,0.00878222626893058,0.00259976747214864));
#1907=CARTESIAN_POINT('',(0.000392249119995019,0.00879287957254504,0.00220769302482391));
#1908=CARTESIAN_POINT('',(-9.99378102059843E-8,0.00880355675992817,0.00204497030463623));
#1909=CARTESIAN_POINT('',(-0.000391849368754217,0.00879289338774227,0.00220756825839596));
#1910=CARTESIAN_POINT('',(-3.67175949898931E-18,0.0088,0.00209919041696079));
#1911=CARTESIAN_POINT('',(0.00876651334320736,0.000766970536179392,0.0089));
#1912=CARTESIAN_POINT('',(0.00876651334320736,0.000766970536179392,0.01));
#1913=CARTESIAN_POINT('',(9.18639731171919E-18,0.,0.01));
#1914=CARTESIAN_POINT('',(0.00876651334320736,-0.00076697053617939,0.01));
#1915=CARTESIAN_POINT('',(0.00876651334320736,-0.00076697053617939,0.0089));
#1916=CARTESIAN_POINT('',(0.000766970536179408,-0.00876651334320735,0.0089));
#1917=CARTESIAN_POINT('',(0.00076697053617941,-0.00876651334320735,0.01));
#1918=CARTESIAN_POINT('',(1.73472347597681E-17,8.16083744804892E-18,0.01));
#1919=CARTESIAN_POINT('',(-0.000766970536179372,-0.00876651334320735,0.01));
#1920=CARTESIAN_POINT('',(-0.000766970536179374,-0.00876651334320735,0.0089));
#1921=CARTESIAN_POINT('',(-0.00876651334320733,-0.000766970536179393,0.0089));
#1922=CARTESIAN_POINT('',(-0.00876651334320733,-0.000766970536179393,0.01));
#1923=CARTESIAN_POINT('',(2.5508072207817E-17,9.99414345911496E-34,0.01));
#1924=CARTESIAN_POINT('',(-0.00876651334320733,0.000766970536179389,0.01));
#1925=CARTESIAN_POINT('',(-0.00876651334320733,0.000766970536179389,0.0089));
#1926=CARTESIAN_POINT('',(-0.000766970536179378,0.00876651334320735,0.0089));
#1927=CARTESIAN_POINT('',(-0.000766970536179376,0.00876651334320735,0.01));
#1928=CARTESIAN_POINT('',(1.73472347597681E-17,-8.16083744804892E-18,0.01));
#1929=CARTESIAN_POINT('',(0.000766970536179406,0.00876651334320735,0.01));
#1930=CARTESIAN_POINT('',(0.000766970536179404,0.00876651334320735,0.0089));
#1931=CARTESIAN_POINT('',(8.57882080086823E-18,-1.74052047523718E-17,0.005));
#1932=CARTESIAN_POINT('',(0.000666741432019598,0.00762088944040184,0.009));
#1933=CARTESIAN_POINT('',(0.000636236922057917,0.00727222129606973,0.009));
#1934=CARTESIAN_POINT('',(0.000699909308207404,0.008,0.009));
#1935=CARTESIAN_POINT('',(0.000699909308207398,0.008,0.005));
#1936=CARTESIAN_POINT('',(0.000701603729118662,0.00801936731963853,0.00975));
#1937=CARTESIAN_POINT('',(0.000636236922057918,0.00727222129606973,0.0095));
#1938=CARTESIAN_POINT('',(0.000636236922057918,0.00727222129606973,0.00925));
#1939=CARTESIAN_POINT('',(1.01855285099897E-17,-1.72812232942338E-17,0.005));
#1940=CARTESIAN_POINT('',(-0.000699909308207385,0.008,0.005));
#1941=CARTESIAN_POINT('',(-0.000699909308207378,0.008,0.009));
#1942=CARTESIAN_POINT('',(-0.000666741432019571,0.00762088944040184,0.009));
#1943=CARTESIAN_POINT('',(-0.00063623692205789,0.00727222129606973,0.009));
#1944=CARTESIAN_POINT('',(-0.00063623692205789,0.00727222129606973,0.00925));
#1945=CARTESIAN_POINT('',(-0.000636236922057889,0.00727222129606973,0.0095));
#1946=CARTESIAN_POINT('',(-0.000701603729118633,0.00801936731963853,0.00975));
#1947=CARTESIAN_POINT('',(4.33680868994204E-19,-8.16083744804892E-18,0.00025));
#1948=CARTESIAN_POINT('',(1.56125112837913E-17,-8.16083744804892E-18,0.009));
#1949=CARTESIAN_POINT('',(1.64798730217797E-17,-8.16083744804892E-18,0.0095));
#1950=CARTESIAN_POINT('',(0.000666741432019598,0.00762088944040184,0.009));
#1951=CARTESIAN_POINT('',(-0.0125,0.008,0.009));
#1952=CARTESIAN_POINT('',(1.64798730217797E-17,-8.16083744804892E-18,0.0095));
#1953=CARTESIAN_POINT('',(-0.0125,0.008,0.0084));
#1954=CARTESIAN_POINT('',(2.60788221322559E-17,-9.47965790158397E-20,0.005));
#1955=CARTESIAN_POINT('',(-0.00762088944040182,0.000666741432019582,0.009));
#1956=CARTESIAN_POINT('',(-0.00727222129606971,0.000636236922057902,0.009));
#1957=CARTESIAN_POINT('',(-0.008,0.000699909308207389,0.009));
#1958=CARTESIAN_POINT('',(-0.008,0.00069990930820739,0.005));
#1959=CARTESIAN_POINT('',(-0.00801936731963852,0.000701603729118645,0.00975));
#1960=CARTESIAN_POINT('',(-0.00727222129606971,0.000636236922057902,0.0095));
#1961=CARTESIAN_POINT('',(-0.00727222129606971,0.000636236922057902,0.00925));
#1962=CARTESIAN_POINT('',(2.59548406741179E-17,1.51191113010558E-18,0.005));
#1963=CARTESIAN_POINT('',(-0.008,-0.000699909308207393,0.005));
#1964=CARTESIAN_POINT('',(-0.008,-0.000699909308207393,0.009));
#1965=CARTESIAN_POINT('',(-0.00762088944040182,-0.000666741432019586,0.009));
#1966=CARTESIAN_POINT('',(-0.00727222129606971,-0.000636236922057905,0.009));
#1967=CARTESIAN_POINT('',(-0.00727222129606971,-0.000636236922057905,0.00925));
#1968=CARTESIAN_POINT('',(-0.00727222129606971,-0.000636236922057905,0.0095));
#1969=CARTESIAN_POINT('',(-0.00801936731963852,-0.000701603729118649,0.00975));
#1970=CARTESIAN_POINT('',(8.59451831704312E-18,9.99414345911497E-34,0.00025));
#1971=CARTESIAN_POINT('',(2.37733487318402E-17,9.99414345911496E-34,0.009));
#1972=CARTESIAN_POINT('',(2.46407104698287E-17,9.99414345911497E-34,0.0095));
#1973=CARTESIAN_POINT('',(-0.00762088944040182,0.000666741432019582,0.009));
#1974=CARTESIAN_POINT('',(-0.008,-0.0125,0.009));
#1975=CARTESIAN_POINT('',(2.46407104698287E-17,9.99414345911497E-34,0.0095));
#1976=CARTESIAN_POINT('',(-0.008,-0.0125,0.0084));
#1977=CARTESIAN_POINT('',(8.76841395889991E-18,1.74052047523718E-17,0.005));
#1978=CARTESIAN_POINT('',(-0.000666741432019567,-0.00762088944040184,0.009));
#1979=CARTESIAN_POINT('',(-0.000636236922057887,-0.00727222129606973,0.009));
#1980=CARTESIAN_POINT('',(-0.000699909308207374,-0.008,0.009));
#1981=CARTESIAN_POINT('',(-0.000699909308207382,-0.008,0.005));
#1982=CARTESIAN_POINT('',(-0.000701603729118629,-0.00801936731963853,0.00975));
#1983=CARTESIAN_POINT('',(-0.000636236922057886,-0.00727222129606973,0.0095));
#1984=CARTESIAN_POINT('',(-0.000636236922057886,-0.00727222129606973,0.00925));
#1985=CARTESIAN_POINT('',(7.16170624977848E-18,1.72812232942338E-17,0.005));
#1986=CARTESIAN_POINT('',(0.000699909308207402,-0.008,0.005));
#1987=CARTESIAN_POINT('',(0.000699909308207408,-0.008,0.009));
#1988=CARTESIAN_POINT('',(0.000666741432019601,-0.00762088944040184,0.009));
#1989=CARTESIAN_POINT('',(0.000636236922057921,-0.00727222129606973,0.009));
#1990=CARTESIAN_POINT('',(0.000636236922057921,-0.00727222129606973,0.00925));
#1991=CARTESIAN_POINT('',(0.000636236922057921,-0.00727222129606973,0.0095));
#1992=CARTESIAN_POINT('',(0.000701603729118665,-0.00801936731963853,0.00975));
#1993=CARTESIAN_POINT('',(4.33680868994202E-19,8.16083744804892E-18,0.00025));
#1994=CARTESIAN_POINT('',(1.56125112837913E-17,8.16083744804892E-18,0.009));
#1995=CARTESIAN_POINT('',(1.64798730217797E-17,8.16083744804892E-18,0.0095));
#1996=CARTESIAN_POINT('',(-0.000666741432019567,-0.00762088944040184,0.009));
#1997=CARTESIAN_POINT('',(0.0125,-0.008,0.009));
#1998=CARTESIAN_POINT('',(1.64798730217797E-17,8.16083744804892E-18,0.0095));
#1999=CARTESIAN_POINT('',(0.0125,-0.008,0.0084));
#2000=CARTESIAN_POINT('',(-8.73158737248773E-18,9.47965790158418E-20,0.005));
#2001=CARTESIAN_POINT('',(0.00762088944040185,-0.000666741432019583,0.009));
#2002=CARTESIAN_POINT('',(0.00727222129606974,-0.000636236922057903,0.009));
#2003=CARTESIAN_POINT('',(0.008,-0.00069990930820739,0.009));
#2004=CARTESIAN_POINT('',(0.008,-0.000699909308207391,0.005));
#2005=CARTESIAN_POINT('',(0.00801936731963855,-0.000701603729118646,0.00975));
#2006=CARTESIAN_POINT('',(0.00727222129606974,-0.000636236922057903,0.0095));
#2007=CARTESIAN_POINT('',(0.00727222129606974,-0.000636236922057903,0.00925));
#2008=CARTESIAN_POINT('',(-8.60760591434975E-18,-1.51191113010558E-18,0.005));
#2009=CARTESIAN_POINT('',(0.008,0.000699909308207392,0.005));
#2010=CARTESIAN_POINT('',(0.008,0.000699909308207392,0.009));
#2011=CARTESIAN_POINT('',(0.00762088944040185,0.000666741432019585,0.009));
#2012=CARTESIAN_POINT('',(0.00727222129606974,0.000636236922057905,0.009));
#2013=CARTESIAN_POINT('',(0.00727222129606974,0.000636236922057905,0.00925));
#2014=CARTESIAN_POINT('',(0.00727222129606974,0.000636236922057904,0.0095));
#2015=CARTESIAN_POINT('',(0.00801936731963855,0.000701603729118648,0.00975));
#2016=CARTESIAN_POINT('',(-7.72715657905472E-18,0.,0.00025));
#2017=CARTESIAN_POINT('',(7.45167383574238E-18,0.,0.009));
#2018=CARTESIAN_POINT('',(8.31903557373078E-18,0.,0.0095));
#2019=CARTESIAN_POINT('',(0.00762088944040185,-0.000666741432019583,0.009));
#2020=CARTESIAN_POINT('',(0.008,0.0125,0.009));
#2021=CARTESIAN_POINT('',(8.31903557373078E-18,0.,0.0095));
#2022=CARTESIAN_POINT('',(0.008,0.0125,0.0084));
#2023=CARTESIAN_POINT('',(-3.68628738645072E-18,0.025,0.00259919041696079));
#2024=CARTESIAN_POINT('',(0.,0.,0.));
#2025=CARTESIAN_POINT('',(1.02913421500714E-17,-0.000246990920027331,0.005898));
#2026=CARTESIAN_POINT('',(1.35907862013793E-17,-0.000246990920027331,0.0078));
#2027=CARTESIAN_POINT('',(-0.00689557796601734,-0.000246990920027333,0.0078));
#2028=CARTESIAN_POINT('',(-0.00622565618225567,-0.000246990920027333,0.0078));
#2029=CARTESIAN_POINT('',(-0.00689557796601736,-0.000246990920027333,0.000250000000000012));
#2030=CARTESIAN_POINT('',(-0.00689557796601734,-0.000246990920027333,0.0059));
#2031=CARTESIAN_POINT('',(1.02948115970233E-17,-0.000246990920027331,0.0059));
#2032=CARTESIAN_POINT('',(-0.00622565618225567,-0.000246990920027333,0.0059));
#2033=CARTESIAN_POINT('',(-0.00622565618225567,-0.000246990920027333,0.005898));
#2034=CARTESIAN_POINT('',(1.01608131404988E-17,0.000253009079972669,0.005898));
#2035=CARTESIAN_POINT('',(-0.00689535977346007,0.000253009079972667,0.000250000000000012));
#2036=CARTESIAN_POINT('',(-0.00689535977346006,0.000253009079972667,0.0078));
#2037=CARTESIAN_POINT('',(-0.00689535977346006,0.000253009079972667,0.0059));
#2038=CARTESIAN_POINT('',(1.34602571918067E-17,0.000253009079972669,0.0078));
#2039=CARTESIAN_POINT('',(-0.00622565618225567,0.000253009079972667,0.0078));
#2040=CARTESIAN_POINT('',(-0.00622565618225567,0.000253009079972667,0.005898));
#2041=CARTESIAN_POINT('',(-0.00622565618225567,0.000253009079972667,0.0059));
#2042=CARTESIAN_POINT('',(1.01642825874507E-17,0.000253009079972669,0.0059));
#2043=CARTESIAN_POINT('',(1.34602571918067E-17,0.000253009079972669,0.0078));
#2044=CARTESIAN_POINT('',(1.34602571918067E-17,0.000253009079972669,0.0078));
#2045=CARTESIAN_POINT('',(-0.00771936731963852,0.000253009079972667,0.0078));
#2046=CARTESIAN_POINT('',(-0.00771936731963852,0.000253009079972667,0.0078));
#2047=CARTESIAN_POINT('',(-0.00771936731963852,0.000547753191646902,0.0089));
#2048=CARTESIAN_POINT('',(1.52862236166227E-17,0.000547753191646904,0.0089));
#2049=CARTESIAN_POINT('',(-0.00622565618225566,0.000547753191646902,0.0089));
#2050=CARTESIAN_POINT('',(-0.00622565618225567,0.000253009079972668,0.0078));
#2051=CARTESIAN_POINT('',(-0.00771936731963852,3.00907997266737E-6,0.0089));
#2052=CARTESIAN_POINT('',(-0.00771936731963852,3.00907997266737E-6,0.0078));
#2053=CARTESIAN_POINT('',(-0.00771936731963852,-0.000246990920027333,0.0078));
#2054=CARTESIAN_POINT('',(-0.00771936731963852,-0.000246990920027333,0.0078));
#2055=CARTESIAN_POINT('',(-0.00771936731963852,-0.000541735031701568,0.0089));
#2056=CARTESIAN_POINT('',(-0.00771936731963852,3.00907997266737E-6,0.0089));
#2057=CARTESIAN_POINT('',(1.35907862013793E-17,-0.000246990920027331,0.0078));
#2058=CARTESIAN_POINT('',(1.35907862013793E-17,-0.000246990920027331,0.0078));
#2059=CARTESIAN_POINT('',(-0.00622565618225567,-0.000246990920027333,0.0078));
#2060=CARTESIAN_POINT('',(-0.00622565618225566,-0.000541735031701567,0.0089));
#2061=CARTESIAN_POINT('',(1.55705145025268E-17,-0.000541735031701566,0.0089));
#2062=CARTESIAN_POINT('',(-0.00622565618225566,3.00907997266778E-6,0.0089));
#2063=CARTESIAN_POINT('',(-0.00622565618225567,3.00907997266778E-6,0.0059));
#2064=CARTESIAN_POINT('',(-0.00622565618225566,3.00907997266778E-6,0.0089));
#2065=CARTESIAN_POINT('',(1.54390389361936E-17,1.04083408558608E-17,0.0089));
#2066=CARTESIAN_POINT('',(1.06359403349839E-17,-0.00655,0.0059));
#2067=CARTESIAN_POINT('',(1.02348685082632E-17,8.16083744804892E-18,0.0059));
#2068=CARTESIAN_POINT('',(1.4045194768261E-17,-0.0084,0.0078));
#2069=CARTESIAN_POINT('',(1.35308431126191E-17,8.16083744804892E-18,0.0078));
#2070=CARTESIAN_POINT('',(4.33680868994202E-19,8.16083744804892E-18,0.00025));
#2071=CARTESIAN_POINT('',(0.,0.,0.));
#2072=CARTESIAN_POINT('',(-0.00024699092002732,-7.50669207416214E-20,0.005898));
#2073=CARTESIAN_POINT('',(-0.000246990920027318,-7.50669207416214E-20,0.0078));
#2074=CARTESIAN_POINT('',(-0.00024699092002732,0.00689557796601736,0.0078));
#2075=CARTESIAN_POINT('',(-0.00024699092002732,0.00622565618225568,0.0078));
#2076=CARTESIAN_POINT('',(-0.000246990920027333,0.00689557796601736,0.00025));
#2077=CARTESIAN_POINT('',(-0.000246990920027322,0.00689557796601736,0.0059));
#2078=CARTESIAN_POINT('',(-0.00024699092002732,-7.50669207416214E-20,0.0059));
#2079=CARTESIAN_POINT('',(-0.000246990920027322,0.00622565618225568,0.0059));
#2080=CARTESIAN_POINT('',(-0.000246990920027322,0.00622565618225568,0.005898));
#2081=CARTESIAN_POINT('',(0.00025300907997268,8.6078258809632E-20,0.005898));
#2082=CARTESIAN_POINT('',(0.000253009079972667,0.00689535977346008,0.00025));
#2083=CARTESIAN_POINT('',(0.00025300907997268,0.00689535977346008,0.0078));
#2084=CARTESIAN_POINT('',(0.000253009079972677,0.00689535977346008,0.0059));
#2085=CARTESIAN_POINT('',(0.000253009079972683,8.6078258809632E-20,0.0078));
#2086=CARTESIAN_POINT('',(0.00025300907997268,0.00622565618225568,0.0078));
#2087=CARTESIAN_POINT('',(0.000253009079972678,0.00622565618225568,0.005898));
#2088=CARTESIAN_POINT('',(0.000253009079972678,0.00622565618225568,0.0059));
#2089=CARTESIAN_POINT('',(0.00025300907997268,8.6078258809632E-20,0.0059));
#2090=CARTESIAN_POINT('',(0.000253009079972683,8.6078258809632E-20,0.0078));
#2091=CARTESIAN_POINT('',(0.000253009079972683,8.6078258809632E-20,0.0078));
#2092=CARTESIAN_POINT('',(0.00025300907997268,0.00771936731963854,0.0078));
#2093=CARTESIAN_POINT('',(0.00025300907997268,0.00771936731963854,0.0078));
#2094=CARTESIAN_POINT('',(0.000547753191646917,0.00771936731963854,0.0089));
#2095=CARTESIAN_POINT('',(0.00054775319164692,1.86355529214517E-19,0.0089));
#2096=CARTESIAN_POINT('',(0.000547753191646917,0.00622565618225568,0.0089));
#2097=CARTESIAN_POINT('',(0.000253009079972681,0.00622565618225568,0.0078));
#2098=CARTESIAN_POINT('',(3.00907997268233E-6,0.00771936731963854,0.0089));
#2099=CARTESIAN_POINT('',(3.00907997268043E-6,0.00771936731963854,0.0078));
#2100=CARTESIAN_POINT('',(-0.00024699092002732,0.00771936731963854,0.0078));
#2101=CARTESIAN_POINT('',(-0.00024699092002732,0.00771936731963854,0.0078));
#2102=CARTESIAN_POINT('',(-0.000541735031701553,0.00771936731963854,0.0089));
#2103=CARTESIAN_POINT('',(3.00907997268233E-6,0.00771936731963854,0.0089));
#2104=CARTESIAN_POINT('',(-0.000246990920027318,-7.50669207416214E-20,0.0078));
#2105=CARTESIAN_POINT('',(-0.000246990920027318,-7.50669207416214E-20,0.0078));
#2106=CARTESIAN_POINT('',(-0.00024699092002732,0.00622565618225568,0.0078));
#2107=CARTESIAN_POINT('',(-0.000541735031701552,0.00622565618225568,0.0089));
#2108=CARTESIAN_POINT('',(-0.00054173503170155,-1.64647269961182E-19,0.0089));
#2109=CARTESIAN_POINT('',(3.00907997268285E-6,0.00622565618225568,0.0089));
#2110=CARTESIAN_POINT('',(3.00907997267764E-6,0.00622565618225568,0.0059));
#2111=CARTESIAN_POINT('',(3.00907997268285E-6,0.00622565618225568,0.0089));
#2112=CARTESIAN_POINT('',(2.58473797920544E-17,1.27465413135646E-33,0.0089));
#2113=CARTESIAN_POINT('',(-0.00655,-8.02143653441515E-19,0.0059));
#2114=CARTESIAN_POINT('',(1.83957059563121E-17,9.99414345911496E-34,0.0059));
#2115=CARTESIAN_POINT('',(-0.0084,-1.02870331128377E-18,0.0078));
#2116=CARTESIAN_POINT('',(2.1691680560668E-17,9.99414345911496E-34,0.0078));
#2117=CARTESIAN_POINT('',(8.59451831704312E-18,9.99414345911497E-34,0.00025));
#2118=CARTESIAN_POINT('',(0.,0.,0.));
#2119=CARTESIAN_POINT('',(1.01412083085881E-17,0.000246990920027331,0.005898));
#2120=CARTESIAN_POINT('',(1.3440652359896E-17,0.000246990920027331,0.0078));
#2121=CARTESIAN_POINT('',(0.00689557796601737,0.000246990920027333,0.0078));
#2122=CARTESIAN_POINT('',(0.00622565618225569,0.000246990920027333,0.0078));
#2123=CARTESIAN_POINT('',(0.00689557796601736,0.000246990920027333,0.000249999999999989));
#2124=CARTESIAN_POINT('',(0.00689557796601737,0.000246990920027333,0.0059));
#2125=CARTESIAN_POINT('',(1.01446777555401E-17,0.000246990920027331,0.0059));
#2126=CARTESIAN_POINT('',(0.00622565618225569,0.000246990920027333,0.0059));
#2127=CARTESIAN_POINT('',(0.00622565618225569,0.000246990920027333,0.005898));
#2128=CARTESIAN_POINT('',(1.03329696581181E-17,-0.000253009079972669,0.005898));
#2129=CARTESIAN_POINT('',(0.00689535977346008,-0.000253009079972667,0.000249999999999989));
#2130=CARTESIAN_POINT('',(0.00689535977346009,-0.000253009079972667,0.0078));
#2131=CARTESIAN_POINT('',(0.00689535977346009,-0.000253009079972667,0.0059));
#2132=CARTESIAN_POINT('',(1.36324137094259E-17,-0.000253009079972669,0.0078));
#2133=CARTESIAN_POINT('',(0.00622565618225569,-0.000253009079972667,0.0078));
#2134=CARTESIAN_POINT('',(0.00622565618225569,-0.000253009079972667,0.005898));
#2135=CARTESIAN_POINT('',(0.00622565618225569,-0.000253009079972667,0.0059));
#2136=CARTESIAN_POINT('',(1.033643910507E-17,-0.000253009079972669,0.0059));
#2137=CARTESIAN_POINT('',(1.36324137094259E-17,-0.000253009079972669,0.0078));
#2138=CARTESIAN_POINT('',(1.36324137094259E-17,-0.000253009079972669,0.0078));
#2139=CARTESIAN_POINT('',(0.00771936731963855,-0.000253009079972666,0.0078));
#2140=CARTESIAN_POINT('',(0.00771936731963855,-0.000253009079972667,0.0078));
#2141=CARTESIAN_POINT('',(0.00771936731963855,-0.000547753191646901,0.0089));
#2142=CARTESIAN_POINT('',(1.56589346750518E-17,-0.000547753191646904,0.0089));
#2143=CARTESIAN_POINT('',(0.0062256561822557,-0.000547753191646902,0.0089));
#2144=CARTESIAN_POINT('',(0.00622565618225569,-0.000253009079972667,0.0078));
#2145=CARTESIAN_POINT('',(0.00771936731963855,-3.00907997266643E-6,0.0089));
#2146=CARTESIAN_POINT('',(0.00771936731963855,-3.00907997266643E-6,0.0078));
#2147=CARTESIAN_POINT('',(0.00771936731963855,0.000246990920027333,0.0078));
#2148=CARTESIAN_POINT('',(0.00771936731963855,0.000246990920027333,0.0078));
#2149=CARTESIAN_POINT('',(0.00771936731963855,0.000541735031701569,0.0089));
#2150=CARTESIAN_POINT('',(0.00771936731963855,-3.00907997266643E-6,0.0089));
#2151=CARTESIAN_POINT('',(1.3440652359896E-17,0.000246990920027331,0.0078));
#2152=CARTESIAN_POINT('',(1.3440652359896E-17,0.000246990920027331,0.0078));
#2153=CARTESIAN_POINT('',(0.00622565618225569,0.000246990920027333,0.0078));
#2154=CARTESIAN_POINT('',(0.0062256561822557,0.000541735031701568,0.0089));
#2155=CARTESIAN_POINT('',(1.52412199626044E-17,0.000541735031701566,0.0089));
#2156=CARTESIAN_POINT('',(0.0062256561822557,-3.00907997266703E-6,0.0089));
#2157=CARTESIAN_POINT('',(0.00622565618225569,-3.00907997266703E-6,0.0059));
#2158=CARTESIAN_POINT('',(0.0062256561822557,-3.00907997266703E-6,0.0089));
#2159=CARTESIAN_POINT('',(1.54390389361936E-17,-1.04083408558608E-17,0.0089));
#2160=CARTESIAN_POINT('',(9.03165302810092E-18,0.00655,0.0059));
#2161=CARTESIAN_POINT('',(1.02348685082632E-17,-8.16083744804892E-18,0.0059));
#2162=CARTESIAN_POINT('',(1.19877881456935E-17,0.0084,0.0078));
#2163=CARTESIAN_POINT('',(1.35308431126191E-17,-8.16083744804892E-18,0.0078));
#2164=CARTESIAN_POINT('',(4.33680868994204E-19,-8.16083744804892E-18,0.00025));
#2165=MECHANICAL_DESIGN_GEOMETRIC_PRESENTATION_REPRESENTATION('',(#1266),
#2170);
#2166=MECHANICAL_DESIGN_GEOMETRIC_PRESENTATION_REPRESENTATION('',(#1267),
#2171);
#2167=MECHANICAL_DESIGN_GEOMETRIC_PRESENTATION_REPRESENTATION('',(#1268),
#2172);
#2168=MECHANICAL_DESIGN_GEOMETRIC_PRESENTATION_REPRESENTATION('',(#1269),
#2173);
#2169=MECHANICAL_DESIGN_GEOMETRIC_PRESENTATION_REPRESENTATION('',(#1270),
#2174);
#2170=(
GEOMETRIC_REPRESENTATION_CONTEXT(3)
GLOBAL_UNCERTAINTY_ASSIGNED_CONTEXT((#2175))
GLOBAL_UNIT_ASSIGNED_CONTEXT((#2190,#2185,#2180))
REPRESENTATION_CONTEXT('Part 4','TOP_LEVEL_ASSEMBLY_PART')
);
#2171=(
GEOMETRIC_REPRESENTATION_CONTEXT(3)
GLOBAL_UNCERTAINTY_ASSIGNED_CONTEXT((#2176))
GLOBAL_UNIT_ASSIGNED_CONTEXT((#2191,#2186,#2181))
REPRESENTATION_CONTEXT('Part 1','TOP_LEVEL_ASSEMBLY_PART')
);
#2172=(
GEOMETRIC_REPRESENTATION_CONTEXT(3)
GLOBAL_UNCERTAINTY_ASSIGNED_CONTEXT((#2177))
GLOBAL_UNIT_ASSIGNED_CONTEXT((#2192,#2187,#2182))
REPRESENTATION_CONTEXT('Part 5','TOP_LEVEL_ASSEMBLY_PART')
);
#2173=(
GEOMETRIC_REPRESENTATION_CONTEXT(3)
GLOBAL_UNCERTAINTY_ASSIGNED_CONTEXT((#2178))
GLOBAL_UNIT_ASSIGNED_CONTEXT((#2193,#2188,#2183))
REPRESENTATION_CONTEXT('Part 6','TOP_LEVEL_ASSEMBLY_PART')
);
#2174=(
GEOMETRIC_REPRESENTATION_CONTEXT(3)
GLOBAL_UNCERTAINTY_ASSIGNED_CONTEXT((#2179))
GLOBAL_UNIT_ASSIGNED_CONTEXT((#2194,#2189,#2184))
REPRESENTATION_CONTEXT('Part 7','TOP_LEVEL_ASSEMBLY_PART')
);
#2175=UNCERTAINTY_MEASURE_WITH_UNIT(LENGTH_MEASURE(1.E-8),#2190,
'DISTANCE_ACCURACY_VALUE','Maximum Tolerance applied to model');
#2176=UNCERTAINTY_MEASURE_WITH_UNIT(LENGTH_MEASURE(2.E-5),#2191,
'DISTANCE_ACCURACY_VALUE','Maximum Tolerance applied to model');
#2177=UNCERTAINTY_MEASURE_WITH_UNIT(LENGTH_MEASURE(1.E-8),#2192,
'DISTANCE_ACCURACY_VALUE','Maximum Tolerance applied to model');
#2178=UNCERTAINTY_MEASURE_WITH_UNIT(LENGTH_MEASURE(1.E-8),#2193,
'DISTANCE_ACCURACY_VALUE','Maximum Tolerance applied to model');
#2179=UNCERTAINTY_MEASURE_WITH_UNIT(LENGTH_MEASURE(1.E-8),#2194,
'DISTANCE_ACCURACY_VALUE','Maximum Tolerance applied to model');
#2180=(
NAMED_UNIT(*)
SI_UNIT($,.STERADIAN.)
SOLID_ANGLE_UNIT()
);
#2181=(
NAMED_UNIT(*)
SI_UNIT($,.STERADIAN.)
SOLID_ANGLE_UNIT()
);
#2182=(
NAMED_UNIT(*)
SI_UNIT($,.STERADIAN.)
SOLID_ANGLE_UNIT()
);
#2183=(
NAMED_UNIT(*)
SI_UNIT($,.STERADIAN.)
SOLID_ANGLE_UNIT()
);
#2184=(
NAMED_UNIT(*)
SI_UNIT($,.STERADIAN.)
SOLID_ANGLE_UNIT()
);
#2185=(
NAMED_UNIT(*)
PLANE_ANGLE_UNIT()
SI_UNIT($,.RADIAN.)
);
#2186=(
NAMED_UNIT(*)
PLANE_ANGLE_UNIT()
SI_UNIT($,.RADIAN.)
);
#2187=(
NAMED_UNIT(*)
PLANE_ANGLE_UNIT()
SI_UNIT($,.RADIAN.)
);
#2188=(
NAMED_UNIT(*)
PLANE_ANGLE_UNIT()
SI_UNIT($,.RADIAN.)
);
#2189=(
NAMED_UNIT(*)
PLANE_ANGLE_UNIT()
SI_UNIT($,.RADIAN.)
);
#2190=(
LENGTH_UNIT()
NAMED_UNIT(*)
SI_UNIT($,.METRE.)
);
#2191=(
LENGTH_UNIT()
NAMED_UNIT(*)
SI_UNIT($,.METRE.)
);
#2192=(
LENGTH_UNIT()
NAMED_UNIT(*)
SI_UNIT($,.METRE.)
);
#2193=(
LENGTH_UNIT()
NAMED_UNIT(*)
SI_UNIT($,.METRE.)
);
#2194=(
LENGTH_UNIT()
NAMED_UNIT(*)
SI_UNIT($,.METRE.)
);
#2195=PRODUCT_DEFINITION_SHAPE('','',#2200);
#2196=PRODUCT_DEFINITION_SHAPE('','',#2201);
#2197=PRODUCT_DEFINITION_SHAPE('','',#2202);
#2198=PRODUCT_DEFINITION_SHAPE('','',#2203);
#2199=PRODUCT_DEFINITION_SHAPE('','',#2204);
#2200=PRODUCT_DEFINITION('','',#2210,#2205);
#2201=PRODUCT_DEFINITION('','',#2211,#2206);
#2202=PRODUCT_DEFINITION('','',#2212,#2207);
#2203=PRODUCT_DEFINITION('','',#2213,#2208);
#2204=PRODUCT_DEFINITION('','',#2214,#2209);
#2205=PRODUCT_DEFINITION_CONTEXT('',#2240,'design');
#2206=PRODUCT_DEFINITION_CONTEXT('',#2241,'design');
#2207=PRODUCT_DEFINITION_CONTEXT('',#2242,'design');
#2208=PRODUCT_DEFINITION_CONTEXT('',#2243,'design');
#2209=PRODUCT_DEFINITION_CONTEXT('',#2244,'design');
#2210=PRODUCT_DEFINITION_FORMATION_WITH_SPECIFIED_SOURCE('','',#2220,
 .NOT_KNOWN.);
#2211=PRODUCT_DEFINITION_FORMATION_WITH_SPECIFIED_SOURCE('','',#2221,
 .NOT_KNOWN.);
#2212=PRODUCT_DEFINITION_FORMATION_WITH_SPECIFIED_SOURCE('','',#2222,
 .NOT_KNOWN.);
#2213=PRODUCT_DEFINITION_FORMATION_WITH_SPECIFIED_SOURCE('','',#2223,
 .NOT_KNOWN.);
#2214=PRODUCT_DEFINITION_FORMATION_WITH_SPECIFIED_SOURCE('','',#2224,
 .NOT_KNOWN.);
#2215=PRODUCT_RELATED_PRODUCT_CATEGORY('','',(#2220));
#2216=PRODUCT_RELATED_PRODUCT_CATEGORY('','',(#2221));
#2217=PRODUCT_RELATED_PRODUCT_CATEGORY('','',(#2222));
#2218=PRODUCT_RELATED_PRODUCT_CATEGORY('','',(#2223));
#2219=PRODUCT_RELATED_PRODUCT_CATEGORY('','',(#2224));
#2220=PRODUCT('Part 4','Part 4','Part 4',(#2230));
#2221=PRODUCT('Part 1','Part 1','Part 1',(#2231));
#2222=PRODUCT('Part 5','Part 5','Part 5',(#2232));
#2223=PRODUCT('Part 6','Part 6','Part 6',(#2233));
#2224=PRODUCT('Part 7','Part 7','Part 7',(#2234));
#2225=PRODUCT_CATEGORY('','');
#2226=PRODUCT_CATEGORY('','');
#2227=PRODUCT_CATEGORY('','');
#2228=PRODUCT_CATEGORY('','');
#2229=PRODUCT_CATEGORY('','');
#2230=PRODUCT_CONTEXT('',#2240,'mechanical');
#2231=PRODUCT_CONTEXT('',#2241,'mechanical');
#2232=PRODUCT_CONTEXT('',#2242,'mechanical');
#2233=PRODUCT_CONTEXT('',#2243,'mechanical');
#2234=PRODUCT_CONTEXT('',#2244,'mechanical');
#2235=APPLICATION_PROTOCOL_DEFINITION('international standard',
'ap242_managed_model_based_3d_engineering',2020,#2240);
#2236=APPLICATION_PROTOCOL_DEFINITION('international standard',
'ap242_managed_model_based_3d_engineering',2020,#2241);
#2237=APPLICATION_PROTOCOL_DEFINITION('international standard',
'ap242_managed_model_based_3d_engineering',2020,#2242);
#2238=APPLICATION_PROTOCOL_DEFINITION('international standard',
'ap242_managed_model_based_3d_engineering',2020,#2243);
#2239=APPLICATION_PROTOCOL_DEFINITION('international standard',
'ap242_managed_model_based_3d_engineering',2020,#2244);
#2240=APPLICATION_CONTEXT('managed model based 3d engineering');
#2241=APPLICATION_CONTEXT('managed model based 3d engineering');
#2242=APPLICATION_CONTEXT('managed model based 3d engineering');
#2243=APPLICATION_CONTEXT('managed model based 3d engineering');
#2244=APPLICATION_CONTEXT('managed model based 3d engineering');
ENDSEC;
END-ISO-10303-21;
