ISO-10303-21;
HEADER;
/* Generated by software containing ST-Developer
 * from STEP Tools, Inc. (www.steptools.com) 
 */
/* OPTION: using custom renumber hook */

FILE_DESCRIPTION(
/* description */ ('STEP AP214'),
/* implementation_level */ '2;1');

FILE_NAME(
/* name */ 'L101121MS02Q',
/* time_stamp */ '2024-11-04T07:39:49+01:00',
/* author */ ('License CC BY-ND 4.0'),
/* organization */ ('CADENAS'),
/* preprocessor_version */ 'ST-DEVELOPER v19.3',
/* originating_system */ 'PARTsolutions',
/* authorisation */ '  ');

FILE_SCHEMA (('AUTOMOTIVE_DESIGN {1 0 10303 214 3 1 1}'));
ENDSEC;

DATA;
#10=PROPERTY_DEFINITION_REPRESENTATION(#14,#12);
#11=PROPERTY_DEFINITION_REPRESENTATION(#15,#13);
#12=REPRESENTATION('',(#16),#9532);
#13=REPRESENTATION('',(#17),#9532);
#14=PROPERTY_DEFINITION('pmi validation property','',#9539);
#15=PROPERTY_DEFINITION('pmi validation property','',#9539);
#16=VALUE_REPRESENTATION_ITEM('number of annotations',COUNT_MEASURE(0.));
#17=VALUE_REPRESENTATION_ITEM('number of views',COUNT_MEASURE(0.));
#18=CONTEXT_DEPENDENT_SHAPE_REPRESENTATION(#20,#9541);
#19=NEXT_ASSEMBLY_USAGE_OCCURRENCE('NAUO1','L101121MS02Q_PART1',
'L101121MS02Q_PART1',#9542,#9543,'');
#20=(
REPRESENTATION_RELATIONSHIP(' ',' ',#5911,#5910)
REPRESENTATION_RELATIONSHIP_WITH_TRANSFORMATION(#21)
SHAPE_REPRESENTATION_RELATIONSHIP()
);
#21=ITEM_DEFINED_TRANSFORMATION(' ',' ',#5912,#6264);
#22=(
BOUNDED_SURFACE()
B_SPLINE_SURFACE(3,3,((#8999,#9000,#9001,#9002),(#9003,#9004,#9005,#9006),
(#9007,#9008,#9009,#9010),(#9011,#9012,#9013,#9014),(#9015,#9016,#9017,
#9018),(#9019,#9020,#9021,#9022),(#9023,#9024,#9025,#9026)),
 .SURF_OF_REVOLUTION.,.F.,.F.,.F.)
B_SPLINE_SURFACE_WITH_KNOTS((4,3,4),(4,4),(0.,1.,2.),(0.,1.),
 .PIECEWISE_BEZIER_KNOTS.)
GEOMETRIC_REPRESENTATION_ITEM()
RATIONAL_B_SPLINE_SURFACE(((1.4025454307,1.115501833898,1.115501833898,
1.4025454307),(1.107587419778,0.8809096453637,0.8809096453637,1.107587419778),
(1.107587419778,0.8809096453637,0.8809096453637,1.107587419778),(1.4025454307,
1.115501833898,1.115501833898,1.4025454307),(1.107587419778,0.8809096453637,
0.8809096453637,1.107587419778),(1.107587419778,0.8809096453637,0.8809096453637,
1.107587419778),(1.4025454307,1.115501833898,1.115501833898,1.4025454307)))
REPRESENTATION_ITEM('')
SURFACE()
);
#23=(
BOUNDED_SURFACE()
B_SPLINE_SURFACE(3,3,((#9060,#9061,#9062,#9063),(#9064,#9065,#9066,#9067),
(#9068,#9069,#9070,#9071),(#9072,#9073,#9074,#9075),(#9076,#9077,#9078,
#9079),(#9080,#9081,#9082,#9083),(#9084,#9085,#9086,#9087)),
 .SURF_OF_REVOLUTION.,.F.,.F.,.F.)
B_SPLINE_SURFACE_WITH_KNOTS((4,3,4),(4,4),(0.,1.,2.),(0.,1.),
 .PIECEWISE_BEZIER_KNOTS.)
GEOMETRIC_REPRESENTATION_ITEM()
RATIONAL_B_SPLINE_SURFACE(((1.4025454307,1.115501833898,1.115501833898,
1.4025454307),(1.107587419778,0.8809096453637,0.8809096453637,1.107587419778),
(1.107587419778,0.8809096453637,0.8809096453637,1.107587419778),(1.4025454307,
1.115501833898,1.115501833898,1.4025454307),(1.107587419778,0.8809096453637,
0.8809096453637,1.107587419778),(1.107587419778,0.8809096453637,0.8809096453637,
1.107587419778),(1.4025454307,1.115501833898,1.115501833898,1.4025454307)))
REPRESENTATION_ITEM('')
SURFACE()
);
#24=(
BOUNDED_SURFACE()
B_SPLINE_SURFACE(3,3,((#9135,#9136,#9137,#9138),(#9139,#9140,#9141,#9142),
(#9143,#9144,#9145,#9146),(#9147,#9148,#9149,#9150),(#9151,#9152,#9153,
#9154),(#9155,#9156,#9157,#9158),(#9159,#9160,#9161,#9162)),
 .SURF_OF_REVOLUTION.,.F.,.F.,.F.)
B_SPLINE_SURFACE_WITH_KNOTS((4,3,4),(4,4),(0.,1.,2.),(0.,1.),
 .PIECEWISE_BEZIER_KNOTS.)
GEOMETRIC_REPRESENTATION_ITEM()
RATIONAL_B_SPLINE_SURFACE(((1.4025454307,1.115501833898,1.115501833898,
1.4025454307),(1.107587419778,0.8809096453637,0.8809096453637,1.107587419778),
(1.107587419778,0.8809096453637,0.8809096453637,1.107587419778),(1.4025454307,
1.115501833898,1.115501833898,1.4025454307),(1.107587419778,0.8809096453637,
0.8809096453637,1.107587419778),(1.107587419778,0.8809096453637,0.8809096453637,
1.107587419778),(1.4025454307,1.115501833898,1.115501833898,1.4025454307)))
REPRESENTATION_ITEM('')
SURFACE()
);
#25=(
BOUNDED_SURFACE()
B_SPLINE_SURFACE(3,3,((#9189,#9190,#9191,#9192),(#9193,#9194,#9195,#9196),
(#9197,#9198,#9199,#9200),(#9201,#9202,#9203,#9204),(#9205,#9206,#9207,
#9208),(#9209,#9210,#9211,#9212),(#9213,#9214,#9215,#9216)),
 .SURF_OF_REVOLUTION.,.F.,.F.,.F.)
B_SPLINE_SURFACE_WITH_KNOTS((4,3,4),(4,4),(0.,1.,2.),(0.,1.),
 .PIECEWISE_BEZIER_KNOTS.)
GEOMETRIC_REPRESENTATION_ITEM()
RATIONAL_B_SPLINE_SURFACE(((1.4025454307,1.115501833898,1.115501833898,
1.4025454307),(1.107587419778,0.8809096453637,0.8809096453637,1.107587419778),
(1.107587419778,0.8809096453637,0.8809096453637,1.107587419778),(1.4025454307,
1.115501833898,1.115501833898,1.4025454307),(1.107587419778,0.8809096453637,
0.8809096453637,1.107587419778),(1.107587419778,0.8809096453637,0.8809096453637,
1.107587419778),(1.4025454307,1.115501833898,1.115501833898,1.4025454307)))
REPRESENTATION_ITEM('')
SURFACE()
);
#26=ELLIPSE('',#6012,1.43684097937106,1.016);
#27=ELLIPSE('',#6013,1.43684097937106,1.016);
#28=ELLIPSE('',#6026,1.43684097937106,1.016);
#29=ELLIPSE('',#6027,1.43684097937106,1.016);
#30=CYLINDRICAL_SURFACE('',#5939,1.27);
#31=CYLINDRICAL_SURFACE('',#5941,3.175);
#32=CYLINDRICAL_SURFACE('',#5961,0.634999999999746);
#33=CYLINDRICAL_SURFACE('',#6002,0.381);
#34=CYLINDRICAL_SURFACE('',#6014,1.016);
#35=CYLINDRICAL_SURFACE('',#6017,1.016);
#36=CYLINDRICAL_SURFACE('',#6022,1.016);
#37=CYLINDRICAL_SURFACE('',#6028,1.016);
#38=CYLINDRICAL_SURFACE('',#6031,1.016);
#39=CYLINDRICAL_SURFACE('',#6038,1.016);
#40=CYLINDRICAL_SURFACE('',#6044,0.381);
#41=CYLINDRICAL_SURFACE('',#6059,0.381);
#42=CYLINDRICAL_SURFACE('',#6067,0.381);
#43=CYLINDRICAL_SURFACE('',#6127,0.634999999999746);
#44=CYLINDRICAL_SURFACE('',#6138,0.62992);
#45=CYLINDRICAL_SURFACE('',#6142,0.62992);
#46=CYLINDRICAL_SURFACE('',#6145,0.635);
#47=CYLINDRICAL_SURFACE('',#6150,0.62992);
#48=CYLINDRICAL_SURFACE('',#6155,0.62992);
#49=CYLINDRICAL_SURFACE('',#6162,0.635);
#50=CYLINDRICAL_SURFACE('',#6164,0.62992);
#51=CYLINDRICAL_SURFACE('',#6167,0.62992);
#52=CYLINDRICAL_SURFACE('',#6171,0.62992);
#53=CYLINDRICAL_SURFACE('',#6178,0.635);
#54=CYLINDRICAL_SURFACE('',#6181,0.62992);
#55=CYLINDRICAL_SURFACE('',#6188,0.635);
#56=CYLINDRICAL_SURFACE('',#6201,0.381);
#57=CYLINDRICAL_SURFACE('',#6204,0.381);
#58=CYLINDRICAL_SURFACE('',#6207,0.381);
#59=CYLINDRICAL_SURFACE('',#6210,0.381);
#60=CYLINDRICAL_SURFACE('',#6235,5.64627118695244);
#61=CYLINDRICAL_SURFACE('',#6250,1.27);
#62=CYLINDRICAL_SURFACE('',#6254,3.175);
#63=CIRCLE('',#5936,1.27);
#64=CIRCLE('',#5937,3.175);
#65=CIRCLE('',#5940,1.27);
#66=CIRCLE('',#5942,3.175);
#67=CIRCLE('',#5962,0.634999999999746);
#68=CIRCLE('',#5963,0.634999999999746);
#69=CIRCLE('',#6003,0.381);
#70=CIRCLE('',#6004,0.381);
#71=CIRCLE('',#6015,1.016);
#72=CIRCLE('',#6018,1.016);
#73=CIRCLE('',#6021,1.016);
#74=CIRCLE('',#6023,1.016);
#75=CIRCLE('',#6029,1.016);
#76=CIRCLE('',#6032,1.016);
#77=CIRCLE('',#6036,1.016);
#78=CIRCLE('',#6039,1.016);
#79=CIRCLE('',#6045,0.381);
#80=CIRCLE('',#6046,0.381);
#81=CIRCLE('',#6060,0.381);
#82=CIRCLE('',#6061,0.381);
#83=CIRCLE('',#6064,0.381);
#84=CIRCLE('',#6068,0.381);
#85=CIRCLE('',#6126,0.634999999999746);
#86=CIRCLE('',#6128,0.634999999999746);
#87=CIRCLE('',#6139,0.62992);
#88=CIRCLE('',#6140,0.62992);
#89=CIRCLE('',#6143,0.62992);
#90=CIRCLE('',#6144,0.62992);
#91=CIRCLE('',#6146,0.635);
#92=CIRCLE('',#6147,0.635);
#93=CIRCLE('',#6148,0.62992);
#94=CIRCLE('',#6149,0.00508);
#95=CIRCLE('',#6151,0.62992);
#96=CIRCLE('',#6156,0.62992);
#97=CIRCLE('',#6157,0.62992);
#98=CIRCLE('',#6160,0.00508);
#99=CIRCLE('',#6161,0.635);
#100=CIRCLE('',#6163,0.635);
#101=CIRCLE('',#6165,0.62992);
#102=CIRCLE('',#6166,0.62992);
#103=CIRCLE('',#6168,0.62992);
#104=CIRCLE('',#6169,0.62992);
#105=CIRCLE('',#6172,0.62992);
#106=CIRCLE('',#6173,0.62992);
#107=CIRCLE('',#6176,0.00508);
#108=CIRCLE('',#6177,0.635);
#109=CIRCLE('',#6179,0.635);
#110=CIRCLE('',#6182,0.62992);
#111=CIRCLE('',#6183,0.62992);
#112=CIRCLE('',#6186,0.00508);
#113=CIRCLE('',#6187,0.635);
#114=CIRCLE('',#6189,0.635);
#115=CIRCLE('',#6196,0.381);
#116=CIRCLE('',#6197,0.381);
#117=CIRCLE('',#6198,0.381);
#118=CIRCLE('',#6199,0.381);
#119=CIRCLE('',#6202,0.381);
#120=CIRCLE('',#6205,0.381);
#121=CIRCLE('',#6208,0.381);
#122=CIRCLE('',#6211,0.381);
#123=CIRCLE('',#6236,5.64627118695244);
#124=CIRCLE('',#6237,5.64627118695244);
#125=CIRCLE('',#6248,3.175);
#126=CIRCLE('',#6249,1.27);
#127=CIRCLE('',#6251,1.27);
#128=CIRCLE('',#6253,3.175);
#129=SHAPE_REPRESENTATION_RELATIONSHIP('','',#5911,#130);
#130=ADVANCED_BREP_SHAPE_REPRESENTATION('',(#5906,#5907),#9533);
#131=ORIENTED_EDGE('',*,*,#1819,.T.);
#132=ORIENTED_EDGE('',*,*,#1820,.T.);
#133=ORIENTED_EDGE('',*,*,#1821,.F.);
#134=ORIENTED_EDGE('',*,*,#1822,.F.);
#135=ORIENTED_EDGE('',*,*,#1823,.F.);
#136=ORIENTED_EDGE('',*,*,#1820,.F.);
#137=ORIENTED_EDGE('',*,*,#1824,.T.);
#138=ORIENTED_EDGE('',*,*,#1825,.T.);
#139=ORIENTED_EDGE('',*,*,#1826,.F.);
#140=ORIENTED_EDGE('',*,*,#1827,.F.);
#141=ORIENTED_EDGE('',*,*,#1825,.F.);
#142=ORIENTED_EDGE('',*,*,#1828,.T.);
#143=ORIENTED_EDGE('',*,*,#1829,.F.);
#144=ORIENTED_EDGE('',*,*,#1830,.T.);
#145=ORIENTED_EDGE('',*,*,#1826,.T.);
#146=ORIENTED_EDGE('',*,*,#1831,.F.);
#147=ORIENTED_EDGE('',*,*,#1821,.T.);
#148=ORIENTED_EDGE('',*,*,#1823,.T.);
#149=ORIENTED_EDGE('',*,*,#1827,.T.);
#150=ORIENTED_EDGE('',*,*,#1830,.F.);
#151=ORIENTED_EDGE('',*,*,#1832,.F.);
#152=ORIENTED_EDGE('',*,*,#1833,.T.);
#153=ORIENTED_EDGE('',*,*,#1834,.T.);
#154=ORIENTED_EDGE('',*,*,#1835,.T.);
#155=ORIENTED_EDGE('',*,*,#1834,.F.);
#156=ORIENTED_EDGE('',*,*,#1836,.F.);
#157=ORIENTED_EDGE('',*,*,#1837,.T.);
#158=ORIENTED_EDGE('',*,*,#1838,.T.);
#159=ORIENTED_EDGE('',*,*,#1822,.T.);
#160=ORIENTED_EDGE('',*,*,#1835,.F.);
#161=ORIENTED_EDGE('',*,*,#1838,.F.);
#162=ORIENTED_EDGE('',*,*,#1839,.T.);
#163=ORIENTED_EDGE('',*,*,#1837,.F.);
#164=ORIENTED_EDGE('',*,*,#1840,.F.);
#165=ORIENTED_EDGE('',*,*,#1841,.T.);
#166=ORIENTED_EDGE('',*,*,#1831,.T.);
#167=ORIENTED_EDGE('',*,*,#1828,.F.);
#168=ORIENTED_EDGE('',*,*,#1824,.F.);
#169=ORIENTED_EDGE('',*,*,#1819,.F.);
#170=ORIENTED_EDGE('',*,*,#1839,.F.);
#171=ORIENTED_EDGE('',*,*,#1842,.T.);
#172=ORIENTED_EDGE('',*,*,#1832,.T.);
#173=ORIENTED_EDGE('',*,*,#1829,.T.);
#174=ORIENTED_EDGE('',*,*,#1841,.F.);
#175=ORIENTED_EDGE('',*,*,#1840,.T.);
#176=ORIENTED_EDGE('',*,*,#1836,.T.);
#177=ORIENTED_EDGE('',*,*,#1833,.F.);
#178=ORIENTED_EDGE('',*,*,#1842,.F.);
#179=ORIENTED_EDGE('',*,*,#1843,.T.);
#180=ORIENTED_EDGE('',*,*,#1844,.F.);
#181=ORIENTED_EDGE('',*,*,#1845,.F.);
#182=ORIENTED_EDGE('',*,*,#1846,.T.);
#183=ORIENTED_EDGE('',*,*,#1847,.F.);
#184=ORIENTED_EDGE('',*,*,#1848,.T.);
#185=ORIENTED_EDGE('',*,*,#1849,.T.);
#186=ORIENTED_EDGE('',*,*,#1846,.F.);
#187=ORIENTED_EDGE('',*,*,#1849,.F.);
#188=ORIENTED_EDGE('',*,*,#1850,.F.);
#189=ORIENTED_EDGE('',*,*,#1851,.T.);
#190=ORIENTED_EDGE('',*,*,#1852,.F.);
#191=ORIENTED_EDGE('',*,*,#1853,.F.);
#192=ORIENTED_EDGE('',*,*,#1843,.F.);
#193=ORIENTED_EDGE('',*,*,#1852,.T.);
#194=ORIENTED_EDGE('',*,*,#1854,.F.);
#195=ORIENTED_EDGE('',*,*,#1844,.T.);
#196=ORIENTED_EDGE('',*,*,#1853,.T.);
#197=ORIENTED_EDGE('',*,*,#1855,.T.);
#198=ORIENTED_EDGE('',*,*,#1856,.T.);
#199=ORIENTED_EDGE('',*,*,#1857,.T.);
#200=ORIENTED_EDGE('',*,*,#1845,.T.);
#201=ORIENTED_EDGE('',*,*,#1856,.F.);
#202=ORIENTED_EDGE('',*,*,#1858,.F.);
#203=ORIENTED_EDGE('',*,*,#1859,.F.);
#204=ORIENTED_EDGE('',*,*,#1860,.T.);
#205=ORIENTED_EDGE('',*,*,#1847,.T.);
#206=ORIENTED_EDGE('',*,*,#1857,.F.);
#207=ORIENTED_EDGE('',*,*,#1861,.F.);
#208=ORIENTED_EDGE('',*,*,#1862,.T.);
#209=ORIENTED_EDGE('',*,*,#1863,.T.);
#210=ORIENTED_EDGE('',*,*,#1864,.F.);
#211=ORIENTED_EDGE('',*,*,#1865,.F.);
#212=ORIENTED_EDGE('',*,*,#1866,.T.);
#213=ORIENTED_EDGE('',*,*,#1861,.T.);
#214=ORIENTED_EDGE('',*,*,#1867,.F.);
#215=ORIENTED_EDGE('',*,*,#1864,.T.);
#216=ORIENTED_EDGE('',*,*,#1868,.F.);
#217=ORIENTED_EDGE('',*,*,#1869,.T.);
#218=ORIENTED_EDGE('',*,*,#1850,.T.);
#219=ORIENTED_EDGE('',*,*,#1848,.F.);
#220=ORIENTED_EDGE('',*,*,#1860,.F.);
#221=ORIENTED_EDGE('',*,*,#1870,.T.);
#222=ORIENTED_EDGE('',*,*,#1867,.T.);
#223=ORIENTED_EDGE('',*,*,#1863,.F.);
#224=ORIENTED_EDGE('',*,*,#1871,.T.);
#225=ORIENTED_EDGE('',*,*,#1872,.T.);
#226=ORIENTED_EDGE('',*,*,#1868,.T.);
#227=ORIENTED_EDGE('',*,*,#1873,.F.);
#228=ORIENTED_EDGE('',*,*,#1874,.F.);
#229=ORIENTED_EDGE('',*,*,#1875,.T.);
#230=ORIENTED_EDGE('',*,*,#1876,.T.);
#231=ORIENTED_EDGE('',*,*,#1875,.F.);
#232=ORIENTED_EDGE('',*,*,#1877,.T.);
#233=ORIENTED_EDGE('',*,*,#1878,.T.);
#234=ORIENTED_EDGE('',*,*,#1879,.T.);
#235=ORIENTED_EDGE('',*,*,#1880,.T.);
#236=ORIENTED_EDGE('',*,*,#1881,.F.);
#237=ORIENTED_EDGE('',*,*,#1882,.T.);
#238=ORIENTED_EDGE('',*,*,#1878,.F.);
#239=ORIENTED_EDGE('',*,*,#1883,.F.);
#240=ORIENTED_EDGE('',*,*,#1884,.T.);
#241=ORIENTED_EDGE('',*,*,#1885,.T.);
#242=ORIENTED_EDGE('',*,*,#1879,.F.);
#243=ORIENTED_EDGE('',*,*,#1882,.F.);
#244=ORIENTED_EDGE('',*,*,#1886,.F.);
#245=ORIENTED_EDGE('',*,*,#1887,.T.);
#246=ORIENTED_EDGE('',*,*,#1880,.F.);
#247=ORIENTED_EDGE('',*,*,#1885,.F.);
#248=ORIENTED_EDGE('',*,*,#1888,.T.);
#249=ORIENTED_EDGE('',*,*,#1889,.T.);
#250=ORIENTED_EDGE('',*,*,#1890,.F.);
#251=ORIENTED_EDGE('',*,*,#1891,.F.);
#252=ORIENTED_EDGE('',*,*,#1892,.T.);
#253=ORIENTED_EDGE('',*,*,#1893,.T.);
#254=ORIENTED_EDGE('',*,*,#1894,.F.);
#255=ORIENTED_EDGE('',*,*,#1895,.F.);
#256=ORIENTED_EDGE('',*,*,#1896,.T.);
#257=ORIENTED_EDGE('',*,*,#1897,.F.);
#258=ORIENTED_EDGE('',*,*,#1898,.F.);
#259=ORIENTED_EDGE('',*,*,#1899,.F.);
#260=ORIENTED_EDGE('',*,*,#1900,.F.);
#261=ORIENTED_EDGE('',*,*,#1900,.T.);
#262=ORIENTED_EDGE('',*,*,#1901,.F.);
#263=ORIENTED_EDGE('',*,*,#1902,.F.);
#264=ORIENTED_EDGE('',*,*,#1903,.T.);
#265=ORIENTED_EDGE('',*,*,#1899,.T.);
#266=ORIENTED_EDGE('',*,*,#1904,.F.);
#267=ORIENTED_EDGE('',*,*,#1905,.T.);
#268=ORIENTED_EDGE('',*,*,#1901,.T.);
#269=ORIENTED_EDGE('',*,*,#1906,.T.);
#270=ORIENTED_EDGE('',*,*,#1907,.T.);
#271=ORIENTED_EDGE('',*,*,#1908,.F.);
#272=ORIENTED_EDGE('',*,*,#1909,.F.);
#273=ORIENTED_EDGE('',*,*,#1910,.T.);
#274=ORIENTED_EDGE('',*,*,#1907,.F.);
#275=ORIENTED_EDGE('',*,*,#1911,.T.);
#276=ORIENTED_EDGE('',*,*,#1912,.T.);
#277=ORIENTED_EDGE('',*,*,#1913,.T.);
#278=ORIENTED_EDGE('',*,*,#1914,.T.);
#279=ORIENTED_EDGE('',*,*,#1915,.F.);
#280=ORIENTED_EDGE('',*,*,#1916,.F.);
#281=ORIENTED_EDGE('',*,*,#1917,.F.);
#282=ORIENTED_EDGE('',*,*,#1912,.F.);
#283=ORIENTED_EDGE('',*,*,#1916,.T.);
#284=ORIENTED_EDGE('',*,*,#1918,.F.);
#285=ORIENTED_EDGE('',*,*,#1919,.F.);
#286=ORIENTED_EDGE('',*,*,#1920,.F.);
#287=ORIENTED_EDGE('',*,*,#1921,.F.);
#288=ORIENTED_EDGE('',*,*,#1922,.T.);
#289=ORIENTED_EDGE('',*,*,#1908,.T.);
#290=ORIENTED_EDGE('',*,*,#1910,.F.);
#291=ORIENTED_EDGE('',*,*,#1917,.T.);
#292=ORIENTED_EDGE('',*,*,#1920,.T.);
#293=ORIENTED_EDGE('',*,*,#1923,.F.);
#294=ORIENTED_EDGE('',*,*,#1909,.T.);
#295=ORIENTED_EDGE('',*,*,#1922,.F.);
#296=ORIENTED_EDGE('',*,*,#1924,.F.);
#297=ORIENTED_EDGE('',*,*,#1921,.T.);
#298=ORIENTED_EDGE('',*,*,#1919,.T.);
#299=ORIENTED_EDGE('',*,*,#1925,.F.);
#300=ORIENTED_EDGE('',*,*,#1926,.F.);
#301=ORIENTED_EDGE('',*,*,#1927,.F.);
#302=ORIENTED_EDGE('',*,*,#1924,.T.);
#303=ORIENTED_EDGE('',*,*,#1913,.F.);
#304=ORIENTED_EDGE('',*,*,#1911,.F.);
#305=ORIENTED_EDGE('',*,*,#1906,.F.);
#306=ORIENTED_EDGE('',*,*,#1923,.T.);
#307=ORIENTED_EDGE('',*,*,#1927,.T.);
#308=ORIENTED_EDGE('',*,*,#1928,.F.);
#309=ORIENTED_EDGE('',*,*,#1926,.T.);
#310=ORIENTED_EDGE('',*,*,#1929,.F.);
#311=ORIENTED_EDGE('',*,*,#1914,.F.);
#312=ORIENTED_EDGE('',*,*,#1928,.T.);
#313=ORIENTED_EDGE('',*,*,#1930,.T.);
#314=ORIENTED_EDGE('',*,*,#1931,.T.);
#315=ORIENTED_EDGE('',*,*,#1932,.F.);
#316=ORIENTED_EDGE('',*,*,#1933,.F.);
#317=ORIENTED_EDGE('',*,*,#1934,.T.);
#318=ORIENTED_EDGE('',*,*,#1935,.F.);
#319=ORIENTED_EDGE('',*,*,#1931,.F.);
#320=ORIENTED_EDGE('',*,*,#1936,.T.);
#321=ORIENTED_EDGE('',*,*,#1937,.T.);
#322=ORIENTED_EDGE('',*,*,#1938,.T.);
#323=ORIENTED_EDGE('',*,*,#1939,.F.);
#324=ORIENTED_EDGE('',*,*,#1934,.F.);
#325=ORIENTED_EDGE('',*,*,#1940,.T.);
#326=ORIENTED_EDGE('',*,*,#1938,.F.);
#327=ORIENTED_EDGE('',*,*,#1941,.F.);
#328=ORIENTED_EDGE('',*,*,#1942,.T.);
#329=ORIENTED_EDGE('',*,*,#1942,.F.);
#330=ORIENTED_EDGE('',*,*,#1943,.F.);
#331=ORIENTED_EDGE('',*,*,#1944,.T.);
#332=ORIENTED_EDGE('',*,*,#1945,.F.);
#333=ORIENTED_EDGE('',*,*,#1946,.T.);
#334=ORIENTED_EDGE('',*,*,#1947,.T.);
#335=ORIENTED_EDGE('',*,*,#1948,.F.);
#336=ORIENTED_EDGE('',*,*,#1944,.F.);
#337=ORIENTED_EDGE('',*,*,#1949,.T.);
#338=ORIENTED_EDGE('',*,*,#1947,.F.);
#339=ORIENTED_EDGE('',*,*,#1950,.F.);
#340=ORIENTED_EDGE('',*,*,#1951,.T.);
#341=ORIENTED_EDGE('',*,*,#1952,.T.);
#342=ORIENTED_EDGE('',*,*,#1953,.F.);
#343=ORIENTED_EDGE('',*,*,#1951,.F.);
#344=ORIENTED_EDGE('',*,*,#1954,.T.);
#345=ORIENTED_EDGE('',*,*,#1955,.F.);
#346=ORIENTED_EDGE('',*,*,#1952,.F.);
#347=ORIENTED_EDGE('',*,*,#1956,.T.);
#348=ORIENTED_EDGE('',*,*,#1957,.T.);
#349=ORIENTED_EDGE('',*,*,#1958,.T.);
#350=ORIENTED_EDGE('',*,*,#1932,.T.);
#351=ORIENTED_EDGE('',*,*,#1935,.T.);
#352=ORIENTED_EDGE('',*,*,#1939,.T.);
#353=ORIENTED_EDGE('',*,*,#1940,.F.);
#354=ORIENTED_EDGE('',*,*,#1945,.T.);
#355=ORIENTED_EDGE('',*,*,#1948,.T.);
#356=ORIENTED_EDGE('',*,*,#1949,.F.);
#357=ORIENTED_EDGE('',*,*,#1953,.T.);
#358=ORIENTED_EDGE('',*,*,#1955,.T.);
#359=ORIENTED_EDGE('',*,*,#1959,.T.);
#360=ORIENTED_EDGE('',*,*,#1960,.F.);
#361=ORIENTED_EDGE('',*,*,#1961,.T.);
#362=ORIENTED_EDGE('',*,*,#1962,.F.);
#363=ORIENTED_EDGE('',*,*,#1963,.F.);
#364=ORIENTED_EDGE('',*,*,#1964,.T.);
#365=ORIENTED_EDGE('',*,*,#1965,.T.);
#366=ORIENTED_EDGE('',*,*,#1963,.T.);
#367=ORIENTED_EDGE('',*,*,#1966,.F.);
#368=ORIENTED_EDGE('',*,*,#1967,.F.);
#369=ORIENTED_EDGE('',*,*,#1968,.F.);
#370=ORIENTED_EDGE('',*,*,#1969,.T.);
#371=ORIENTED_EDGE('',*,*,#1970,.T.);
#372=ORIENTED_EDGE('',*,*,#1971,.F.);
#373=ORIENTED_EDGE('',*,*,#1972,.T.);
#374=ORIENTED_EDGE('',*,*,#1969,.F.);
#375=ORIENTED_EDGE('',*,*,#1973,.T.);
#376=ORIENTED_EDGE('',*,*,#1971,.T.);
#377=ORIENTED_EDGE('',*,*,#1974,.F.);
#378=ORIENTED_EDGE('',*,*,#1975,.F.);
#379=ORIENTED_EDGE('',*,*,#1976,.T.);
#380=ORIENTED_EDGE('',*,*,#1933,.T.);
#381=ORIENTED_EDGE('',*,*,#1958,.F.);
#382=ORIENTED_EDGE('',*,*,#1977,.F.);
#383=ORIENTED_EDGE('',*,*,#1965,.F.);
#384=ORIENTED_EDGE('',*,*,#1972,.F.);
#385=ORIENTED_EDGE('',*,*,#1973,.F.);
#386=ORIENTED_EDGE('',*,*,#1978,.T.);
#387=ORIENTED_EDGE('',*,*,#1979,.T.);
#388=ORIENTED_EDGE('',*,*,#1980,.F.);
#389=ORIENTED_EDGE('',*,*,#1981,.F.);
#390=ORIENTED_EDGE('',*,*,#1956,.F.);
#391=ORIENTED_EDGE('',*,*,#1954,.F.);
#392=ORIENTED_EDGE('',*,*,#1950,.T.);
#393=ORIENTED_EDGE('',*,*,#1946,.F.);
#394=ORIENTED_EDGE('',*,*,#1943,.T.);
#395=ORIENTED_EDGE('',*,*,#1941,.T.);
#396=ORIENTED_EDGE('',*,*,#1937,.F.);
#397=ORIENTED_EDGE('',*,*,#1936,.F.);
#398=ORIENTED_EDGE('',*,*,#1930,.F.);
#399=ORIENTED_EDGE('',*,*,#1976,.F.);
#400=ORIENTED_EDGE('',*,*,#1982,.T.);
#401=ORIENTED_EDGE('',*,*,#1983,.F.);
#402=ORIENTED_EDGE('',*,*,#1984,.T.);
#403=ORIENTED_EDGE('',*,*,#1974,.T.);
#404=ORIENTED_EDGE('',*,*,#1970,.F.);
#405=ORIENTED_EDGE('',*,*,#1968,.T.);
#406=ORIENTED_EDGE('',*,*,#1985,.T.);
#407=ORIENTED_EDGE('',*,*,#1959,.F.);
#408=ORIENTED_EDGE('',*,*,#1957,.F.);
#409=ORIENTED_EDGE('',*,*,#1981,.T.);
#410=ORIENTED_EDGE('',*,*,#1986,.T.);
#411=ORIENTED_EDGE('',*,*,#1978,.F.);
#412=ORIENTED_EDGE('',*,*,#1975,.T.);
#413=ORIENTED_EDGE('',*,*,#1984,.F.);
#414=ORIENTED_EDGE('',*,*,#1987,.F.);
#415=ORIENTED_EDGE('',*,*,#1983,.T.);
#416=ORIENTED_EDGE('',*,*,#1988,.T.);
#417=ORIENTED_EDGE('',*,*,#1989,.F.);
#418=ORIENTED_EDGE('',*,*,#1961,.F.);
#419=ORIENTED_EDGE('',*,*,#1979,.F.);
#420=ORIENTED_EDGE('',*,*,#1987,.T.);
#421=ORIENTED_EDGE('',*,*,#1967,.T.);
#422=ORIENTED_EDGE('',*,*,#1990,.F.);
#423=ORIENTED_EDGE('',*,*,#1988,.F.);
#424=ORIENTED_EDGE('',*,*,#1991,.T.);
#425=ORIENTED_EDGE('',*,*,#1992,.T.);
#426=ORIENTED_EDGE('',*,*,#1993,.F.);
#427=ORIENTED_EDGE('',*,*,#1994,.F.);
#428=ORIENTED_EDGE('',*,*,#1995,.T.);
#429=ORIENTED_EDGE('',*,*,#1996,.T.);
#430=ORIENTED_EDGE('',*,*,#1997,.F.);
#431=ORIENTED_EDGE('',*,*,#1998,.T.);
#432=ORIENTED_EDGE('',*,*,#1999,.T.);
#433=ORIENTED_EDGE('',*,*,#2000,.T.);
#434=ORIENTED_EDGE('',*,*,#2001,.F.);
#435=ORIENTED_EDGE('',*,*,#2002,.F.);
#436=ORIENTED_EDGE('',*,*,#2003,.T.);
#437=ORIENTED_EDGE('',*,*,#2004,.T.);
#438=ORIENTED_EDGE('',*,*,#2005,.F.);
#439=ORIENTED_EDGE('',*,*,#2006,.F.);
#440=ORIENTED_EDGE('',*,*,#2002,.T.);
#441=ORIENTED_EDGE('',*,*,#2007,.T.);
#442=ORIENTED_EDGE('',*,*,#2005,.T.);
#443=ORIENTED_EDGE('',*,*,#2008,.T.);
#444=ORIENTED_EDGE('',*,*,#2009,.F.);
#445=ORIENTED_EDGE('',*,*,#1998,.F.);
#446=ORIENTED_EDGE('',*,*,#2010,.F.);
#447=ORIENTED_EDGE('',*,*,#2011,.T.);
#448=ORIENTED_EDGE('',*,*,#2003,.F.);
#449=ORIENTED_EDGE('',*,*,#2006,.T.);
#450=ORIENTED_EDGE('',*,*,#2007,.F.);
#451=ORIENTED_EDGE('',*,*,#2012,.T.);
#452=ORIENTED_EDGE('',*,*,#2013,.T.);
#453=ORIENTED_EDGE('',*,*,#2014,.T.);
#454=ORIENTED_EDGE('',*,*,#2015,.F.);
#455=ORIENTED_EDGE('',*,*,#2012,.F.);
#456=ORIENTED_EDGE('',*,*,#2016,.T.);
#457=ORIENTED_EDGE('',*,*,#2017,.F.);
#458=ORIENTED_EDGE('',*,*,#2014,.F.);
#459=ORIENTED_EDGE('',*,*,#2018,.T.);
#460=ORIENTED_EDGE('',*,*,#2019,.T.);
#461=ORIENTED_EDGE('',*,*,#2020,.F.);
#462=ORIENTED_EDGE('',*,*,#2016,.F.);
#463=ORIENTED_EDGE('',*,*,#2021,.T.);
#464=ORIENTED_EDGE('',*,*,#2022,.T.);
#465=ORIENTED_EDGE('',*,*,#2023,.F.);
#466=ORIENTED_EDGE('',*,*,#2019,.F.);
#467=ORIENTED_EDGE('',*,*,#2024,.T.);
#468=ORIENTED_EDGE('',*,*,#2025,.F.);
#469=ORIENTED_EDGE('',*,*,#2022,.F.);
#470=ORIENTED_EDGE('',*,*,#2026,.T.);
#471=ORIENTED_EDGE('',*,*,#2027,.T.);
#472=ORIENTED_EDGE('',*,*,#2008,.F.);
#473=ORIENTED_EDGE('',*,*,#2004,.F.);
#474=ORIENTED_EDGE('',*,*,#2001,.T.);
#475=ORIENTED_EDGE('',*,*,#2028,.T.);
#476=ORIENTED_EDGE('',*,*,#2029,.T.);
#477=ORIENTED_EDGE('',*,*,#1996,.F.);
#478=ORIENTED_EDGE('',*,*,#2027,.F.);
#479=ORIENTED_EDGE('',*,*,#2030,.T.);
#480=ORIENTED_EDGE('',*,*,#2031,.F.);
#481=ORIENTED_EDGE('',*,*,#2032,.T.);
#482=ORIENTED_EDGE('',*,*,#2033,.T.);
#483=ORIENTED_EDGE('',*,*,#2034,.T.);
#484=ORIENTED_EDGE('',*,*,#2035,.F.);
#485=ORIENTED_EDGE('',*,*,#2036,.F.);
#486=ORIENTED_EDGE('',*,*,#2037,.T.);
#487=ORIENTED_EDGE('',*,*,#2038,.T.);
#488=ORIENTED_EDGE('',*,*,#2039,.F.);
#489=ORIENTED_EDGE('',*,*,#2040,.F.);
#490=ORIENTED_EDGE('',*,*,#2036,.T.);
#491=ORIENTED_EDGE('',*,*,#2041,.T.);
#492=ORIENTED_EDGE('',*,*,#2039,.T.);
#493=ORIENTED_EDGE('',*,*,#2042,.T.);
#494=ORIENTED_EDGE('',*,*,#2043,.F.);
#495=ORIENTED_EDGE('',*,*,#2032,.F.);
#496=ORIENTED_EDGE('',*,*,#2044,.F.);
#497=ORIENTED_EDGE('',*,*,#2045,.T.);
#498=ORIENTED_EDGE('',*,*,#2037,.F.);
#499=ORIENTED_EDGE('',*,*,#2040,.T.);
#500=ORIENTED_EDGE('',*,*,#2041,.F.);
#501=ORIENTED_EDGE('',*,*,#2046,.T.);
#502=ORIENTED_EDGE('',*,*,#2047,.T.);
#503=ORIENTED_EDGE('',*,*,#2048,.T.);
#504=ORIENTED_EDGE('',*,*,#2049,.F.);
#505=ORIENTED_EDGE('',*,*,#2046,.F.);
#506=ORIENTED_EDGE('',*,*,#2050,.T.);
#507=ORIENTED_EDGE('',*,*,#2051,.F.);
#508=ORIENTED_EDGE('',*,*,#2048,.F.);
#509=ORIENTED_EDGE('',*,*,#2052,.T.);
#510=ORIENTED_EDGE('',*,*,#2053,.T.);
#511=ORIENTED_EDGE('',*,*,#2054,.F.);
#512=ORIENTED_EDGE('',*,*,#2050,.F.);
#513=ORIENTED_EDGE('',*,*,#2055,.T.);
#514=ORIENTED_EDGE('',*,*,#2056,.T.);
#515=ORIENTED_EDGE('',*,*,#2057,.F.);
#516=ORIENTED_EDGE('',*,*,#2053,.F.);
#517=ORIENTED_EDGE('',*,*,#2058,.T.);
#518=ORIENTED_EDGE('',*,*,#2059,.F.);
#519=ORIENTED_EDGE('',*,*,#2056,.F.);
#520=ORIENTED_EDGE('',*,*,#2060,.T.);
#521=ORIENTED_EDGE('',*,*,#2061,.T.);
#522=ORIENTED_EDGE('',*,*,#2042,.F.);
#523=ORIENTED_EDGE('',*,*,#2038,.F.);
#524=ORIENTED_EDGE('',*,*,#2035,.T.);
#525=ORIENTED_EDGE('',*,*,#2062,.T.);
#526=ORIENTED_EDGE('',*,*,#2063,.T.);
#527=ORIENTED_EDGE('',*,*,#2030,.F.);
#528=ORIENTED_EDGE('',*,*,#2061,.F.);
#529=ORIENTED_EDGE('',*,*,#2064,.T.);
#530=ORIENTED_EDGE('',*,*,#2065,.F.);
#531=ORIENTED_EDGE('',*,*,#2066,.F.);
#532=ORIENTED_EDGE('',*,*,#2067,.T.);
#533=ORIENTED_EDGE('',*,*,#2068,.T.);
#534=ORIENTED_EDGE('',*,*,#2069,.F.);
#535=ORIENTED_EDGE('',*,*,#2070,.F.);
#536=ORIENTED_EDGE('',*,*,#2071,.T.);
#537=ORIENTED_EDGE('',*,*,#2072,.T.);
#538=ORIENTED_EDGE('',*,*,#2073,.F.);
#539=ORIENTED_EDGE('',*,*,#2074,.F.);
#540=ORIENTED_EDGE('',*,*,#2075,.T.);
#541=ORIENTED_EDGE('',*,*,#2076,.T.);
#542=ORIENTED_EDGE('',*,*,#2075,.F.);
#543=ORIENTED_EDGE('',*,*,#2077,.F.);
#544=ORIENTED_EDGE('',*,*,#2078,.T.);
#545=ORIENTED_EDGE('',*,*,#2079,.T.);
#546=ORIENTED_EDGE('',*,*,#2070,.T.);
#547=ORIENTED_EDGE('',*,*,#2080,.F.);
#548=ORIENTED_EDGE('',*,*,#2072,.F.);
#549=ORIENTED_EDGE('',*,*,#2076,.F.);
#550=ORIENTED_EDGE('',*,*,#2081,.T.);
#551=ORIENTED_EDGE('',*,*,#2082,.T.);
#552=ORIENTED_EDGE('',*,*,#2071,.F.);
#553=ORIENTED_EDGE('',*,*,#2079,.F.);
#554=ORIENTED_EDGE('',*,*,#2083,.T.);
#555=ORIENTED_EDGE('',*,*,#2077,.T.);
#556=ORIENTED_EDGE('',*,*,#2074,.T.);
#557=ORIENTED_EDGE('',*,*,#2084,.F.);
#558=ORIENTED_EDGE('',*,*,#2068,.F.);
#559=ORIENTED_EDGE('',*,*,#2082,.F.);
#560=ORIENTED_EDGE('',*,*,#2085,.T.);
#561=ORIENTED_EDGE('',*,*,#2086,.T.);
#562=ORIENTED_EDGE('',*,*,#2087,.T.);
#563=ORIENTED_EDGE('',*,*,#2088,.F.);
#564=ORIENTED_EDGE('',*,*,#2089,.F.);
#565=ORIENTED_EDGE('',*,*,#2090,.T.);
#566=ORIENTED_EDGE('',*,*,#2091,.T.);
#567=ORIENTED_EDGE('',*,*,#2086,.F.);
#568=ORIENTED_EDGE('',*,*,#2092,.F.);
#569=ORIENTED_EDGE('',*,*,#2087,.F.);
#570=ORIENTED_EDGE('',*,*,#2091,.F.);
#571=ORIENTED_EDGE('',*,*,#2093,.T.);
#572=ORIENTED_EDGE('',*,*,#2094,.T.);
#573=ORIENTED_EDGE('',*,*,#2088,.T.);
#574=ORIENTED_EDGE('',*,*,#2094,.F.);
#575=ORIENTED_EDGE('',*,*,#2095,.T.);
#576=ORIENTED_EDGE('',*,*,#2096,.T.);
#577=ORIENTED_EDGE('',*,*,#2092,.T.);
#578=ORIENTED_EDGE('',*,*,#2089,.T.);
#579=ORIENTED_EDGE('',*,*,#2096,.F.);
#580=ORIENTED_EDGE('',*,*,#2097,.T.);
#581=ORIENTED_EDGE('',*,*,#2098,.T.);
#582=ORIENTED_EDGE('',*,*,#2099,.T.);
#583=ORIENTED_EDGE('',*,*,#2100,.F.);
#584=ORIENTED_EDGE('',*,*,#2101,.T.);
#585=ORIENTED_EDGE('',*,*,#2102,.F.);
#586=ORIENTED_EDGE('',*,*,#2103,.T.);
#587=ORIENTED_EDGE('',*,*,#2104,.F.);
#588=ORIENTED_EDGE('',*,*,#2105,.F.);
#589=ORIENTED_EDGE('',*,*,#2106,.T.);
#590=ORIENTED_EDGE('',*,*,#2107,.F.);
#591=ORIENTED_EDGE('',*,*,#2105,.T.);
#592=ORIENTED_EDGE('',*,*,#2108,.T.);
#593=ORIENTED_EDGE('',*,*,#2109,.F.);
#594=ORIENTED_EDGE('',*,*,#2110,.T.);
#595=ORIENTED_EDGE('',*,*,#2111,.T.);
#596=ORIENTED_EDGE('',*,*,#2112,.T.);
#597=ORIENTED_EDGE('',*,*,#2113,.F.);
#598=ORIENTED_EDGE('',*,*,#2109,.T.);
#599=ORIENTED_EDGE('',*,*,#2114,.T.);
#600=ORIENTED_EDGE('',*,*,#2115,.F.);
#601=ORIENTED_EDGE('',*,*,#2116,.T.);
#602=ORIENTED_EDGE('',*,*,#2117,.T.);
#603=ORIENTED_EDGE('',*,*,#2118,.F.);
#604=ORIENTED_EDGE('',*,*,#2119,.F.);
#605=ORIENTED_EDGE('',*,*,#2120,.T.);
#606=ORIENTED_EDGE('',*,*,#2121,.T.);
#607=ORIENTED_EDGE('',*,*,#2116,.F.);
#608=ORIENTED_EDGE('',*,*,#2122,.F.);
#609=ORIENTED_EDGE('',*,*,#2117,.F.);
#610=ORIENTED_EDGE('',*,*,#2121,.F.);
#611=ORIENTED_EDGE('',*,*,#2123,.T.);
#612=ORIENTED_EDGE('',*,*,#2124,.T.);
#613=ORIENTED_EDGE('',*,*,#2118,.T.);
#614=ORIENTED_EDGE('',*,*,#2124,.F.);
#615=ORIENTED_EDGE('',*,*,#2125,.T.);
#616=ORIENTED_EDGE('',*,*,#2126,.T.);
#617=ORIENTED_EDGE('',*,*,#2127,.F.);
#618=ORIENTED_EDGE('',*,*,#2128,.F.);
#619=ORIENTED_EDGE('',*,*,#2129,.T.);
#620=ORIENTED_EDGE('',*,*,#2130,.F.);
#621=ORIENTED_EDGE('',*,*,#2122,.T.);
#622=ORIENTED_EDGE('',*,*,#2119,.T.);
#623=ORIENTED_EDGE('',*,*,#2126,.F.);
#624=ORIENTED_EDGE('',*,*,#2131,.F.);
#625=ORIENTED_EDGE('',*,*,#2132,.T.);
#626=ORIENTED_EDGE('',*,*,#2133,.T.);
#627=ORIENTED_EDGE('',*,*,#2127,.T.);
#628=ORIENTED_EDGE('',*,*,#2134,.T.);
#629=ORIENTED_EDGE('',*,*,#2135,.F.);
#630=ORIENTED_EDGE('',*,*,#2136,.T.);
#631=ORIENTED_EDGE('',*,*,#2137,.T.);
#632=ORIENTED_EDGE('',*,*,#2138,.T.);
#633=ORIENTED_EDGE('',*,*,#2139,.F.);
#634=ORIENTED_EDGE('',*,*,#2132,.F.);
#635=ORIENTED_EDGE('',*,*,#2140,.T.);
#636=ORIENTED_EDGE('',*,*,#2141,.T.);
#637=ORIENTED_EDGE('',*,*,#2137,.F.);
#638=ORIENTED_EDGE('',*,*,#2142,.T.);
#639=ORIENTED_EDGE('',*,*,#2138,.F.);
#640=ORIENTED_EDGE('',*,*,#2141,.F.);
#641=ORIENTED_EDGE('',*,*,#2143,.T.);
#642=ORIENTED_EDGE('',*,*,#2144,.F.);
#643=ORIENTED_EDGE('',*,*,#2083,.F.);
#644=ORIENTED_EDGE('',*,*,#2081,.F.);
#645=ORIENTED_EDGE('',*,*,#2078,.F.);
#646=ORIENTED_EDGE('',*,*,#2085,.F.);
#647=ORIENTED_EDGE('',*,*,#2145,.F.);
#648=ORIENTED_EDGE('',*,*,#2099,.F.);
#649=ORIENTED_EDGE('',*,*,#2146,.T.);
#650=ORIENTED_EDGE('',*,*,#2106,.F.);
#651=ORIENTED_EDGE('',*,*,#2110,.F.);
#652=ORIENTED_EDGE('',*,*,#2113,.T.);
#653=ORIENTED_EDGE('',*,*,#2147,.T.);
#654=ORIENTED_EDGE('',*,*,#2128,.T.);
#655=ORIENTED_EDGE('',*,*,#2133,.F.);
#656=ORIENTED_EDGE('',*,*,#2139,.T.);
#657=ORIENTED_EDGE('',*,*,#2144,.T.);
#658=ORIENTED_EDGE('',*,*,#2148,.F.);
#659=ORIENTED_EDGE('',*,*,#2100,.T.);
#660=ORIENTED_EDGE('',*,*,#2145,.T.);
#661=ORIENTED_EDGE('',*,*,#2149,.F.);
#662=ORIENTED_EDGE('',*,*,#2150,.T.);
#663=ORIENTED_EDGE('',*,*,#2148,.T.);
#664=ORIENTED_EDGE('',*,*,#2143,.F.);
#665=ORIENTED_EDGE('',*,*,#2140,.F.);
#666=ORIENTED_EDGE('',*,*,#2151,.F.);
#667=ORIENTED_EDGE('',*,*,#2152,.T.);
#668=ORIENTED_EDGE('',*,*,#2149,.T.);
#669=ORIENTED_EDGE('',*,*,#2142,.F.);
#670=ORIENTED_EDGE('',*,*,#2136,.F.);
#671=ORIENTED_EDGE('',*,*,#2153,.T.);
#672=ORIENTED_EDGE('',*,*,#2154,.T.);
#673=ORIENTED_EDGE('',*,*,#2155,.F.);
#674=ORIENTED_EDGE('',*,*,#2064,.F.);
#675=ORIENTED_EDGE('',*,*,#2156,.T.);
#676=ORIENTED_EDGE('',*,*,#2151,.T.);
#677=ORIENTED_EDGE('',*,*,#2157,.T.);
#678=ORIENTED_EDGE('',*,*,#2158,.F.);
#679=ORIENTED_EDGE('',*,*,#2154,.F.);
#680=ORIENTED_EDGE('',*,*,#2159,.T.);
#681=ORIENTED_EDGE('',*,*,#2160,.T.);
#682=ORIENTED_EDGE('',*,*,#2161,.T.);
#683=ORIENTED_EDGE('',*,*,#2162,.T.);
#684=ORIENTED_EDGE('',*,*,#2163,.F.);
#685=ORIENTED_EDGE('',*,*,#2164,.T.);
#686=ORIENTED_EDGE('',*,*,#2161,.F.);
#687=ORIENTED_EDGE('',*,*,#2165,.F.);
#688=ORIENTED_EDGE('',*,*,#2166,.T.);
#689=ORIENTED_EDGE('',*,*,#2167,.T.);
#690=ORIENTED_EDGE('',*,*,#2168,.F.);
#691=ORIENTED_EDGE('',*,*,#2166,.F.);
#692=ORIENTED_EDGE('',*,*,#2169,.T.);
#693=ORIENTED_EDGE('',*,*,#2162,.F.);
#694=ORIENTED_EDGE('',*,*,#2164,.F.);
#695=ORIENTED_EDGE('',*,*,#2168,.T.);
#696=ORIENTED_EDGE('',*,*,#2170,.T.);
#697=ORIENTED_EDGE('',*,*,#2171,.T.);
#698=ORIENTED_EDGE('',*,*,#2172,.F.);
#699=ORIENTED_EDGE('',*,*,#2173,.F.);
#700=ORIENTED_EDGE('',*,*,#2174,.F.);
#701=ORIENTED_EDGE('',*,*,#2175,.F.);
#702=ORIENTED_EDGE('',*,*,#2176,.T.);
#703=ORIENTED_EDGE('',*,*,#2173,.T.);
#704=ORIENTED_EDGE('',*,*,#2175,.T.);
#705=ORIENTED_EDGE('',*,*,#2177,.F.);
#706=ORIENTED_EDGE('',*,*,#2178,.F.);
#707=ORIENTED_EDGE('',*,*,#2179,.T.);
#708=ORIENTED_EDGE('',*,*,#2178,.T.);
#709=ORIENTED_EDGE('',*,*,#2180,.F.);
#710=ORIENTED_EDGE('',*,*,#2181,.F.);
#711=ORIENTED_EDGE('',*,*,#2182,.T.);
#712=ORIENTED_EDGE('',*,*,#2181,.T.);
#713=ORIENTED_EDGE('',*,*,#2183,.F.);
#714=ORIENTED_EDGE('',*,*,#2184,.F.);
#715=ORIENTED_EDGE('',*,*,#2185,.T.);
#716=ORIENTED_EDGE('',*,*,#2186,.T.);
#717=ORIENTED_EDGE('',*,*,#2184,.T.);
#718=ORIENTED_EDGE('',*,*,#2187,.F.);
#719=ORIENTED_EDGE('',*,*,#2188,.F.);
#720=ORIENTED_EDGE('',*,*,#2189,.F.);
#721=ORIENTED_EDGE('',*,*,#2190,.F.);
#722=ORIENTED_EDGE('',*,*,#2191,.T.);
#723=ORIENTED_EDGE('',*,*,#2169,.F.);
#724=ORIENTED_EDGE('',*,*,#2165,.T.);
#725=ORIENTED_EDGE('',*,*,#2160,.F.);
#726=ORIENTED_EDGE('',*,*,#2188,.T.);
#727=ORIENTED_EDGE('',*,*,#2172,.T.);
#728=ORIENTED_EDGE('',*,*,#2192,.F.);
#729=ORIENTED_EDGE('',*,*,#2189,.T.);
#730=ORIENTED_EDGE('',*,*,#2193,.T.);
#731=ORIENTED_EDGE('',*,*,#2171,.F.);
#732=ORIENTED_EDGE('',*,*,#2194,.T.);
#733=ORIENTED_EDGE('',*,*,#2010,.T.);
#734=ORIENTED_EDGE('',*,*,#1997,.T.);
#735=ORIENTED_EDGE('',*,*,#2029,.F.);
#736=ORIENTED_EDGE('',*,*,#2195,.T.);
#737=ORIENTED_EDGE('',*,*,#2044,.T.);
#738=ORIENTED_EDGE('',*,*,#2031,.T.);
#739=ORIENTED_EDGE('',*,*,#2063,.F.);
#740=ORIENTED_EDGE('',*,*,#2196,.T.);
#741=ORIENTED_EDGE('',*,*,#2197,.T.);
#742=ORIENTED_EDGE('',*,*,#2198,.F.);
#743=ORIENTED_EDGE('',*,*,#2157,.F.);
#744=ORIENTED_EDGE('',*,*,#2199,.T.);
#745=ORIENTED_EDGE('',*,*,#2190,.T.);
#746=ORIENTED_EDGE('',*,*,#2192,.T.);
#747=ORIENTED_EDGE('',*,*,#2200,.T.);
#748=ORIENTED_EDGE('',*,*,#2201,.F.);
#749=ORIENTED_EDGE('',*,*,#2197,.F.);
#750=ORIENTED_EDGE('',*,*,#2202,.T.);
#751=ORIENTED_EDGE('',*,*,#2203,.T.);
#752=ORIENTED_EDGE('',*,*,#2204,.F.);
#753=ORIENTED_EDGE('',*,*,#2200,.F.);
#754=ORIENTED_EDGE('',*,*,#2205,.T.);
#755=ORIENTED_EDGE('',*,*,#2073,.T.);
#756=ORIENTED_EDGE('',*,*,#2080,.T.);
#757=ORIENTED_EDGE('',*,*,#2069,.T.);
#758=ORIENTED_EDGE('',*,*,#2084,.T.);
#759=ORIENTED_EDGE('',*,*,#2206,.T.);
#760=ORIENTED_EDGE('',*,*,#2207,.T.);
#761=ORIENTED_EDGE('',*,*,#2208,.T.);
#762=ORIENTED_EDGE('',*,*,#2209,.T.);
#763=ORIENTED_EDGE('',*,*,#2210,.T.);
#764=ORIENTED_EDGE('',*,*,#2065,.T.);
#765=ORIENTED_EDGE('',*,*,#2155,.T.);
#766=ORIENTED_EDGE('',*,*,#2158,.T.);
#767=ORIENTED_EDGE('',*,*,#2198,.T.);
#768=ORIENTED_EDGE('',*,*,#2201,.T.);
#769=ORIENTED_EDGE('',*,*,#2204,.T.);
#770=ORIENTED_EDGE('',*,*,#2211,.T.);
#771=ORIENTED_EDGE('',*,*,#2212,.T.);
#772=ORIENTED_EDGE('',*,*,#2213,.T.);
#773=ORIENTED_EDGE('',*,*,#2207,.F.);
#774=ORIENTED_EDGE('',*,*,#2214,.F.);
#775=ORIENTED_EDGE('',*,*,#2215,.T.);
#776=ORIENTED_EDGE('',*,*,#2216,.T.);
#777=ORIENTED_EDGE('',*,*,#2208,.F.);
#778=ORIENTED_EDGE('',*,*,#2213,.F.);
#779=ORIENTED_EDGE('',*,*,#2217,.T.);
#780=ORIENTED_EDGE('',*,*,#2218,.T.);
#781=ORIENTED_EDGE('',*,*,#2209,.F.);
#782=ORIENTED_EDGE('',*,*,#2216,.F.);
#783=ORIENTED_EDGE('',*,*,#2219,.T.);
#784=ORIENTED_EDGE('',*,*,#2220,.T.);
#785=ORIENTED_EDGE('',*,*,#2221,.T.);
#786=ORIENTED_EDGE('',*,*,#2222,.T.);
#787=ORIENTED_EDGE('',*,*,#2223,.F.);
#788=ORIENTED_EDGE('',*,*,#2224,.F.);
#789=ORIENTED_EDGE('',*,*,#2225,.T.);
#790=ORIENTED_EDGE('',*,*,#2226,.F.);
#791=ORIENTED_EDGE('',*,*,#2227,.F.);
#792=ORIENTED_EDGE('',*,*,#2228,.T.);
#793=ORIENTED_EDGE('',*,*,#2229,.F.);
#794=ORIENTED_EDGE('',*,*,#2230,.F.);
#795=ORIENTED_EDGE('',*,*,#2226,.T.);
#796=ORIENTED_EDGE('',*,*,#2231,.T.);
#797=ORIENTED_EDGE('',*,*,#2229,.T.);
#798=ORIENTED_EDGE('',*,*,#2232,.T.);
#799=ORIENTED_EDGE('',*,*,#2233,.T.);
#800=ORIENTED_EDGE('',*,*,#2222,.F.);
#801=ORIENTED_EDGE('',*,*,#2234,.F.);
#802=ORIENTED_EDGE('',*,*,#2235,.T.);
#803=ORIENTED_EDGE('',*,*,#2227,.T.);
#804=ORIENTED_EDGE('',*,*,#2230,.T.);
#805=ORIENTED_EDGE('',*,*,#2231,.F.);
#806=ORIENTED_EDGE('',*,*,#2236,.T.);
#807=ORIENTED_EDGE('',*,*,#2237,.F.);
#808=ORIENTED_EDGE('',*,*,#2238,.F.);
#809=ORIENTED_EDGE('',*,*,#2239,.T.);
#810=ORIENTED_EDGE('',*,*,#2236,.F.);
#811=ORIENTED_EDGE('',*,*,#2240,.F.);
#812=ORIENTED_EDGE('',*,*,#2241,.T.);
#813=ORIENTED_EDGE('',*,*,#2238,.T.);
#814=ORIENTED_EDGE('',*,*,#2242,.F.);
#815=ORIENTED_EDGE('',*,*,#2243,.F.);
#816=ORIENTED_EDGE('',*,*,#2244,.T.);
#817=ORIENTED_EDGE('',*,*,#2240,.T.);
#818=ORIENTED_EDGE('',*,*,#2245,.F.);
#819=ORIENTED_EDGE('',*,*,#2246,.F.);
#820=ORIENTED_EDGE('',*,*,#2247,.T.);
#821=ORIENTED_EDGE('',*,*,#2243,.T.);
#822=ORIENTED_EDGE('',*,*,#2248,.F.);
#823=ORIENTED_EDGE('',*,*,#2249,.T.);
#824=ORIENTED_EDGE('',*,*,#2246,.T.);
#825=ORIENTED_EDGE('',*,*,#2250,.F.);
#826=ORIENTED_EDGE('',*,*,#2251,.T.);
#827=ORIENTED_EDGE('',*,*,#2232,.F.);
#828=ORIENTED_EDGE('',*,*,#2228,.F.);
#829=ORIENTED_EDGE('',*,*,#2225,.F.);
#830=ORIENTED_EDGE('',*,*,#2252,.T.);
#831=ORIENTED_EDGE('',*,*,#2253,.T.);
#832=ORIENTED_EDGE('',*,*,#2220,.F.);
#833=ORIENTED_EDGE('',*,*,#2251,.F.);
#834=ORIENTED_EDGE('',*,*,#2254,.T.);
#835=ORIENTED_EDGE('',*,*,#2255,.T.);
#836=ORIENTED_EDGE('',*,*,#2256,.T.);
#837=ORIENTED_EDGE('',*,*,#2257,.F.);
#838=ORIENTED_EDGE('',*,*,#2258,.F.);
#839=ORIENTED_EDGE('',*,*,#2259,.T.);
#840=ORIENTED_EDGE('',*,*,#2260,.F.);
#841=ORIENTED_EDGE('',*,*,#2261,.F.);
#842=ORIENTED_EDGE('',*,*,#2262,.T.);
#843=ORIENTED_EDGE('',*,*,#2263,.F.);
#844=ORIENTED_EDGE('',*,*,#2264,.F.);
#845=ORIENTED_EDGE('',*,*,#2260,.T.);
#846=ORIENTED_EDGE('',*,*,#2265,.T.);
#847=ORIENTED_EDGE('',*,*,#2263,.T.);
#848=ORIENTED_EDGE('',*,*,#2266,.T.);
#849=ORIENTED_EDGE('',*,*,#2267,.T.);
#850=ORIENTED_EDGE('',*,*,#2256,.F.);
#851=ORIENTED_EDGE('',*,*,#2268,.F.);
#852=ORIENTED_EDGE('',*,*,#2269,.T.);
#853=ORIENTED_EDGE('',*,*,#2261,.T.);
#854=ORIENTED_EDGE('',*,*,#2264,.T.);
#855=ORIENTED_EDGE('',*,*,#2265,.F.);
#856=ORIENTED_EDGE('',*,*,#2270,.T.);
#857=ORIENTED_EDGE('',*,*,#2271,.F.);
#858=ORIENTED_EDGE('',*,*,#2272,.F.);
#859=ORIENTED_EDGE('',*,*,#2273,.T.);
#860=ORIENTED_EDGE('',*,*,#2270,.F.);
#861=ORIENTED_EDGE('',*,*,#2274,.F.);
#862=ORIENTED_EDGE('',*,*,#2275,.T.);
#863=ORIENTED_EDGE('',*,*,#2272,.T.);
#864=ORIENTED_EDGE('',*,*,#2276,.F.);
#865=ORIENTED_EDGE('',*,*,#2277,.F.);
#866=ORIENTED_EDGE('',*,*,#2278,.T.);
#867=ORIENTED_EDGE('',*,*,#2274,.T.);
#868=ORIENTED_EDGE('',*,*,#2279,.F.);
#869=ORIENTED_EDGE('',*,*,#2280,.F.);
#870=ORIENTED_EDGE('',*,*,#2281,.T.);
#871=ORIENTED_EDGE('',*,*,#2277,.T.);
#872=ORIENTED_EDGE('',*,*,#2282,.F.);
#873=ORIENTED_EDGE('',*,*,#2283,.T.);
#874=ORIENTED_EDGE('',*,*,#2280,.T.);
#875=ORIENTED_EDGE('',*,*,#2284,.F.);
#876=ORIENTED_EDGE('',*,*,#2285,.T.);
#877=ORIENTED_EDGE('',*,*,#2266,.F.);
#878=ORIENTED_EDGE('',*,*,#2262,.F.);
#879=ORIENTED_EDGE('',*,*,#2259,.F.);
#880=ORIENTED_EDGE('',*,*,#2286,.T.);
#881=ORIENTED_EDGE('',*,*,#2287,.T.);
#882=ORIENTED_EDGE('',*,*,#2254,.F.);
#883=ORIENTED_EDGE('',*,*,#2285,.F.);
#884=ORIENTED_EDGE('',*,*,#2288,.F.);
#885=ORIENTED_EDGE('',*,*,#2289,.T.);
#886=ORIENTED_EDGE('',*,*,#2066,.T.);
#887=ORIENTED_EDGE('',*,*,#2210,.F.);
#888=ORIENTED_EDGE('',*,*,#2218,.F.);
#889=ORIENTED_EDGE('',*,*,#2290,.T.);
#890=ORIENTED_EDGE('',*,*,#2234,.T.);
#891=ORIENTED_EDGE('',*,*,#2221,.F.);
#892=ORIENTED_EDGE('',*,*,#2253,.F.);
#893=ORIENTED_EDGE('',*,*,#2291,.T.);
#894=ORIENTED_EDGE('',*,*,#2268,.T.);
#895=ORIENTED_EDGE('',*,*,#2255,.F.);
#896=ORIENTED_EDGE('',*,*,#2287,.F.);
#897=ORIENTED_EDGE('',*,*,#2292,.T.);
#898=ORIENTED_EDGE('',*,*,#2293,.T.);
#899=ORIENTED_EDGE('',*,*,#2294,.F.);
#900=ORIENTED_EDGE('',*,*,#2295,.F.);
#901=ORIENTED_EDGE('',*,*,#2296,.T.);
#902=ORIENTED_EDGE('',*,*,#2297,.F.);
#903=ORIENTED_EDGE('',*,*,#2298,.F.);
#904=ORIENTED_EDGE('',*,*,#2299,.T.);
#905=ORIENTED_EDGE('',*,*,#2300,.F.);
#906=ORIENTED_EDGE('',*,*,#2301,.F.);
#907=ORIENTED_EDGE('',*,*,#2297,.T.);
#908=ORIENTED_EDGE('',*,*,#2302,.T.);
#909=ORIENTED_EDGE('',*,*,#2300,.T.);
#910=ORIENTED_EDGE('',*,*,#2303,.T.);
#911=ORIENTED_EDGE('',*,*,#2304,.T.);
#912=ORIENTED_EDGE('',*,*,#2305,.F.);
#913=ORIENTED_EDGE('',*,*,#2306,.T.);
#914=ORIENTED_EDGE('',*,*,#2307,.T.);
#915=ORIENTED_EDGE('',*,*,#2308,.F.);
#916=ORIENTED_EDGE('',*,*,#2307,.F.);
#917=ORIENTED_EDGE('',*,*,#2309,.T.);
#918=ORIENTED_EDGE('',*,*,#2310,.T.);
#919=ORIENTED_EDGE('',*,*,#2311,.F.);
#920=ORIENTED_EDGE('',*,*,#2310,.F.);
#921=ORIENTED_EDGE('',*,*,#2312,.T.);
#922=ORIENTED_EDGE('',*,*,#2313,.T.);
#923=ORIENTED_EDGE('',*,*,#2314,.F.);
#924=ORIENTED_EDGE('',*,*,#2315,.F.);
#925=ORIENTED_EDGE('',*,*,#2313,.F.);
#926=ORIENTED_EDGE('',*,*,#2316,.T.);
#927=ORIENTED_EDGE('',*,*,#2317,.F.);
#928=ORIENTED_EDGE('',*,*,#2318,.F.);
#929=ORIENTED_EDGE('',*,*,#2293,.F.);
#930=ORIENTED_EDGE('',*,*,#2319,.T.);
#931=ORIENTED_EDGE('',*,*,#2298,.T.);
#932=ORIENTED_EDGE('',*,*,#2301,.T.);
#933=ORIENTED_EDGE('',*,*,#2302,.F.);
#934=ORIENTED_EDGE('',*,*,#2317,.T.);
#935=ORIENTED_EDGE('',*,*,#2320,.T.);
#936=ORIENTED_EDGE('',*,*,#2294,.T.);
#937=ORIENTED_EDGE('',*,*,#2318,.T.);
#938=ORIENTED_EDGE('',*,*,#2321,.F.);
#939=ORIENTED_EDGE('',*,*,#2303,.F.);
#940=ORIENTED_EDGE('',*,*,#2299,.F.);
#941=ORIENTED_EDGE('',*,*,#2296,.F.);
#942=ORIENTED_EDGE('',*,*,#2322,.T.);
#943=ORIENTED_EDGE('',*,*,#2288,.T.);
#944=ORIENTED_EDGE('',*,*,#2320,.F.);
#945=ORIENTED_EDGE('',*,*,#2323,.F.);
#946=ORIENTED_EDGE('',*,*,#2324,.T.);
#947=ORIENTED_EDGE('',*,*,#2305,.T.);
#948=ORIENTED_EDGE('',*,*,#2325,.F.);
#949=ORIENTED_EDGE('',*,*,#2323,.T.);
#950=ORIENTED_EDGE('',*,*,#2326,.T.);
#951=ORIENTED_EDGE('',*,*,#2327,.F.);
#952=ORIENTED_EDGE('',*,*,#2328,.F.);
#953=ORIENTED_EDGE('',*,*,#2329,.T.);
#954=ORIENTED_EDGE('',*,*,#2330,.F.);
#955=ORIENTED_EDGE('',*,*,#2331,.F.);
#956=ORIENTED_EDGE('',*,*,#2332,.T.);
#957=ORIENTED_EDGE('',*,*,#2328,.T.);
#958=ORIENTED_EDGE('',*,*,#2333,.T.);
#959=ORIENTED_EDGE('',*,*,#2334,.T.);
#960=ORIENTED_EDGE('',*,*,#2334,.F.);
#961=ORIENTED_EDGE('',*,*,#2335,.T.);
#962=ORIENTED_EDGE('',*,*,#2336,.T.);
#963=ORIENTED_EDGE('',*,*,#2337,.T.);
#964=ORIENTED_EDGE('',*,*,#2223,.T.);
#965=ORIENTED_EDGE('',*,*,#2239,.F.);
#966=ORIENTED_EDGE('',*,*,#2241,.F.);
#967=ORIENTED_EDGE('',*,*,#2244,.F.);
#968=ORIENTED_EDGE('',*,*,#2247,.F.);
#969=ORIENTED_EDGE('',*,*,#2249,.F.);
#970=ORIENTED_EDGE('',*,*,#2257,.T.);
#971=ORIENTED_EDGE('',*,*,#2273,.F.);
#972=ORIENTED_EDGE('',*,*,#2275,.F.);
#973=ORIENTED_EDGE('',*,*,#2278,.F.);
#974=ORIENTED_EDGE('',*,*,#2281,.F.);
#975=ORIENTED_EDGE('',*,*,#2283,.F.);
#976=ORIENTED_EDGE('',*,*,#2321,.T.);
#977=ORIENTED_EDGE('',*,*,#2316,.F.);
#978=ORIENTED_EDGE('',*,*,#2312,.F.);
#979=ORIENTED_EDGE('',*,*,#2309,.F.);
#980=ORIENTED_EDGE('',*,*,#2306,.F.);
#981=ORIENTED_EDGE('',*,*,#2324,.F.);
#982=ORIENTED_EDGE('',*,*,#2333,.F.);
#983=ORIENTED_EDGE('',*,*,#2327,.T.);
#984=ORIENTED_EDGE('',*,*,#2338,.T.);
#985=ORIENTED_EDGE('',*,*,#2339,.F.);
#986=ORIENTED_EDGE('',*,*,#2340,.F.);
#987=ORIENTED_EDGE('',*,*,#2341,.F.);
#988=ORIENTED_EDGE('',*,*,#2342,.T.);
#989=ORIENTED_EDGE('',*,*,#2335,.F.);
#990=ORIENTED_EDGE('',*,*,#2343,.T.);
#991=ORIENTED_EDGE('',*,*,#2344,.T.);
#992=ORIENTED_EDGE('',*,*,#2345,.F.);
#993=ORIENTED_EDGE('',*,*,#2346,.T.);
#994=ORIENTED_EDGE('',*,*,#2345,.T.);
#995=ORIENTED_EDGE('',*,*,#2347,.T.);
#996=ORIENTED_EDGE('',*,*,#2348,.T.);
#997=ORIENTED_EDGE('',*,*,#2349,.T.);
#998=ORIENTED_EDGE('',*,*,#2350,.F.);
#999=ORIENTED_EDGE('',*,*,#2351,.T.);
#1000=ORIENTED_EDGE('',*,*,#2352,.T.);
#1001=ORIENTED_EDGE('',*,*,#2353,.F.);
#1002=ORIENTED_EDGE('',*,*,#2346,.F.);
#1003=ORIENTED_EDGE('',*,*,#2349,.F.);
#1004=ORIENTED_EDGE('',*,*,#2354,.F.);
#1005=ORIENTED_EDGE('',*,*,#2352,.F.);
#1006=ORIENTED_EDGE('',*,*,#2355,.F.);
#1007=ORIENTED_EDGE('',*,*,#2356,.T.);
#1008=ORIENTED_EDGE('',*,*,#2357,.F.);
#1009=ORIENTED_EDGE('',*,*,#2358,.T.);
#1010=ORIENTED_EDGE('',*,*,#2341,.T.);
#1011=ORIENTED_EDGE('',*,*,#2359,.F.);
#1012=ORIENTED_EDGE('',*,*,#2343,.F.);
#1013=ORIENTED_EDGE('',*,*,#2353,.T.);
#1014=ORIENTED_EDGE('',*,*,#2354,.T.);
#1015=ORIENTED_EDGE('',*,*,#2360,.F.);
#1016=ORIENTED_EDGE('',*,*,#2361,.F.);
#1017=ORIENTED_EDGE('',*,*,#2362,.F.);
#1018=ORIENTED_EDGE('',*,*,#2357,.T.);
#1019=ORIENTED_EDGE('',*,*,#2363,.F.);
#1020=ORIENTED_EDGE('',*,*,#2364,.T.);
#1021=ORIENTED_EDGE('',*,*,#2365,.T.);
#1022=ORIENTED_EDGE('',*,*,#2361,.T.);
#1023=ORIENTED_EDGE('',*,*,#2366,.F.);
#1024=ORIENTED_EDGE('',*,*,#2363,.T.);
#1025=ORIENTED_EDGE('',*,*,#2360,.T.);
#1026=ORIENTED_EDGE('',*,*,#2356,.F.);
#1027=ORIENTED_EDGE('',*,*,#2367,.F.);
#1028=ORIENTED_EDGE('',*,*,#2368,.T.);
#1029=ORIENTED_EDGE('',*,*,#2366,.T.);
#1030=ORIENTED_EDGE('',*,*,#2369,.F.);
#1031=ORIENTED_EDGE('',*,*,#2350,.T.);
#1032=ORIENTED_EDGE('',*,*,#2348,.F.);
#1033=ORIENTED_EDGE('',*,*,#2370,.T.);
#1034=ORIENTED_EDGE('',*,*,#2371,.F.);
#1035=ORIENTED_EDGE('',*,*,#2372,.F.);
#1036=ORIENTED_EDGE('',*,*,#2364,.F.);
#1037=ORIENTED_EDGE('',*,*,#2368,.F.);
#1038=ORIENTED_EDGE('',*,*,#1925,.T.);
#1039=ORIENTED_EDGE('',*,*,#1918,.T.);
#1040=ORIENTED_EDGE('',*,*,#1915,.T.);
#1041=ORIENTED_EDGE('',*,*,#1929,.T.);
#1042=ORIENTED_EDGE('',*,*,#1966,.T.);
#1043=ORIENTED_EDGE('',*,*,#1962,.T.);
#1044=ORIENTED_EDGE('',*,*,#1989,.T.);
#1045=ORIENTED_EDGE('',*,*,#1990,.T.);
#1046=ORIENTED_EDGE('',*,*,#2373,.T.);
#1047=ORIENTED_EDGE('',*,*,#1993,.T.);
#1048=ORIENTED_EDGE('',*,*,#2374,.T.);
#1049=ORIENTED_EDGE('',*,*,#2375,.T.);
#1050=ORIENTED_EDGE('',*,*,#2367,.T.);
#1051=ORIENTED_EDGE('',*,*,#2355,.T.);
#1052=ORIENTED_EDGE('',*,*,#2351,.F.);
#1053=ORIENTED_EDGE('',*,*,#2369,.T.);
#1054=ORIENTED_EDGE('',*,*,#2376,.T.);
#1055=ORIENTED_EDGE('',*,*,#2375,.F.);
#1056=ORIENTED_EDGE('',*,*,#2377,.F.);
#1057=ORIENTED_EDGE('',*,*,#2378,.T.);
#1058=ORIENTED_EDGE('',*,*,#2379,.T.);
#1059=ORIENTED_EDGE('',*,*,#2380,.T.);
#1060=ORIENTED_EDGE('',*,*,#2381,.F.);
#1061=ORIENTED_EDGE('',*,*,#2382,.F.);
#1062=ORIENTED_EDGE('',*,*,#2383,.T.);
#1063=ORIENTED_EDGE('',*,*,#2380,.F.);
#1064=ORIENTED_EDGE('',*,*,#2384,.T.);
#1065=ORIENTED_EDGE('',*,*,#2385,.F.);
#1066=ORIENTED_EDGE('',*,*,#2386,.T.);
#1067=ORIENTED_EDGE('',*,*,#1994,.T.);
#1068=ORIENTED_EDGE('',*,*,#2373,.F.);
#1069=ORIENTED_EDGE('',*,*,#2376,.F.);
#1070=ORIENTED_EDGE('',*,*,#2387,.F.);
#1071=ORIENTED_EDGE('',*,*,#2385,.T.);
#1072=ORIENTED_EDGE('',*,*,#2388,.T.);
#1073=ORIENTED_EDGE('',*,*,#2389,.T.);
#1074=ORIENTED_EDGE('',*,*,#2390,.F.);
#1075=ORIENTED_EDGE('',*,*,#2391,.F.);
#1076=ORIENTED_EDGE('',*,*,#2392,.T.);
#1077=ORIENTED_EDGE('',*,*,#2393,.F.);
#1078=ORIENTED_EDGE('',*,*,#2389,.F.);
#1079=ORIENTED_EDGE('',*,*,#2394,.T.);
#1080=ORIENTED_EDGE('',*,*,#2395,.T.);
#1081=ORIENTED_EDGE('',*,*,#2396,.T.);
#1082=ORIENTED_EDGE('',*,*,#2397,.F.);
#1083=ORIENTED_EDGE('',*,*,#2392,.F.);
#1084=ORIENTED_EDGE('',*,*,#2398,.T.);
#1085=ORIENTED_EDGE('',*,*,#2396,.F.);
#1086=ORIENTED_EDGE('',*,*,#2399,.F.);
#1087=ORIENTED_EDGE('',*,*,#2400,.T.);
#1088=ORIENTED_EDGE('',*,*,#2401,.T.);
#1089=ORIENTED_EDGE('',*,*,#2390,.T.);
#1090=ORIENTED_EDGE('',*,*,#2393,.T.);
#1091=ORIENTED_EDGE('',*,*,#2397,.T.);
#1092=ORIENTED_EDGE('',*,*,#2398,.F.);
#1093=ORIENTED_EDGE('',*,*,#2402,.T.);
#1094=ORIENTED_EDGE('',*,*,#2403,.T.);
#1095=ORIENTED_EDGE('',*,*,#2404,.F.);
#1096=ORIENTED_EDGE('',*,*,#2405,.T.);
#1097=ORIENTED_EDGE('',*,*,#2406,.T.);
#1098=ORIENTED_EDGE('',*,*,#2407,.T.);
#1099=ORIENTED_EDGE('',*,*,#2408,.F.);
#1100=ORIENTED_EDGE('',*,*,#2400,.F.);
#1101=ORIENTED_EDGE('',*,*,#2409,.F.);
#1102=ORIENTED_EDGE('',*,*,#2410,.T.);
#1103=ORIENTED_EDGE('',*,*,#2402,.F.);
#1104=ORIENTED_EDGE('',*,*,#2411,.T.);
#1105=ORIENTED_EDGE('',*,*,#2412,.T.);
#1106=ORIENTED_EDGE('',*,*,#2403,.F.);
#1107=ORIENTED_EDGE('',*,*,#2410,.F.);
#1108=ORIENTED_EDGE('',*,*,#2404,.T.);
#1109=ORIENTED_EDGE('',*,*,#2412,.F.);
#1110=ORIENTED_EDGE('',*,*,#2413,.F.);
#1111=ORIENTED_EDGE('',*,*,#2414,.T.);
#1112=ORIENTED_EDGE('',*,*,#2415,.T.);
#1113=ORIENTED_EDGE('',*,*,#2405,.F.);
#1114=ORIENTED_EDGE('',*,*,#2414,.F.);
#1115=ORIENTED_EDGE('',*,*,#2416,.T.);
#1116=ORIENTED_EDGE('',*,*,#2406,.F.);
#1117=ORIENTED_EDGE('',*,*,#2415,.F.);
#1118=ORIENTED_EDGE('',*,*,#2417,.T.);
#1119=ORIENTED_EDGE('',*,*,#2418,.T.);
#1120=ORIENTED_EDGE('',*,*,#2419,.F.);
#1121=ORIENTED_EDGE('',*,*,#2420,.T.);
#1122=ORIENTED_EDGE('',*,*,#2381,.T.);
#1123=ORIENTED_EDGE('',*,*,#2383,.F.);
#1124=ORIENTED_EDGE('',*,*,#2387,.T.);
#1125=ORIENTED_EDGE('',*,*,#2421,.T.);
#1126=ORIENTED_EDGE('',*,*,#2407,.F.);
#1127=ORIENTED_EDGE('',*,*,#2418,.F.);
#1128=ORIENTED_EDGE('',*,*,#2422,.T.);
#1129=ORIENTED_EDGE('',*,*,#2423,.T.);
#1130=ORIENTED_EDGE('',*,*,#2424,.F.);
#1131=ORIENTED_EDGE('',*,*,#2382,.T.);
#1132=ORIENTED_EDGE('',*,*,#2420,.F.);
#1133=ORIENTED_EDGE('',*,*,#2425,.F.);
#1134=ORIENTED_EDGE('',*,*,#2419,.T.);
#1135=ORIENTED_EDGE('',*,*,#2377,.T.);
#1136=ORIENTED_EDGE('',*,*,#2374,.F.);
#1137=ORIENTED_EDGE('',*,*,#1992,.F.);
#1138=ORIENTED_EDGE('',*,*,#2426,.F.);
#1139=ORIENTED_EDGE('',*,*,#2425,.T.);
#1140=ORIENTED_EDGE('',*,*,#2427,.T.);
#1141=ORIENTED_EDGE('',*,*,#2391,.T.);
#1142=ORIENTED_EDGE('',*,*,#2401,.F.);
#1143=ORIENTED_EDGE('',*,*,#2428,.F.);
#1144=ORIENTED_EDGE('',*,*,#2386,.F.);
#1145=ORIENTED_EDGE('',*,*,#2384,.F.);
#1146=ORIENTED_EDGE('',*,*,#2379,.F.);
#1147=ORIENTED_EDGE('',*,*,#2424,.T.);
#1148=ORIENTED_EDGE('',*,*,#2426,.T.);
#1149=ORIENTED_EDGE('',*,*,#2429,.F.);
#1150=ORIENTED_EDGE('',*,*,#2422,.F.);
#1151=ORIENTED_EDGE('',*,*,#2417,.F.);
#1152=ORIENTED_EDGE('',*,*,#2416,.F.);
#1153=ORIENTED_EDGE('',*,*,#2413,.T.);
#1154=ORIENTED_EDGE('',*,*,#2411,.F.);
#1155=ORIENTED_EDGE('',*,*,#2409,.T.);
#1156=ORIENTED_EDGE('',*,*,#2399,.T.);
#1157=ORIENTED_EDGE('',*,*,#2395,.F.);
#1158=ORIENTED_EDGE('',*,*,#2394,.F.);
#1159=ORIENTED_EDGE('',*,*,#2388,.F.);
#1160=ORIENTED_EDGE('',*,*,#2427,.F.);
#1161=ORIENTED_EDGE('',*,*,#2430,.T.);
#1162=ORIENTED_EDGE('',*,*,#2431,.F.);
#1163=ORIENTED_EDGE('',*,*,#2432,.T.);
#1164=ORIENTED_EDGE('',*,*,#2433,.T.);
#1165=ORIENTED_EDGE('',*,*,#2434,.F.);
#1166=ORIENTED_EDGE('',*,*,#2435,.T.);
#1167=ORIENTED_EDGE('',*,*,#2436,.F.);
#1168=ORIENTED_EDGE('',*,*,#2437,.F.);
#1169=ORIENTED_EDGE('',*,*,#2438,.T.);
#1170=ORIENTED_EDGE('',*,*,#2439,.T.);
#1171=ORIENTED_EDGE('',*,*,#2440,.F.);
#1172=ORIENTED_EDGE('',*,*,#2441,.F.);
#1173=ORIENTED_EDGE('',*,*,#2442,.T.);
#1174=ORIENTED_EDGE('',*,*,#2443,.F.);
#1175=ORIENTED_EDGE('',*,*,#2444,.T.);
#1176=ORIENTED_EDGE('',*,*,#2445,.T.);
#1177=ORIENTED_EDGE('',*,*,#2446,.F.);
#1178=ORIENTED_EDGE('',*,*,#2440,.T.);
#1179=ORIENTED_EDGE('',*,*,#2446,.T.);
#1180=ORIENTED_EDGE('',*,*,#2447,.F.);
#1181=ORIENTED_EDGE('',*,*,#2448,.F.);
#1182=ORIENTED_EDGE('',*,*,#2449,.F.);
#1183=ORIENTED_EDGE('',*,*,#2447,.T.);
#1184=ORIENTED_EDGE('',*,*,#2450,.T.);
#1185=ORIENTED_EDGE('',*,*,#2451,.F.);
#1186=ORIENTED_EDGE('',*,*,#2441,.T.);
#1187=ORIENTED_EDGE('',*,*,#2448,.T.);
#1188=ORIENTED_EDGE('',*,*,#2449,.T.);
#1189=ORIENTED_EDGE('',*,*,#2452,.F.);
#1190=ORIENTED_EDGE('',*,*,#2451,.T.);
#1191=ORIENTED_EDGE('',*,*,#2453,.T.);
#1192=ORIENTED_EDGE('',*,*,#2437,.T.);
#1193=ORIENTED_EDGE('',*,*,#2454,.F.);
#1194=ORIENTED_EDGE('',*,*,#2442,.F.);
#1195=ORIENTED_EDGE('',*,*,#2452,.T.);
#1196=ORIENTED_EDGE('',*,*,#2450,.F.);
#1197=ORIENTED_EDGE('',*,*,#2445,.F.);
#1198=ORIENTED_EDGE('',*,*,#2455,.T.);
#1199=ORIENTED_EDGE('',*,*,#2456,.T.);
#1200=ORIENTED_EDGE('',*,*,#2457,.F.);
#1201=ORIENTED_EDGE('',*,*,#2458,.T.);
#1202=ORIENTED_EDGE('',*,*,#2438,.F.);
#1203=ORIENTED_EDGE('',*,*,#2453,.F.);
#1204=ORIENTED_EDGE('',*,*,#2457,.T.);
#1205=ORIENTED_EDGE('',*,*,#2459,.F.);
#1206=ORIENTED_EDGE('',*,*,#2460,.F.);
#1207=ORIENTED_EDGE('',*,*,#2461,.T.);
#1208=ORIENTED_EDGE('',*,*,#2434,.T.);
#1209=ORIENTED_EDGE('',*,*,#2462,.T.);
#1210=ORIENTED_EDGE('',*,*,#2435,.F.);
#1211=ORIENTED_EDGE('',*,*,#2458,.F.);
#1212=ORIENTED_EDGE('',*,*,#2461,.F.);
#1213=ORIENTED_EDGE('',*,*,#2463,.F.);
#1214=ORIENTED_EDGE('',*,*,#2460,.T.);
#1215=ORIENTED_EDGE('',*,*,#2464,.T.);
#1216=ORIENTED_EDGE('',*,*,#2431,.T.);
#1217=ORIENTED_EDGE('',*,*,#2463,.T.);
#1218=ORIENTED_EDGE('',*,*,#2459,.T.);
#1219=ORIENTED_EDGE('',*,*,#2465,.T.);
#1220=ORIENTED_EDGE('',*,*,#2432,.F.);
#1221=ORIENTED_EDGE('',*,*,#2464,.F.);
#1222=ORIENTED_EDGE('',*,*,#2456,.F.);
#1223=ORIENTED_EDGE('',*,*,#2466,.T.);
#1224=ORIENTED_EDGE('',*,*,#2467,.T.);
#1225=ORIENTED_EDGE('',*,*,#2465,.F.);
#1226=ORIENTED_EDGE('',*,*,#2468,.F.);
#1227=ORIENTED_EDGE('',*,*,#2469,.T.);
#1228=ORIENTED_EDGE('',*,*,#2470,.T.);
#1229=ORIENTED_EDGE('',*,*,#2471,.F.);
#1230=ORIENTED_EDGE('',*,*,#2472,.F.);
#1231=ORIENTED_EDGE('',*,*,#2473,.T.);
#1232=ORIENTED_EDGE('',*,*,#2474,.T.);
#1233=ORIENTED_EDGE('',*,*,#2475,.F.);
#1234=ORIENTED_EDGE('',*,*,#2476,.F.);
#1235=ORIENTED_EDGE('',*,*,#2477,.T.);
#1236=ORIENTED_EDGE('',*,*,#2478,.T.);
#1237=ORIENTED_EDGE('',*,*,#2479,.F.);
#1238=ORIENTED_EDGE('',*,*,#2480,.T.);
#1239=ORIENTED_EDGE('',*,*,#2481,.F.);
#1240=ORIENTED_EDGE('',*,*,#2482,.F.);
#1241=ORIENTED_EDGE('',*,*,#2483,.T.);
#1242=ORIENTED_EDGE('',*,*,#2475,.T.);
#1243=ORIENTED_EDGE('',*,*,#2484,.T.);
#1244=ORIENTED_EDGE('',*,*,#2478,.F.);
#1245=ORIENTED_EDGE('',*,*,#2485,.F.);
#1246=ORIENTED_EDGE('',*,*,#2483,.F.);
#1247=ORIENTED_EDGE('',*,*,#2486,.F.);
#1248=ORIENTED_EDGE('',*,*,#2482,.T.);
#1249=ORIENTED_EDGE('',*,*,#2487,.T.);
#1250=ORIENTED_EDGE('',*,*,#2472,.T.);
#1251=ORIENTED_EDGE('',*,*,#2486,.T.);
#1252=ORIENTED_EDGE('',*,*,#2481,.T.);
#1253=ORIENTED_EDGE('',*,*,#2488,.T.);
#1254=ORIENTED_EDGE('',*,*,#2473,.F.);
#1255=ORIENTED_EDGE('',*,*,#2487,.F.);
#1256=ORIENTED_EDGE('',*,*,#2489,.F.);
#1257=ORIENTED_EDGE('',*,*,#2490,.T.);
#1258=ORIENTED_EDGE('',*,*,#2491,.T.);
#1259=ORIENTED_EDGE('',*,*,#2488,.F.);
#1260=ORIENTED_EDGE('',*,*,#2479,.T.);
#1261=ORIENTED_EDGE('',*,*,#2484,.F.);
#1262=ORIENTED_EDGE('',*,*,#2474,.F.);
#1263=ORIENTED_EDGE('',*,*,#2491,.F.);
#1264=ORIENTED_EDGE('',*,*,#2492,.T.);
#1265=ORIENTED_EDGE('',*,*,#2493,.T.);
#1266=ORIENTED_EDGE('',*,*,#2494,.F.);
#1267=ORIENTED_EDGE('',*,*,#2495,.T.);
#1268=ORIENTED_EDGE('',*,*,#2494,.T.);
#1269=ORIENTED_EDGE('',*,*,#2496,.F.);
#1270=ORIENTED_EDGE('',*,*,#2497,.F.);
#1271=ORIENTED_EDGE('',*,*,#2498,.T.);
#1272=ORIENTED_EDGE('',*,*,#2471,.T.);
#1273=ORIENTED_EDGE('',*,*,#2499,.T.);
#1274=ORIENTED_EDGE('',*,*,#2476,.T.);
#1275=ORIENTED_EDGE('',*,*,#2495,.F.);
#1276=ORIENTED_EDGE('',*,*,#2498,.F.);
#1277=ORIENTED_EDGE('',*,*,#2500,.T.);
#1278=ORIENTED_EDGE('',*,*,#2497,.T.);
#1279=ORIENTED_EDGE('',*,*,#2501,.T.);
#1280=ORIENTED_EDGE('',*,*,#2468,.T.);
#1281=ORIENTED_EDGE('',*,*,#2500,.F.);
#1282=ORIENTED_EDGE('',*,*,#2496,.T.);
#1283=ORIENTED_EDGE('',*,*,#2502,.T.);
#1284=ORIENTED_EDGE('',*,*,#2469,.F.);
#1285=ORIENTED_EDGE('',*,*,#2501,.F.);
#1286=ORIENTED_EDGE('',*,*,#2493,.F.);
#1287=ORIENTED_EDGE('',*,*,#2503,.T.);
#1288=ORIENTED_EDGE('',*,*,#2504,.T.);
#1289=ORIENTED_EDGE('',*,*,#2502,.F.);
#1290=ORIENTED_EDGE('',*,*,#2505,.T.);
#1291=ORIENTED_EDGE('',*,*,#2506,.F.);
#1292=ORIENTED_EDGE('',*,*,#2507,.F.);
#1293=ORIENTED_EDGE('',*,*,#2508,.T.);
#1294=ORIENTED_EDGE('',*,*,#2509,.F.);
#1295=ORIENTED_EDGE('',*,*,#2510,.T.);
#1296=ORIENTED_EDGE('',*,*,#2489,.T.);
#1297=ORIENTED_EDGE('',*,*,#2480,.F.);
#1298=ORIENTED_EDGE('',*,*,#2485,.T.);
#1299=ORIENTED_EDGE('',*,*,#2477,.F.);
#1300=ORIENTED_EDGE('',*,*,#2499,.F.);
#1301=ORIENTED_EDGE('',*,*,#2470,.F.);
#1302=ORIENTED_EDGE('',*,*,#2504,.F.);
#1303=ORIENTED_EDGE('',*,*,#2511,.T.);
#1304=ORIENTED_EDGE('',*,*,#2507,.T.);
#1305=ORIENTED_EDGE('',*,*,#2512,.F.);
#1306=ORIENTED_EDGE('',*,*,#2506,.T.);
#1307=ORIENTED_EDGE('',*,*,#2513,.F.);
#1308=ORIENTED_EDGE('',*,*,#2514,.T.);
#1309=ORIENTED_EDGE('',*,*,#2512,.T.);
#1310=ORIENTED_EDGE('',*,*,#2505,.F.);
#1311=ORIENTED_EDGE('',*,*,#2515,.T.);
#1312=ORIENTED_EDGE('',*,*,#2443,.T.);
#1313=ORIENTED_EDGE('',*,*,#2439,.F.);
#1314=ORIENTED_EDGE('',*,*,#2454,.T.);
#1315=ORIENTED_EDGE('',*,*,#2436,.T.);
#1316=ORIENTED_EDGE('',*,*,#2462,.F.);
#1317=ORIENTED_EDGE('',*,*,#2433,.F.);
#1318=ORIENTED_EDGE('',*,*,#2467,.F.);
#1319=ORIENTED_EDGE('',*,*,#2516,.T.);
#1320=ORIENTED_EDGE('',*,*,#2517,.T.);
#1321=ORIENTED_EDGE('',*,*,#2513,.T.);
#1322=ORIENTED_EDGE('',*,*,#2509,.T.);
#1323=ORIENTED_EDGE('',*,*,#2514,.F.);
#1324=ORIENTED_EDGE('',*,*,#2517,.F.);
#1325=ORIENTED_EDGE('',*,*,#2518,.T.);
#1326=ORIENTED_EDGE('',*,*,#1980,.T.);
#1327=ORIENTED_EDGE('',*,*,#1964,.F.);
#1328=ORIENTED_EDGE('',*,*,#1977,.T.);
#1329=ORIENTED_EDGE('',*,*,#1960,.T.);
#1330=ORIENTED_EDGE('',*,*,#1985,.F.);
#1331=ORIENTED_EDGE('',*,*,#1991,.F.);
#1332=ORIENTED_EDGE('',*,*,#1986,.F.);
#1333=ORIENTED_EDGE('',*,*,#1982,.F.);
#1334=ORIENTED_EDGE('',*,*,#2429,.T.);
#1335=ORIENTED_EDGE('',*,*,#1995,.F.);
#1336=ORIENTED_EDGE('',*,*,#2428,.T.);
#1337=ORIENTED_EDGE('',*,*,#2408,.T.);
#1338=ORIENTED_EDGE('',*,*,#2421,.F.);
#1339=ORIENTED_EDGE('',*,*,#2378,.F.);
#1340=ORIENTED_EDGE('',*,*,#2423,.F.);
#1341=ORIENTED_EDGE('',*,*,#2430,.F.);
#1342=ORIENTED_EDGE('',*,*,#2516,.F.);
#1343=ORIENTED_EDGE('',*,*,#2466,.F.);
#1344=ORIENTED_EDGE('',*,*,#2455,.F.);
#1345=ORIENTED_EDGE('',*,*,#2444,.F.);
#1346=ORIENTED_EDGE('',*,*,#2515,.F.);
#1347=ORIENTED_EDGE('',*,*,#2508,.F.);
#1348=ORIENTED_EDGE('',*,*,#2511,.F.);
#1349=ORIENTED_EDGE('',*,*,#2503,.F.);
#1350=ORIENTED_EDGE('',*,*,#2492,.F.);
#1351=ORIENTED_EDGE('',*,*,#2490,.F.);
#1352=ORIENTED_EDGE('',*,*,#2510,.F.);
#1353=ORIENTED_EDGE('',*,*,#2518,.F.);
#1354=ORIENTED_EDGE('',*,*,#2519,.T.);
#1355=ORIENTED_EDGE('',*,*,#2520,.T.);
#1356=ORIENTED_EDGE('',*,*,#2521,.T.);
#1357=ORIENTED_EDGE('',*,*,#2522,.T.);
#1358=ORIENTED_EDGE('',*,*,#2523,.F.);
#1359=ORIENTED_EDGE('',*,*,#2524,.T.);
#1360=ORIENTED_EDGE('',*,*,#2525,.F.);
#1361=ORIENTED_EDGE('',*,*,#2526,.T.);
#1362=ORIENTED_EDGE('',*,*,#2233,.F.);
#1363=ORIENTED_EDGE('',*,*,#2250,.T.);
#1364=ORIENTED_EDGE('',*,*,#2248,.T.);
#1365=ORIENTED_EDGE('',*,*,#2245,.T.);
#1366=ORIENTED_EDGE('',*,*,#2242,.T.);
#1367=ORIENTED_EDGE('',*,*,#2237,.T.);
#1368=ORIENTED_EDGE('',*,*,#2267,.F.);
#1369=ORIENTED_EDGE('',*,*,#2284,.T.);
#1370=ORIENTED_EDGE('',*,*,#2282,.T.);
#1371=ORIENTED_EDGE('',*,*,#2279,.T.);
#1372=ORIENTED_EDGE('',*,*,#2276,.T.);
#1373=ORIENTED_EDGE('',*,*,#2271,.T.);
#1374=ORIENTED_EDGE('',*,*,#2304,.F.);
#1375=ORIENTED_EDGE('',*,*,#2325,.T.);
#1376=ORIENTED_EDGE('',*,*,#2308,.T.);
#1377=ORIENTED_EDGE('',*,*,#2311,.T.);
#1378=ORIENTED_EDGE('',*,*,#2314,.T.);
#1379=ORIENTED_EDGE('',*,*,#2315,.T.);
#1380=ORIENTED_EDGE('',*,*,#2527,.F.);
#1381=ORIENTED_EDGE('',*,*,#2528,.T.);
#1382=ORIENTED_EDGE('',*,*,#2519,.F.);
#1383=ORIENTED_EDGE('',*,*,#2529,.T.);
#1384=ORIENTED_EDGE('',*,*,#2520,.F.);
#1385=ORIENTED_EDGE('',*,*,#2528,.F.);
#1386=ORIENTED_EDGE('',*,*,#2530,.F.);
#1387=ORIENTED_EDGE('',*,*,#2531,.T.);
#1388=ORIENTED_EDGE('',*,*,#2532,.T.);
#1389=ORIENTED_EDGE('',*,*,#2533,.F.);
#1390=ORIENTED_EDGE('',*,*,#2521,.F.);
#1391=ORIENTED_EDGE('',*,*,#2531,.F.);
#1392=ORIENTED_EDGE('',*,*,#2534,.F.);
#1393=ORIENTED_EDGE('',*,*,#2535,.F.);
#1394=ORIENTED_EDGE('',*,*,#2522,.F.);
#1395=ORIENTED_EDGE('',*,*,#2533,.T.);
#1396=ORIENTED_EDGE('',*,*,#2043,.T.);
#1397=ORIENTED_EDGE('',*,*,#2060,.F.);
#1398=ORIENTED_EDGE('',*,*,#2058,.F.);
#1399=ORIENTED_EDGE('',*,*,#2055,.F.);
#1400=ORIENTED_EDGE('',*,*,#2052,.F.);
#1401=ORIENTED_EDGE('',*,*,#2047,.F.);
#1402=ORIENTED_EDGE('',*,*,#2009,.T.);
#1403=ORIENTED_EDGE('',*,*,#2026,.F.);
#1404=ORIENTED_EDGE('',*,*,#2024,.F.);
#1405=ORIENTED_EDGE('',*,*,#2021,.F.);
#1406=ORIENTED_EDGE('',*,*,#2018,.F.);
#1407=ORIENTED_EDGE('',*,*,#2013,.F.);
#1408=ORIENTED_EDGE('',*,*,#2163,.T.);
#1409=ORIENTED_EDGE('',*,*,#2176,.F.);
#1410=ORIENTED_EDGE('',*,*,#2179,.F.);
#1411=ORIENTED_EDGE('',*,*,#2182,.F.);
#1412=ORIENTED_EDGE('',*,*,#2185,.F.);
#1413=ORIENTED_EDGE('',*,*,#2186,.F.);
#1414=ORIENTED_EDGE('',*,*,#2523,.T.);
#1415=ORIENTED_EDGE('',*,*,#2535,.T.);
#1416=ORIENTED_EDGE('',*,*,#2536,.T.);
#1417=ORIENTED_EDGE('',*,*,#2537,.T.);
#1418=ORIENTED_EDGE('',*,*,#2524,.F.);
#1419=ORIENTED_EDGE('',*,*,#2537,.F.);
#1420=ORIENTED_EDGE('',*,*,#2538,.F.);
#1421=ORIENTED_EDGE('',*,*,#2539,.T.);
#1422=ORIENTED_EDGE('',*,*,#2525,.T.);
#1423=ORIENTED_EDGE('',*,*,#2539,.F.);
#1424=ORIENTED_EDGE('',*,*,#2540,.F.);
#1425=ORIENTED_EDGE('',*,*,#2541,.F.);
#1426=ORIENTED_EDGE('',*,*,#2542,.F.);
#1427=ORIENTED_EDGE('',*,*,#2529,.F.);
#1428=ORIENTED_EDGE('',*,*,#2526,.F.);
#1429=ORIENTED_EDGE('',*,*,#2541,.T.);
#1430=ORIENTED_EDGE('',*,*,#2329,.F.);
#1431=ORIENTED_EDGE('',*,*,#2332,.F.);
#1432=ORIENTED_EDGE('',*,*,#2543,.F.);
#1433=ORIENTED_EDGE('',*,*,#2544,.F.);
#1434=ORIENTED_EDGE('',*,*,#2540,.T.);
#1435=ORIENTED_EDGE('',*,*,#2538,.T.);
#1436=ORIENTED_EDGE('',*,*,#2536,.F.);
#1437=ORIENTED_EDGE('',*,*,#2534,.T.);
#1438=ORIENTED_EDGE('',*,*,#2532,.F.);
#1439=ORIENTED_EDGE('',*,*,#2530,.T.);
#1440=ORIENTED_EDGE('',*,*,#2527,.T.);
#1441=ORIENTED_EDGE('',*,*,#2542,.T.);
#1442=ORIENTED_EDGE('',*,*,#2331,.T.);
#1443=ORIENTED_EDGE('',*,*,#2545,.F.);
#1444=ORIENTED_EDGE('',*,*,#2546,.F.);
#1445=ORIENTED_EDGE('',*,*,#2543,.T.);
#1446=ORIENTED_EDGE('',*,*,#2338,.F.);
#1447=ORIENTED_EDGE('',*,*,#2326,.F.);
#1448=ORIENTED_EDGE('',*,*,#2544,.T.);
#1449=ORIENTED_EDGE('',*,*,#2546,.T.);
#1450=ORIENTED_EDGE('',*,*,#2547,.T.);
#1451=ORIENTED_EDGE('',*,*,#2548,.F.);
#1452=ORIENTED_EDGE('',*,*,#2549,.T.);
#1453=ORIENTED_EDGE('',*,*,#2550,.T.);
#1454=ORIENTED_EDGE('',*,*,#2339,.T.);
#1455=ORIENTED_EDGE('',*,*,#2548,.T.);
#1456=ORIENTED_EDGE('',*,*,#2033,.F.);
#1457=ORIENTED_EDGE('',*,*,#2049,.T.);
#1458=ORIENTED_EDGE('',*,*,#2051,.T.);
#1459=ORIENTED_EDGE('',*,*,#2054,.T.);
#1460=ORIENTED_EDGE('',*,*,#2057,.T.);
#1461=ORIENTED_EDGE('',*,*,#2059,.T.);
#1462=ORIENTED_EDGE('',*,*,#1999,.F.);
#1463=ORIENTED_EDGE('',*,*,#2015,.T.);
#1464=ORIENTED_EDGE('',*,*,#2017,.T.);
#1465=ORIENTED_EDGE('',*,*,#2020,.T.);
#1466=ORIENTED_EDGE('',*,*,#2023,.T.);
#1467=ORIENTED_EDGE('',*,*,#2025,.T.);
#1468=ORIENTED_EDGE('',*,*,#2193,.F.);
#1469=ORIENTED_EDGE('',*,*,#2187,.T.);
#1470=ORIENTED_EDGE('',*,*,#2183,.T.);
#1471=ORIENTED_EDGE('',*,*,#2180,.T.);
#1472=ORIENTED_EDGE('',*,*,#2177,.T.);
#1473=ORIENTED_EDGE('',*,*,#2174,.T.);
#1474=ORIENTED_EDGE('',*,*,#2547,.F.);
#1475=ORIENTED_EDGE('',*,*,#2545,.T.);
#1476=ORIENTED_EDGE('',*,*,#2330,.T.);
#1477=ORIENTED_EDGE('',*,*,#2337,.F.);
#1478=ORIENTED_EDGE('',*,*,#2551,.F.);
#1479=ORIENTED_EDGE('',*,*,#2552,.F.);
#1480=ORIENTED_EDGE('',*,*,#2553,.T.);
#1481=ORIENTED_EDGE('',*,*,#2549,.F.);
#1482=ORIENTED_EDGE('',*,*,#2554,.F.);
#1483=ORIENTED_EDGE('',*,*,#2555,.T.);
#1484=ORIENTED_EDGE('',*,*,#2556,.T.);
#1485=ORIENTED_EDGE('',*,*,#2557,.T.);
#1486=ORIENTED_EDGE('',*,*,#2558,.F.);
#1487=ORIENTED_EDGE('',*,*,#2559,.F.);
#1488=ORIENTED_EDGE('',*,*,#2560,.T.);
#1489=ORIENTED_EDGE('',*,*,#2561,.F.);
#1490=ORIENTED_EDGE('',*,*,#2556,.F.);
#1491=ORIENTED_EDGE('',*,*,#2562,.T.);
#1492=ORIENTED_EDGE('',*,*,#2558,.T.);
#1493=ORIENTED_EDGE('',*,*,#2563,.T.);
#1494=ORIENTED_EDGE('',*,*,#2561,.T.);
#1495=ORIENTED_EDGE('',*,*,#2564,.F.);
#1496=ORIENTED_EDGE('',*,*,#2565,.T.);
#1497=ORIENTED_EDGE('',*,*,#2566,.T.);
#1498=ORIENTED_EDGE('',*,*,#2567,.T.);
#1499=ORIENTED_EDGE('',*,*,#2568,.T.);
#1500=ORIENTED_EDGE('',*,*,#2557,.F.);
#1501=ORIENTED_EDGE('',*,*,#2563,.F.);
#1502=ORIENTED_EDGE('',*,*,#2569,.F.);
#1503=ORIENTED_EDGE('',*,*,#2570,.T.);
#1504=ORIENTED_EDGE('',*,*,#2554,.T.);
#1505=ORIENTED_EDGE('',*,*,#2568,.F.);
#1506=ORIENTED_EDGE('',*,*,#2571,.F.);
#1507=ORIENTED_EDGE('',*,*,#2370,.F.);
#1508=ORIENTED_EDGE('',*,*,#2347,.F.);
#1509=ORIENTED_EDGE('',*,*,#2344,.F.);
#1510=ORIENTED_EDGE('',*,*,#2359,.T.);
#1511=ORIENTED_EDGE('',*,*,#2340,.T.);
#1512=ORIENTED_EDGE('',*,*,#2550,.F.);
#1513=ORIENTED_EDGE('',*,*,#2553,.F.);
#1514=ORIENTED_EDGE('',*,*,#2572,.T.);
#1515=ORIENTED_EDGE('',*,*,#2559,.T.);
#1516=ORIENTED_EDGE('',*,*,#2562,.F.);
#1517=ORIENTED_EDGE('',*,*,#2555,.F.);
#1518=ORIENTED_EDGE('',*,*,#2570,.F.);
#1519=ORIENTED_EDGE('',*,*,#2573,.T.);
#1520=ORIENTED_EDGE('',*,*,#2574,.T.);
#1521=ORIENTED_EDGE('',*,*,#2575,.T.);
#1522=ORIENTED_EDGE('',*,*,#2371,.T.);
#1523=ORIENTED_EDGE('',*,*,#2571,.T.);
#1524=ORIENTED_EDGE('',*,*,#2576,.T.);
#1525=ORIENTED_EDGE('',*,*,#2577,.T.);
#1526=ORIENTED_EDGE('',*,*,#2578,.F.);
#1527=ORIENTED_EDGE('',*,*,#2579,.F.);
#1528=ORIENTED_EDGE('',*,*,#2580,.F.);
#1529=ORIENTED_EDGE('',*,*,#2551,.T.);
#1530=ORIENTED_EDGE('',*,*,#2336,.F.);
#1531=ORIENTED_EDGE('',*,*,#2342,.F.);
#1532=ORIENTED_EDGE('',*,*,#2358,.F.);
#1533=ORIENTED_EDGE('',*,*,#2362,.T.);
#1534=ORIENTED_EDGE('',*,*,#2365,.F.);
#1535=ORIENTED_EDGE('',*,*,#2372,.T.);
#1536=ORIENTED_EDGE('',*,*,#2575,.F.);
#1537=ORIENTED_EDGE('',*,*,#2581,.T.);
#1538=ORIENTED_EDGE('',*,*,#2582,.T.);
#1539=ORIENTED_EDGE('',*,*,#2583,.T.);
#1540=ORIENTED_EDGE('',*,*,#2584,.T.);
#1541=ORIENTED_EDGE('',*,*,#2576,.F.);
#1542=ORIENTED_EDGE('',*,*,#2585,.F.);
#1543=ORIENTED_EDGE('',*,*,#2586,.T.);
#1544=ORIENTED_EDGE('',*,*,#2587,.T.);
#1545=ORIENTED_EDGE('',*,*,#2577,.F.);
#1546=ORIENTED_EDGE('',*,*,#2584,.F.);
#1547=ORIENTED_EDGE('',*,*,#2588,.F.);
#1548=ORIENTED_EDGE('',*,*,#2589,.T.);
#1549=ORIENTED_EDGE('',*,*,#2578,.T.);
#1550=ORIENTED_EDGE('',*,*,#2587,.F.);
#1551=ORIENTED_EDGE('',*,*,#2590,.F.);
#1552=ORIENTED_EDGE('',*,*,#2591,.T.);
#1553=ORIENTED_EDGE('',*,*,#2579,.T.);
#1554=ORIENTED_EDGE('',*,*,#2589,.F.);
#1555=ORIENTED_EDGE('',*,*,#2592,.T.);
#1556=ORIENTED_EDGE('',*,*,#2593,.F.);
#1557=ORIENTED_EDGE('',*,*,#2564,.T.);
#1558=ORIENTED_EDGE('',*,*,#2560,.F.);
#1559=ORIENTED_EDGE('',*,*,#2572,.F.);
#1560=ORIENTED_EDGE('',*,*,#2552,.T.);
#1561=ORIENTED_EDGE('',*,*,#2580,.T.);
#1562=ORIENTED_EDGE('',*,*,#2591,.F.);
#1563=ORIENTED_EDGE('',*,*,#2594,.F.);
#1564=ORIENTED_EDGE('',*,*,#2595,.T.);
#1565=ORIENTED_EDGE('',*,*,#2565,.F.);
#1566=ORIENTED_EDGE('',*,*,#2593,.T.);
#1567=ORIENTED_EDGE('',*,*,#2596,.T.);
#1568=ORIENTED_EDGE('',*,*,#2566,.F.);
#1569=ORIENTED_EDGE('',*,*,#2595,.F.);
#1570=ORIENTED_EDGE('',*,*,#2597,.T.);
#1571=ORIENTED_EDGE('',*,*,#2598,.F.);
#1572=ORIENTED_EDGE('',*,*,#2599,.F.);
#1573=ORIENTED_EDGE('',*,*,#2585,.T.);
#1574=ORIENTED_EDGE('',*,*,#2581,.F.);
#1575=ORIENTED_EDGE('',*,*,#2574,.F.);
#1576=ORIENTED_EDGE('',*,*,#2573,.F.);
#1577=ORIENTED_EDGE('',*,*,#2569,.T.);
#1578=ORIENTED_EDGE('',*,*,#2567,.F.);
#1579=ORIENTED_EDGE('',*,*,#2598,.T.);
#1580=ORIENTED_EDGE('',*,*,#2600,.T.);
#1581=ORIENTED_EDGE('',*,*,#2601,.F.);
#1582=ORIENTED_EDGE('',*,*,#2602,.T.);
#1583=ORIENTED_EDGE('',*,*,#2603,.T.);
#1584=ORIENTED_EDGE('',*,*,#1902,.T.);
#1585=ORIENTED_EDGE('',*,*,#1905,.F.);
#1586=ORIENTED_EDGE('',*,*,#2604,.T.);
#1587=ORIENTED_EDGE('',*,*,#2601,.T.);
#1588=ORIENTED_EDGE('',*,*,#2605,.F.);
#1589=ORIENTED_EDGE('',*,*,#1893,.F.);
#1590=ORIENTED_EDGE('',*,*,#2606,.F.);
#1591=ORIENTED_EDGE('',*,*,#2607,.T.);
#1592=ORIENTED_EDGE('',*,*,#1897,.T.);
#1593=ORIENTED_EDGE('',*,*,#1903,.F.);
#1594=ORIENTED_EDGE('',*,*,#2603,.F.);
#1595=ORIENTED_EDGE('',*,*,#2608,.T.);
#1596=ORIENTED_EDGE('',*,*,#2609,.F.);
#1597=ORIENTED_EDGE('',*,*,#2610,.F.);
#1598=ORIENTED_EDGE('',*,*,#2611,.T.);
#1599=ORIENTED_EDGE('',*,*,#2612,.T.);
#1600=ORIENTED_EDGE('',*,*,#2613,.F.);
#1601=ORIENTED_EDGE('',*,*,#2614,.T.);
#1602=ORIENTED_EDGE('',*,*,#2609,.T.);
#1603=ORIENTED_EDGE('',*,*,#2615,.F.);
#1604=ORIENTED_EDGE('',*,*,#2616,.T.);
#1605=ORIENTED_EDGE('',*,*,#2610,.T.);
#1606=ORIENTED_EDGE('',*,*,#2614,.F.);
#1607=ORIENTED_EDGE('',*,*,#2617,.T.);
#1608=ORIENTED_EDGE('',*,*,#2611,.F.);
#1609=ORIENTED_EDGE('',*,*,#2616,.F.);
#1610=ORIENTED_EDGE('',*,*,#2618,.T.);
#1611=ORIENTED_EDGE('',*,*,#2619,.T.);
#1612=ORIENTED_EDGE('',*,*,#2620,.T.);
#1613=ORIENTED_EDGE('',*,*,#2621,.T.);
#1614=ORIENTED_EDGE('',*,*,#1894,.T.);
#1615=ORIENTED_EDGE('',*,*,#2605,.T.);
#1616=ORIENTED_EDGE('',*,*,#2622,.T.);
#1617=ORIENTED_EDGE('',*,*,#2615,.T.);
#1618=ORIENTED_EDGE('',*,*,#2612,.F.);
#1619=ORIENTED_EDGE('',*,*,#2619,.F.);
#1620=ORIENTED_EDGE('',*,*,#2623,.T.);
#1621=ORIENTED_EDGE('',*,*,#1895,.T.);
#1622=ORIENTED_EDGE('',*,*,#2621,.F.);
#1623=ORIENTED_EDGE('',*,*,#2624,.F.);
#1624=ORIENTED_EDGE('',*,*,#2625,.T.);
#1625=ORIENTED_EDGE('',*,*,#2626,.T.);
#1626=ORIENTED_EDGE('',*,*,#2606,.T.);
#1627=ORIENTED_EDGE('',*,*,#1896,.F.);
#1628=ORIENTED_EDGE('',*,*,#2623,.F.);
#1629=ORIENTED_EDGE('',*,*,#2627,.T.);
#1630=ORIENTED_EDGE('',*,*,#2628,.T.);
#1631=ORIENTED_EDGE('',*,*,#2629,.T.);
#1632=ORIENTED_EDGE('',*,*,#2625,.F.);
#1633=ORIENTED_EDGE('',*,*,#2630,.T.);
#1634=ORIENTED_EDGE('',*,*,#2631,.T.);
#1635=ORIENTED_EDGE('',*,*,#2628,.F.);
#1636=ORIENTED_EDGE('',*,*,#2632,.F.);
#1637=ORIENTED_EDGE('',*,*,#2633,.F.);
#1638=ORIENTED_EDGE('',*,*,#2634,.F.);
#1639=ORIENTED_EDGE('',*,*,#2635,.F.);
#1640=ORIENTED_EDGE('',*,*,#2636,.T.);
#1641=ORIENTED_EDGE('',*,*,#2633,.T.);
#1642=ORIENTED_EDGE('',*,*,#2637,.T.);
#1643=ORIENTED_EDGE('',*,*,#2638,.T.);
#1644=ORIENTED_EDGE('',*,*,#1890,.T.);
#1645=ORIENTED_EDGE('',*,*,#2639,.T.);
#1646=ORIENTED_EDGE('',*,*,#2635,.T.);
#1647=ORIENTED_EDGE('',*,*,#2640,.F.);
#1648=ORIENTED_EDGE('',*,*,#1891,.T.);
#1649=ORIENTED_EDGE('',*,*,#2638,.F.);
#1650=ORIENTED_EDGE('',*,*,#2641,.F.);
#1651=ORIENTED_EDGE('',*,*,#2642,.F.);
#1652=ORIENTED_EDGE('',*,*,#2643,.T.);
#1653=ORIENTED_EDGE('',*,*,#2097,.F.);
#1654=ORIENTED_EDGE('',*,*,#2095,.F.);
#1655=ORIENTED_EDGE('',*,*,#2093,.F.);
#1656=ORIENTED_EDGE('',*,*,#2090,.F.);
#1657=ORIENTED_EDGE('',*,*,#2101,.F.);
#1658=ORIENTED_EDGE('',*,*,#2150,.F.);
#1659=ORIENTED_EDGE('',*,*,#2152,.F.);
#1660=ORIENTED_EDGE('',*,*,#2156,.F.);
#1661=ORIENTED_EDGE('',*,*,#2067,.F.);
#1662=ORIENTED_EDGE('',*,*,#2289,.F.);
#1663=ORIENTED_EDGE('',*,*,#2322,.F.);
#1664=ORIENTED_EDGE('',*,*,#2295,.T.);
#1665=ORIENTED_EDGE('',*,*,#2319,.F.);
#1666=ORIENTED_EDGE('',*,*,#2292,.F.);
#1667=ORIENTED_EDGE('',*,*,#2286,.F.);
#1668=ORIENTED_EDGE('',*,*,#2258,.T.);
#1669=ORIENTED_EDGE('',*,*,#2269,.F.);
#1670=ORIENTED_EDGE('',*,*,#2291,.F.);
#1671=ORIENTED_EDGE('',*,*,#2252,.F.);
#1672=ORIENTED_EDGE('',*,*,#2224,.T.);
#1673=ORIENTED_EDGE('',*,*,#2235,.F.);
#1674=ORIENTED_EDGE('',*,*,#2290,.F.);
#1675=ORIENTED_EDGE('',*,*,#2219,.F.);
#1676=ORIENTED_EDGE('',*,*,#2217,.F.);
#1677=ORIENTED_EDGE('',*,*,#2212,.F.);
#1678=ORIENTED_EDGE('',*,*,#2644,.F.);
#1679=ORIENTED_EDGE('',*,*,#1892,.F.);
#1680=ORIENTED_EDGE('',*,*,#2642,.T.);
#1681=ORIENTED_EDGE('',*,*,#2645,.F.);
#1682=ORIENTED_EDGE('',*,*,#2641,.T.);
#1683=ORIENTED_EDGE('',*,*,#2637,.F.);
#1684=ORIENTED_EDGE('',*,*,#2646,.F.);
#1685=ORIENTED_EDGE('',*,*,#2645,.T.);
#1686=ORIENTED_EDGE('',*,*,#2640,.T.);
#1687=ORIENTED_EDGE('',*,*,#2634,.T.);
#1688=ORIENTED_EDGE('',*,*,#2632,.T.);
#1689=ORIENTED_EDGE('',*,*,#2630,.F.);
#1690=ORIENTED_EDGE('',*,*,#2627,.F.);
#1691=ORIENTED_EDGE('',*,*,#2624,.T.);
#1692=ORIENTED_EDGE('',*,*,#2620,.F.);
#1693=ORIENTED_EDGE('',*,*,#2618,.F.);
#1694=ORIENTED_EDGE('',*,*,#2617,.F.);
#1695=ORIENTED_EDGE('',*,*,#2613,.T.);
#1696=ORIENTED_EDGE('',*,*,#2622,.F.);
#1697=ORIENTED_EDGE('',*,*,#2608,.F.);
#1698=ORIENTED_EDGE('',*,*,#2602,.F.);
#1699=ORIENTED_EDGE('',*,*,#2600,.F.);
#1700=ORIENTED_EDGE('',*,*,#2597,.F.);
#1701=ORIENTED_EDGE('',*,*,#2596,.F.);
#1702=ORIENTED_EDGE('',*,*,#2594,.T.);
#1703=ORIENTED_EDGE('',*,*,#2592,.F.);
#1704=ORIENTED_EDGE('',*,*,#2590,.T.);
#1705=ORIENTED_EDGE('',*,*,#2588,.T.);
#1706=ORIENTED_EDGE('',*,*,#2583,.F.);
#1707=ORIENTED_EDGE('',*,*,#2647,.T.);
#1708=ORIENTED_EDGE('',*,*,#2648,.T.);
#1709=ORIENTED_EDGE('',*,*,#1876,.F.);
#1710=ORIENTED_EDGE('',*,*,#1881,.T.);
#1711=ORIENTED_EDGE('',*,*,#1887,.F.);
#1712=ORIENTED_EDGE('',*,*,#2649,.F.);
#1713=ORIENTED_EDGE('',*,*,#2129,.F.);
#1714=ORIENTED_EDGE('',*,*,#2147,.F.);
#1715=ORIENTED_EDGE('',*,*,#2112,.F.);
#1716=ORIENTED_EDGE('',*,*,#2650,.F.);
#1717=ORIENTED_EDGE('',*,*,#2107,.T.);
#1718=ORIENTED_EDGE('',*,*,#2146,.F.);
#1719=ORIENTED_EDGE('',*,*,#2098,.F.);
#1720=ORIENTED_EDGE('',*,*,#2643,.F.);
#1721=ORIENTED_EDGE('',*,*,#2646,.T.);
#1722=ORIENTED_EDGE('',*,*,#2651,.T.);
#1723=ORIENTED_EDGE('',*,*,#1873,.T.);
#1724=ORIENTED_EDGE('',*,*,#2648,.F.);
#1725=ORIENTED_EDGE('',*,*,#2652,.F.);
#1726=ORIENTED_EDGE('',*,*,#2647,.F.);
#1727=ORIENTED_EDGE('',*,*,#2582,.F.);
#1728=ORIENTED_EDGE('',*,*,#2653,.F.);
#1729=ORIENTED_EDGE('',*,*,#2652,.T.);
#1730=ORIENTED_EDGE('',*,*,#2586,.F.);
#1731=ORIENTED_EDGE('',*,*,#2599,.T.);
#1732=ORIENTED_EDGE('',*,*,#2604,.F.);
#1733=ORIENTED_EDGE('',*,*,#1904,.T.);
#1734=ORIENTED_EDGE('',*,*,#1898,.T.);
#1735=ORIENTED_EDGE('',*,*,#2607,.F.);
#1736=ORIENTED_EDGE('',*,*,#2626,.F.);
#1737=ORIENTED_EDGE('',*,*,#2629,.F.);
#1738=ORIENTED_EDGE('',*,*,#2631,.F.);
#1739=ORIENTED_EDGE('',*,*,#2636,.F.);
#1740=ORIENTED_EDGE('',*,*,#2639,.F.);
#1741=ORIENTED_EDGE('',*,*,#1889,.F.);
#1742=ORIENTED_EDGE('',*,*,#2644,.T.);
#1743=ORIENTED_EDGE('',*,*,#2654,.T.);
#1744=ORIENTED_EDGE('',*,*,#1865,.T.);
#1745=ORIENTED_EDGE('',*,*,#1870,.F.);
#1746=ORIENTED_EDGE('',*,*,#1859,.T.);
#1747=ORIENTED_EDGE('',*,*,#1858,.T.);
#1748=ORIENTED_EDGE('',*,*,#1855,.F.);
#1749=ORIENTED_EDGE('',*,*,#1854,.T.);
#1750=ORIENTED_EDGE('',*,*,#1851,.F.);
#1751=ORIENTED_EDGE('',*,*,#1869,.F.);
#1752=ORIENTED_EDGE('',*,*,#1872,.F.);
#1753=ORIENTED_EDGE('',*,*,#2655,.T.);
#1754=ORIENTED_EDGE('',*,*,#2656,.T.);
#1755=ORIENTED_EDGE('',*,*,#1883,.T.);
#1756=ORIENTED_EDGE('',*,*,#1877,.F.);
#1757=ORIENTED_EDGE('',*,*,#1874,.T.);
#1758=ORIENTED_EDGE('',*,*,#2651,.F.);
#1759=ORIENTED_EDGE('',*,*,#2653,.T.);
#1760=ORIENTED_EDGE('',*,*,#2657,.F.);
#1761=ORIENTED_EDGE('',*,*,#2205,.F.);
#1762=ORIENTED_EDGE('',*,*,#2202,.F.);
#1763=ORIENTED_EDGE('',*,*,#2196,.F.);
#1764=ORIENTED_EDGE('',*,*,#2062,.F.);
#1765=ORIENTED_EDGE('',*,*,#2034,.F.);
#1766=ORIENTED_EDGE('',*,*,#2045,.F.);
#1767=ORIENTED_EDGE('',*,*,#2195,.F.);
#1768=ORIENTED_EDGE('',*,*,#2028,.F.);
#1769=ORIENTED_EDGE('',*,*,#2000,.F.);
#1770=ORIENTED_EDGE('',*,*,#2011,.F.);
#1771=ORIENTED_EDGE('',*,*,#2194,.F.);
#1772=ORIENTED_EDGE('',*,*,#2170,.F.);
#1773=ORIENTED_EDGE('',*,*,#2167,.F.);
#1774=ORIENTED_EDGE('',*,*,#2191,.F.);
#1775=ORIENTED_EDGE('',*,*,#2199,.F.);
#1776=ORIENTED_EDGE('',*,*,#2159,.F.);
#1777=ORIENTED_EDGE('',*,*,#2153,.F.);
#1778=ORIENTED_EDGE('',*,*,#2135,.T.);
#1779=ORIENTED_EDGE('',*,*,#2134,.F.);
#1780=ORIENTED_EDGE('',*,*,#2131,.T.);
#1781=ORIENTED_EDGE('',*,*,#2125,.F.);
#1782=ORIENTED_EDGE('',*,*,#2123,.F.);
#1783=ORIENTED_EDGE('',*,*,#2120,.F.);
#1784=ORIENTED_EDGE('',*,*,#2130,.T.);
#1785=ORIENTED_EDGE('',*,*,#2649,.T.);
#1786=ORIENTED_EDGE('',*,*,#1888,.F.);
#1787=ORIENTED_EDGE('',*,*,#1886,.T.);
#1788=ORIENTED_EDGE('',*,*,#1884,.F.);
#1789=ORIENTED_EDGE('',*,*,#2656,.F.);
#1790=ORIENTED_EDGE('',*,*,#2658,.T.);
#1791=ORIENTED_EDGE('',*,*,#2211,.F.);
#1792=ORIENTED_EDGE('',*,*,#2203,.F.);
#1793=ORIENTED_EDGE('',*,*,#2657,.T.);
#1794=ORIENTED_EDGE('',*,*,#2659,.F.);
#1795=ORIENTED_EDGE('',*,*,#2655,.F.);
#1796=ORIENTED_EDGE('',*,*,#1871,.F.);
#1797=ORIENTED_EDGE('',*,*,#1862,.F.);
#1798=ORIENTED_EDGE('',*,*,#1866,.F.);
#1799=ORIENTED_EDGE('',*,*,#2654,.F.);
#1800=ORIENTED_EDGE('',*,*,#2215,.F.);
#1801=ORIENTED_EDGE('',*,*,#2660,.F.);
#1802=ORIENTED_EDGE('',*,*,#2102,.T.);
#1803=ORIENTED_EDGE('',*,*,#2650,.T.);
#1804=ORIENTED_EDGE('',*,*,#2111,.F.);
#1805=ORIENTED_EDGE('',*,*,#2661,.F.);
#1806=ORIENTED_EDGE('',*,*,#2659,.T.);
#1807=ORIENTED_EDGE('',*,*,#2115,.T.);
#1808=ORIENTED_EDGE('',*,*,#2662,.T.);
#1809=ORIENTED_EDGE('',*,*,#2103,.F.);
#1810=ORIENTED_EDGE('',*,*,#2660,.T.);
#1811=ORIENTED_EDGE('',*,*,#2214,.T.);
#1812=ORIENTED_EDGE('',*,*,#2206,.F.);
#1813=ORIENTED_EDGE('',*,*,#2658,.F.);
#1814=ORIENTED_EDGE('',*,*,#2661,.T.);
#1815=ORIENTED_EDGE('',*,*,#2114,.F.);
#1816=ORIENTED_EDGE('',*,*,#2108,.F.);
#1817=ORIENTED_EDGE('',*,*,#2104,.T.);
#1818=ORIENTED_EDGE('',*,*,#2662,.F.);
#1819=EDGE_CURVE('',#2663,#2664,#3211,.T.);
#1820=EDGE_CURVE('',#2664,#2665,#3212,.T.);
#1821=EDGE_CURVE('',#2666,#2665,#3213,.T.);
#1822=EDGE_CURVE('',#2663,#2666,#3214,.T.);
#1823=EDGE_CURVE('',#2665,#2667,#3215,.T.);
#1824=EDGE_CURVE('',#2664,#2668,#3216,.T.);
#1825=EDGE_CURVE('',#2668,#2667,#3217,.T.);
#1826=EDGE_CURVE('',#2669,#2670,#3218,.T.);
#1827=EDGE_CURVE('',#2667,#2669,#3219,.T.);
#1828=EDGE_CURVE('',#2668,#2670,#3220,.T.);
#1829=EDGE_CURVE('',#2671,#2672,#3221,.T.);
#1830=EDGE_CURVE('',#2671,#2669,#3222,.T.);
#1831=EDGE_CURVE('',#2672,#2670,#3223,.T.);
#1832=EDGE_CURVE('',#2673,#2671,#3224,.T.);
#1833=EDGE_CURVE('',#2673,#2674,#3225,.T.);
#1834=EDGE_CURVE('',#2674,#2675,#3226,.T.);
#1835=EDGE_CURVE('',#2675,#2666,#3227,.T.);
#1836=EDGE_CURVE('',#2676,#2674,#3228,.T.);
#1837=EDGE_CURVE('',#2676,#2677,#3229,.T.);
#1838=EDGE_CURVE('',#2677,#2675,#3230,.T.);
#1839=EDGE_CURVE('',#2677,#2663,#3231,.T.);
#1840=EDGE_CURVE('',#2678,#2676,#3232,.T.);
#1841=EDGE_CURVE('',#2678,#2672,#3233,.T.);
#1842=EDGE_CURVE('',#2678,#2673,#3234,.T.);
#1843=EDGE_CURVE('',#2679,#2680,#3235,.T.);
#1844=EDGE_CURVE('',#2681,#2680,#3236,.T.);
#1845=EDGE_CURVE('',#2682,#2681,#3237,.T.);
#1846=EDGE_CURVE('',#2682,#2679,#3238,.T.);
#1847=EDGE_CURVE('',#2683,#2682,#3239,.T.);
#1848=EDGE_CURVE('',#2683,#2684,#3240,.T.);
#1849=EDGE_CURVE('',#2684,#2679,#3241,.T.);
#1850=EDGE_CURVE('',#2685,#2684,#3242,.T.);
#1851=EDGE_CURVE('',#2685,#2686,#3243,.T.);
#1852=EDGE_CURVE('',#2679,#2686,#3244,.T.);
#1853=EDGE_CURVE('',#2680,#2687,#3245,.T.);
#1854=EDGE_CURVE('',#2687,#2686,#3246,.T.);
#1855=EDGE_CURVE('',#2687,#2688,#3247,.T.);
#1856=EDGE_CURVE('',#2688,#2681,#3248,.T.);
#1857=EDGE_CURVE('',#2689,#2682,#3249,.T.);
#1858=EDGE_CURVE('',#2689,#2688,#3250,.T.);
#1859=EDGE_CURVE('',#2690,#2689,#3251,.T.);
#1860=EDGE_CURVE('',#2690,#2683,#3252,.T.);
#1861=EDGE_CURVE('',#2691,#2692,#3253,.T.);
#1862=EDGE_CURVE('',#2691,#2693,#3254,.T.);
#1863=EDGE_CURVE('',#2693,#2694,#3255,.T.);
#1864=EDGE_CURVE('',#2692,#2694,#3256,.T.);
#1865=EDGE_CURVE('',#2695,#2696,#3257,.T.);
#1866=EDGE_CURVE('',#2695,#2691,#3258,.T.);
#1867=EDGE_CURVE('',#2696,#2692,#3259,.T.);
#1868=EDGE_CURVE('',#2697,#2694,#3260,.T.);
#1869=EDGE_CURVE('',#2697,#2685,#3261,.T.);
#1870=EDGE_CURVE('',#2690,#2696,#3262,.T.);
#1871=EDGE_CURVE('',#2693,#2698,#3263,.T.);
#1872=EDGE_CURVE('',#2698,#2697,#3264,.T.);
#1873=EDGE_CURVE('',#2699,#2700,#3265,.T.);
#1874=EDGE_CURVE('',#2701,#2699,#3266,.T.);
#1875=EDGE_CURVE('',#2701,#2702,#3267,.T.);
#1876=EDGE_CURVE('',#2702,#2700,#3268,.T.);
#1877=EDGE_CURVE('',#2701,#2703,#3269,.T.);
#1878=EDGE_CURVE('',#2703,#2704,#3270,.T.);
#1879=EDGE_CURVE('',#2704,#2705,#63,.T.);
#1880=EDGE_CURVE('',#2705,#2706,#64,.T.);
#1881=EDGE_CURVE('',#2702,#2706,#3271,.T.);
#1882=EDGE_CURVE('',#2707,#2704,#3272,.T.);
#1883=EDGE_CURVE('',#2708,#2703,#3273,.T.);
#1884=EDGE_CURVE('',#2708,#2707,#3274,.T.);
#1885=EDGE_CURVE('',#2709,#2705,#3275,.T.);
#1886=EDGE_CURVE('',#2709,#2707,#65,.T.);
#1887=EDGE_CURVE('',#2710,#2706,#3276,.T.);
#1888=EDGE_CURVE('',#2709,#2710,#66,.T.);
#1889=EDGE_CURVE('',#2711,#2712,#3277,.T.);
#1890=EDGE_CURVE('',#2713,#2712,#3278,.T.);
#1891=EDGE_CURVE('',#2714,#2713,#3279,.T.);
#1892=EDGE_CURVE('',#2714,#2711,#3280,.T.);
#1893=EDGE_CURVE('',#2715,#2716,#3281,.T.);
#1894=EDGE_CURVE('',#2717,#2716,#3282,.T.);
#1895=EDGE_CURVE('',#2718,#2717,#3283,.T.);
#1896=EDGE_CURVE('',#2718,#2715,#3284,.T.);
#1897=EDGE_CURVE('',#2719,#2720,#3285,.T.);
#1898=EDGE_CURVE('',#2721,#2719,#3286,.T.);
#1899=EDGE_CURVE('',#2722,#2721,#3287,.T.);
#1900=EDGE_CURVE('',#2720,#2722,#3288,.T.);
#1901=EDGE_CURVE('',#2723,#2722,#3289,.T.);
#1902=EDGE_CURVE('',#2724,#2723,#3290,.T.);
#1903=EDGE_CURVE('',#2724,#2720,#3291,.T.);
#1904=EDGE_CURVE('',#2725,#2721,#3292,.T.);
#1905=EDGE_CURVE('',#2725,#2723,#3293,.T.);
#1906=EDGE_CURVE('',#2726,#2727,#3294,.T.);
#1907=EDGE_CURVE('',#2727,#2728,#3295,.T.);
#1908=EDGE_CURVE('',#2729,#2728,#3296,.T.);
#1909=EDGE_CURVE('',#2726,#2729,#3297,.T.);
#1910=EDGE_CURVE('',#2730,#2728,#3298,.T.);
#1911=EDGE_CURVE('',#2727,#2731,#3299,.T.);
#1912=EDGE_CURVE('',#2731,#2730,#3300,.T.);
#1913=EDGE_CURVE('',#2731,#2732,#3301,.T.);
#1914=EDGE_CURVE('',#2732,#2733,#3302,.T.);
#1915=EDGE_CURVE('',#2734,#2733,#3303,.T.);
#1916=EDGE_CURVE('',#2735,#2734,#3304,.T.);
#1917=EDGE_CURVE('',#2730,#2735,#3305,.T.);
#1918=EDGE_CURVE('',#2736,#2734,#3306,.T.);
#1919=EDGE_CURVE('',#2737,#2736,#3307,.T.);
#1920=EDGE_CURVE('',#2735,#2737,#3308,.T.);
#1921=EDGE_CURVE('',#2738,#2737,#3309,.T.);
#1922=EDGE_CURVE('',#2738,#2729,#3310,.T.);
#1923=EDGE_CURVE('',#2726,#2739,#3311,.T.);
#1924=EDGE_CURVE('',#2739,#2738,#3312,.T.);
#1925=EDGE_CURVE('',#2740,#2736,#3313,.T.);
#1926=EDGE_CURVE('',#2741,#2740,#3314,.T.);
#1927=EDGE_CURVE('',#2739,#2741,#3315,.T.);
#1928=EDGE_CURVE('',#2732,#2741,#3316,.T.);
#1929=EDGE_CURVE('',#2733,#2740,#3317,.T.);
#1930=EDGE_CURVE('',#2742,#2743,#3318,.T.);
#1931=EDGE_CURVE('',#2743,#2744,#3319,.T.);
#1932=EDGE_CURVE('',#2745,#2744,#3320,.T.);
#1933=EDGE_CURVE('',#2742,#2745,#3321,.T.);
#1934=EDGE_CURVE('',#2746,#2747,#3322,.T.);
#1935=EDGE_CURVE('',#2744,#2747,#3323,.T.);
#1936=EDGE_CURVE('',#2743,#2746,#3324,.T.);
#1937=EDGE_CURVE('',#2746,#2748,#3325,.T.);
#1938=EDGE_CURVE('',#2748,#2749,#3326,.T.);
#1939=EDGE_CURVE('',#2747,#2749,#3327,.T.);
#1940=EDGE_CURVE('',#2750,#2749,#3328,.T.);
#1941=EDGE_CURVE('',#2751,#2748,#3329,.T.);
#1942=EDGE_CURVE('',#2751,#2750,#3330,.T.);
#1943=EDGE_CURVE('',#2752,#2751,#67,.T.);
#1944=EDGE_CURVE('',#2752,#2753,#3331,.T.);
#1945=EDGE_CURVE('',#2750,#2753,#68,.T.);
#1946=EDGE_CURVE('',#2752,#2754,#3332,.T.);
#1947=EDGE_CURVE('',#2754,#2755,#3333,.T.);
#1948=EDGE_CURVE('',#2753,#2755,#3334,.T.);
#1949=EDGE_CURVE('',#2756,#2755,#3335,.T.);
#1950=EDGE_CURVE('',#2757,#2754,#3336,.T.);
#1951=EDGE_CURVE('',#2757,#2756,#3337,.T.);
#1952=EDGE_CURVE('',#2758,#2759,#3338,.T.);
#1953=EDGE_CURVE('',#2756,#2759,#3339,.T.);
#1954=EDGE_CURVE('',#2757,#2758,#3340,.T.);
#1955=EDGE_CURVE('',#2759,#2760,#3341,.T.);
#1956=EDGE_CURVE('',#2758,#2761,#3342,.T.);
#1957=EDGE_CURVE('',#2761,#2760,#3343,.T.);
#1958=EDGE_CURVE('',#2762,#2745,#3344,.T.);
#1959=EDGE_CURVE('',#2760,#2763,#3345,.T.);
#1960=EDGE_CURVE('',#2762,#2763,#3346,.T.);
#1961=EDGE_CURVE('',#2764,#2765,#3347,.T.);
#1962=EDGE_CURVE('',#2766,#2765,#3348,.T.);
#1963=EDGE_CURVE('',#2767,#2766,#3349,.T.);
#1964=EDGE_CURVE('',#2767,#2764,#3350,.T.);
#1965=EDGE_CURVE('',#2768,#2767,#3351,.T.);
#1966=EDGE_CURVE('',#2769,#2766,#3352,.T.);
#1967=EDGE_CURVE('',#2770,#2769,#3353,.T.);
#1968=EDGE_CURVE('',#2771,#2770,#3354,.T.);
#1969=EDGE_CURVE('',#2771,#2768,#3355,.T.);
#1970=EDGE_CURVE('',#2771,#2772,#3356,.T.);
#1971=EDGE_CURVE('',#2773,#2772,#3357,.T.);
#1972=EDGE_CURVE('',#2773,#2768,#3358,.T.);
#1973=EDGE_CURVE('',#2774,#2773,#3359,.T.);
#1974=EDGE_CURVE('',#2775,#2772,#3360,.T.);
#1975=EDGE_CURVE('',#2774,#2775,#3361,.T.);
#1976=EDGE_CURVE('',#2776,#2742,#3362,.T.);
#1977=EDGE_CURVE('',#2767,#2762,#3363,.T.);
#1978=EDGE_CURVE('',#2774,#2777,#3364,.T.);
#1979=EDGE_CURVE('',#2777,#2764,#3365,.T.);
#1980=EDGE_CURVE('',#2776,#2764,#3366,.T.);
#1981=EDGE_CURVE('',#2761,#2778,#3367,.T.);
#1982=EDGE_CURVE('',#2776,#2778,#3368,.T.);
#1983=EDGE_CURVE('',#2779,#2780,#3369,.T.);
#1984=EDGE_CURVE('',#2779,#2775,#3370,.T.);
#1985=EDGE_CURVE('',#2770,#2763,#3371,.T.);
#1986=EDGE_CURVE('',#2778,#2780,#3372,.T.);
#1987=EDGE_CURVE('',#2777,#2779,#3373,.T.);
#1988=EDGE_CURVE('',#2780,#2781,#3374,.T.);
#1989=EDGE_CURVE('',#2765,#2781,#3375,.T.);
#1990=EDGE_CURVE('',#2781,#2769,#3376,.T.);
#1991=EDGE_CURVE('',#2780,#2770,#3377,.T.);
#1992=EDGE_CURVE('',#2782,#2783,#3378,.T.);
#1993=EDGE_CURVE('',#2784,#2783,#3379,.T.);
#1994=EDGE_CURVE('',#2785,#2784,#3380,.T.);
#1995=EDGE_CURVE('',#2785,#2782,#3381,.T.);
#1996=EDGE_CURVE('',#2786,#2787,#3382,.T.);
#1997=EDGE_CURVE('',#2788,#2787,#3383,.T.);
#1998=EDGE_CURVE('',#2788,#2789,#3384,.T.);
#1999=EDGE_CURVE('',#2789,#2786,#3385,.T.);
#2000=EDGE_CURVE('',#2790,#2791,#3386,.T.);
#2001=EDGE_CURVE('',#2792,#2791,#3387,.T.);
#2002=EDGE_CURVE('',#2793,#2792,#3388,.T.);
#2003=EDGE_CURVE('',#2793,#2790,#3389,.T.);
#2004=EDGE_CURVE('',#2792,#2794,#3390,.T.);
#2005=EDGE_CURVE('',#2795,#2794,#3391,.T.);
#2006=EDGE_CURVE('',#2793,#2795,#3392,.T.);
#2007=EDGE_CURVE('',#2796,#2795,#3393,.T.);
#2008=EDGE_CURVE('',#2794,#2797,#3394,.T.);
#2009=EDGE_CURVE('',#2796,#2797,#3395,.T.);
#2010=EDGE_CURVE('',#2798,#2788,#3396,.T.);
#2011=EDGE_CURVE('',#2798,#2790,#3397,.T.);
#2012=EDGE_CURVE('',#2796,#2789,#3398,.T.);
#2013=EDGE_CURVE('',#2796,#2799,#3399,.T.);
#2014=EDGE_CURVE('',#2799,#2800,#3400,.T.);
#2015=EDGE_CURVE('',#2789,#2800,#3401,.T.);
#2016=EDGE_CURVE('',#2801,#2802,#3402,.T.);
#2017=EDGE_CURVE('',#2800,#2802,#3403,.T.);
#2018=EDGE_CURVE('',#2799,#2801,#3404,.T.);
#2019=EDGE_CURVE('',#2803,#2804,#3405,.T.);
#2020=EDGE_CURVE('',#2802,#2804,#3406,.T.);
#2021=EDGE_CURVE('',#2801,#2803,#3407,.T.);
#2022=EDGE_CURVE('',#2805,#2806,#3408,.T.);
#2023=EDGE_CURVE('',#2804,#2806,#3409,.T.);
#2024=EDGE_CURVE('',#2803,#2805,#3410,.T.);
#2025=EDGE_CURVE('',#2806,#2786,#3411,.T.);
#2026=EDGE_CURVE('',#2805,#2797,#3412,.T.);
#2027=EDGE_CURVE('',#2797,#2786,#3413,.T.);
#2028=EDGE_CURVE('',#2791,#2807,#3414,.T.);
#2029=EDGE_CURVE('',#2807,#2787,#3415,.T.);
#2030=EDGE_CURVE('',#2808,#2809,#3416,.T.);
#2031=EDGE_CURVE('',#2810,#2809,#3417,.T.);
#2032=EDGE_CURVE('',#2810,#2811,#3418,.T.);
#2033=EDGE_CURVE('',#2811,#2808,#3419,.T.);
#2034=EDGE_CURVE('',#2812,#2813,#3420,.T.);
#2035=EDGE_CURVE('',#2814,#2813,#3421,.T.);
#2036=EDGE_CURVE('',#2815,#2814,#3422,.T.);
#2037=EDGE_CURVE('',#2815,#2812,#3423,.T.);
#2038=EDGE_CURVE('',#2814,#2816,#3424,.T.);
#2039=EDGE_CURVE('',#2817,#2816,#3425,.T.);
#2040=EDGE_CURVE('',#2815,#2817,#3426,.T.);
#2041=EDGE_CURVE('',#2818,#2817,#3427,.T.);
#2042=EDGE_CURVE('',#2816,#2819,#3428,.T.);
#2043=EDGE_CURVE('',#2818,#2819,#3429,.T.);
#2044=EDGE_CURVE('',#2820,#2810,#3430,.T.);
#2045=EDGE_CURVE('',#2820,#2812,#3431,.T.);
#2046=EDGE_CURVE('',#2818,#2811,#3432,.T.);
#2047=EDGE_CURVE('',#2818,#2821,#3433,.T.);
#2048=EDGE_CURVE('',#2821,#2822,#3434,.T.);
#2049=EDGE_CURVE('',#2811,#2822,#3435,.T.);
#2050=EDGE_CURVE('',#2823,#2824,#3436,.T.);
#2051=EDGE_CURVE('',#2822,#2824,#3437,.T.);
#2052=EDGE_CURVE('',#2821,#2823,#3438,.T.);
#2053=EDGE_CURVE('',#2825,#2826,#3439,.T.);
#2054=EDGE_CURVE('',#2824,#2826,#3440,.T.);
#2055=EDGE_CURVE('',#2823,#2825,#3441,.T.);
#2056=EDGE_CURVE('',#2827,#2828,#3442,.T.);
#2057=EDGE_CURVE('',#2826,#2828,#3443,.T.);
#2058=EDGE_CURVE('',#2825,#2827,#3444,.T.);
#2059=EDGE_CURVE('',#2828,#2808,#3445,.T.);
#2060=EDGE_CURVE('',#2827,#2819,#3446,.T.);
#2061=EDGE_CURVE('',#2819,#2808,#3447,.T.);
#2062=EDGE_CURVE('',#2813,#2829,#3448,.T.);
#2063=EDGE_CURVE('',#2829,#2809,#3449,.T.);
#2064=EDGE_CURVE('',#2830,#2831,#3450,.T.);
#2065=EDGE_CURVE('',#2832,#2831,#69,.T.);
#2066=EDGE_CURVE('',#2833,#2832,#3451,.T.);
#2067=EDGE_CURVE('',#2833,#2830,#70,.T.);
#2068=EDGE_CURVE('',#2834,#2835,#3452,.T.);
#2069=EDGE_CURVE('',#2836,#2835,#3453,.T.);
#2070=EDGE_CURVE('',#2837,#2836,#3454,.T.);
#2071=EDGE_CURVE('',#2837,#2834,#3455,.T.);
#2072=EDGE_CURVE('',#2838,#2839,#3456,.T.);
#2073=EDGE_CURVE('',#2840,#2839,#3457,.T.);
#2074=EDGE_CURVE('',#2841,#2840,#3458,.T.);
#2075=EDGE_CURVE('',#2841,#2838,#3459,.T.);
#2076=EDGE_CURVE('',#2842,#2838,#3460,.T.);
#2077=EDGE_CURVE('',#2843,#2841,#3461,.T.);
#2078=EDGE_CURVE('',#2843,#2842,#3462,.T.);
#2079=EDGE_CURVE('',#2844,#2837,#3463,.T.);
#2080=EDGE_CURVE('',#2839,#2836,#3464,.T.);
#2081=EDGE_CURVE('',#2842,#2844,#3465,.T.);
#2082=EDGE_CURVE('',#2845,#2834,#3466,.T.);
#2083=EDGE_CURVE('',#2844,#2845,#3467,.T.);
#2084=EDGE_CURVE('',#2835,#2840,#3468,.T.);
#2085=EDGE_CURVE('',#2845,#2843,#3469,.T.);
#2086=EDGE_CURVE('',#2846,#2847,#26,.T.);
#2087=EDGE_CURVE('',#2847,#2848,#3470,.T.);
#2088=EDGE_CURVE('',#2849,#2848,#27,.T.);
#2089=EDGE_CURVE('',#2846,#2849,#3471,.T.);
#2090=EDGE_CURVE('',#2850,#2851,#71,.T.);
#2091=EDGE_CURVE('',#2851,#2847,#3472,.T.);
#2092=EDGE_CURVE('',#2850,#2846,#3473,.T.);
#2093=EDGE_CURVE('',#2851,#2852,#3474,.T.);
#2094=EDGE_CURVE('',#2852,#2848,#3475,.T.);
#2095=EDGE_CURVE('',#2852,#2853,#72,.T.);
#2096=EDGE_CURVE('',#2853,#2849,#3476,.T.);
#2097=EDGE_CURVE('',#2853,#2854,#3477,.T.);
#2098=EDGE_CURVE('',#2854,#2855,#3478,.T.);
#2099=EDGE_CURVE('',#2855,#2856,#3479,.T.);
#2100=EDGE_CURVE('',#2857,#2856,#3480,.T.);
#2101=EDGE_CURVE('',#2857,#2850,#3481,.T.);
#2102=EDGE_CURVE('',#2858,#2859,#3482,.T.);
#2103=EDGE_CURVE('',#2858,#2860,#3483,.T.);
#2104=EDGE_CURVE('',#2861,#2860,#3484,.T.);
#2105=EDGE_CURVE('',#2862,#2861,#73,.T.);
#2106=EDGE_CURVE('',#2862,#2863,#3485,.T.);
#2107=EDGE_CURVE('',#2859,#2863,#3486,.T.);
#2108=EDGE_CURVE('',#2861,#2864,#3487,.T.);
#2109=EDGE_CURVE('',#2865,#2864,#74,.T.);
#2110=EDGE_CURVE('',#2865,#2862,#3488,.T.);
#2111=EDGE_CURVE('',#2866,#2867,#3489,.T.);
#2112=EDGE_CURVE('',#2867,#2868,#3490,.T.);
#2113=EDGE_CURVE('',#2865,#2868,#3491,.T.);
#2114=EDGE_CURVE('',#2864,#2869,#3492,.T.);
#2115=EDGE_CURVE('',#2866,#2869,#3493,.T.);
#2116=EDGE_CURVE('',#2870,#2871,#28,.T.);
#2117=EDGE_CURVE('',#2871,#2872,#3494,.T.);
#2118=EDGE_CURVE('',#2873,#2872,#29,.T.);
#2119=EDGE_CURVE('',#2870,#2873,#3495,.T.);
#2120=EDGE_CURVE('',#2874,#2875,#75,.T.);
#2121=EDGE_CURVE('',#2875,#2871,#3496,.T.);
#2122=EDGE_CURVE('',#2874,#2870,#3497,.T.);
#2123=EDGE_CURVE('',#2875,#2876,#3498,.T.);
#2124=EDGE_CURVE('',#2876,#2872,#3499,.T.);
#2125=EDGE_CURVE('',#2876,#2877,#76,.T.);
#2126=EDGE_CURVE('',#2877,#2873,#3500,.T.);
#2127=EDGE_CURVE('',#2878,#2879,#3501,.T.);
#2128=EDGE_CURVE('',#2880,#2878,#3502,.T.);
#2129=EDGE_CURVE('',#2880,#2881,#3503,.T.);
#2130=EDGE_CURVE('',#2874,#2881,#3504,.T.);
#2131=EDGE_CURVE('',#2879,#2877,#3505,.T.);
#2132=EDGE_CURVE('',#2882,#2883,#3506,.T.);
#2133=EDGE_CURVE('',#2883,#2878,#3507,.T.);
#2134=EDGE_CURVE('',#2879,#2882,#3508,.T.);
#2135=EDGE_CURVE('',#2884,#2882,#3509,.T.);
#2136=EDGE_CURVE('',#2884,#2885,#3510,.T.);
#2137=EDGE_CURVE('',#2885,#2886,#3511,.T.);
#2138=EDGE_CURVE('',#2886,#2887,#77,.T.);
#2139=EDGE_CURVE('',#2883,#2887,#3512,.T.);
#2140=EDGE_CURVE('',#2888,#2889,#3513,.T.);
#2141=EDGE_CURVE('',#2889,#2886,#3514,.T.);
#2142=EDGE_CURVE('',#2885,#2888,#3515,.T.);
#2143=EDGE_CURVE('',#2889,#2890,#78,.T.);
#2144=EDGE_CURVE('',#2887,#2890,#3516,.T.);
#2145=EDGE_CURVE('',#2856,#2891,#3517,.T.);
#2146=EDGE_CURVE('',#2855,#2863,#3518,.T.);
#2147=EDGE_CURVE('',#2868,#2880,#3519,.T.);
#2148=EDGE_CURVE('',#2891,#2890,#3520,.T.);
#2149=EDGE_CURVE('',#2892,#2891,#3521,.T.);
#2150=EDGE_CURVE('',#2892,#2857,#3522,.T.);
#2151=EDGE_CURVE('',#2893,#2888,#3523,.T.);
#2152=EDGE_CURVE('',#2893,#2892,#3524,.T.);
#2153=EDGE_CURVE('',#2884,#2894,#3525,.T.);
#2154=EDGE_CURVE('',#2894,#2895,#3526,.T.);
#2155=EDGE_CURVE('',#2831,#2895,#3527,.T.);
#2156=EDGE_CURVE('',#2830,#2893,#3528,.T.);
#2157=EDGE_CURVE('',#2896,#2897,#3529,.T.);
#2158=EDGE_CURVE('',#2895,#2897,#79,.T.);
#2159=EDGE_CURVE('',#2894,#2896,#80,.T.);
#2160=EDGE_CURVE('',#2898,#2899,#3530,.T.);
#2161=EDGE_CURVE('',#2899,#2900,#3531,.T.);
#2162=EDGE_CURVE('',#2900,#2901,#3532,.T.);
#2163=EDGE_CURVE('',#2898,#2901,#3533,.T.);
#2164=EDGE_CURVE('',#2902,#2900,#3534,.T.);
#2165=EDGE_CURVE('',#2903,#2899,#3535,.T.);
#2166=EDGE_CURVE('',#2903,#2902,#3536,.T.);
#2167=EDGE_CURVE('',#2904,#2905,#3537,.T.);
#2168=EDGE_CURVE('',#2902,#2905,#3538,.T.);
#2169=EDGE_CURVE('',#2903,#2904,#3539,.T.);
#2170=EDGE_CURVE('',#2905,#2906,#3540,.T.);
#2171=EDGE_CURVE('',#2906,#2907,#3541,.T.);
#2172=EDGE_CURVE('',#2908,#2907,#3542,.T.);
#2173=EDGE_CURVE('',#2901,#2908,#3543,.T.);
#2174=EDGE_CURVE('',#2909,#2908,#3544,.T.);
#2175=EDGE_CURVE('',#2910,#2909,#3545,.T.);
#2176=EDGE_CURVE('',#2910,#2901,#3546,.T.);
#2177=EDGE_CURVE('',#2911,#2909,#3547,.T.);
#2178=EDGE_CURVE('',#2912,#2911,#3548,.T.);
#2179=EDGE_CURVE('',#2912,#2910,#3549,.T.);
#2180=EDGE_CURVE('',#2913,#2911,#3550,.T.);
#2181=EDGE_CURVE('',#2914,#2913,#3551,.T.);
#2182=EDGE_CURVE('',#2914,#2912,#3552,.T.);
#2183=EDGE_CURVE('',#2915,#2913,#3553,.T.);
#2184=EDGE_CURVE('',#2916,#2915,#3554,.T.);
#2185=EDGE_CURVE('',#2916,#2914,#3555,.T.);
#2186=EDGE_CURVE('',#2898,#2916,#3556,.T.);
#2187=EDGE_CURVE('',#2917,#2915,#3557,.T.);
#2188=EDGE_CURVE('',#2898,#2917,#3558,.T.);
#2189=EDGE_CURVE('',#2918,#2917,#3559,.T.);
#2190=EDGE_CURVE('',#2919,#2918,#3560,.T.);
#2191=EDGE_CURVE('',#2919,#2904,#3561,.T.);
#2192=EDGE_CURVE('',#2918,#2907,#3562,.T.);
#2193=EDGE_CURVE('',#2917,#2908,#3563,.T.);
#2194=EDGE_CURVE('',#2906,#2798,#3564,.T.);
#2195=EDGE_CURVE('',#2807,#2820,#3565,.T.);
#2196=EDGE_CURVE('',#2829,#2920,#3566,.T.);
#2197=EDGE_CURVE('',#2920,#2921,#3567,.T.);
#2198=EDGE_CURVE('',#2897,#2921,#3568,.T.);
#2199=EDGE_CURVE('',#2896,#2919,#3569,.T.);
#2200=EDGE_CURVE('',#2922,#2923,#3570,.T.);
#2201=EDGE_CURVE('',#2921,#2923,#81,.T.);
#2202=EDGE_CURVE('',#2920,#2922,#82,.T.);
#2203=EDGE_CURVE('',#2924,#2925,#3571,.T.);
#2204=EDGE_CURVE('',#2923,#2925,#3572,.T.);
#2205=EDGE_CURVE('',#2922,#2924,#3573,.T.);
#2206=EDGE_CURVE('',#2926,#2927,#3574,.T.);
#2207=EDGE_CURVE('',#2927,#2928,#3575,.T.);
#2208=EDGE_CURVE('',#2928,#2929,#3576,.T.);
#2209=EDGE_CURVE('',#2929,#2930,#83,.T.);
#2210=EDGE_CURVE('',#2930,#2832,#3577,.T.);
#2211=EDGE_CURVE('',#2925,#2926,#3578,.T.);
#2212=EDGE_CURVE('',#2931,#2932,#3579,.T.);
#2213=EDGE_CURVE('',#2932,#2928,#3580,.T.);
#2214=EDGE_CURVE('',#2933,#2927,#3581,.T.);
#2215=EDGE_CURVE('',#2933,#2931,#3582,.T.);
#2216=EDGE_CURVE('',#2934,#2929,#3583,.T.);
#2217=EDGE_CURVE('',#2932,#2934,#3584,.T.);
#2218=EDGE_CURVE('',#2935,#2930,#3585,.T.);
#2219=EDGE_CURVE('',#2934,#2935,#84,.T.);
#2220=EDGE_CURVE('',#2936,#2937,#3586,.T.);
#2221=EDGE_CURVE('',#2937,#2938,#3587,.T.);
#2222=EDGE_CURVE('',#2938,#2939,#3588,.T.);
#2223=EDGE_CURVE('',#2936,#2939,#3589,.T.);
#2224=EDGE_CURVE('',#2940,#2941,#3590,.T.);
#2225=EDGE_CURVE('',#2940,#2942,#3591,.T.);
#2226=EDGE_CURVE('',#2943,#2942,#3592,.T.);
#2227=EDGE_CURVE('',#2941,#2943,#3593,.T.);
#2228=EDGE_CURVE('',#2942,#2944,#3594,.T.);
#2229=EDGE_CURVE('',#2945,#2944,#3595,.T.);
#2230=EDGE_CURVE('',#2943,#2945,#3596,.T.);
#2231=EDGE_CURVE('',#2946,#2945,#3597,.T.);
#2232=EDGE_CURVE('',#2944,#2947,#3598,.T.);
#2233=EDGE_CURVE('',#2947,#2946,#3599,.T.);
#2234=EDGE_CURVE('',#2948,#2938,#3600,.T.);
#2235=EDGE_CURVE('',#2948,#2941,#3601,.T.);
#2236=EDGE_CURVE('',#2946,#2939,#3602,.T.);
#2237=EDGE_CURVE('',#2949,#2946,#3603,.T.);
#2238=EDGE_CURVE('',#2950,#2949,#3604,.T.);
#2239=EDGE_CURVE('',#2950,#2939,#3605,.T.);
#2240=EDGE_CURVE('',#2951,#2952,#3606,.T.);
#2241=EDGE_CURVE('',#2951,#2950,#3607,.T.);
#2242=EDGE_CURVE('',#2952,#2949,#3608,.T.);
#2243=EDGE_CURVE('',#2953,#2954,#3609,.T.);
#2244=EDGE_CURVE('',#2953,#2951,#3610,.T.);
#2245=EDGE_CURVE('',#2954,#2952,#3611,.T.);
#2246=EDGE_CURVE('',#2955,#2956,#3612,.T.);
#2247=EDGE_CURVE('',#2955,#2953,#3613,.T.);
#2248=EDGE_CURVE('',#2956,#2954,#3614,.T.);
#2249=EDGE_CURVE('',#2936,#2955,#3615,.T.);
#2250=EDGE_CURVE('',#2947,#2956,#3616,.T.);
#2251=EDGE_CURVE('',#2947,#2936,#3617,.T.);
#2252=EDGE_CURVE('',#2940,#2957,#3618,.T.);
#2253=EDGE_CURVE('',#2957,#2937,#3619,.T.);
#2254=EDGE_CURVE('',#2958,#2959,#3620,.T.);
#2255=EDGE_CURVE('',#2959,#2960,#3621,.T.);
#2256=EDGE_CURVE('',#2960,#2961,#3622,.T.);
#2257=EDGE_CURVE('',#2958,#2961,#3623,.T.);
#2258=EDGE_CURVE('',#2962,#2963,#3624,.T.);
#2259=EDGE_CURVE('',#2962,#2964,#3625,.T.);
#2260=EDGE_CURVE('',#2965,#2964,#3626,.T.);
#2261=EDGE_CURVE('',#2963,#2965,#3627,.T.);
#2262=EDGE_CURVE('',#2964,#2966,#3628,.T.);
#2263=EDGE_CURVE('',#2967,#2966,#3629,.T.);
#2264=EDGE_CURVE('',#2965,#2967,#3630,.T.);
#2265=EDGE_CURVE('',#2968,#2967,#3631,.T.);
#2266=EDGE_CURVE('',#2966,#2969,#3632,.T.);
#2267=EDGE_CURVE('',#2969,#2968,#3633,.T.);
#2268=EDGE_CURVE('',#2970,#2960,#3634,.T.);
#2269=EDGE_CURVE('',#2970,#2963,#3635,.T.);
#2270=EDGE_CURVE('',#2968,#2961,#3636,.T.);
#2271=EDGE_CURVE('',#2971,#2968,#3637,.T.);
#2272=EDGE_CURVE('',#2972,#2971,#3638,.T.);
#2273=EDGE_CURVE('',#2972,#2961,#3639,.T.);
#2274=EDGE_CURVE('',#2973,#2974,#3640,.T.);
#2275=EDGE_CURVE('',#2973,#2972,#3641,.T.);
#2276=EDGE_CURVE('',#2974,#2971,#3642,.T.);
#2277=EDGE_CURVE('',#2975,#2976,#3643,.T.);
#2278=EDGE_CURVE('',#2975,#2973,#3644,.T.);
#2279=EDGE_CURVE('',#2976,#2974,#3645,.T.);
#2280=EDGE_CURVE('',#2977,#2978,#3646,.T.);
#2281=EDGE_CURVE('',#2977,#2975,#3647,.T.);
#2282=EDGE_CURVE('',#2978,#2976,#3648,.T.);
#2283=EDGE_CURVE('',#2958,#2977,#3649,.T.);
#2284=EDGE_CURVE('',#2969,#2978,#3650,.T.);
#2285=EDGE_CURVE('',#2969,#2958,#3651,.T.);
#2286=EDGE_CURVE('',#2962,#2979,#3652,.T.);
#2287=EDGE_CURVE('',#2979,#2959,#3653,.T.);
#2288=EDGE_CURVE('',#2980,#2981,#3654,.T.);
#2289=EDGE_CURVE('',#2980,#2833,#3655,.T.);
#2290=EDGE_CURVE('',#2935,#2948,#3656,.T.);
#2291=EDGE_CURVE('',#2957,#2970,#3657,.T.);
#2292=EDGE_CURVE('',#2979,#2982,#3658,.T.);
#2293=EDGE_CURVE('',#2982,#2983,#3659,.T.);
#2294=EDGE_CURVE('',#2981,#2983,#3660,.T.);
#2295=EDGE_CURVE('',#2984,#2985,#3661,.T.);
#2296=EDGE_CURVE('',#2984,#2986,#3662,.T.);
#2297=EDGE_CURVE('',#2987,#2986,#3663,.T.);
#2298=EDGE_CURVE('',#2985,#2987,#3664,.T.);
#2299=EDGE_CURVE('',#2986,#2988,#3665,.T.);
#2300=EDGE_CURVE('',#2989,#2988,#3666,.T.);
#2301=EDGE_CURVE('',#2987,#2989,#3667,.T.);
#2302=EDGE_CURVE('',#2990,#2989,#3668,.T.);
#2303=EDGE_CURVE('',#2988,#2991,#3669,.T.);
#2304=EDGE_CURVE('',#2991,#2990,#3670,.T.);
#2305=EDGE_CURVE('',#2992,#2993,#3671,.T.);
#2306=EDGE_CURVE('',#2992,#2994,#3672,.T.);
#2307=EDGE_CURVE('',#2994,#2995,#3673,.T.);
#2308=EDGE_CURVE('',#2993,#2995,#3674,.T.);
#2309=EDGE_CURVE('',#2994,#2996,#3675,.T.);
#2310=EDGE_CURVE('',#2996,#2997,#3676,.T.);
#2311=EDGE_CURVE('',#2995,#2997,#3677,.T.);
#2312=EDGE_CURVE('',#2996,#2998,#3678,.T.);
#2313=EDGE_CURVE('',#2998,#2999,#3679,.T.);
#2314=EDGE_CURVE('',#2997,#2999,#3680,.T.);
#2315=EDGE_CURVE('',#2999,#2990,#3681,.T.);
#2316=EDGE_CURVE('',#2998,#3000,#3682,.T.);
#2317=EDGE_CURVE('',#2990,#3000,#3683,.T.);
#2318=EDGE_CURVE('',#2983,#3000,#3684,.T.);
#2319=EDGE_CURVE('',#2982,#2985,#3685,.T.);
#2320=EDGE_CURVE('',#3001,#2981,#3686,.T.);
#2321=EDGE_CURVE('',#3001,#3000,#3687,.T.);
#2322=EDGE_CURVE('',#2984,#2980,#3688,.T.);
#2323=EDGE_CURVE('',#2991,#3001,#3689,.T.);
#2324=EDGE_CURVE('',#3001,#2992,#3690,.T.);
#2325=EDGE_CURVE('',#2991,#2993,#3691,.T.);
#2326=EDGE_CURVE('',#3002,#3003,#3692,.T.);
#2327=EDGE_CURVE('',#3004,#3003,#3693,.T.);
#2328=EDGE_CURVE('',#3005,#3004,#3694,.T.);
#2329=EDGE_CURVE('',#3005,#3002,#3695,.T.);
#2330=EDGE_CURVE('',#3006,#3007,#3696,.T.);
#2331=EDGE_CURVE('',#3008,#3006,#3697,.T.);
#2332=EDGE_CURVE('',#3008,#3005,#3698,.T.);
#2333=EDGE_CURVE('',#3004,#3009,#3699,.T.);
#2334=EDGE_CURVE('',#3009,#3007,#3700,.T.);
#2335=EDGE_CURVE('',#3009,#3010,#3701,.T.);
#2336=EDGE_CURVE('',#3010,#3011,#3702,.T.);
#2337=EDGE_CURVE('',#3011,#3007,#3703,.T.);
#2338=EDGE_CURVE('',#3003,#3012,#3704,.T.);
#2339=EDGE_CURVE('',#3013,#3012,#3705,.T.);
#2340=EDGE_CURVE('',#3014,#3013,#3706,.T.);
#2341=EDGE_CURVE('',#3015,#3014,#3707,.T.);
#2342=EDGE_CURVE('',#3015,#3010,#3708,.T.);
#2343=EDGE_CURVE('',#3016,#3017,#3709,.T.);
#2344=EDGE_CURVE('',#3017,#3018,#3710,.T.);
#2345=EDGE_CURVE('',#3019,#3018,#3711,.T.);
#2346=EDGE_CURVE('',#3019,#3016,#3712,.T.);
#2347=EDGE_CURVE('',#3018,#3020,#3713,.T.);
#2348=EDGE_CURVE('',#3020,#3021,#3714,.T.);
#2349=EDGE_CURVE('',#3021,#3019,#3715,.T.);
#2350=EDGE_CURVE('',#3022,#3021,#3716,.T.);
#2351=EDGE_CURVE('',#3022,#3023,#3717,.T.);
#2352=EDGE_CURVE('',#3023,#3024,#3718,.T.);
#2353=EDGE_CURVE('',#3016,#3024,#3719,.T.);
#2354=EDGE_CURVE('',#3024,#3025,#3720,.T.);
#2355=EDGE_CURVE('',#3026,#3023,#3721,.T.);
#2356=EDGE_CURVE('',#3026,#3025,#3722,.T.);
#2357=EDGE_CURVE('',#3027,#3028,#3723,.T.);
#2358=EDGE_CURVE('',#3027,#3015,#3724,.T.);
#2359=EDGE_CURVE('',#3017,#3014,#3725,.T.);
#2360=EDGE_CURVE('',#3028,#3025,#3726,.T.);
#2361=EDGE_CURVE('',#3029,#3030,#3727,.T.);
#2362=EDGE_CURVE('',#3027,#3029,#3728,.T.);
#2363=EDGE_CURVE('',#3030,#3028,#3729,.T.);
#2364=EDGE_CURVE('',#3031,#3032,#3730,.T.);
#2365=EDGE_CURVE('',#3032,#3029,#3731,.T.);
#2366=EDGE_CURVE('',#3031,#3030,#3732,.T.);
#2367=EDGE_CURVE('',#3033,#3026,#3733,.T.);
#2368=EDGE_CURVE('',#3033,#3031,#3734,.T.);
#2369=EDGE_CURVE('',#3022,#3033,#3735,.T.);
#2370=EDGE_CURVE('',#3020,#3034,#3736,.T.);
#2371=EDGE_CURVE('',#3035,#3034,#3737,.T.);
#2372=EDGE_CURVE('',#3032,#3035,#3738,.T.);
#2373=EDGE_CURVE('',#3036,#2784,#3739,.T.);
#2374=EDGE_CURVE('',#2783,#3037,#3740,.T.);
#2375=EDGE_CURVE('',#3037,#3036,#3741,.T.);
#2376=EDGE_CURVE('',#3038,#3036,#3742,.T.);
#2377=EDGE_CURVE('',#3039,#3037,#3743,.T.);
#2378=EDGE_CURVE('',#3039,#3038,#3744,.T.);
#2379=EDGE_CURVE('',#3040,#3041,#3745,.T.);
#2380=EDGE_CURVE('',#3041,#3042,#3746,.T.);
#2381=EDGE_CURVE('',#3043,#3042,#3747,.T.);
#2382=EDGE_CURVE('',#3040,#3043,#3748,.T.);
#2383=EDGE_CURVE('',#3044,#3042,#3749,.T.);
#2384=EDGE_CURVE('',#3041,#3045,#3750,.T.);
#2385=EDGE_CURVE('',#3044,#3045,#3751,.T.);
#2386=EDGE_CURVE('',#3045,#2785,#3752,.T.);
#2387=EDGE_CURVE('',#3044,#3038,#3753,.T.);
#2388=EDGE_CURVE('',#3046,#3047,#3754,.T.);
#2389=EDGE_CURVE('',#3047,#3048,#3755,.T.);
#2390=EDGE_CURVE('',#3049,#3048,#3756,.T.);
#2391=EDGE_CURVE('',#3046,#3049,#3757,.T.);
#2392=EDGE_CURVE('',#3050,#3051,#3758,.T.);
#2393=EDGE_CURVE('',#3048,#3051,#3759,.T.);
#2394=EDGE_CURVE('',#3047,#3050,#3760,.T.);
#2395=EDGE_CURVE('',#3050,#3052,#3761,.T.);
#2396=EDGE_CURVE('',#3052,#3053,#3762,.T.);
#2397=EDGE_CURVE('',#3051,#3053,#3763,.T.);
#2398=EDGE_CURVE('',#3054,#3053,#3764,.T.);
#2399=EDGE_CURVE('',#3055,#3052,#3765,.T.);
#2400=EDGE_CURVE('',#3055,#3054,#3766,.T.);
#2401=EDGE_CURVE('',#3056,#3049,#3767,.T.);
#2402=EDGE_CURVE('',#3054,#3057,#85,.T.);
#2403=EDGE_CURVE('',#3057,#3058,#3768,.T.);
#2404=EDGE_CURVE('',#3059,#3058,#3769,.T.);
#2405=EDGE_CURVE('',#3059,#3060,#3770,.T.);
#2406=EDGE_CURVE('',#3060,#3061,#3771,.T.);
#2407=EDGE_CURVE('',#3061,#3062,#3772,.T.);
#2408=EDGE_CURVE('',#3056,#3062,#3773,.T.);
#2409=EDGE_CURVE('',#3063,#3055,#86,.T.);
#2410=EDGE_CURVE('',#3063,#3057,#3774,.T.);
#2411=EDGE_CURVE('',#3063,#3064,#3775,.T.);
#2412=EDGE_CURVE('',#3064,#3058,#3776,.T.);
#2413=EDGE_CURVE('',#3065,#3064,#3777,.T.);
#2414=EDGE_CURVE('',#3065,#3059,#3778,.T.);
#2415=EDGE_CURVE('',#3066,#3060,#3779,.T.);
#2416=EDGE_CURVE('',#3065,#3066,#3780,.T.);
#2417=EDGE_CURVE('',#3066,#3067,#3781,.T.);
#2418=EDGE_CURVE('',#3067,#3061,#3782,.T.);
#2419=EDGE_CURVE('',#3068,#3039,#3783,.T.);
#2420=EDGE_CURVE('',#3068,#3043,#3784,.T.);
#2421=EDGE_CURVE('',#3038,#3062,#3785,.T.);
#2422=EDGE_CURVE('',#3067,#3069,#3786,.T.);
#2423=EDGE_CURVE('',#3069,#3039,#3787,.T.);
#2424=EDGE_CURVE('',#3040,#3070,#3788,.T.);
#2425=EDGE_CURVE('',#3070,#3068,#3789,.T.);
#2426=EDGE_CURVE('',#3070,#2782,#3790,.T.);
#2427=EDGE_CURVE('',#3071,#3046,#3791,.T.);
#2428=EDGE_CURVE('',#2785,#3056,#3792,.T.);
#2429=EDGE_CURVE('',#3071,#2782,#3793,.T.);
#2430=EDGE_CURVE('',#3071,#3069,#3794,.T.);
#2431=EDGE_CURVE('',#3072,#3073,#3795,.T.);
#2432=EDGE_CURVE('',#3072,#3074,#87,.T.);
#2433=EDGE_CURVE('',#3074,#3075,#3796,.T.);
#2434=EDGE_CURVE('',#3073,#3075,#88,.T.);
#2435=EDGE_CURVE('',#3076,#3077,#3797,.T.);
#2436=EDGE_CURVE('',#3078,#3077,#3798,.T.);
#2437=EDGE_CURVE('',#3079,#3078,#3799,.T.);
#2438=EDGE_CURVE('',#3079,#3076,#3800,.T.);
#2439=EDGE_CURVE('',#3080,#3081,#3801,.T.);
#2440=EDGE_CURVE('',#3082,#3081,#89,.T.);
#2441=EDGE_CURVE('',#3083,#3082,#3802,.T.);
#2442=EDGE_CURVE('',#3083,#3080,#90,.T.);
#2443=EDGE_CURVE('',#3084,#3081,#3803,.T.);
#2444=EDGE_CURVE('',#3084,#3085,#91,.T.);
#2445=EDGE_CURVE('',#3085,#3086,#3804,.T.);
#2446=EDGE_CURVE('',#3081,#3086,#92,.T.);
#2447=EDGE_CURVE('',#3087,#3086,#93,.T.);
#2448=EDGE_CURVE('',#3082,#3087,#94,.T.);
#2449=EDGE_CURVE('',#3087,#3088,#3805,.T.);
#2450=EDGE_CURVE('',#3086,#3089,#3806,.T.);
#2451=EDGE_CURVE('',#3088,#3089,#95,.T.);
#2452=EDGE_CURVE('',#3083,#3088,#3807,.T.);
#2453=EDGE_CURVE('',#3089,#3079,#3808,.T.);
#2454=EDGE_CURVE('',#3080,#3078,#3809,.T.);
#2455=EDGE_CURVE('',#3085,#3090,#3810,.T.);
#2456=EDGE_CURVE('',#3090,#3091,#3811,.T.);
#2457=EDGE_CURVE('',#3092,#3091,#3812,.T.);
#2458=EDGE_CURVE('',#3092,#3076,#3813,.T.);
#2459=EDGE_CURVE('',#3093,#3091,#96,.T.);
#2460=EDGE_CURVE('',#3094,#3093,#3814,.T.);
#2461=EDGE_CURVE('',#3094,#3092,#97,.T.);
#2462=EDGE_CURVE('',#3075,#3077,#3815,.T.);
#2463=EDGE_CURVE('',#3073,#3094,#3816,.T.);
#2464=EDGE_CURVE('',#3093,#3072,#98,.T.);
#2465=EDGE_CURVE('',#3091,#3074,#99,.T.);
#2466=EDGE_CURVE('',#3090,#3095,#100,.T.);
#2467=EDGE_CURVE('',#3095,#3074,#3817,.T.);
#2468=EDGE_CURVE('',#3096,#3097,#3818,.T.);
#2469=EDGE_CURVE('',#3096,#3098,#101,.T.);
#2470=EDGE_CURVE('',#3098,#3099,#3819,.T.);
#2471=EDGE_CURVE('',#3097,#3099,#102,.T.);
#2472=EDGE_CURVE('',#3100,#3101,#3820,.T.);
#2473=EDGE_CURVE('',#3100,#3102,#103,.T.);
#2474=EDGE_CURVE('',#3102,#3103,#3821,.T.);
#2475=EDGE_CURVE('',#3101,#3103,#104,.T.);
#2476=EDGE_CURVE('',#3104,#3105,#3822,.T.);
#2477=EDGE_CURVE('',#3104,#3106,#3823,.T.);
#2478=EDGE_CURVE('',#3106,#3107,#3824,.T.);
#2479=EDGE_CURVE('',#3105,#3107,#3825,.T.);
#2480=EDGE_CURVE('',#3108,#3109,#3826,.T.);
#2481=EDGE_CURVE('',#3110,#3109,#105,.T.);
#2482=EDGE_CURVE('',#3111,#3110,#3827,.T.);
#2483=EDGE_CURVE('',#3111,#3108,#106,.T.);
#2484=EDGE_CURVE('',#3103,#3107,#3828,.T.);
#2485=EDGE_CURVE('',#3108,#3106,#3829,.T.);
#2486=EDGE_CURVE('',#3101,#3111,#3830,.T.);
#2487=EDGE_CURVE('',#3110,#3100,#107,.T.);
#2488=EDGE_CURVE('',#3109,#3102,#108,.T.);
#2489=EDGE_CURVE('',#3112,#3109,#3831,.T.);
#2490=EDGE_CURVE('',#3112,#3113,#109,.T.);
#2491=EDGE_CURVE('',#3113,#3102,#3832,.T.);
#2492=EDGE_CURVE('',#3113,#3114,#3833,.T.);
#2493=EDGE_CURVE('',#3114,#3115,#3834,.T.);
#2494=EDGE_CURVE('',#3116,#3115,#3835,.T.);
#2495=EDGE_CURVE('',#3116,#3105,#3836,.T.);
#2496=EDGE_CURVE('',#3117,#3115,#110,.T.);
#2497=EDGE_CURVE('',#3118,#3117,#3837,.T.);
#2498=EDGE_CURVE('',#3118,#3116,#111,.T.);
#2499=EDGE_CURVE('',#3099,#3104,#3838,.T.);
#2500=EDGE_CURVE('',#3118,#3097,#3839,.T.);
#2501=EDGE_CURVE('',#3117,#3096,#112,.T.);
#2502=EDGE_CURVE('',#3115,#3098,#113,.T.);
#2503=EDGE_CURVE('',#3114,#3119,#114,.T.);
#2504=EDGE_CURVE('',#3119,#3098,#3840,.T.);
#2505=EDGE_CURVE('',#3120,#3121,#3841,.T.);
#2506=EDGE_CURVE('',#3122,#3121,#3842,.T.);
#2507=EDGE_CURVE('',#3123,#3122,#3843,.T.);
#2508=EDGE_CURVE('',#3123,#3120,#3844,.T.);
#2509=EDGE_CURVE('',#3124,#3125,#3845,.T.);
#2510=EDGE_CURVE('',#3124,#3112,#3846,.T.);
#2511=EDGE_CURVE('',#3119,#3123,#3847,.T.);
#2512=EDGE_CURVE('',#3125,#3122,#3848,.T.);
#2513=EDGE_CURVE('',#3126,#3121,#3849,.T.);
#2514=EDGE_CURVE('',#3126,#3125,#3850,.T.);
#2515=EDGE_CURVE('',#3120,#3084,#3851,.T.);
#2516=EDGE_CURVE('',#3095,#3127,#3852,.T.);
#2517=EDGE_CURVE('',#3127,#3126,#3853,.T.);
#2518=EDGE_CURVE('',#3127,#3124,#3854,.T.);
#2519=EDGE_CURVE('',#3128,#3129,#3855,.T.);
#2520=EDGE_CURVE('',#3129,#3130,#115,.T.);
#2521=EDGE_CURVE('',#3130,#3131,#3856,.T.);
#2522=EDGE_CURVE('',#3131,#3132,#116,.T.);
#2523=EDGE_CURVE('',#3133,#3132,#3857,.T.);
#2524=EDGE_CURVE('',#3133,#3134,#117,.T.);
#2525=EDGE_CURVE('',#3135,#3134,#3858,.T.);
#2526=EDGE_CURVE('',#3135,#3128,#118,.T.);
#2527=EDGE_CURVE('',#3136,#3137,#3859,.T.);
#2528=EDGE_CURVE('',#3136,#3129,#3860,.T.);
#2529=EDGE_CURVE('',#3128,#3137,#3861,.T.);
#2530=EDGE_CURVE('',#3138,#3136,#119,.T.);
#2531=EDGE_CURVE('',#3138,#3130,#3862,.T.);
#2532=EDGE_CURVE('',#3138,#3139,#3863,.T.);
#2533=EDGE_CURVE('',#3131,#3139,#3864,.T.);
#2534=EDGE_CURVE('',#3140,#3139,#120,.T.);
#2535=EDGE_CURVE('',#3132,#3140,#3865,.T.);
#2536=EDGE_CURVE('',#3140,#3141,#3866,.T.);
#2537=EDGE_CURVE('',#3141,#3133,#3867,.T.);
#2538=EDGE_CURVE('',#3142,#3141,#121,.T.);
#2539=EDGE_CURVE('',#3142,#3134,#3868,.T.);
#2540=EDGE_CURVE('',#3143,#3142,#3869,.T.);
#2541=EDGE_CURVE('',#3135,#3143,#3870,.T.);
#2542=EDGE_CURVE('',#3137,#3143,#122,.T.);
#2543=EDGE_CURVE('',#3144,#3008,#3871,.T.);
#2544=EDGE_CURVE('',#3002,#3144,#3872,.T.);
#2545=EDGE_CURVE('',#3145,#3006,#3873,.T.);
#2546=EDGE_CURVE('',#3144,#3145,#3874,.T.);
#2547=EDGE_CURVE('',#3145,#3146,#3875,.T.);
#2548=EDGE_CURVE('',#3012,#3146,#3876,.T.);
#2549=EDGE_CURVE('',#3146,#3147,#3877,.T.);
#2550=EDGE_CURVE('',#3147,#3013,#3878,.T.);
#2551=EDGE_CURVE('',#3148,#3011,#3879,.T.);
#2552=EDGE_CURVE('',#3149,#3148,#3880,.T.);
#2553=EDGE_CURVE('',#3149,#3147,#3881,.T.);
#2554=EDGE_CURVE('',#3150,#3151,#3882,.T.);
#2555=EDGE_CURVE('',#3150,#3152,#3883,.T.);
#2556=EDGE_CURVE('',#3152,#3153,#3884,.T.);
#2557=EDGE_CURVE('',#3153,#3151,#3885,.T.);
#2558=EDGE_CURVE('',#3154,#3155,#3886,.T.);
#2559=EDGE_CURVE('',#3156,#3154,#3887,.T.);
#2560=EDGE_CURVE('',#3156,#3157,#3888,.T.);
#2561=EDGE_CURVE('',#3155,#3157,#3889,.T.);
#2562=EDGE_CURVE('',#3152,#3154,#3890,.T.);
#2563=EDGE_CURVE('',#3155,#3153,#3891,.T.);
#2564=EDGE_CURVE('',#3158,#3157,#3892,.T.);
#2565=EDGE_CURVE('',#3158,#3159,#3893,.T.);
#2566=EDGE_CURVE('',#3159,#3160,#3894,.T.);
#2567=EDGE_CURVE('',#3160,#3161,#3895,.T.);
#2568=EDGE_CURVE('',#3161,#3151,#3896,.T.);
#2569=EDGE_CURVE('',#3162,#3161,#3897,.T.);
#2570=EDGE_CURVE('',#3162,#3150,#3898,.T.);
#2571=EDGE_CURVE('',#3034,#3163,#3899,.T.);
#2572=EDGE_CURVE('',#3149,#3156,#3900,.T.);
#2573=EDGE_CURVE('',#3162,#3163,#3901,.T.);
#2574=EDGE_CURVE('',#3163,#3164,#3902,.T.);
#2575=EDGE_CURVE('',#3164,#3035,#3903,.T.);
#2576=EDGE_CURVE('',#3165,#3166,#3904,.T.);
#2577=EDGE_CURVE('',#3166,#3167,#3905,.T.);
#2578=EDGE_CURVE('',#3168,#3167,#3906,.T.);
#2579=EDGE_CURVE('',#3169,#3168,#3907,.T.);
#2580=EDGE_CURVE('',#3148,#3169,#3908,.T.);
#2581=EDGE_CURVE('',#3164,#3165,#3909,.T.);
#2582=EDGE_CURVE('',#3170,#3171,#3910,.T.);
#2583=EDGE_CURVE('',#3171,#3172,#3911,.T.);
#2584=EDGE_CURVE('',#3172,#3166,#3912,.T.);
#2585=EDGE_CURVE('',#3173,#3165,#3913,.T.);
#2586=EDGE_CURVE('',#3173,#3170,#3914,.T.);
#2587=EDGE_CURVE('',#3174,#3167,#3915,.T.);
#2588=EDGE_CURVE('',#3174,#3172,#3916,.T.);
#2589=EDGE_CURVE('',#3175,#3168,#3917,.T.);
#2590=EDGE_CURVE('',#3175,#3174,#3918,.T.);
#2591=EDGE_CURVE('',#3176,#3169,#3919,.T.);
#2592=EDGE_CURVE('',#3175,#3176,#3920,.T.);
#2593=EDGE_CURVE('',#3158,#3177,#3921,.T.);
#2594=EDGE_CURVE('',#3177,#3176,#3922,.T.);
#2595=EDGE_CURVE('',#3178,#3159,#3923,.T.);
#2596=EDGE_CURVE('',#3177,#3178,#3924,.T.);
#2597=EDGE_CURVE('',#3178,#3179,#3925,.T.);
#2598=EDGE_CURVE('',#3160,#3179,#3926,.T.);
#2599=EDGE_CURVE('',#3173,#3180,#3927,.T.);
#2600=EDGE_CURVE('',#3179,#3181,#3928,.T.);
#2601=EDGE_CURVE('',#3180,#3181,#3929,.T.);
#2602=EDGE_CURVE('',#3181,#3182,#3930,.T.);
#2603=EDGE_CURVE('',#3182,#2724,#3931,.T.);
#2604=EDGE_CURVE('',#2725,#3180,#3932,.T.);
#2605=EDGE_CURVE('',#2716,#3183,#3933,.T.);
#2606=EDGE_CURVE('',#3184,#2715,#3934,.T.);
#2607=EDGE_CURVE('',#3184,#2719,#3935,.T.);
#2608=EDGE_CURVE('',#3182,#3183,#3936,.T.);
#2609=EDGE_CURVE('',#3185,#3186,#123,.T.);
#2610=EDGE_CURVE('',#3187,#3185,#3937,.T.);
#2611=EDGE_CURVE('',#3187,#3188,#124,.T.);
#2612=EDGE_CURVE('',#3188,#3186,#3938,.T.);
#2613=EDGE_CURVE('',#3189,#3190,#3939,.T.);
#2614=EDGE_CURVE('',#3189,#3185,#3940,.T.);
#2615=EDGE_CURVE('',#3190,#3186,#3941,.T.);
#2616=EDGE_CURVE('',#3191,#3187,#3942,.T.);
#2617=EDGE_CURVE('',#3189,#3191,#3943,.T.);
#2618=EDGE_CURVE('',#3191,#3192,#3944,.T.);
#2619=EDGE_CURVE('',#3192,#3188,#3945,.T.);
#2620=EDGE_CURVE('',#3192,#3193,#3946,.T.);
#2621=EDGE_CURVE('',#3193,#2717,#3947,.T.);
#2622=EDGE_CURVE('',#3183,#3190,#3948,.T.);
#2623=EDGE_CURVE('',#3194,#2718,#3949,.T.);
#2624=EDGE_CURVE('',#3194,#3193,#3950,.T.);
#2625=EDGE_CURVE('',#3195,#3196,#3951,.T.);
#2626=EDGE_CURVE('',#3196,#3184,#3952,.T.);
#2627=EDGE_CURVE('',#3194,#3195,#3953,.T.);
#2628=EDGE_CURVE('',#3197,#3198,#3954,.T.);
#2629=EDGE_CURVE('',#3198,#3196,#3955,.T.);
#2630=EDGE_CURVE('',#3195,#3197,#3956,.T.);
#2631=EDGE_CURVE('',#3199,#3198,#3957,.T.);
#2632=EDGE_CURVE('',#3200,#3197,#3958,.T.);
#2633=EDGE_CURVE('',#3199,#3200,#3959,.T.);
#2634=EDGE_CURVE('',#3201,#3200,#3960,.T.);
#2635=EDGE_CURVE('',#3202,#3201,#3961,.T.);
#2636=EDGE_CURVE('',#3202,#3199,#3962,.T.);
#2637=EDGE_CURVE('',#3203,#3204,#125,.T.);
#2638=EDGE_CURVE('',#3204,#2713,#126,.T.);
#2639=EDGE_CURVE('',#2712,#3202,#3963,.T.);
#2640=EDGE_CURVE('',#3203,#3201,#3964,.T.);
#2641=EDGE_CURVE('',#3205,#3204,#3965,.T.);
#2642=EDGE_CURVE('',#2714,#3205,#127,.T.);
#2643=EDGE_CURVE('',#3206,#2854,#3966,.T.);
#2644=EDGE_CURVE('',#2711,#2931,#3967,.T.);
#2645=EDGE_CURVE('',#3206,#3205,#128,.T.);
#2646=EDGE_CURVE('',#3206,#3203,#3968,.T.);
#2647=EDGE_CURVE('',#3171,#3207,#3969,.T.);
#2648=EDGE_CURVE('',#3207,#2700,#3970,.T.);
#2649=EDGE_CURVE('',#2881,#2710,#3971,.T.);
#2650=EDGE_CURVE('',#2859,#2867,#3972,.T.);
#2651=EDGE_CURVE('',#3208,#2699,#3973,.T.);
#2652=EDGE_CURVE('',#3208,#3207,#3974,.T.);
#2653=EDGE_CURVE('',#3208,#3170,#3975,.T.);
#2654=EDGE_CURVE('',#2931,#2695,#3976,.T.);
#2655=EDGE_CURVE('',#2698,#3209,#3977,.T.);
#2656=EDGE_CURVE('',#3209,#2708,#3978,.T.);
#2657=EDGE_CURVE('',#2924,#3209,#3979,.T.);
#2658=EDGE_CURVE('',#3210,#2926,#3980,.T.);
#2659=EDGE_CURVE('',#3210,#3209,#3981,.T.);
#2660=EDGE_CURVE('',#2858,#2933,#3982,.T.);
#2661=EDGE_CURVE('',#3210,#2866,#3983,.T.);
#2662=EDGE_CURVE('',#2869,#2860,#3984,.T.);
#2663=VERTEX_POINT('',#7748);
#2664=VERTEX_POINT('',#7749);
#2665=VERTEX_POINT('',#7751);
#2666=VERTEX_POINT('',#7753);
#2667=VERTEX_POINT('',#7757);
#2668=VERTEX_POINT('',#7759);
#2669=VERTEX_POINT('',#7763);
#2670=VERTEX_POINT('',#7764);
#2671=VERTEX_POINT('',#7769);
#2672=VERTEX_POINT('',#7770);
#2673=VERTEX_POINT('',#7775);
#2674=VERTEX_POINT('',#7777);
#2675=VERTEX_POINT('',#7779);
#2676=VERTEX_POINT('',#7783);
#2677=VERTEX_POINT('',#7785);
#2678=VERTEX_POINT('',#7791);
#2679=VERTEX_POINT('',#7798);
#2680=VERTEX_POINT('',#7799);
#2681=VERTEX_POINT('',#7801);
#2682=VERTEX_POINT('',#7803);
#2683=VERTEX_POINT('',#7807);
#2684=VERTEX_POINT('',#7809);
#2685=VERTEX_POINT('',#7813);
#2686=VERTEX_POINT('',#7815);
#2687=VERTEX_POINT('',#7819);
#2688=VERTEX_POINT('',#7823);
#2689=VERTEX_POINT('',#7827);
#2690=VERTEX_POINT('',#7831);
#2691=VERTEX_POINT('',#7835);
#2692=VERTEX_POINT('',#7836);
#2693=VERTEX_POINT('',#7838);
#2694=VERTEX_POINT('',#7840);
#2695=VERTEX_POINT('',#7844);
#2696=VERTEX_POINT('',#7845);
#2697=VERTEX_POINT('',#7850);
#2698=VERTEX_POINT('',#7855);
#2699=VERTEX_POINT('',#7859);
#2700=VERTEX_POINT('',#7860);
#2701=VERTEX_POINT('',#7862);
#2702=VERTEX_POINT('',#7864);
#2703=VERTEX_POINT('',#7868);
#2704=VERTEX_POINT('',#7870);
#2705=VERTEX_POINT('',#7872);
#2706=VERTEX_POINT('',#7874);
#2707=VERTEX_POINT('',#7878);
#2708=VERTEX_POINT('',#7880);
#2709=VERTEX_POINT('',#7884);
#2710=VERTEX_POINT('',#7888);
#2711=VERTEX_POINT('',#7892);
#2712=VERTEX_POINT('',#7893);
#2713=VERTEX_POINT('',#7895);
#2714=VERTEX_POINT('',#7897);
#2715=VERTEX_POINT('',#7901);
#2716=VERTEX_POINT('',#7902);
#2717=VERTEX_POINT('',#7904);
#2718=VERTEX_POINT('',#7906);
#2719=VERTEX_POINT('',#7910);
#2720=VERTEX_POINT('',#7911);
#2721=VERTEX_POINT('',#7913);
#2722=VERTEX_POINT('',#7915);
#2723=VERTEX_POINT('',#7919);
#2724=VERTEX_POINT('',#7921);
#2725=VERTEX_POINT('',#7925);
#2726=VERTEX_POINT('',#7929);
#2727=VERTEX_POINT('',#7930);
#2728=VERTEX_POINT('',#7932);
#2729=VERTEX_POINT('',#7934);
#2730=VERTEX_POINT('',#7938);
#2731=VERTEX_POINT('',#7940);
#2732=VERTEX_POINT('',#7944);
#2733=VERTEX_POINT('',#7946);
#2734=VERTEX_POINT('',#7948);
#2735=VERTEX_POINT('',#7950);
#2736=VERTEX_POINT('',#7954);
#2737=VERTEX_POINT('',#7956);
#2738=VERTEX_POINT('',#7960);
#2739=VERTEX_POINT('',#7964);
#2740=VERTEX_POINT('',#7968);
#2741=VERTEX_POINT('',#7970);
#2742=VERTEX_POINT('',#7978);
#2743=VERTEX_POINT('',#7979);
#2744=VERTEX_POINT('',#7981);
#2745=VERTEX_POINT('',#7983);
#2746=VERTEX_POINT('',#7987);
#2747=VERTEX_POINT('',#7988);
#2748=VERTEX_POINT('',#7993);
#2749=VERTEX_POINT('',#7995);
#2750=VERTEX_POINT('',#7999);
#2751=VERTEX_POINT('',#8001);
#2752=VERTEX_POINT('',#8005);
#2753=VERTEX_POINT('',#8007);
#2754=VERTEX_POINT('',#8011);
#2755=VERTEX_POINT('',#8013);
#2756=VERTEX_POINT('',#8017);
#2757=VERTEX_POINT('',#8019);
#2758=VERTEX_POINT('',#8023);
#2759=VERTEX_POINT('',#8024);
#2760=VERTEX_POINT('',#8029);
#2761=VERTEX_POINT('',#8031);
#2762=VERTEX_POINT('',#8035);
#2763=VERTEX_POINT('',#8037);
#2764=VERTEX_POINT('',#8041);
#2765=VERTEX_POINT('',#8042);
#2766=VERTEX_POINT('',#8044);
#2767=VERTEX_POINT('',#8046);
#2768=VERTEX_POINT('',#8050);
#2769=VERTEX_POINT('',#8052);
#2770=VERTEX_POINT('',#8054);
#2771=VERTEX_POINT('',#8056);
#2772=VERTEX_POINT('',#8060);
#2773=VERTEX_POINT('',#8062);
#2774=VERTEX_POINT('',#8066);
#2775=VERTEX_POINT('',#8068);
#2776=VERTEX_POINT('',#8072);
#2777=VERTEX_POINT('',#8075);
#2778=VERTEX_POINT('',#8080);
#2779=VERTEX_POINT('',#8084);
#2780=VERTEX_POINT('',#8085);
#2781=VERTEX_POINT('',#8093);
#2782=VERTEX_POINT('',#8100);
#2783=VERTEX_POINT('',#8101);
#2784=VERTEX_POINT('',#8103);
#2785=VERTEX_POINT('',#8105);
#2786=VERTEX_POINT('',#8109);
#2787=VERTEX_POINT('',#8110);
#2788=VERTEX_POINT('',#8112);
#2789=VERTEX_POINT('',#8114);
#2790=VERTEX_POINT('',#8118);
#2791=VERTEX_POINT('',#8119);
#2792=VERTEX_POINT('',#8121);
#2793=VERTEX_POINT('',#8123);
#2794=VERTEX_POINT('',#8127);
#2795=VERTEX_POINT('',#8129);
#2796=VERTEX_POINT('',#8133);
#2797=VERTEX_POINT('',#8135);
#2798=VERTEX_POINT('',#8139);
#2799=VERTEX_POINT('',#8144);
#2800=VERTEX_POINT('',#8146);
#2801=VERTEX_POINT('',#8150);
#2802=VERTEX_POINT('',#8151);
#2803=VERTEX_POINT('',#8156);
#2804=VERTEX_POINT('',#8157);
#2805=VERTEX_POINT('',#8162);
#2806=VERTEX_POINT('',#8163);
#2807=VERTEX_POINT('',#8172);
#2808=VERTEX_POINT('',#8176);
#2809=VERTEX_POINT('',#8177);
#2810=VERTEX_POINT('',#8179);
#2811=VERTEX_POINT('',#8181);
#2812=VERTEX_POINT('',#8185);
#2813=VERTEX_POINT('',#8186);
#2814=VERTEX_POINT('',#8188);
#2815=VERTEX_POINT('',#8190);
#2816=VERTEX_POINT('',#8194);
#2817=VERTEX_POINT('',#8196);
#2818=VERTEX_POINT('',#8200);
#2819=VERTEX_POINT('',#8202);
#2820=VERTEX_POINT('',#8206);
#2821=VERTEX_POINT('',#8211);
#2822=VERTEX_POINT('',#8213);
#2823=VERTEX_POINT('',#8217);
#2824=VERTEX_POINT('',#8218);
#2825=VERTEX_POINT('',#8223);
#2826=VERTEX_POINT('',#8224);
#2827=VERTEX_POINT('',#8229);
#2828=VERTEX_POINT('',#8230);
#2829=VERTEX_POINT('',#8239);
#2830=VERTEX_POINT('',#8243);
#2831=VERTEX_POINT('',#8244);
#2832=VERTEX_POINT('',#8246);
#2833=VERTEX_POINT('',#8248);
#2834=VERTEX_POINT('',#8252);
#2835=VERTEX_POINT('',#8253);
#2836=VERTEX_POINT('',#8255);
#2837=VERTEX_POINT('',#8257);
#2838=VERTEX_POINT('',#8261);
#2839=VERTEX_POINT('',#8262);
#2840=VERTEX_POINT('',#8264);
#2841=VERTEX_POINT('',#8266);
#2842=VERTEX_POINT('',#8270);
#2843=VERTEX_POINT('',#8272);
#2844=VERTEX_POINT('',#8276);
#2845=VERTEX_POINT('',#8281);
#2846=VERTEX_POINT('',#8288);
#2847=VERTEX_POINT('',#8289);
#2848=VERTEX_POINT('',#8291);
#2849=VERTEX_POINT('',#8293);
#2850=VERTEX_POINT('',#8297);
#2851=VERTEX_POINT('',#8298);
#2852=VERTEX_POINT('',#8303);
#2853=VERTEX_POINT('',#8307);
#2854=VERTEX_POINT('',#8311);
#2855=VERTEX_POINT('',#8313);
#2856=VERTEX_POINT('',#8315);
#2857=VERTEX_POINT('',#8317);
#2858=VERTEX_POINT('',#8321);
#2859=VERTEX_POINT('',#8322);
#2860=VERTEX_POINT('',#8324);
#2861=VERTEX_POINT('',#8326);
#2862=VERTEX_POINT('',#8328);
#2863=VERTEX_POINT('',#8330);
#2864=VERTEX_POINT('',#8334);
#2865=VERTEX_POINT('',#8336);
#2866=VERTEX_POINT('',#8340);
#2867=VERTEX_POINT('',#8341);
#2868=VERTEX_POINT('',#8343);
#2869=VERTEX_POINT('',#8346);
#2870=VERTEX_POINT('',#8350);
#2871=VERTEX_POINT('',#8351);
#2872=VERTEX_POINT('',#8353);
#2873=VERTEX_POINT('',#8355);
#2874=VERTEX_POINT('',#8359);
#2875=VERTEX_POINT('',#8360);
#2876=VERTEX_POINT('',#8365);
#2877=VERTEX_POINT('',#8369);
#2878=VERTEX_POINT('',#8373);
#2879=VERTEX_POINT('',#8374);
#2880=VERTEX_POINT('',#8376);
#2881=VERTEX_POINT('',#8378);
#2882=VERTEX_POINT('',#8383);
#2883=VERTEX_POINT('',#8384);
#2884=VERTEX_POINT('',#8389);
#2885=VERTEX_POINT('',#8391);
#2886=VERTEX_POINT('',#8393);
#2887=VERTEX_POINT('',#8395);
#2888=VERTEX_POINT('',#8399);
#2889=VERTEX_POINT('',#8400);
#2890=VERTEX_POINT('',#8405);
#2891=VERTEX_POINT('',#8409);
#2892=VERTEX_POINT('',#8415);
#2893=VERTEX_POINT('',#8419);
#2894=VERTEX_POINT('',#8423);
#2895=VERTEX_POINT('',#8425);
#2896=VERTEX_POINT('',#8430);
#2897=VERTEX_POINT('',#8431);
#2898=VERTEX_POINT('',#8436);
#2899=VERTEX_POINT('',#8437);
#2900=VERTEX_POINT('',#8439);
#2901=VERTEX_POINT('',#8441);
#2902=VERTEX_POINT('',#8445);
#2903=VERTEX_POINT('',#8447);
#2904=VERTEX_POINT('',#8451);
#2905=VERTEX_POINT('',#8452);
#2906=VERTEX_POINT('',#8457);
#2907=VERTEX_POINT('',#8459);
#2908=VERTEX_POINT('',#8461);
#2909=VERTEX_POINT('',#8465);
#2910=VERTEX_POINT('',#8467);
#2911=VERTEX_POINT('',#8471);
#2912=VERTEX_POINT('',#8473);
#2913=VERTEX_POINT('',#8477);
#2914=VERTEX_POINT('',#8479);
#2915=VERTEX_POINT('',#8483);
#2916=VERTEX_POINT('',#8485);
#2917=VERTEX_POINT('',#8490);
#2918=VERTEX_POINT('',#8494);
#2919=VERTEX_POINT('',#8496);
#2920=VERTEX_POINT('',#8505);
#2921=VERTEX_POINT('',#8507);
#2922=VERTEX_POINT('',#8512);
#2923=VERTEX_POINT('',#8513);
#2924=VERTEX_POINT('',#8518);
#2925=VERTEX_POINT('',#8519);
#2926=VERTEX_POINT('',#8524);
#2927=VERTEX_POINT('',#8525);
#2928=VERTEX_POINT('',#8527);
#2929=VERTEX_POINT('',#8529);
#2930=VERTEX_POINT('',#8531);
#2931=VERTEX_POINT('',#8536);
#2932=VERTEX_POINT('',#8537);
#2933=VERTEX_POINT('',#8540);
#2934=VERTEX_POINT('',#8544);
#2935=VERTEX_POINT('',#8548);
#2936=VERTEX_POINT('',#8552);
#2937=VERTEX_POINT('',#8553);
#2938=VERTEX_POINT('',#8555);
#2939=VERTEX_POINT('',#8557);
#2940=VERTEX_POINT('',#8561);
#2941=VERTEX_POINT('',#8562);
#2942=VERTEX_POINT('',#8564);
#2943=VERTEX_POINT('',#8566);
#2944=VERTEX_POINT('',#8570);
#2945=VERTEX_POINT('',#8572);
#2946=VERTEX_POINT('',#8576);
#2947=VERTEX_POINT('',#8578);
#2948=VERTEX_POINT('',#8582);
#2949=VERTEX_POINT('',#8587);
#2950=VERTEX_POINT('',#8589);
#2951=VERTEX_POINT('',#8593);
#2952=VERTEX_POINT('',#8594);
#2953=VERTEX_POINT('',#8599);
#2954=VERTEX_POINT('',#8600);
#2955=VERTEX_POINT('',#8605);
#2956=VERTEX_POINT('',#8606);
#2957=VERTEX_POINT('',#8615);
#2958=VERTEX_POINT('',#8619);
#2959=VERTEX_POINT('',#8620);
#2960=VERTEX_POINT('',#8622);
#2961=VERTEX_POINT('',#8624);
#2962=VERTEX_POINT('',#8628);
#2963=VERTEX_POINT('',#8629);
#2964=VERTEX_POINT('',#8631);
#2965=VERTEX_POINT('',#8633);
#2966=VERTEX_POINT('',#8637);
#2967=VERTEX_POINT('',#8639);
#2968=VERTEX_POINT('',#8643);
#2969=VERTEX_POINT('',#8645);
#2970=VERTEX_POINT('',#8649);
#2971=VERTEX_POINT('',#8654);
#2972=VERTEX_POINT('',#8656);
#2973=VERTEX_POINT('',#8660);
#2974=VERTEX_POINT('',#8661);
#2975=VERTEX_POINT('',#8666);
#2976=VERTEX_POINT('',#8667);
#2977=VERTEX_POINT('',#8672);
#2978=VERTEX_POINT('',#8673);
#2979=VERTEX_POINT('',#8682);
#2980=VERTEX_POINT('',#8686);
#2981=VERTEX_POINT('',#8687);
#2982=VERTEX_POINT('',#8692);
#2983=VERTEX_POINT('',#8694);
#2984=VERTEX_POINT('',#8698);
#2985=VERTEX_POINT('',#8699);
#2986=VERTEX_POINT('',#8701);
#2987=VERTEX_POINT('',#8703);
#2988=VERTEX_POINT('',#8707);
#2989=VERTEX_POINT('',#8709);
#2990=VERTEX_POINT('',#8713);
#2991=VERTEX_POINT('',#8715);
#2992=VERTEX_POINT('',#8719);
#2993=VERTEX_POINT('',#8720);
#2994=VERTEX_POINT('',#8722);
#2995=VERTEX_POINT('',#8724);
#2996=VERTEX_POINT('',#8728);
#2997=VERTEX_POINT('',#8730);
#2998=VERTEX_POINT('',#8734);
#2999=VERTEX_POINT('',#8736);
#3000=VERTEX_POINT('',#8741);
#3001=VERTEX_POINT('',#8748);
#3002=VERTEX_POINT('',#8758);
#3003=VERTEX_POINT('',#8759);
#3004=VERTEX_POINT('',#8761);
#3005=VERTEX_POINT('',#8763);
#3006=VERTEX_POINT('',#8767);
#3007=VERTEX_POINT('',#8768);
#3008=VERTEX_POINT('',#8770);
#3009=VERTEX_POINT('',#8773);
#3010=VERTEX_POINT('',#8777);
#3011=VERTEX_POINT('',#8779);
#3012=VERTEX_POINT('',#8783);
#3013=VERTEX_POINT('',#8785);
#3014=VERTEX_POINT('',#8787);
#3015=VERTEX_POINT('',#8789);
#3016=VERTEX_POINT('',#8793);
#3017=VERTEX_POINT('',#8794);
#3018=VERTEX_POINT('',#8796);
#3019=VERTEX_POINT('',#8798);
#3020=VERTEX_POINT('',#8802);
#3021=VERTEX_POINT('',#8804);
#3022=VERTEX_POINT('',#8808);
#3023=VERTEX_POINT('',#8810);
#3024=VERTEX_POINT('',#8812);
#3025=VERTEX_POINT('',#8816);
#3026=VERTEX_POINT('',#8818);
#3027=VERTEX_POINT('',#8822);
#3028=VERTEX_POINT('',#8823);
#3029=VERTEX_POINT('',#8829);
#3030=VERTEX_POINT('',#8830);
#3031=VERTEX_POINT('',#8835);
#3032=VERTEX_POINT('',#8836);
#3033=VERTEX_POINT('',#8841);
#3034=VERTEX_POINT('',#8846);
#3035=VERTEX_POINT('',#8848);
#3036=VERTEX_POINT('',#8852);
#3037=VERTEX_POINT('',#8854);
#3038=VERTEX_POINT('',#8858);
#3039=VERTEX_POINT('',#8860);
#3040=VERTEX_POINT('',#8864);
#3041=VERTEX_POINT('',#8865);
#3042=VERTEX_POINT('',#8867);
#3043=VERTEX_POINT('',#8869);
#3044=VERTEX_POINT('',#8873);
#3045=VERTEX_POINT('',#8875);
#3046=VERTEX_POINT('',#8882);
#3047=VERTEX_POINT('',#8883);
#3048=VERTEX_POINT('',#8885);
#3049=VERTEX_POINT('',#8887);
#3050=VERTEX_POINT('',#8891);
#3051=VERTEX_POINT('',#8892);
#3052=VERTEX_POINT('',#8897);
#3053=VERTEX_POINT('',#8899);
#3054=VERTEX_POINT('',#8903);
#3055=VERTEX_POINT('',#8905);
#3056=VERTEX_POINT('',#8909);
#3057=VERTEX_POINT('',#8911);
#3058=VERTEX_POINT('',#8913);
#3059=VERTEX_POINT('',#8915);
#3060=VERTEX_POINT('',#8917);
#3061=VERTEX_POINT('',#8919);
#3062=VERTEX_POINT('',#8921);
#3063=VERTEX_POINT('',#8925);
#3064=VERTEX_POINT('',#8929);
#3065=VERTEX_POINT('',#8933);
#3066=VERTEX_POINT('',#8937);
#3067=VERTEX_POINT('',#8941);
#3068=VERTEX_POINT('',#8945);
#3069=VERTEX_POINT('',#8949);
#3070=VERTEX_POINT('',#8953);
#3071=VERTEX_POINT('',#8959);
#3072=VERTEX_POINT('',#8966);
#3073=VERTEX_POINT('',#8967);
#3074=VERTEX_POINT('',#8969);
#3075=VERTEX_POINT('',#8971);
#3076=VERTEX_POINT('',#8975);
#3077=VERTEX_POINT('',#8976);
#3078=VERTEX_POINT('',#8978);
#3079=VERTEX_POINT('',#8980);
#3080=VERTEX_POINT('',#8984);
#3081=VERTEX_POINT('',#8985);
#3082=VERTEX_POINT('',#8987);
#3083=VERTEX_POINT('',#8989);
#3084=VERTEX_POINT('',#8993);
#3085=VERTEX_POINT('',#8995);
#3086=VERTEX_POINT('',#8997);
#3087=VERTEX_POINT('',#9028);
#3088=VERTEX_POINT('',#9032);
#3089=VERTEX_POINT('',#9034);
#3090=VERTEX_POINT('',#9043);
#3091=VERTEX_POINT('',#9045);
#3092=VERTEX_POINT('',#9047);
#3093=VERTEX_POINT('',#9051);
#3094=VERTEX_POINT('',#9053);
#3095=VERTEX_POINT('',#9091);
#3096=VERTEX_POINT('',#9095);
#3097=VERTEX_POINT('',#9096);
#3098=VERTEX_POINT('',#9098);
#3099=VERTEX_POINT('',#9100);
#3100=VERTEX_POINT('',#9104);
#3101=VERTEX_POINT('',#9105);
#3102=VERTEX_POINT('',#9107);
#3103=VERTEX_POINT('',#9109);
#3104=VERTEX_POINT('',#9113);
#3105=VERTEX_POINT('',#9114);
#3106=VERTEX_POINT('',#9116);
#3107=VERTEX_POINT('',#9118);
#3108=VERTEX_POINT('',#9122);
#3109=VERTEX_POINT('',#9123);
#3110=VERTEX_POINT('',#9125);
#3111=VERTEX_POINT('',#9127);
#3112=VERTEX_POINT('',#9166);
#3113=VERTEX_POINT('',#9168);
#3114=VERTEX_POINT('',#9172);
#3115=VERTEX_POINT('',#9174);
#3116=VERTEX_POINT('',#9176);
#3117=VERTEX_POINT('',#9180);
#3118=VERTEX_POINT('',#9182);
#3119=VERTEX_POINT('',#9220);
#3120=VERTEX_POINT('',#9224);
#3121=VERTEX_POINT('',#9225);
#3122=VERTEX_POINT('',#9227);
#3123=VERTEX_POINT('',#9229);
#3124=VERTEX_POINT('',#9233);
#3125=VERTEX_POINT('',#9234);
#3126=VERTEX_POINT('',#9240);
#3127=VERTEX_POINT('',#9245);
#3128=VERTEX_POINT('',#9251);
#3129=VERTEX_POINT('',#9252);
#3130=VERTEX_POINT('',#9254);
#3131=VERTEX_POINT('',#9256);
#3132=VERTEX_POINT('',#9258);
#3133=VERTEX_POINT('',#9260);
#3134=VERTEX_POINT('',#9262);
#3135=VERTEX_POINT('',#9264);
#3136=VERTEX_POINT('',#9268);
#3137=VERTEX_POINT('',#9269);
#3138=VERTEX_POINT('',#9274);
#3139=VERTEX_POINT('',#9278);
#3140=VERTEX_POINT('',#9282);
#3141=VERTEX_POINT('',#9286);
#3142=VERTEX_POINT('',#9290);
#3143=VERTEX_POINT('',#9294);
#3144=VERTEX_POINT('',#9300);
#3145=VERTEX_POINT('',#9304);
#3146=VERTEX_POINT('',#9308);
#3147=VERTEX_POINT('',#9312);
#3148=VERTEX_POINT('',#9316);
#3149=VERTEX_POINT('',#9318);
#3150=VERTEX_POINT('',#9322);
#3151=VERTEX_POINT('',#9323);
#3152=VERTEX_POINT('',#9325);
#3153=VERTEX_POINT('',#9327);
#3154=VERTEX_POINT('',#9331);
#3155=VERTEX_POINT('',#9332);
#3156=VERTEX_POINT('',#9334);
#3157=VERTEX_POINT('',#9336);
#3158=VERTEX_POINT('',#9343);
#3159=VERTEX_POINT('',#9345);
#3160=VERTEX_POINT('',#9347);
#3161=VERTEX_POINT('',#9349);
#3162=VERTEX_POINT('',#9353);
#3163=VERTEX_POINT('',#9357);
#3164=VERTEX_POINT('',#9362);
#3165=VERTEX_POINT('',#9366);
#3166=VERTEX_POINT('',#9367);
#3167=VERTEX_POINT('',#9369);
#3168=VERTEX_POINT('',#9371);
#3169=VERTEX_POINT('',#9373);
#3170=VERTEX_POINT('',#9378);
#3171=VERTEX_POINT('',#9379);
#3172=VERTEX_POINT('',#9381);
#3173=VERTEX_POINT('',#9384);
#3174=VERTEX_POINT('',#9388);
#3175=VERTEX_POINT('',#9392);
#3176=VERTEX_POINT('',#9396);
#3177=VERTEX_POINT('',#9400);
#3178=VERTEX_POINT('',#9404);
#3179=VERTEX_POINT('',#9408);
#3180=VERTEX_POINT('',#9412);
#3181=VERTEX_POINT('',#9414);
#3182=VERTEX_POINT('',#9418);
#3183=VERTEX_POINT('',#9423);
#3184=VERTEX_POINT('',#9425);
#3185=VERTEX_POINT('',#9430);
#3186=VERTEX_POINT('',#9431);
#3187=VERTEX_POINT('',#9433);
#3188=VERTEX_POINT('',#9435);
#3189=VERTEX_POINT('',#9439);
#3190=VERTEX_POINT('',#9440);
#3191=VERTEX_POINT('',#9445);
#3192=VERTEX_POINT('',#9449);
#3193=VERTEX_POINT('',#9453);
#3194=VERTEX_POINT('',#9458);
#3195=VERTEX_POINT('',#9462);
#3196=VERTEX_POINT('',#9463);
#3197=VERTEX_POINT('',#9468);
#3198=VERTEX_POINT('',#9469);
#3199=VERTEX_POINT('',#9474);
#3200=VERTEX_POINT('',#9476);
#3201=VERTEX_POINT('',#9480);
#3202=VERTEX_POINT('',#9482);
#3203=VERTEX_POINT('',#9486);
#3204=VERTEX_POINT('',#9487);
#3205=VERTEX_POINT('',#9493);
#3206=VERTEX_POINT('',#9497);
#3207=VERTEX_POINT('',#9504);
#3208=VERTEX_POINT('',#9510);
#3209=VERTEX_POINT('',#9517);
#3210=VERTEX_POINT('',#9523);
#3211=LINE('',#7747,#3985);
#3212=LINE('',#7750,#3986);
#3213=LINE('',#7752,#3987);
#3214=LINE('',#7754,#3988);
#3215=LINE('',#7756,#3989);
#3216=LINE('',#7758,#3990);
#3217=LINE('',#7760,#3991);
#3218=LINE('',#7762,#3992);
#3219=LINE('',#7765,#3993);
#3220=LINE('',#7766,#3994);
#3221=LINE('',#7768,#3995);
#3222=LINE('',#7771,#3996);
#3223=LINE('',#7772,#3997);
#3224=LINE('',#7774,#3998);
#3225=LINE('',#7776,#3999);
#3226=LINE('',#7778,#4000);
#3227=LINE('',#7780,#4001);
#3228=LINE('',#7782,#4002);
#3229=LINE('',#7784,#4003);
#3230=LINE('',#7786,#4004);
#3231=LINE('',#7788,#4005);
#3232=LINE('',#7790,#4006);
#3233=LINE('',#7792,#4007);
#3234=LINE('',#7794,#4008);
#3235=LINE('',#7797,#4009);
#3236=LINE('',#7800,#4010);
#3237=LINE('',#7802,#4011);
#3238=LINE('',#7804,#4012);
#3239=LINE('',#7806,#4013);
#3240=LINE('',#7808,#4014);
#3241=LINE('',#7810,#4015);
#3242=LINE('',#7812,#4016);
#3243=LINE('',#7814,#4017);
#3244=LINE('',#7816,#4018);
#3245=LINE('',#7818,#4019);
#3246=LINE('',#7820,#4020);
#3247=LINE('',#7822,#4021);
#3248=LINE('',#7824,#4022);
#3249=LINE('',#7826,#4023);
#3250=LINE('',#7828,#4024);
#3251=LINE('',#7830,#4025);
#3252=LINE('',#7832,#4026);
#3253=LINE('',#7834,#4027);
#3254=LINE('',#7837,#4028);
#3255=LINE('',#7839,#4029);
#3256=LINE('',#7841,#4030);
#3257=LINE('',#7843,#4031);
#3258=LINE('',#7846,#4032);
#3259=LINE('',#7847,#4033);
#3260=LINE('',#7849,#4034);
#3261=LINE('',#7851,#4035);
#3262=LINE('',#7852,#4036);
#3263=LINE('',#7854,#4037);
#3264=LINE('',#7856,#4038);
#3265=LINE('',#7858,#4039);
#3266=LINE('',#7861,#4040);
#3267=LINE('',#7863,#4041);
#3268=LINE('',#7865,#4042);
#3269=LINE('',#7867,#4043);
#3270=LINE('',#7869,#4044);
#3271=LINE('',#7875,#4045);
#3272=LINE('',#7877,#4046);
#3273=LINE('',#7879,#4047);
#3274=LINE('',#7881,#4048);
#3275=LINE('',#7883,#4049);
#3276=LINE('',#7887,#4050);
#3277=LINE('',#7891,#4051);
#3278=LINE('',#7894,#4052);
#3279=LINE('',#7896,#4053);
#3280=LINE('',#7898,#4054);
#3281=LINE('',#7900,#4055);
#3282=LINE('',#7903,#4056);
#3283=LINE('',#7905,#4057);
#3284=LINE('',#7907,#4058);
#3285=LINE('',#7909,#4059);
#3286=LINE('',#7912,#4060);
#3287=LINE('',#7914,#4061);
#3288=LINE('',#7916,#4062);
#3289=LINE('',#7918,#4063);
#3290=LINE('',#7920,#4064);
#3291=LINE('',#7922,#4065);
#3292=LINE('',#7924,#4066);
#3293=LINE('',#7926,#4067);
#3294=LINE('',#7928,#4068);
#3295=LINE('',#7931,#4069);
#3296=LINE('',#7933,#4070);
#3297=LINE('',#7935,#4071);
#3298=LINE('',#7937,#4072);
#3299=LINE('',#7939,#4073);
#3300=LINE('',#7941,#4074);
#3301=LINE('',#7943,#4075);
#3302=LINE('',#7945,#4076);
#3303=LINE('',#7947,#4077);
#3304=LINE('',#7949,#4078);
#3305=LINE('',#7951,#4079);
#3306=LINE('',#7953,#4080);
#3307=LINE('',#7955,#4081);
#3308=LINE('',#7957,#4082);
#3309=LINE('',#7959,#4083);
#3310=LINE('',#7961,#4084);
#3311=LINE('',#7963,#4085);
#3312=LINE('',#7965,#4086);
#3313=LINE('',#7967,#4087);
#3314=LINE('',#7969,#4088);
#3315=LINE('',#7971,#4089);
#3316=LINE('',#7973,#4090);
#3317=LINE('',#7975,#4091);
#3318=LINE('',#7977,#4092);
#3319=LINE('',#7980,#4093);
#3320=LINE('',#7982,#4094);
#3321=LINE('',#7984,#4095);
#3322=LINE('',#7986,#4096);
#3323=LINE('',#7989,#4097);
#3324=LINE('',#7990,#4098);
#3325=LINE('',#7992,#4099);
#3326=LINE('',#7994,#4100);
#3327=LINE('',#7996,#4101);
#3328=LINE('',#7998,#4102);
#3329=LINE('',#8000,#4103);
#3330=LINE('',#8002,#4104);
#3331=LINE('',#8006,#4105);
#3332=LINE('',#8010,#4106);
#3333=LINE('',#8012,#4107);
#3334=LINE('',#8014,#4108);
#3335=LINE('',#8016,#4109);
#3336=LINE('',#8018,#4110);
#3337=LINE('',#8020,#4111);
#3338=LINE('',#8022,#4112);
#3339=LINE('',#8025,#4113);
#3340=LINE('',#8026,#4114);
#3341=LINE('',#8028,#4115);
#3342=LINE('',#8030,#4116);
#3343=LINE('',#8032,#4117);
#3344=LINE('',#8034,#4118);
#3345=LINE('',#8036,#4119);
#3346=LINE('',#8038,#4120);
#3347=LINE('',#8040,#4121);
#3348=LINE('',#8043,#4122);
#3349=LINE('',#8045,#4123);
#3350=LINE('',#8047,#4124);
#3351=LINE('',#8049,#4125);
#3352=LINE('',#8051,#4126);
#3353=LINE('',#8053,#4127);
#3354=LINE('',#8055,#4128);
#3355=LINE('',#8057,#4129);
#3356=LINE('',#8059,#4130);
#3357=LINE('',#8061,#4131);
#3358=LINE('',#8063,#4132);
#3359=LINE('',#8065,#4133);
#3360=LINE('',#8067,#4134);
#3361=LINE('',#8069,#4135);
#3362=LINE('',#8071,#4136);
#3363=LINE('',#8073,#4137);
#3364=LINE('',#8074,#4138);
#3365=LINE('',#8076,#4139);
#3366=LINE('',#8077,#4140);
#3367=LINE('',#8079,#4141);
#3368=LINE('',#8081,#4142);
#3369=LINE('',#8083,#4143);
#3370=LINE('',#8086,#4144);
#3371=LINE('',#8087,#4145);
#3372=LINE('',#8088,#4146);
#3373=LINE('',#8090,#4147);
#3374=LINE('',#8092,#4148);
#3375=LINE('',#8094,#4149);
#3376=LINE('',#8096,#4150);
#3377=LINE('',#8097,#4151);
#3378=LINE('',#8099,#4152);
#3379=LINE('',#8102,#4153);
#3380=LINE('',#8104,#4154);
#3381=LINE('',#8106,#4155);
#3382=LINE('',#8108,#4156);
#3383=LINE('',#8111,#4157);
#3384=LINE('',#8113,#4158);
#3385=LINE('',#8115,#4159);
#3386=LINE('',#8117,#4160);
#3387=LINE('',#8120,#4161);
#3388=LINE('',#8122,#4162);
#3389=LINE('',#8124,#4163);
#3390=LINE('',#8126,#4164);
#3391=LINE('',#8128,#4165);
#3392=LINE('',#8130,#4166);
#3393=LINE('',#8132,#4167);
#3394=LINE('',#8134,#4168);
#3395=LINE('',#8136,#4169);
#3396=LINE('',#8138,#4170);
#3397=LINE('',#8140,#4171);
#3398=LINE('',#8141,#4172);
#3399=LINE('',#8143,#4173);
#3400=LINE('',#8145,#4174);
#3401=LINE('',#8147,#4175);
#3402=LINE('',#8149,#4176);
#3403=LINE('',#8152,#4177);
#3404=LINE('',#8153,#4178);
#3405=LINE('',#8155,#4179);
#3406=LINE('',#8158,#4180);
#3407=LINE('',#8159,#4181);
#3408=LINE('',#8161,#4182);
#3409=LINE('',#8164,#4183);
#3410=LINE('',#8165,#4184);
#3411=LINE('',#8167,#4185);
#3412=LINE('',#8168,#4186);
#3413=LINE('',#8169,#4187);
#3414=LINE('',#8171,#4188);
#3415=LINE('',#8173,#4189);
#3416=LINE('',#8175,#4190);
#3417=LINE('',#8178,#4191);
#3418=LINE('',#8180,#4192);
#3419=LINE('',#8182,#4193);
#3420=LINE('',#8184,#4194);
#3421=LINE('',#8187,#4195);
#3422=LINE('',#8189,#4196);
#3423=LINE('',#8191,#4197);
#3424=LINE('',#8193,#4198);
#3425=LINE('',#8195,#4199);
#3426=LINE('',#8197,#4200);
#3427=LINE('',#8199,#4201);
#3428=LINE('',#8201,#4202);
#3429=LINE('',#8203,#4203);
#3430=LINE('',#8205,#4204);
#3431=LINE('',#8207,#4205);
#3432=LINE('',#8208,#4206);
#3433=LINE('',#8210,#4207);
#3434=LINE('',#8212,#4208);
#3435=LINE('',#8214,#4209);
#3436=LINE('',#8216,#4210);
#3437=LINE('',#8219,#4211);
#3438=LINE('',#8220,#4212);
#3439=LINE('',#8222,#4213);
#3440=LINE('',#8225,#4214);
#3441=LINE('',#8226,#4215);
#3442=LINE('',#8228,#4216);
#3443=LINE('',#8231,#4217);
#3444=LINE('',#8232,#4218);
#3445=LINE('',#8234,#4219);
#3446=LINE('',#8235,#4220);
#3447=LINE('',#8236,#4221);
#3448=LINE('',#8238,#4222);
#3449=LINE('',#8240,#4223);
#3450=LINE('',#8242,#4224);
#3451=LINE('',#8247,#4225);
#3452=LINE('',#8251,#4226);
#3453=LINE('',#8254,#4227);
#3454=LINE('',#8256,#4228);
#3455=LINE('',#8258,#4229);
#3456=LINE('',#8260,#4230);
#3457=LINE('',#8263,#4231);
#3458=LINE('',#8265,#4232);
#3459=LINE('',#8267,#4233);
#3460=LINE('',#8269,#4234);
#3461=LINE('',#8271,#4235);
#3462=LINE('',#8273,#4236);
#3463=LINE('',#8275,#4237);
#3464=LINE('',#8277,#4238);
#3465=LINE('',#8278,#4239);
#3466=LINE('',#8280,#4240);
#3467=LINE('',#8282,#4241);
#3468=LINE('',#8284,#4242);
#3469=LINE('',#8285,#4243);
#3470=LINE('',#8290,#4244);
#3471=LINE('',#8294,#4245);
#3472=LINE('',#8299,#4246);
#3473=LINE('',#8300,#4247);
#3474=LINE('',#8302,#4248);
#3475=LINE('',#8304,#4249);
#3476=LINE('',#8308,#4250);
#3477=LINE('',#8310,#4251);
#3478=LINE('',#8312,#4252);
#3479=LINE('',#8314,#4253);
#3480=LINE('',#8316,#4254);
#3481=LINE('',#8318,#4255);
#3482=LINE('',#8320,#4256);
#3483=LINE('',#8323,#4257);
#3484=LINE('',#8325,#4258);
#3485=LINE('',#8329,#4259);
#3486=LINE('',#8331,#4260);
#3487=LINE('',#8333,#4261);
#3488=LINE('',#8337,#4262);
#3489=LINE('',#8339,#4263);
#3490=LINE('',#8342,#4264);
#3491=LINE('',#8344,#4265);
#3492=LINE('',#8345,#4266);
#3493=LINE('',#8347,#4267);
#3494=LINE('',#8352,#4268);
#3495=LINE('',#8356,#4269);
#3496=LINE('',#8361,#4270);
#3497=LINE('',#8362,#4271);
#3498=LINE('',#8364,#4272);
#3499=LINE('',#8366,#4273);
#3500=LINE('',#8370,#4274);
#3501=LINE('',#8372,#4275);
#3502=LINE('',#8375,#4276);
#3503=LINE('',#8377,#4277);
#3504=LINE('',#8379,#4278);
#3505=LINE('',#8380,#4279);
#3506=LINE('',#8382,#4280);
#3507=LINE('',#8385,#4281);
#3508=LINE('',#8386,#4282);
#3509=LINE('',#8388,#4283);
#3510=LINE('',#8390,#4284);
#3511=LINE('',#8392,#4285);
#3512=LINE('',#8396,#4286);
#3513=LINE('',#8398,#4287);
#3514=LINE('',#8401,#4288);
#3515=LINE('',#8402,#4289);
#3516=LINE('',#8406,#4290);
#3517=LINE('',#8408,#4291);
#3518=LINE('',#8410,#4292);
#3519=LINE('',#8411,#4293);
#3520=LINE('',#8412,#4294);
#3521=LINE('',#8414,#4295);
#3522=LINE('',#8416,#4296);
#3523=LINE('',#8418,#4297);
#3524=LINE('',#8420,#4298);
#3525=LINE('',#8422,#4299);
#3526=LINE('',#8424,#4300);
#3527=LINE('',#8426,#4301);
#3528=LINE('',#8427,#4302);
#3529=LINE('',#8429,#4303);
#3530=LINE('',#8435,#4304);
#3531=LINE('',#8438,#4305);
#3532=LINE('',#8440,#4306);
#3533=LINE('',#8442,#4307);
#3534=LINE('',#8444,#4308);
#3535=LINE('',#8446,#4309);
#3536=LINE('',#8448,#4310);
#3537=LINE('',#8450,#4311);
#3538=LINE('',#8453,#4312);
#3539=LINE('',#8454,#4313);
#3540=LINE('',#8456,#4314);
#3541=LINE('',#8458,#4315);
#3542=LINE('',#8460,#4316);
#3543=LINE('',#8462,#4317);
#3544=LINE('',#8464,#4318);
#3545=LINE('',#8466,#4319);
#3546=LINE('',#8468,#4320);
#3547=LINE('',#8470,#4321);
#3548=LINE('',#8472,#4322);
#3549=LINE('',#8474,#4323);
#3550=LINE('',#8476,#4324);
#3551=LINE('',#8478,#4325);
#3552=LINE('',#8480,#4326);
#3553=LINE('',#8482,#4327);
#3554=LINE('',#8484,#4328);
#3555=LINE('',#8486,#4329);
#3556=LINE('',#8488,#4330);
#3557=LINE('',#8489,#4331);
#3558=LINE('',#8491,#4332);
#3559=LINE('',#8493,#4333);
#3560=LINE('',#8495,#4334);
#3561=LINE('',#8497,#4335);
#3562=LINE('',#8499,#4336);
#3563=LINE('',#8500,#4337);
#3564=LINE('',#8502,#4338);
#3565=LINE('',#8503,#4339);
#3566=LINE('',#8504,#4340);
#3567=LINE('',#8506,#4341);
#3568=LINE('',#8508,#4342);
#3569=LINE('',#8509,#4343);
#3570=LINE('',#8511,#4344);
#3571=LINE('',#8517,#4345);
#3572=LINE('',#8520,#4346);
#3573=LINE('',#8521,#4347);
#3574=LINE('',#8523,#4348);
#3575=LINE('',#8526,#4349);
#3576=LINE('',#8528,#4350);
#3577=LINE('',#8532,#4351);
#3578=LINE('',#8533,#4352);
#3579=LINE('',#8535,#4353);
#3580=LINE('',#8538,#4354);
#3581=LINE('',#8539,#4355);
#3582=LINE('',#8541,#4356);
#3583=LINE('',#8543,#4357);
#3584=LINE('',#8545,#4358);
#3585=LINE('',#8547,#4359);
#3586=LINE('',#8551,#4360);
#3587=LINE('',#8554,#4361);
#3588=LINE('',#8556,#4362);
#3589=LINE('',#8558,#4363);
#3590=LINE('',#8560,#4364);
#3591=LINE('',#8563,#4365);
#3592=LINE('',#8565,#4366);
#3593=LINE('',#8567,#4367);
#3594=LINE('',#8569,#4368);
#3595=LINE('',#8571,#4369);
#3596=LINE('',#8573,#4370);
#3597=LINE('',#8575,#4371);
#3598=LINE('',#8577,#4372);
#3599=LINE('',#8579,#4373);
#3600=LINE('',#8581,#4374);
#3601=LINE('',#8583,#4375);
#3602=LINE('',#8584,#4376);
#3603=LINE('',#8586,#4377);
#3604=LINE('',#8588,#4378);
#3605=LINE('',#8590,#4379);
#3606=LINE('',#8592,#4380);
#3607=LINE('',#8595,#4381);
#3608=LINE('',#8596,#4382);
#3609=LINE('',#8598,#4383);
#3610=LINE('',#8601,#4384);
#3611=LINE('',#8602,#4385);
#3612=LINE('',#8604,#4386);
#3613=LINE('',#8607,#4387);
#3614=LINE('',#8608,#4388);
#3615=LINE('',#8610,#4389);
#3616=LINE('',#8611,#4390);
#3617=LINE('',#8612,#4391);
#3618=LINE('',#8614,#4392);
#3619=LINE('',#8616,#4393);
#3620=LINE('',#8618,#4394);
#3621=LINE('',#8621,#4395);
#3622=LINE('',#8623,#4396);
#3623=LINE('',#8625,#4397);
#3624=LINE('',#8627,#4398);
#3625=LINE('',#8630,#4399);
#3626=LINE('',#8632,#4400);
#3627=LINE('',#8634,#4401);
#3628=LINE('',#8636,#4402);
#3629=LINE('',#8638,#4403);
#3630=LINE('',#8640,#4404);
#3631=LINE('',#8642,#4405);
#3632=LINE('',#8644,#4406);
#3633=LINE('',#8646,#4407);
#3634=LINE('',#8648,#4408);
#3635=LINE('',#8650,#4409);
#3636=LINE('',#8651,#4410);
#3637=LINE('',#8653,#4411);
#3638=LINE('',#8655,#4412);
#3639=LINE('',#8657,#4413);
#3640=LINE('',#8659,#4414);
#3641=LINE('',#8662,#4415);
#3642=LINE('',#8663,#4416);
#3643=LINE('',#8665,#4417);
#3644=LINE('',#8668,#4418);
#3645=LINE('',#8669,#4419);
#3646=LINE('',#8671,#4420);
#3647=LINE('',#8674,#4421);
#3648=LINE('',#8675,#4422);
#3649=LINE('',#8677,#4423);
#3650=LINE('',#8678,#4424);
#3651=LINE('',#8679,#4425);
#3652=LINE('',#8681,#4426);
#3653=LINE('',#8683,#4427);
#3654=LINE('',#8685,#4428);
#3655=LINE('',#8688,#4429);
#3656=LINE('',#8689,#4430);
#3657=LINE('',#8690,#4431);
#3658=LINE('',#8691,#4432);
#3659=LINE('',#8693,#4433);
#3660=LINE('',#8695,#4434);
#3661=LINE('',#8697,#4435);
#3662=LINE('',#8700,#4436);
#3663=LINE('',#8702,#4437);
#3664=LINE('',#8704,#4438);
#3665=LINE('',#8706,#4439);
#3666=LINE('',#8708,#4440);
#3667=LINE('',#8710,#4441);
#3668=LINE('',#8712,#4442);
#3669=LINE('',#8714,#4443);
#3670=LINE('',#8716,#4444);
#3671=LINE('',#8718,#4445);
#3672=LINE('',#8721,#4446);
#3673=LINE('',#8723,#4447);
#3674=LINE('',#8725,#4448);
#3675=LINE('',#8727,#4449);
#3676=LINE('',#8729,#4450);
#3677=LINE('',#8731,#4451);
#3678=LINE('',#8733,#4452);
#3679=LINE('',#8735,#4453);
#3680=LINE('',#8737,#4454);
#3681=LINE('',#8739,#4455);
#3682=LINE('',#8740,#4456);
#3683=LINE('',#8742,#4457);
#3684=LINE('',#8744,#4458);
#3685=LINE('',#8745,#4459);
#3686=LINE('',#8747,#4460);
#3687=LINE('',#8749,#4461);
#3688=LINE('',#8751,#4462);
#3689=LINE('',#8752,#4463);
#3690=LINE('',#8754,#4464);
#3691=LINE('',#8755,#4465);
#3692=LINE('',#8757,#4466);
#3693=LINE('',#8760,#4467);
#3694=LINE('',#8762,#4468);
#3695=LINE('',#8764,#4469);
#3696=LINE('',#8766,#4470);
#3697=LINE('',#8769,#4471);
#3698=LINE('',#8771,#4472);
#3699=LINE('',#8772,#4473);
#3700=LINE('',#8774,#4474);
#3701=LINE('',#8776,#4475);
#3702=LINE('',#8778,#4476);
#3703=LINE('',#8780,#4477);
#3704=LINE('',#8782,#4478);
#3705=LINE('',#8784,#4479);
#3706=LINE('',#8786,#4480);
#3707=LINE('',#8788,#4481);
#3708=LINE('',#8790,#4482);
#3709=LINE('',#8792,#4483);
#3710=LINE('',#8795,#4484);
#3711=LINE('',#8797,#4485);
#3712=LINE('',#8799,#4486);
#3713=LINE('',#8801,#4487);
#3714=LINE('',#8803,#4488);
#3715=LINE('',#8805,#4489);
#3716=LINE('',#8807,#4490);
#3717=LINE('',#8809,#4491);
#3718=LINE('',#8811,#4492);
#3719=LINE('',#8813,#4493);
#3720=LINE('',#8815,#4494);
#3721=LINE('',#8817,#4495);
#3722=LINE('',#8819,#4496);
#3723=LINE('',#8821,#4497);
#3724=LINE('',#8824,#4498);
#3725=LINE('',#8825,#4499);
#3726=LINE('',#8826,#4500);
#3727=LINE('',#8828,#4501);
#3728=LINE('',#8831,#4502);
#3729=LINE('',#8832,#4503);
#3730=LINE('',#8834,#4504);
#3731=LINE('',#8837,#4505);
#3732=LINE('',#8838,#4506);
#3733=LINE('',#8840,#4507);
#3734=LINE('',#8842,#4508);
#3735=LINE('',#8844,#4509);
#3736=LINE('',#8845,#4510);
#3737=LINE('',#8847,#4511);
#3738=LINE('',#8849,#4512);
#3739=LINE('',#8851,#4513);
#3740=LINE('',#8853,#4514);
#3741=LINE('',#8855,#4515);
#3742=LINE('',#8857,#4516);
#3743=LINE('',#8859,#4517);
#3744=LINE('',#8861,#4518);
#3745=LINE('',#8863,#4519);
#3746=LINE('',#8866,#4520);
#3747=LINE('',#8868,#4521);
#3748=LINE('',#8870,#4522);
#3749=LINE('',#8872,#4523);
#3750=LINE('',#8874,#4524);
#3751=LINE('',#8876,#4525);
#3752=LINE('',#8878,#4526);
#3753=LINE('',#8879,#4527);
#3754=LINE('',#8881,#4528);
#3755=LINE('',#8884,#4529);
#3756=LINE('',#8886,#4530);
#3757=LINE('',#8888,#4531);
#3758=LINE('',#8890,#4532);
#3759=LINE('',#8893,#4533);
#3760=LINE('',#8894,#4534);
#3761=LINE('',#8896,#4535);
#3762=LINE('',#8898,#4536);
#3763=LINE('',#8900,#4537);
#3764=LINE('',#8902,#4538);
#3765=LINE('',#8904,#4539);
#3766=LINE('',#8906,#4540);
#3767=LINE('',#8908,#4541);
#3768=LINE('',#8912,#4542);
#3769=LINE('',#8914,#4543);
#3770=LINE('',#8916,#4544);
#3771=LINE('',#8918,#4545);
#3772=LINE('',#8920,#4546);
#3773=LINE('',#8922,#4547);
#3774=LINE('',#8926,#4548);
#3775=LINE('',#8928,#4549);
#3776=LINE('',#8930,#4550);
#3777=LINE('',#8932,#4551);
#3778=LINE('',#8934,#4552);
#3779=LINE('',#8936,#4553);
#3780=LINE('',#8938,#4554);
#3781=LINE('',#8940,#4555);
#3782=LINE('',#8942,#4556);
#3783=LINE('',#8944,#4557);
#3784=LINE('',#8946,#4558);
#3785=LINE('',#8947,#4559);
#3786=LINE('',#8948,#4560);
#3787=LINE('',#8950,#4561);
#3788=LINE('',#8952,#4562);
#3789=LINE('',#8954,#4563);
#3790=LINE('',#8956,#4564);
#3791=LINE('',#8958,#4565);
#3792=LINE('',#8960,#4566);
#3793=LINE('',#8961,#4567);
#3794=LINE('',#8963,#4568);
#3795=LINE('',#8965,#4569);
#3796=LINE('',#8970,#4570);
#3797=LINE('',#8974,#4571);
#3798=LINE('',#8977,#4572);
#3799=LINE('',#8979,#4573);
#3800=LINE('',#8981,#4574);
#3801=LINE('',#8983,#4575);
#3802=LINE('',#8988,#4576);
#3803=LINE('',#8992,#4577);
#3804=LINE('',#8996,#4578);
#3805=LINE('',#9031,#4579);
#3806=LINE('',#9033,#4580);
#3807=LINE('',#9037,#4581);
#3808=LINE('',#9039,#4582);
#3809=LINE('',#9040,#4583);
#3810=LINE('',#9042,#4584);
#3811=LINE('',#9044,#4585);
#3812=LINE('',#9046,#4586);
#3813=LINE('',#9048,#4587);
#3814=LINE('',#9052,#4588);
#3815=LINE('',#9056,#4589);
#3816=LINE('',#9057,#4590);
#3817=LINE('',#9092,#4591);
#3818=LINE('',#9094,#4592);
#3819=LINE('',#9099,#4593);
#3820=LINE('',#9103,#4594);
#3821=LINE('',#9108,#4595);
#3822=LINE('',#9112,#4596);
#3823=LINE('',#9115,#4597);
#3824=LINE('',#9117,#4598);
#3825=LINE('',#9119,#4599);
#3826=LINE('',#9121,#4600);
#3827=LINE('',#9126,#4601);
#3828=LINE('',#9130,#4602);
#3829=LINE('',#9131,#4603);
#3830=LINE('',#9132,#4604);
#3831=LINE('',#9165,#4605);
#3832=LINE('',#9169,#4606);
#3833=LINE('',#9171,#4607);
#3834=LINE('',#9173,#4608);
#3835=LINE('',#9175,#4609);
#3836=LINE('',#9177,#4610);
#3837=LINE('',#9181,#4611);
#3838=LINE('',#9185,#4612);
#3839=LINE('',#9186,#4613);
#3840=LINE('',#9221,#4614);
#3841=LINE('',#9223,#4615);
#3842=LINE('',#9226,#4616);
#3843=LINE('',#9228,#4617);
#3844=LINE('',#9230,#4618);
#3845=LINE('',#9232,#4619);
#3846=LINE('',#9235,#4620);
#3847=LINE('',#9236,#4621);
#3848=LINE('',#9237,#4622);
#3849=LINE('',#9239,#4623);
#3850=LINE('',#9241,#4624);
#3851=LINE('',#9243,#4625);
#3852=LINE('',#9244,#4626);
#3853=LINE('',#9246,#4627);
#3854=LINE('',#9248,#4628);
#3855=LINE('',#9250,#4629);
#3856=LINE('',#9255,#4630);
#3857=LINE('',#9259,#4631);
#3858=LINE('',#9263,#4632);
#3859=LINE('',#9267,#4633);
#3860=LINE('',#9270,#4634);
#3861=LINE('',#9271,#4635);
#3862=LINE('',#9275,#4636);
#3863=LINE('',#9277,#4637);
#3864=LINE('',#9279,#4638);
#3865=LINE('',#9283,#4639);
#3866=LINE('',#9285,#4640);
#3867=LINE('',#9287,#4641);
#3868=LINE('',#9291,#4642);
#3869=LINE('',#9293,#4643);
#3870=LINE('',#9295,#4644);
#3871=LINE('',#9299,#4645);
#3872=LINE('',#9301,#4646);
#3873=LINE('',#9303,#4647);
#3874=LINE('',#9305,#4648);
#3875=LINE('',#9307,#4649);
#3876=LINE('',#9309,#4650);
#3877=LINE('',#9311,#4651);
#3878=LINE('',#9313,#4652);
#3879=LINE('',#9315,#4653);
#3880=LINE('',#9317,#4654);
#3881=LINE('',#9319,#4655);
#3882=LINE('',#9321,#4656);
#3883=LINE('',#9324,#4657);
#3884=LINE('',#9326,#4658);
#3885=LINE('',#9328,#4659);
#3886=LINE('',#9330,#4660);
#3887=LINE('',#9333,#4661);
#3888=LINE('',#9335,#4662);
#3889=LINE('',#9337,#4663);
#3890=LINE('',#9339,#4664);
#3891=LINE('',#9340,#4665);
#3892=LINE('',#9342,#4666);
#3893=LINE('',#9344,#4667);
#3894=LINE('',#9346,#4668);
#3895=LINE('',#9348,#4669);
#3896=LINE('',#9350,#4670);
#3897=LINE('',#9352,#4671);
#3898=LINE('',#9354,#4672);
#3899=LINE('',#9356,#4673);
#3900=LINE('',#9358,#4674);
#3901=LINE('',#9359,#4675);
#3902=LINE('',#9361,#4676);
#3903=LINE('',#9363,#4677);
#3904=LINE('',#9365,#4678);
#3905=LINE('',#9368,#4679);
#3906=LINE('',#9370,#4680);
#3907=LINE('',#9372,#4681);
#3908=LINE('',#9374,#4682);
#3909=LINE('',#9375,#4683);
#3910=LINE('',#9377,#4684);
#3911=LINE('',#9380,#4685);
#3912=LINE('',#9382,#4686);
#3913=LINE('',#9383,#4687);
#3914=LINE('',#9385,#4688);
#3915=LINE('',#9387,#4689);
#3916=LINE('',#9389,#4690);
#3917=LINE('',#9391,#4691);
#3918=LINE('',#9393,#4692);
#3919=LINE('',#9395,#4693);
#3920=LINE('',#9397,#4694);
#3921=LINE('',#9399,#4695);
#3922=LINE('',#9401,#4696);
#3923=LINE('',#9403,#4697);
#3924=LINE('',#9405,#4698);
#3925=LINE('',#9407,#4699);
#3926=LINE('',#9409,#4700);
#3927=LINE('',#9411,#4701);
#3928=LINE('',#9413,#4702);
#3929=LINE('',#9415,#4703);
#3930=LINE('',#9417,#4704);
#3931=LINE('',#9419,#4705);
#3932=LINE('',#9420,#4706);
#3933=LINE('',#9422,#4707);
#3934=LINE('',#9424,#4708);
#3935=LINE('',#9426,#4709);
#3936=LINE('',#9427,#4710);
#3937=LINE('',#9432,#4711);
#3938=LINE('',#9436,#4712);
#3939=LINE('',#9438,#4713);
#3940=LINE('',#9441,#4714);
#3941=LINE('',#9442,#4715);
#3942=LINE('',#9444,#4716);
#3943=LINE('',#9446,#4717);
#3944=LINE('',#9448,#4718);
#3945=LINE('',#9450,#4719);
#3946=LINE('',#9452,#4720);
#3947=LINE('',#9454,#4721);
#3948=LINE('',#9455,#4722);
#3949=LINE('',#9457,#4723);
#3950=LINE('',#9459,#4724);
#3951=LINE('',#9461,#4725);
#3952=LINE('',#9464,#4726);
#3953=LINE('',#9465,#4727);
#3954=LINE('',#9467,#4728);
#3955=LINE('',#9470,#4729);
#3956=LINE('',#9471,#4730);
#3957=LINE('',#9473,#4731);
#3958=LINE('',#9475,#4732);
#3959=LINE('',#9477,#4733);
#3960=LINE('',#9479,#4734);
#3961=LINE('',#9481,#4735);
#3962=LINE('',#9483,#4736);
#3963=LINE('',#9489,#4737);
#3964=LINE('',#9490,#4738);
#3965=LINE('',#9492,#4739);
#3966=LINE('',#9496,#4740);
#3967=LINE('',#9498,#4741);
#3968=LINE('',#9501,#4742);
#3969=LINE('',#9503,#4743);
#3970=LINE('',#9505,#4744);
#3971=LINE('',#9506,#4745);
#3972=LINE('',#9507,#4746);
#3973=LINE('',#9509,#4747);
#3974=LINE('',#9511,#4748);
#3975=LINE('',#9513,#4749);
#3976=LINE('',#9515,#4750);
#3977=LINE('',#9516,#4751);
#3978=LINE('',#9518,#4752);
#3979=LINE('',#9520,#4753);
#3980=LINE('',#9522,#4754);
#3981=LINE('',#9524,#4755);
#3982=LINE('',#9526,#4756);
#3983=LINE('',#9527,#4757);
#3984=LINE('',#9529,#4758);
#3985=VECTOR('',#6269,1000.);
#3986=VECTOR('',#6270,1000.);
#3987=VECTOR('',#6271,1000.);
#3988=VECTOR('',#6272,1000.);
#3989=VECTOR('',#6275,1000.);
#3990=VECTOR('',#6276,1000.);
#3991=VECTOR('',#6277,1000.);
#3992=VECTOR('',#6280,1000.);
#3993=VECTOR('',#6281,1000.);
#3994=VECTOR('',#6282,1000.);
#3995=VECTOR('',#6285,1000.);
#3996=VECTOR('',#6286,1000.);
#3997=VECTOR('',#6287,1000.);
#3998=VECTOR('',#6290,1000.);
#3999=VECTOR('',#6291,1000.);
#4000=VECTOR('',#6292,1000.);
#4001=VECTOR('',#6293,1000.);
#4002=VECTOR('',#6296,1000.);
#4003=VECTOR('',#6297,1000.);
#4004=VECTOR('',#6298,1000.);
#4005=VECTOR('',#6301,1000.);
#4006=VECTOR('',#6304,1000.);
#4007=VECTOR('',#6305,1000.);
#4008=VECTOR('',#6308,1000.);
#4009=VECTOR('',#6313,1000.);
#4010=VECTOR('',#6314,1000.);
#4011=VECTOR('',#6315,1000.);
#4012=VECTOR('',#6316,1000.);
#4013=VECTOR('',#6319,1000.);
#4014=VECTOR('',#6320,1000.);
#4015=VECTOR('',#6321,1000.);
#4016=VECTOR('',#6324,1000.);
#4017=VECTOR('',#6325,1000.);
#4018=VECTOR('',#6326,1000.);
#4019=VECTOR('',#6329,1000.);
#4020=VECTOR('',#6330,1000.);
#4021=VECTOR('',#6333,1000.);
#4022=VECTOR('',#6334,1000.);
#4023=VECTOR('',#6337,1000.);
#4024=VECTOR('',#6338,1000.);
#4025=VECTOR('',#6341,1000.);
#4026=VECTOR('',#6342,1000.);
#4027=VECTOR('',#6345,1000.);
#4028=VECTOR('',#6346,1000.);
#4029=VECTOR('',#6347,1000.);
#4030=VECTOR('',#6348,1000.);
#4031=VECTOR('',#6351,1000.);
#4032=VECTOR('',#6352,1000.);
#4033=VECTOR('',#6353,1000.);
#4034=VECTOR('',#6356,1000.);
#4035=VECTOR('',#6357,1000.);
#4036=VECTOR('',#6358,1000.);
#4037=VECTOR('',#6361,1000.);
#4038=VECTOR('',#6362,1000.);
#4039=VECTOR('',#6365,1000.);
#4040=VECTOR('',#6366,1000.);
#4041=VECTOR('',#6367,1000.);
#4042=VECTOR('',#6368,1000.);
#4043=VECTOR('',#6371,1000.);
#4044=VECTOR('',#6372,1000.);
#4045=VECTOR('',#6377,1000.);
#4046=VECTOR('',#6380,1000.);
#4047=VECTOR('',#6381,1000.);
#4048=VECTOR('',#6382,1000.);
#4049=VECTOR('',#6385,1000.);
#4050=VECTOR('',#6390,1000.);
#4051=VECTOR('',#6395,1000.);
#4052=VECTOR('',#6396,1000.);
#4053=VECTOR('',#6397,1000.);
#4054=VECTOR('',#6398,1000.);
#4055=VECTOR('',#6401,1000.);
#4056=VECTOR('',#6402,1000.);
#4057=VECTOR('',#6403,1000.);
#4058=VECTOR('',#6404,1000.);
#4059=VECTOR('',#6407,1000.);
#4060=VECTOR('',#6408,1000.);
#4061=VECTOR('',#6409,1000.);
#4062=VECTOR('',#6410,1000.);
#4063=VECTOR('',#6413,1000.);
#4064=VECTOR('',#6414,1000.);
#4065=VECTOR('',#6415,1000.);
#4066=VECTOR('',#6418,1000.);
#4067=VECTOR('',#6419,1000.);
#4068=VECTOR('',#6422,1000.);
#4069=VECTOR('',#6423,1000.);
#4070=VECTOR('',#6424,1000.);
#4071=VECTOR('',#6425,1000.);
#4072=VECTOR('',#6428,1000.);
#4073=VECTOR('',#6429,1000.);
#4074=VECTOR('',#6430,1000.);
#4075=VECTOR('',#6433,1000.);
#4076=VECTOR('',#6434,1000.);
#4077=VECTOR('',#6435,1000.);
#4078=VECTOR('',#6436,1000.);
#4079=VECTOR('',#6437,1000.);
#4080=VECTOR('',#6440,1000.);
#4081=VECTOR('',#6441,1000.);
#4082=VECTOR('',#6442,1000.);
#4083=VECTOR('',#6445,1000.);
#4084=VECTOR('',#6446,1000.);
#4085=VECTOR('',#6449,1000.);
#4086=VECTOR('',#6450,1000.);
#4087=VECTOR('',#6453,1000.);
#4088=VECTOR('',#6454,1000.);
#4089=VECTOR('',#6455,1000.);
#4090=VECTOR('',#6458,1000.);
#4091=VECTOR('',#6461,1000.);
#4092=VECTOR('',#6464,1000.);
#4093=VECTOR('',#6465,1000.);
#4094=VECTOR('',#6466,1000.);
#4095=VECTOR('',#6467,1000.);
#4096=VECTOR('',#6470,1000.);
#4097=VECTOR('',#6471,1000.);
#4098=VECTOR('',#6472,1000.);
#4099=VECTOR('',#6475,1000.);
#4100=VECTOR('',#6476,1000.);
#4101=VECTOR('',#6477,1000.);
#4102=VECTOR('',#6480,1000.);
#4103=VECTOR('',#6481,1000.);
#4104=VECTOR('',#6482,1000.);
#4105=VECTOR('',#6487,1000.);
#4106=VECTOR('',#6492,1000.);
#4107=VECTOR('',#6493,1000.);
#4108=VECTOR('',#6494,1000.);
#4109=VECTOR('',#6497,1000.);
#4110=VECTOR('',#6498,1000.);
#4111=VECTOR('',#6499,1000.);
#4112=VECTOR('',#6502,1000.);
#4113=VECTOR('',#6503,1000.);
#4114=VECTOR('',#6504,1000.);
#4115=VECTOR('',#6507,1000.);
#4116=VECTOR('',#6508,1000.);
#4117=VECTOR('',#6509,1000.);
#4118=VECTOR('',#6512,1000.);
#4119=VECTOR('',#6513,1000.);
#4120=VECTOR('',#6514,1000.);
#4121=VECTOR('',#6517,1000.);
#4122=VECTOR('',#6518,1000.);
#4123=VECTOR('',#6519,1000.);
#4124=VECTOR('',#6520,1000.);
#4125=VECTOR('',#6523,1000.);
#4126=VECTOR('',#6524,1000.);
#4127=VECTOR('',#6525,1000.);
#4128=VECTOR('',#6526,1000.);
#4129=VECTOR('',#6527,1000.);
#4130=VECTOR('',#6530,1000.);
#4131=VECTOR('',#6531,1000.);
#4132=VECTOR('',#6532,1000.);
#4133=VECTOR('',#6535,1000.);
#4134=VECTOR('',#6536,1000.);
#4135=VECTOR('',#6537,1000.);
#4136=VECTOR('',#6540,1000.);
#4137=VECTOR('',#6541,1000.);
#4138=VECTOR('',#6542,1000.);
#4139=VECTOR('',#6543,1000.);
#4140=VECTOR('',#6544,1000.);
#4141=VECTOR('',#6547,1000.);
#4142=VECTOR('',#6548,1000.);
#4143=VECTOR('',#6551,1000.);
#4144=VECTOR('',#6552,1000.);
#4145=VECTOR('',#6553,1000.);
#4146=VECTOR('',#6554,1000.);
#4147=VECTOR('',#6557,1000.);
#4148=VECTOR('',#6560,1000.);
#4149=VECTOR('',#6561,1000.);
#4150=VECTOR('',#6564,1000.);
#4151=VECTOR('',#6565,1000.);
#4152=VECTOR('',#6568,1000.);
#4153=VECTOR('',#6569,1000.);
#4154=VECTOR('',#6570,1000.);
#4155=VECTOR('',#6571,1000.);
#4156=VECTOR('',#6574,1000.);
#4157=VECTOR('',#6575,1000.);
#4158=VECTOR('',#6576,1000.);
#4159=VECTOR('',#6577,1000.);
#4160=VECTOR('',#6580,1000.);
#4161=VECTOR('',#6581,1000.);
#4162=VECTOR('',#6582,1000.);
#4163=VECTOR('',#6583,1000.);
#4164=VECTOR('',#6586,1000.);
#4165=VECTOR('',#6587,1000.);
#4166=VECTOR('',#6588,1000.);
#4167=VECTOR('',#6591,1000.);
#4168=VECTOR('',#6592,1000.);
#4169=VECTOR('',#6593,1000.);
#4170=VECTOR('',#6596,1000.);
#4171=VECTOR('',#6597,1000.);
#4172=VECTOR('',#6598,1000.);
#4173=VECTOR('',#6601,1000.);
#4174=VECTOR('',#6602,1000.);
#4175=VECTOR('',#6603,1000.);
#4176=VECTOR('',#6606,1000.);
#4177=VECTOR('',#6607,1000.);
#4178=VECTOR('',#6608,1000.);
#4179=VECTOR('',#6611,1000.);
#4180=VECTOR('',#6612,1000.);
#4181=VECTOR('',#6613,1000.);
#4182=VECTOR('',#6616,1000.);
#4183=VECTOR('',#6617,1000.);
#4184=VECTOR('',#6618,1000.);
#4185=VECTOR('',#6621,1000.);
#4186=VECTOR('',#6622,1000.);
#4187=VECTOR('',#6623,1000.);
#4188=VECTOR('',#6626,1000.);
#4189=VECTOR('',#6627,1000.);
#4190=VECTOR('',#6630,1000.);
#4191=VECTOR('',#6631,1000.);
#4192=VECTOR('',#6632,1000.);
#4193=VECTOR('',#6633,1000.);
#4194=VECTOR('',#6636,1000.);
#4195=VECTOR('',#6637,1000.);
#4196=VECTOR('',#6638,1000.);
#4197=VECTOR('',#6639,1000.);
#4198=VECTOR('',#6642,1000.);
#4199=VECTOR('',#6643,1000.);
#4200=VECTOR('',#6644,1000.);
#4201=VECTOR('',#6647,1000.);
#4202=VECTOR('',#6648,1000.);
#4203=VECTOR('',#6649,1000.);
#4204=VECTOR('',#6652,1000.);
#4205=VECTOR('',#6653,1000.);
#4206=VECTOR('',#6654,1000.);
#4207=VECTOR('',#6657,1000.);
#4208=VECTOR('',#6658,1000.);
#4209=VECTOR('',#6659,1000.);
#4210=VECTOR('',#6662,1000.);
#4211=VECTOR('',#6663,1000.);
#4212=VECTOR('',#6664,1000.);
#4213=VECTOR('',#6667,1000.);
#4214=VECTOR('',#6668,1000.);
#4215=VECTOR('',#6669,1000.);
#4216=VECTOR('',#6672,1000.);
#4217=VECTOR('',#6673,1000.);
#4218=VECTOR('',#6674,1000.);
#4219=VECTOR('',#6677,1000.);
#4220=VECTOR('',#6678,1000.);
#4221=VECTOR('',#6679,1000.);
#4222=VECTOR('',#6682,1000.);
#4223=VECTOR('',#6683,1000.);
#4224=VECTOR('',#6686,1000.);
#4225=VECTOR('',#6689,1000.);
#4226=VECTOR('',#6694,1000.);
#4227=VECTOR('',#6695,1000.);
#4228=VECTOR('',#6696,1000.);
#4229=VECTOR('',#6697,1000.);
#4230=VECTOR('',#6700,1000.);
#4231=VECTOR('',#6701,1000.);
#4232=VECTOR('',#6702,1000.);
#4233=VECTOR('',#6703,1000.);
#4234=VECTOR('',#6706,1000.);
#4235=VECTOR('',#6707,1000.);
#4236=VECTOR('',#6708,1000.);
#4237=VECTOR('',#6711,1000.);
#4238=VECTOR('',#6712,1000.);
#4239=VECTOR('',#6713,1000.);
#4240=VECTOR('',#6716,1000.);
#4241=VECTOR('',#6717,1000.);
#4242=VECTOR('',#6720,1000.);
#4243=VECTOR('',#6721,1000.);
#4244=VECTOR('',#6726,1000.);
#4245=VECTOR('',#6729,1000.);
#4246=VECTOR('',#6734,1000.);
#4247=VECTOR('',#6735,1000.);
#4248=VECTOR('',#6738,1000.);
#4249=VECTOR('',#6739,1000.);
#4250=VECTOR('',#6744,1000.);
#4251=VECTOR('',#6747,1000.);
#4252=VECTOR('',#6748,1000.);
#4253=VECTOR('',#6749,1000.);
#4254=VECTOR('',#6750,1000.);
#4255=VECTOR('',#6751,1000.);
#4256=VECTOR('',#6754,1000.);
#4257=VECTOR('',#6755,1000.);
#4258=VECTOR('',#6756,1000.);
#4259=VECTOR('',#6759,1000.);
#4260=VECTOR('',#6760,1000.);
#4261=VECTOR('',#6763,1000.);
#4262=VECTOR('',#6766,1000.);
#4263=VECTOR('',#6769,1000.);
#4264=VECTOR('',#6770,1000.);
#4265=VECTOR('',#6771,1000.);
#4266=VECTOR('',#6772,1000.);
#4267=VECTOR('',#6773,1000.);
#4268=VECTOR('',#6778,1000.);
#4269=VECTOR('',#6781,1000.);
#4270=VECTOR('',#6786,1000.);
#4271=VECTOR('',#6787,1000.);
#4272=VECTOR('',#6790,1000.);
#4273=VECTOR('',#6791,1000.);
#4274=VECTOR('',#6796,1000.);
#4275=VECTOR('',#6799,1000.);
#4276=VECTOR('',#6800,1000.);
#4277=VECTOR('',#6801,1000.);
#4278=VECTOR('',#6802,1000.);
#4279=VECTOR('',#6803,1000.);
#4280=VECTOR('',#6806,1000.);
#4281=VECTOR('',#6807,1000.);
#4282=VECTOR('',#6808,1000.);
#4283=VECTOR('',#6811,1000.);
#4284=VECTOR('',#6812,1000.);
#4285=VECTOR('',#6813,1000.);
#4286=VECTOR('',#6816,1000.);
#4287=VECTOR('',#6819,1000.);
#4288=VECTOR('',#6820,1000.);
#4289=VECTOR('',#6821,1000.);
#4290=VECTOR('',#6826,1000.);
#4291=VECTOR('',#6829,1000.);
#4292=VECTOR('',#6830,1000.);
#4293=VECTOR('',#6831,1000.);
#4294=VECTOR('',#6832,1000.);
#4295=VECTOR('',#6835,1000.);
#4296=VECTOR('',#6836,1000.);
#4297=VECTOR('',#6839,1000.);
#4298=VECTOR('',#6840,1000.);
#4299=VECTOR('',#6843,1000.);
#4300=VECTOR('',#6844,1000.);
#4301=VECTOR('',#6845,1000.);
#4302=VECTOR('',#6846,1000.);
#4303=VECTOR('',#6849,1000.);
#4304=VECTOR('',#6856,1000.);
#4305=VECTOR('',#6857,1000.);
#4306=VECTOR('',#6858,1000.);
#4307=VECTOR('',#6859,1000.);
#4308=VECTOR('',#6862,1000.);
#4309=VECTOR('',#6863,1000.);
#4310=VECTOR('',#6864,1000.);
#4311=VECTOR('',#6867,1000.);
#4312=VECTOR('',#6868,1000.);
#4313=VECTOR('',#6869,1000.);
#4314=VECTOR('',#6872,1000.);
#4315=VECTOR('',#6873,1000.);
#4316=VECTOR('',#6874,1000.);
#4317=VECTOR('',#6875,1000.);
#4318=VECTOR('',#6878,1000.);
#4319=VECTOR('',#6879,1000.);
#4320=VECTOR('',#6880,1000.);
#4321=VECTOR('',#6883,1000.);
#4322=VECTOR('',#6884,1000.);
#4323=VECTOR('',#6885,1000.);
#4324=VECTOR('',#6888,1000.);
#4325=VECTOR('',#6889,1000.);
#4326=VECTOR('',#6890,1000.);
#4327=VECTOR('',#6893,1000.);
#4328=VECTOR('',#6894,1000.);
#4329=VECTOR('',#6895,1000.);
#4330=VECTOR('',#6898,1000.);
#4331=VECTOR('',#6899,1000.);
#4332=VECTOR('',#6900,1000.);
#4333=VECTOR('',#6903,1000.);
#4334=VECTOR('',#6904,1000.);
#4335=VECTOR('',#6905,1000.);
#4336=VECTOR('',#6908,1000.);
#4337=VECTOR('',#6909,1000.);
#4338=VECTOR('',#6912,1000.);
#4339=VECTOR('',#6913,1000.);
#4340=VECTOR('',#6914,1000.);
#4341=VECTOR('',#6915,1000.);
#4342=VECTOR('',#6916,1000.);
#4343=VECTOR('',#6917,1000.);
#4344=VECTOR('',#6920,1000.);
#4345=VECTOR('',#6927,1000.);
#4346=VECTOR('',#6928,1000.);
#4347=VECTOR('',#6929,1000.);
#4348=VECTOR('',#6932,1000.);
#4349=VECTOR('',#6933,1000.);
#4350=VECTOR('',#6934,1000.);
#4351=VECTOR('',#6937,1000.);
#4352=VECTOR('',#6938,1000.);
#4353=VECTOR('',#6941,1000.);
#4354=VECTOR('',#6942,1000.);
#4355=VECTOR('',#6943,1000.);
#4356=VECTOR('',#6944,1000.);
#4357=VECTOR('',#6947,1000.);
#4358=VECTOR('',#6948,1000.);
#4359=VECTOR('',#6951,1000.);
#4360=VECTOR('',#6956,1000.);
#4361=VECTOR('',#6957,1000.);
#4362=VECTOR('',#6958,1000.);
#4363=VECTOR('',#6959,1000.);
#4364=VECTOR('',#6962,1000.);
#4365=VECTOR('',#6963,1000.);
#4366=VECTOR('',#6964,1000.);
#4367=VECTOR('',#6965,1000.);
#4368=VECTOR('',#6968,1000.);
#4369=VECTOR('',#6969,1000.);
#4370=VECTOR('',#6970,1000.);
#4371=VECTOR('',#6973,1000.);
#4372=VECTOR('',#6974,1000.);
#4373=VECTOR('',#6975,1000.);
#4374=VECTOR('',#6978,1000.);
#4375=VECTOR('',#6979,1000.);
#4376=VECTOR('',#6980,1000.);
#4377=VECTOR('',#6983,1000.);
#4378=VECTOR('',#6984,1000.);
#4379=VECTOR('',#6985,1000.);
#4380=VECTOR('',#6988,1000.);
#4381=VECTOR('',#6989,1000.);
#4382=VECTOR('',#6990,1000.);
#4383=VECTOR('',#6993,1000.);
#4384=VECTOR('',#6994,1000.);
#4385=VECTOR('',#6995,1000.);
#4386=VECTOR('',#6998,1000.);
#4387=VECTOR('',#6999,1000.);
#4388=VECTOR('',#7000,1000.);
#4389=VECTOR('',#7003,1000.);
#4390=VECTOR('',#7004,1000.);
#4391=VECTOR('',#7005,1000.);
#4392=VECTOR('',#7008,1000.);
#4393=VECTOR('',#7009,1000.);
#4394=VECTOR('',#7012,1000.);
#4395=VECTOR('',#7013,1000.);
#4396=VECTOR('',#7014,1000.);
#4397=VECTOR('',#7015,1000.);
#4398=VECTOR('',#7018,1000.);
#4399=VECTOR('',#7019,1000.);
#4400=VECTOR('',#7020,1000.);
#4401=VECTOR('',#7021,1000.);
#4402=VECTOR('',#7024,1000.);
#4403=VECTOR('',#7025,1000.);
#4404=VECTOR('',#7026,1000.);
#4405=VECTOR('',#7029,1000.);
#4406=VECTOR('',#7030,1000.);
#4407=VECTOR('',#7031,1000.);
#4408=VECTOR('',#7034,1000.);
#4409=VECTOR('',#7035,1000.);
#4410=VECTOR('',#7036,1000.);
#4411=VECTOR('',#7039,1000.);
#4412=VECTOR('',#7040,1000.);
#4413=VECTOR('',#7041,1000.);
#4414=VECTOR('',#7044,1000.);
#4415=VECTOR('',#7045,1000.);
#4416=VECTOR('',#7046,1000.);
#4417=VECTOR('',#7049,1000.);
#4418=VECTOR('',#7050,1000.);
#4419=VECTOR('',#7051,1000.);
#4420=VECTOR('',#7054,1000.);
#4421=VECTOR('',#7055,1000.);
#4422=VECTOR('',#7056,1000.);
#4423=VECTOR('',#7059,1000.);
#4424=VECTOR('',#7060,1000.);
#4425=VECTOR('',#7061,1000.);
#4426=VECTOR('',#7064,1000.);
#4427=VECTOR('',#7065,1000.);
#4428=VECTOR('',#7068,1000.);
#4429=VECTOR('',#7069,1000.);
#4430=VECTOR('',#7070,1000.);
#4431=VECTOR('',#7071,1000.);
#4432=VECTOR('',#7072,1000.);
#4433=VECTOR('',#7073,1000.);
#4434=VECTOR('',#7074,1000.);
#4435=VECTOR('',#7077,1000.);
#4436=VECTOR('',#7078,1000.);
#4437=VECTOR('',#7079,1000.);
#4438=VECTOR('',#7080,1000.);
#4439=VECTOR('',#7083,1000.);
#4440=VECTOR('',#7084,1000.);
#4441=VECTOR('',#7085,1000.);
#4442=VECTOR('',#7088,1000.);
#4443=VECTOR('',#7089,1000.);
#4444=VECTOR('',#7090,1000.);
#4445=VECTOR('',#7093,1000.);
#4446=VECTOR('',#7094,1000.);
#4447=VECTOR('',#7095,1000.);
#4448=VECTOR('',#7096,1000.);
#4449=VECTOR('',#7099,1000.);
#4450=VECTOR('',#7100,1000.);
#4451=VECTOR('',#7101,1000.);
#4452=VECTOR('',#7104,1000.);
#4453=VECTOR('',#7105,1000.);
#4454=VECTOR('',#7106,1000.);
#4455=VECTOR('',#7109,1000.);
#4456=VECTOR('',#7110,1000.);
#4457=VECTOR('',#7111,1000.);
#4458=VECTOR('',#7114,1000.);
#4459=VECTOR('',#7115,1000.);
#4460=VECTOR('',#7118,1000.);
#4461=VECTOR('',#7119,1000.);
#4462=VECTOR('',#7122,1000.);
#4463=VECTOR('',#7123,1000.);
#4464=VECTOR('',#7126,1000.);
#4465=VECTOR('',#7127,1000.);
#4466=VECTOR('',#7130,1000.);
#4467=VECTOR('',#7131,1000.);
#4468=VECTOR('',#7132,1000.);
#4469=VECTOR('',#7133,1000.);
#4470=VECTOR('',#7136,1000.);
#4471=VECTOR('',#7137,1000.);
#4472=VECTOR('',#7138,1000.);
#4473=VECTOR('',#7139,1000.);
#4474=VECTOR('',#7140,1000.);
#4475=VECTOR('',#7143,1000.);
#4476=VECTOR('',#7144,1000.);
#4477=VECTOR('',#7145,1000.);
#4478=VECTOR('',#7148,1000.);
#4479=VECTOR('',#7149,1000.);
#4480=VECTOR('',#7150,1000.);
#4481=VECTOR('',#7151,1000.);
#4482=VECTOR('',#7152,1000.);
#4483=VECTOR('',#7155,1000.);
#4484=VECTOR('',#7156,1000.);
#4485=VECTOR('',#7157,1000.);
#4486=VECTOR('',#7158,1000.);
#4487=VECTOR('',#7161,1000.);
#4488=VECTOR('',#7162,1000.);
#4489=VECTOR('',#7163,1000.);
#4490=VECTOR('',#7166,1000.);
#4491=VECTOR('',#7167,1000.);
#4492=VECTOR('',#7168,1000.);
#4493=VECTOR('',#7169,1000.);
#4494=VECTOR('',#7172,1000.);
#4495=VECTOR('',#7173,1000.);
#4496=VECTOR('',#7174,1000.);
#4497=VECTOR('',#7177,1000.);
#4498=VECTOR('',#7178,1000.);
#4499=VECTOR('',#7179,1000.);
#4500=VECTOR('',#7180,1000.);
#4501=VECTOR('',#7183,1000.);
#4502=VECTOR('',#7184,1000.);
#4503=VECTOR('',#7185,1000.);
#4504=VECTOR('',#7188,1000.);
#4505=VECTOR('',#7189,1000.);
#4506=VECTOR('',#7190,1000.);
#4507=VECTOR('',#7193,1000.);
#4508=VECTOR('',#7194,1000.);
#4509=VECTOR('',#7197,1000.);
#4510=VECTOR('',#7198,1000.);
#4511=VECTOR('',#7199,1000.);
#4512=VECTOR('',#7200,1000.);
#4513=VECTOR('',#7203,1000.);
#4514=VECTOR('',#7204,1000.);
#4515=VECTOR('',#7205,1000.);
#4516=VECTOR('',#7208,1000.);
#4517=VECTOR('',#7209,1000.);
#4518=VECTOR('',#7210,1000.);
#4519=VECTOR('',#7213,1000.);
#4520=VECTOR('',#7214,1000.);
#4521=VECTOR('',#7215,1000.);
#4522=VECTOR('',#7216,1000.);
#4523=VECTOR('',#7219,1000.);
#4524=VECTOR('',#7220,1000.);
#4525=VECTOR('',#7221,1000.);
#4526=VECTOR('',#7224,1000.);
#4527=VECTOR('',#7225,1000.);
#4528=VECTOR('',#7228,1000.);
#4529=VECTOR('',#7229,1000.);
#4530=VECTOR('',#7230,1000.);
#4531=VECTOR('',#7231,1000.);
#4532=VECTOR('',#7234,1000.);
#4533=VECTOR('',#7235,1000.);
#4534=VECTOR('',#7236,1000.);
#4535=VECTOR('',#7239,1000.);
#4536=VECTOR('',#7240,1000.);
#4537=VECTOR('',#7241,1000.);
#4538=VECTOR('',#7244,1000.);
#4539=VECTOR('',#7245,1000.);
#4540=VECTOR('',#7246,1000.);
#4541=VECTOR('',#7249,1000.);
#4542=VECTOR('',#7252,1000.);
#4543=VECTOR('',#7253,1000.);
#4544=VECTOR('',#7254,1000.);
#4545=VECTOR('',#7255,1000.);
#4546=VECTOR('',#7256,1000.);
#4547=VECTOR('',#7257,1000.);
#4548=VECTOR('',#7262,1000.);
#4549=VECTOR('',#7265,1000.);
#4550=VECTOR('',#7266,1000.);
#4551=VECTOR('',#7269,1000.);
#4552=VECTOR('',#7270,1000.);
#4553=VECTOR('',#7273,1000.);
#4554=VECTOR('',#7274,1000.);
#4555=VECTOR('',#7277,1000.);
#4556=VECTOR('',#7278,1000.);
#4557=VECTOR('',#7281,1000.);
#4558=VECTOR('',#7282,1000.);
#4559=VECTOR('',#7283,1000.);
#4560=VECTOR('',#7284,1000.);
#4561=VECTOR('',#7285,1000.);
#4562=VECTOR('',#7288,1000.);
#4563=VECTOR('',#7289,1000.);
#4564=VECTOR('',#7292,1000.);
#4565=VECTOR('',#7295,1000.);
#4566=VECTOR('',#7296,1000.);
#4567=VECTOR('',#7297,1000.);
#4568=VECTOR('',#7300,1000.);
#4569=VECTOR('',#7303,1000.);
#4570=VECTOR('',#7306,1000.);
#4571=VECTOR('',#7311,1000.);
#4572=VECTOR('',#7312,1000.);
#4573=VECTOR('',#7313,1000.);
#4574=VECTOR('',#7314,1000.);
#4575=VECTOR('',#7317,1000.);
#4576=VECTOR('',#7320,1000.);
#4577=VECTOR('',#7325,1000.);
#4578=VECTOR('',#7328,1000.);
#4579=VECTOR('',#7337,1000.);
#4580=VECTOR('',#7338,1000.);
#4581=VECTOR('',#7343,1000.);
#4582=VECTOR('',#7346,1000.);
#4583=VECTOR('',#7347,1000.);
#4584=VECTOR('',#7350,1000.);
#4585=VECTOR('',#7351,1000.);
#4586=VECTOR('',#7352,1000.);
#4587=VECTOR('',#7353,1000.);
#4588=VECTOR('',#7358,1000.);
#4589=VECTOR('',#7363,1000.);
#4590=VECTOR('',#7364,1000.);
#4591=VECTOR('',#7375,1000.);
#4592=VECTOR('',#7378,1000.);
#4593=VECTOR('',#7381,1000.);
#4594=VECTOR('',#7386,1000.);
#4595=VECTOR('',#7389,1000.);
#4596=VECTOR('',#7394,1000.);
#4597=VECTOR('',#7395,1000.);
#4598=VECTOR('',#7396,1000.);
#4599=VECTOR('',#7397,1000.);
#4600=VECTOR('',#7400,1000.);
#4601=VECTOR('',#7403,1000.);
#4602=VECTOR('',#7408,1000.);
#4603=VECTOR('',#7409,1000.);
#4604=VECTOR('',#7410,1000.);
#4605=VECTOR('',#7419,1000.);
#4606=VECTOR('',#7422,1000.);
#4607=VECTOR('',#7425,1000.);
#4608=VECTOR('',#7426,1000.);
#4609=VECTOR('',#7427,1000.);
#4610=VECTOR('',#7428,1000.);
#4611=VECTOR('',#7433,1000.);
#4612=VECTOR('',#7438,1000.);
#4613=VECTOR('',#7439,1000.);
#4614=VECTOR('',#7450,1000.);
#4615=VECTOR('',#7453,1000.);
#4616=VECTOR('',#7454,1000.);
#4617=VECTOR('',#7455,1000.);
#4618=VECTOR('',#7456,1000.);
#4619=VECTOR('',#7459,1000.);
#4620=VECTOR('',#7460,1000.);
#4621=VECTOR('',#7461,1000.);
#4622=VECTOR('',#7462,1000.);
#4623=VECTOR('',#7465,1000.);
#4624=VECTOR('',#7466,1000.);
#4625=VECTOR('',#7469,1000.);
#4626=VECTOR('',#7470,1000.);
#4627=VECTOR('',#7471,1000.);
#4628=VECTOR('',#7474,1000.);
#4629=VECTOR('',#7477,1000.);
#4630=VECTOR('',#7480,1000.);
#4631=VECTOR('',#7483,1000.);
#4632=VECTOR('',#7486,1000.);
#4633=VECTOR('',#7491,1000.);
#4634=VECTOR('',#7492,1000.);
#4635=VECTOR('',#7493,1000.);
#4636=VECTOR('',#7498,1000.);
#4637=VECTOR('',#7501,1000.);
#4638=VECTOR('',#7502,1000.);
#4639=VECTOR('',#7507,1000.);
#4640=VECTOR('',#7510,1000.);
#4641=VECTOR('',#7511,1000.);
#4642=VECTOR('',#7516,1000.);
#4643=VECTOR('',#7519,1000.);
#4644=VECTOR('',#7520,1000.);
#4645=VECTOR('',#7527,1000.);
#4646=VECTOR('',#7528,1000.);
#4647=VECTOR('',#7531,1000.);
#4648=VECTOR('',#7532,1000.);
#4649=VECTOR('',#7535,1000.);
#4650=VECTOR('',#7536,1000.);
#4651=VECTOR('',#7539,1000.);
#4652=VECTOR('',#7540,1000.);
#4653=VECTOR('',#7543,1000.);
#4654=VECTOR('',#7544,1000.);
#4655=VECTOR('',#7545,1000.);
#4656=VECTOR('',#7548,1000.);
#4657=VECTOR('',#7549,1000.);
#4658=VECTOR('',#7550,1000.);
#4659=VECTOR('',#7551,1000.);
#4660=VECTOR('',#7554,1000.);
#4661=VECTOR('',#7555,1000.);
#4662=VECTOR('',#7556,1000.);
#4663=VECTOR('',#7557,1000.);
#4664=VECTOR('',#7560,1000.);
#4665=VECTOR('',#7561,1000.);
#4666=VECTOR('',#7564,1000.);
#4667=VECTOR('',#7565,1000.);
#4668=VECTOR('',#7566,1000.);
#4669=VECTOR('',#7567,1000.);
#4670=VECTOR('',#7568,1000.);
#4671=VECTOR('',#7571,1000.);
#4672=VECTOR('',#7572,1000.);
#4673=VECTOR('',#7575,1000.);
#4674=VECTOR('',#7576,1000.);
#4675=VECTOR('',#7577,1000.);
#4676=VECTOR('',#7580,1000.);
#4677=VECTOR('',#7581,1000.);
#4678=VECTOR('',#7584,1000.);
#4679=VECTOR('',#7585,1000.);
#4680=VECTOR('',#7586,1000.);
#4681=VECTOR('',#7587,1000.);
#4682=VECTOR('',#7588,1000.);
#4683=VECTOR('',#7589,1000.);
#4684=VECTOR('',#7592,1000.);
#4685=VECTOR('',#7593,1000.);
#4686=VECTOR('',#7594,1000.);
#4687=VECTOR('',#7595,1000.);
#4688=VECTOR('',#7596,1000.);
#4689=VECTOR('',#7599,1000.);
#4690=VECTOR('',#7600,1000.);
#4691=VECTOR('',#7603,1000.);
#4692=VECTOR('',#7604,1000.);
#4693=VECTOR('',#7607,1000.);
#4694=VECTOR('',#7608,1000.);
#4695=VECTOR('',#7611,1000.);
#4696=VECTOR('',#7612,1000.);
#4697=VECTOR('',#7615,1000.);
#4698=VECTOR('',#7616,1000.);
#4699=VECTOR('',#7619,1000.);
#4700=VECTOR('',#7620,1000.);
#4701=VECTOR('',#7623,1000.);
#4702=VECTOR('',#7624,1000.);
#4703=VECTOR('',#7625,1000.);
#4704=VECTOR('',#7628,1000.);
#4705=VECTOR('',#7629,1000.);
#4706=VECTOR('',#7630,1000.);
#4707=VECTOR('',#7633,1000.);
#4708=VECTOR('',#7634,1000.);
#4709=VECTOR('',#7635,1000.);
#4710=VECTOR('',#7636,1000.);
#4711=VECTOR('',#7641,1000.);
#4712=VECTOR('',#7644,1000.);
#4713=VECTOR('',#7647,1000.);
#4714=VECTOR('',#7648,1000.);
#4715=VECTOR('',#7649,1000.);
#4716=VECTOR('',#7652,1000.);
#4717=VECTOR('',#7653,1000.);
#4718=VECTOR('',#7656,1000.);
#4719=VECTOR('',#7657,1000.);
#4720=VECTOR('',#7660,1000.);
#4721=VECTOR('',#7661,1000.);
#4722=VECTOR('',#7662,1000.);
#4723=VECTOR('',#7665,1000.);
#4724=VECTOR('',#7666,1000.);
#4725=VECTOR('',#7669,1000.);
#4726=VECTOR('',#7670,1000.);
#4727=VECTOR('',#7671,1000.);
#4728=VECTOR('',#7674,1000.);
#4729=VECTOR('',#7675,1000.);
#4730=VECTOR('',#7676,1000.);
#4731=VECTOR('',#7679,1000.);
#4732=VECTOR('',#7680,1000.);
#4733=VECTOR('',#7681,1000.);
#4734=VECTOR('',#7684,1000.);
#4735=VECTOR('',#7685,1000.);
#4736=VECTOR('',#7686,1000.);
#4737=VECTOR('',#7693,1000.);
#4738=VECTOR('',#7694,1000.);
#4739=VECTOR('',#7697,1000.);
#4740=VECTOR('',#7702,1000.);
#4741=VECTOR('',#7703,1000.);
#4742=VECTOR('',#7708,1000.);
#4743=VECTOR('',#7711,1000.);
#4744=VECTOR('',#7712,1000.);
#4745=VECTOR('',#7713,1000.);
#4746=VECTOR('',#7714,1000.);
#4747=VECTOR('',#7717,1000.);
#4748=VECTOR('',#7718,1000.);
#4749=VECTOR('',#7721,1000.);
#4750=VECTOR('',#7724,1000.);
#4751=VECTOR('',#7725,1000.);
#4752=VECTOR('',#7726,1000.);
#4753=VECTOR('',#7729,1000.);
#4754=VECTOR('',#7732,1000.);
#4755=VECTOR('',#7733,1000.);
#4756=VECTOR('',#7736,1000.);
#4757=VECTOR('',#7737,1000.);
#4758=VECTOR('',#7740,1000.);
#4759=EDGE_LOOP('',(#131,#132,#133,#134));
#4760=EDGE_LOOP('',(#135,#136,#137,#138));
#4761=EDGE_LOOP('',(#139,#140,#141,#142));
#4762=EDGE_LOOP('',(#143,#144,#145,#146));
#4763=EDGE_LOOP('',(#147,#148,#149,#150,#151,#152,#153,#154));
#4764=EDGE_LOOP('',(#155,#156,#157,#158));
#4765=EDGE_LOOP('',(#159,#160,#161,#162));
#4766=EDGE_LOOP('',(#163,#164,#165,#166,#167,#168,#169,#170));
#4767=EDGE_LOOP('',(#171,#172,#173,#174));
#4768=EDGE_LOOP('',(#175,#176,#177,#178));
#4769=EDGE_LOOP('',(#179,#180,#181,#182));
#4770=EDGE_LOOP('',(#183,#184,#185,#186));
#4771=EDGE_LOOP('',(#187,#188,#189,#190));
#4772=EDGE_LOOP('',(#191,#192,#193,#194));
#4773=EDGE_LOOP('',(#195,#196,#197,#198));
#4774=EDGE_LOOP('',(#199,#200,#201,#202));
#4775=EDGE_LOOP('',(#203,#204,#205,#206));
#4776=EDGE_LOOP('',(#207,#208,#209,#210));
#4777=EDGE_LOOP('',(#211,#212,#213,#214));
#4778=EDGE_LOOP('',(#215,#216,#217,#218,#219,#220,#221,#222));
#4779=EDGE_LOOP('',(#223,#224,#225,#226));
#4780=EDGE_LOOP('',(#227,#228,#229,#230));
#4781=EDGE_LOOP('',(#231,#232,#233,#234,#235,#236));
#4782=EDGE_LOOP('',(#237,#238,#239,#240));
#4783=EDGE_LOOP('',(#241,#242,#243,#244));
#4784=EDGE_LOOP('',(#245,#246,#247,#248));
#4785=EDGE_LOOP('',(#249,#250,#251,#252));
#4786=EDGE_LOOP('',(#253,#254,#255,#256));
#4787=EDGE_LOOP('',(#257,#258,#259,#260));
#4788=EDGE_LOOP('',(#261,#262,#263,#264));
#4789=EDGE_LOOP('',(#265,#266,#267,#268));
#4790=EDGE_LOOP('',(#269,#270,#271,#272));
#4791=EDGE_LOOP('',(#273,#274,#275,#276));
#4792=EDGE_LOOP('',(#277,#278,#279,#280,#281,#282));
#4793=EDGE_LOOP('',(#283,#284,#285,#286));
#4794=EDGE_LOOP('',(#287,#288,#289,#290,#291,#292));
#4795=EDGE_LOOP('',(#293,#294,#295,#296));
#4796=EDGE_LOOP('',(#297,#298,#299,#300,#301,#302));
#4797=EDGE_LOOP('',(#303,#304,#305,#306,#307,#308));
#4798=EDGE_LOOP('',(#309,#310,#311,#312));
#4799=EDGE_LOOP('',(#313,#314,#315,#316));
#4800=EDGE_LOOP('',(#317,#318,#319,#320));
#4801=EDGE_LOOP('',(#321,#322,#323,#324));
#4802=EDGE_LOOP('',(#325,#326,#327,#328));
#4803=EDGE_LOOP('',(#329,#330,#331,#332));
#4804=EDGE_LOOP('',(#333,#334,#335,#336));
#4805=EDGE_LOOP('',(#337,#338,#339,#340));
#4806=EDGE_LOOP('',(#341,#342,#343,#344));
#4807=EDGE_LOOP('',(#345,#346,#347,#348));
#4808=EDGE_LOOP('',(#349,#350,#351,#352,#353,#354,#355,#356,#357,#358,#359,
#360));
#4809=EDGE_LOOP('',(#361,#362,#363,#364));
#4810=EDGE_LOOP('',(#365,#366,#367,#368,#369,#370));
#4811=EDGE_LOOP('',(#371,#372,#373,#374));
#4812=EDGE_LOOP('',(#375,#376,#377,#378));
#4813=EDGE_LOOP('',(#379,#380,#381,#382,#383,#384,#385,#386,#387,#388));
#4814=EDGE_LOOP('',(#389,#390,#391,#392,#393,#394,#395,#396,#397,#398,#399,
#400));
#4815=EDGE_LOOP('',(#401,#402,#403,#404,#405,#406,#407,#408,#409,#410));
#4816=EDGE_LOOP('',(#411,#412,#413,#414));
#4817=EDGE_LOOP('',(#415,#416,#417,#418,#419,#420));
#4818=EDGE_LOOP('',(#421,#422,#423,#424));
#4819=EDGE_LOOP('',(#425,#426,#427,#428));
#4820=EDGE_LOOP('',(#429,#430,#431,#432));
#4821=EDGE_LOOP('',(#433,#434,#435,#436));
#4822=EDGE_LOOP('',(#437,#438,#439,#440));
#4823=EDGE_LOOP('',(#441,#442,#443,#444));
#4824=EDGE_LOOP('',(#445,#446,#447,#448,#449,#450,#451));
#4825=EDGE_LOOP('',(#452,#453,#454,#455));
#4826=EDGE_LOOP('',(#456,#457,#458,#459));
#4827=EDGE_LOOP('',(#460,#461,#462,#463));
#4828=EDGE_LOOP('',(#464,#465,#466,#467));
#4829=EDGE_LOOP('',(#468,#469,#470,#471));
#4830=EDGE_LOOP('',(#472,#473,#474,#475,#476,#477,#478));
#4831=EDGE_LOOP('',(#479,#480,#481,#482));
#4832=EDGE_LOOP('',(#483,#484,#485,#486));
#4833=EDGE_LOOP('',(#487,#488,#489,#490));
#4834=EDGE_LOOP('',(#491,#492,#493,#494));
#4835=EDGE_LOOP('',(#495,#496,#497,#498,#499,#500,#501));
#4836=EDGE_LOOP('',(#502,#503,#504,#505));
#4837=EDGE_LOOP('',(#506,#507,#508,#509));
#4838=EDGE_LOOP('',(#510,#511,#512,#513));
#4839=EDGE_LOOP('',(#514,#515,#516,#517));
#4840=EDGE_LOOP('',(#518,#519,#520,#521));
#4841=EDGE_LOOP('',(#522,#523,#524,#525,#526,#527,#528));
#4842=EDGE_LOOP('',(#529,#530,#531,#532));
#4843=EDGE_LOOP('',(#533,#534,#535,#536));
#4844=EDGE_LOOP('',(#537,#538,#539,#540));
#4845=EDGE_LOOP('',(#541,#542,#543,#544));
#4846=EDGE_LOOP('',(#545,#546,#547,#548,#549,#550));
#4847=EDGE_LOOP('',(#551,#552,#553,#554));
#4848=EDGE_LOOP('',(#555,#556,#557,#558,#559,#560));
#4849=EDGE_LOOP('',(#561,#562,#563,#564));
#4850=EDGE_LOOP('',(#565,#566,#567,#568));
#4851=EDGE_LOOP('',(#569,#570,#571,#572));
#4852=EDGE_LOOP('',(#573,#574,#575,#576));
#4853=EDGE_LOOP('',(#577,#578,#579,#580,#581,#582,#583,#584));
#4854=EDGE_LOOP('',(#585,#586,#587,#588,#589,#590));
#4855=EDGE_LOOP('',(#591,#592,#593,#594));
#4856=EDGE_LOOP('',(#595,#596,#597,#598,#599,#600));
#4857=EDGE_LOOP('',(#601,#602,#603,#604));
#4858=EDGE_LOOP('',(#605,#606,#607,#608));
#4859=EDGE_LOOP('',(#609,#610,#611,#612));
#4860=EDGE_LOOP('',(#613,#614,#615,#616));
#4861=EDGE_LOOP('',(#617,#618,#619,#620,#621,#622,#623,#624));
#4862=EDGE_LOOP('',(#625,#626,#627,#628));
#4863=EDGE_LOOP('',(#629,#630,#631,#632,#633,#634));
#4864=EDGE_LOOP('',(#635,#636,#637,#638));
#4865=EDGE_LOOP('',(#639,#640,#641,#642));
#4866=EDGE_LOOP('',(#643,#644,#645,#646));
#4867=EDGE_LOOP('',(#647,#648,#649,#650,#651,#652,#653,#654,#655,#656,#657,
#658));
#4868=EDGE_LOOP('',(#659,#660,#661,#662));
#4869=EDGE_LOOP('',(#663,#664,#665,#666,#667,#668));
#4870=EDGE_LOOP('',(#669,#670,#671,#672,#673,#674,#675,#676));
#4871=EDGE_LOOP('',(#677,#678,#679,#680));
#4872=EDGE_LOOP('',(#681,#682,#683,#684));
#4873=EDGE_LOOP('',(#685,#686,#687,#688));
#4874=EDGE_LOOP('',(#689,#690,#691,#692));
#4875=EDGE_LOOP('',(#693,#694,#695,#696,#697,#698,#699));
#4876=EDGE_LOOP('',(#700,#701,#702,#703));
#4877=EDGE_LOOP('',(#704,#705,#706,#707));
#4878=EDGE_LOOP('',(#708,#709,#710,#711));
#4879=EDGE_LOOP('',(#712,#713,#714,#715));
#4880=EDGE_LOOP('',(#716,#717,#718,#719));
#4881=EDGE_LOOP('',(#720,#721,#722,#723,#724,#725,#726));
#4882=EDGE_LOOP('',(#727,#728,#729,#730));
#4883=EDGE_LOOP('',(#731,#732,#733,#734,#735,#736,#737,#738,#739,#740,#741,
#742,#743,#744,#745,#746));
#4884=EDGE_LOOP('',(#747,#748,#749,#750));
#4885=EDGE_LOOP('',(#751,#752,#753,#754));
#4886=EDGE_LOOP('',(#755,#756,#757,#758));
#4887=EDGE_LOOP('',(#759,#760,#761,#762,#763,#764,#765,#766,#767,#768,#769,
#770));
#4888=EDGE_LOOP('',(#771,#772,#773,#774,#775));
#4889=EDGE_LOOP('',(#776,#777,#778,#779));
#4890=EDGE_LOOP('',(#780,#781,#782,#783));
#4891=EDGE_LOOP('',(#784,#785,#786,#787));
#4892=EDGE_LOOP('',(#788,#789,#790,#791));
#4893=EDGE_LOOP('',(#792,#793,#794,#795));
#4894=EDGE_LOOP('',(#796,#797,#798,#799));
#4895=EDGE_LOOP('',(#800,#801,#802,#803,#804,#805,#806));
#4896=EDGE_LOOP('',(#807,#808,#809,#810));
#4897=EDGE_LOOP('',(#811,#812,#813,#814));
#4898=EDGE_LOOP('',(#815,#816,#817,#818));
#4899=EDGE_LOOP('',(#819,#820,#821,#822));
#4900=EDGE_LOOP('',(#823,#824,#825,#826));
#4901=EDGE_LOOP('',(#827,#828,#829,#830,#831,#832,#833));
#4902=EDGE_LOOP('',(#834,#835,#836,#837));
#4903=EDGE_LOOP('',(#838,#839,#840,#841));
#4904=EDGE_LOOP('',(#842,#843,#844,#845));
#4905=EDGE_LOOP('',(#846,#847,#848,#849));
#4906=EDGE_LOOP('',(#850,#851,#852,#853,#854,#855,#856));
#4907=EDGE_LOOP('',(#857,#858,#859,#860));
#4908=EDGE_LOOP('',(#861,#862,#863,#864));
#4909=EDGE_LOOP('',(#865,#866,#867,#868));
#4910=EDGE_LOOP('',(#869,#870,#871,#872));
#4911=EDGE_LOOP('',(#873,#874,#875,#876));
#4912=EDGE_LOOP('',(#877,#878,#879,#880,#881,#882,#883));
#4913=EDGE_LOOP('',(#884,#885,#886,#887,#888,#889,#890,#891,#892,#893,#894,
#895,#896,#897,#898,#899));
#4914=EDGE_LOOP('',(#900,#901,#902,#903));
#4915=EDGE_LOOP('',(#904,#905,#906,#907));
#4916=EDGE_LOOP('',(#908,#909,#910,#911));
#4917=EDGE_LOOP('',(#912,#913,#914,#915));
#4918=EDGE_LOOP('',(#916,#917,#918,#919));
#4919=EDGE_LOOP('',(#920,#921,#922,#923));
#4920=EDGE_LOOP('',(#924,#925,#926,#927));
#4921=EDGE_LOOP('',(#928,#929,#930,#931,#932,#933,#934));
#4922=EDGE_LOOP('',(#935,#936,#937,#938));
#4923=EDGE_LOOP('',(#939,#940,#941,#942,#943,#944,#945));
#4924=EDGE_LOOP('',(#946,#947,#948,#949));
#4925=EDGE_LOOP('',(#950,#951,#952,#953));
#4926=EDGE_LOOP('',(#954,#955,#956,#957,#958,#959));
#4927=EDGE_LOOP('',(#960,#961,#962,#963));
#4928=EDGE_LOOP('',(#964,#965,#966,#967,#968,#969));
#4929=EDGE_LOOP('',(#970,#971,#972,#973,#974,#975));
#4930=EDGE_LOOP('',(#976,#977,#978,#979,#980,#981));
#4931=EDGE_LOOP('',(#982,#983,#984,#985,#986,#987,#988,#989));
#4932=EDGE_LOOP('',(#990,#991,#992,#993));
#4933=EDGE_LOOP('',(#994,#995,#996,#997));
#4934=EDGE_LOOP('',(#998,#999,#1000,#1001,#1002,#1003));
#4935=EDGE_LOOP('',(#1004,#1005,#1006,#1007));
#4936=EDGE_LOOP('',(#1008,#1009,#1010,#1011,#1012,#1013,#1014,#1015));
#4937=EDGE_LOOP('',(#1016,#1017,#1018,#1019));
#4938=EDGE_LOOP('',(#1020,#1021,#1022,#1023));
#4939=EDGE_LOOP('',(#1024,#1025,#1026,#1027,#1028,#1029));
#4940=EDGE_LOOP('',(#1030,#1031,#1032,#1033,#1034,#1035,#1036,#1037));
#4941=EDGE_LOOP('',(#1038,#1039,#1040,#1041));
#4942=EDGE_LOOP('',(#1042,#1043,#1044,#1045));
#4943=EDGE_LOOP('',(#1046,#1047,#1048,#1049));
#4944=EDGE_LOOP('',(#1050,#1051,#1052,#1053));
#4945=EDGE_LOOP('',(#1054,#1055,#1056,#1057));
#4946=EDGE_LOOP('',(#1058,#1059,#1060,#1061));
#4947=EDGE_LOOP('',(#1062,#1063,#1064,#1065));
#4948=EDGE_LOOP('',(#1066,#1067,#1068,#1069,#1070,#1071));
#4949=EDGE_LOOP('',(#1072,#1073,#1074,#1075));
#4950=EDGE_LOOP('',(#1076,#1077,#1078,#1079));
#4951=EDGE_LOOP('',(#1080,#1081,#1082,#1083));
#4952=EDGE_LOOP('',(#1084,#1085,#1086,#1087));
#4953=EDGE_LOOP('',(#1088,#1089,#1090,#1091,#1092,#1093,#1094,#1095,#1096,
#1097,#1098,#1099));
#4954=EDGE_LOOP('',(#1100,#1101,#1102,#1103));
#4955=EDGE_LOOP('',(#1104,#1105,#1106,#1107));
#4956=EDGE_LOOP('',(#1108,#1109,#1110,#1111));
#4957=EDGE_LOOP('',(#1112,#1113,#1114,#1115));
#4958=EDGE_LOOP('',(#1116,#1117,#1118,#1119));
#4959=EDGE_LOOP('',(#1120,#1121,#1122,#1123,#1124,#1125,#1126,#1127,#1128,
#1129));
#4960=EDGE_LOOP('',(#1130,#1131,#1132,#1133));
#4961=EDGE_LOOP('',(#1134,#1135,#1136,#1137,#1138,#1139));
#4962=EDGE_LOOP('',(#1140,#1141,#1142,#1143,#1144,#1145,#1146,#1147,#1148,
#1149));
#4963=EDGE_LOOP('',(#1150,#1151,#1152,#1153,#1154,#1155,#1156,#1157,#1158,
#1159,#1160,#1161));
#4964=EDGE_LOOP('',(#1162,#1163,#1164,#1165));
#4965=EDGE_LOOP('',(#1166,#1167,#1168,#1169));
#4966=EDGE_LOOP('',(#1170,#1171,#1172,#1173));
#4967=EDGE_LOOP('',(#1174,#1175,#1176,#1177));
#4968=EDGE_LOOP('',(#1178,#1179,#1180,#1181));
#4969=EDGE_LOOP('',(#1182,#1183,#1184,#1185));
#4970=EDGE_LOOP('',(#1186,#1187,#1188,#1189));
#4971=EDGE_LOOP('',(#1190,#1191,#1192,#1193,#1194,#1195));
#4972=EDGE_LOOP('',(#1196,#1197,#1198,#1199,#1200,#1201,#1202,#1203));
#4973=EDGE_LOOP('',(#1204,#1205,#1206,#1207));
#4974=EDGE_LOOP('',(#1208,#1209,#1210,#1211,#1212,#1213));
#4975=EDGE_LOOP('',(#1214,#1215,#1216,#1217));
#4976=EDGE_LOOP('',(#1218,#1219,#1220,#1221));
#4977=EDGE_LOOP('',(#1222,#1223,#1224,#1225));
#4978=EDGE_LOOP('',(#1226,#1227,#1228,#1229));
#4979=EDGE_LOOP('',(#1230,#1231,#1232,#1233));
#4980=EDGE_LOOP('',(#1234,#1235,#1236,#1237));
#4981=EDGE_LOOP('',(#1238,#1239,#1240,#1241));
#4982=EDGE_LOOP('',(#1242,#1243,#1244,#1245,#1246,#1247));
#4983=EDGE_LOOP('',(#1248,#1249,#1250,#1251));
#4984=EDGE_LOOP('',(#1252,#1253,#1254,#1255));
#4985=EDGE_LOOP('',(#1256,#1257,#1258,#1259));
#4986=EDGE_LOOP('',(#1260,#1261,#1262,#1263,#1264,#1265,#1266,#1267));
#4987=EDGE_LOOP('',(#1268,#1269,#1270,#1271));
#4988=EDGE_LOOP('',(#1272,#1273,#1274,#1275,#1276,#1277));
#4989=EDGE_LOOP('',(#1278,#1279,#1280,#1281));
#4990=EDGE_LOOP('',(#1282,#1283,#1284,#1285));
#4991=EDGE_LOOP('',(#1286,#1287,#1288,#1289));
#4992=EDGE_LOOP('',(#1290,#1291,#1292,#1293));
#4993=EDGE_LOOP('',(#1294,#1295,#1296,#1297,#1298,#1299,#1300,#1301,#1302,
#1303,#1304,#1305));
#4994=EDGE_LOOP('',(#1306,#1307,#1308,#1309));
#4995=EDGE_LOOP('',(#1310,#1311,#1312,#1313,#1314,#1315,#1316,#1317,#1318,
#1319,#1320,#1321));
#4996=EDGE_LOOP('',(#1322,#1323,#1324,#1325));
#4997=EDGE_LOOP('',(#1326,#1327,#1328,#1329,#1330,#1331,#1332,#1333));
#4998=EDGE_LOOP('',(#1334,#1335,#1336,#1337,#1338,#1339,#1340,#1341));
#4999=EDGE_LOOP('',(#1342,#1343,#1344,#1345,#1346,#1347,#1348,#1349,#1350,
#1351,#1352,#1353));
#5000=EDGE_LOOP('',(#1354,#1355,#1356,#1357,#1358,#1359,#1360,#1361));
#5001=EDGE_LOOP('',(#1362,#1363,#1364,#1365,#1366,#1367));
#5002=EDGE_LOOP('',(#1368,#1369,#1370,#1371,#1372,#1373));
#5003=EDGE_LOOP('',(#1374,#1375,#1376,#1377,#1378,#1379));
#5004=EDGE_LOOP('',(#1380,#1381,#1382,#1383));
#5005=EDGE_LOOP('',(#1384,#1385,#1386,#1387));
#5006=EDGE_LOOP('',(#1388,#1389,#1390,#1391));
#5007=EDGE_LOOP('',(#1392,#1393,#1394,#1395));
#5008=EDGE_LOOP('',(#1396,#1397,#1398,#1399,#1400,#1401));
#5009=EDGE_LOOP('',(#1402,#1403,#1404,#1405,#1406,#1407));
#5010=EDGE_LOOP('',(#1408,#1409,#1410,#1411,#1412,#1413));
#5011=EDGE_LOOP('',(#1414,#1415,#1416,#1417));
#5012=EDGE_LOOP('',(#1418,#1419,#1420,#1421));
#5013=EDGE_LOOP('',(#1422,#1423,#1424,#1425));
#5014=EDGE_LOOP('',(#1426,#1427,#1428,#1429));
#5015=EDGE_LOOP('',(#1430,#1431,#1432,#1433));
#5016=EDGE_LOOP('',(#1434,#1435,#1436,#1437,#1438,#1439,#1440,#1441));
#5017=EDGE_LOOP('',(#1442,#1443,#1444,#1445));
#5018=EDGE_LOOP('',(#1446,#1447,#1448,#1449,#1450,#1451));
#5019=EDGE_LOOP('',(#1452,#1453,#1454,#1455));
#5020=EDGE_LOOP('',(#1456,#1457,#1458,#1459,#1460,#1461));
#5021=EDGE_LOOP('',(#1462,#1463,#1464,#1465,#1466,#1467));
#5022=EDGE_LOOP('',(#1468,#1469,#1470,#1471,#1472,#1473));
#5023=EDGE_LOOP('',(#1474,#1475,#1476,#1477,#1478,#1479,#1480,#1481));
#5024=EDGE_LOOP('',(#1482,#1483,#1484,#1485));
#5025=EDGE_LOOP('',(#1486,#1487,#1488,#1489));
#5026=EDGE_LOOP('',(#1490,#1491,#1492,#1493));
#5027=EDGE_LOOP('',(#1494,#1495,#1496,#1497,#1498,#1499,#1500,#1501));
#5028=EDGE_LOOP('',(#1502,#1503,#1504,#1505));
#5029=EDGE_LOOP('',(#1506,#1507,#1508,#1509,#1510,#1511,#1512,#1513,#1514,
#1515,#1516,#1517,#1518,#1519));
#5030=EDGE_LOOP('',(#1520,#1521,#1522,#1523));
#5031=EDGE_LOOP('',(#1524,#1525,#1526,#1527,#1528,#1529,#1530,#1531,#1532,
#1533,#1534,#1535,#1536,#1537));
#5032=EDGE_LOOP('',(#1538,#1539,#1540,#1541,#1542,#1543));
#5033=EDGE_LOOP('',(#1544,#1545,#1546,#1547));
#5034=EDGE_LOOP('',(#1548,#1549,#1550,#1551));
#5035=EDGE_LOOP('',(#1552,#1553,#1554,#1555));
#5036=EDGE_LOOP('',(#1556,#1557,#1558,#1559,#1560,#1561,#1562,#1563));
#5037=EDGE_LOOP('',(#1564,#1565,#1566,#1567));
#5038=EDGE_LOOP('',(#1568,#1569,#1570,#1571));
#5039=EDGE_LOOP('',(#1572,#1573,#1574,#1575,#1576,#1577,#1578,#1579,#1580,
#1581));
#5040=EDGE_LOOP('',(#1582,#1583,#1584,#1585,#1586,#1587));
#5041=EDGE_LOOP('',(#1588,#1589,#1590,#1591,#1592,#1593,#1594,#1595));
#5042=EDGE_LOOP('',(#1596,#1597,#1598,#1599));
#5043=EDGE_LOOP('',(#1600,#1601,#1602,#1603));
#5044=EDGE_LOOP('',(#1604,#1605,#1606,#1607));
#5045=EDGE_LOOP('',(#1608,#1609,#1610,#1611));
#5046=EDGE_LOOP('',(#1612,#1613,#1614,#1615,#1616,#1617,#1618,#1619));
#5047=EDGE_LOOP('',(#1620,#1621,#1622,#1623));
#5048=EDGE_LOOP('',(#1624,#1625,#1626,#1627,#1628,#1629));
#5049=EDGE_LOOP('',(#1630,#1631,#1632,#1633));
#5050=EDGE_LOOP('',(#1634,#1635,#1636,#1637));
#5051=EDGE_LOOP('',(#1638,#1639,#1640,#1641));
#5052=EDGE_LOOP('',(#1642,#1643,#1644,#1645,#1646,#1647));
#5053=EDGE_LOOP('',(#1648,#1649,#1650,#1651));
#5054=EDGE_LOOP('',(#1652,#1653,#1654,#1655,#1656,#1657,#1658,#1659,#1660,
#1661,#1662,#1663,#1664,#1665,#1666,#1667,#1668,#1669,#1670,#1671,#1672,
#1673,#1674,#1675,#1676,#1677,#1678,#1679,#1680,#1681));
#5055=EDGE_LOOP('',(#1682,#1683,#1684,#1685));
#5056=EDGE_LOOP('',(#1686,#1687,#1688,#1689,#1690,#1691,#1692,#1693,#1694,
#1695,#1696,#1697,#1698,#1699,#1700,#1701,#1702,#1703,#1704,#1705,#1706,
#1707,#1708,#1709,#1710,#1711,#1712,#1713,#1714,#1715,#1716,#1717,#1718,
#1719,#1720,#1721));
#5057=EDGE_LOOP('',(#1722,#1723,#1724,#1725));
#5058=EDGE_LOOP('',(#1726,#1727,#1728,#1729));
#5059=EDGE_LOOP('',(#1730,#1731,#1732,#1733,#1734,#1735,#1736,#1737,#1738,
#1739,#1740,#1741,#1742,#1743,#1744,#1745,#1746,#1747,#1748,#1749,#1750,
#1751,#1752,#1753,#1754,#1755,#1756,#1757,#1758,#1759));
#5060=EDGE_LOOP('',(#1760,#1761,#1762,#1763,#1764,#1765,#1766,#1767,#1768,
#1769,#1770,#1771,#1772,#1773,#1774,#1775,#1776,#1777,#1778,#1779,#1780,
#1781,#1782,#1783,#1784,#1785,#1786,#1787,#1788,#1789));
#5061=EDGE_LOOP('',(#1790,#1791,#1792,#1793,#1794));
#5062=EDGE_LOOP('',(#1795,#1796,#1797,#1798,#1799,#1800,#1801,#1802,#1803,
#1804,#1805,#1806));
#5063=EDGE_LOOP('',(#1807,#1808,#1809,#1810,#1811,#1812,#1813,#1814));
#5064=EDGE_LOOP('',(#1815,#1816,#1817,#1818));
#5065=FACE_BOUND('',#4759,.T.);
#5066=FACE_BOUND('',#4760,.T.);
#5067=FACE_BOUND('',#4761,.T.);
#5068=FACE_BOUND('',#4762,.T.);
#5069=FACE_BOUND('',#4763,.T.);
#5070=FACE_BOUND('',#4764,.T.);
#5071=FACE_BOUND('',#4765,.T.);
#5072=FACE_BOUND('',#4766,.T.);
#5073=FACE_BOUND('',#4767,.T.);
#5074=FACE_BOUND('',#4768,.T.);
#5075=FACE_BOUND('',#4769,.T.);
#5076=FACE_BOUND('',#4770,.T.);
#5077=FACE_BOUND('',#4771,.T.);
#5078=FACE_BOUND('',#4772,.T.);
#5079=FACE_BOUND('',#4773,.T.);
#5080=FACE_BOUND('',#4774,.T.);
#5081=FACE_BOUND('',#4775,.T.);
#5082=FACE_BOUND('',#4776,.T.);
#5083=FACE_BOUND('',#4777,.T.);
#5084=FACE_BOUND('',#4778,.T.);
#5085=FACE_BOUND('',#4779,.T.);
#5086=FACE_BOUND('',#4780,.T.);
#5087=FACE_BOUND('',#4781,.T.);
#5088=FACE_BOUND('',#4782,.T.);
#5089=FACE_BOUND('',#4783,.T.);
#5090=FACE_BOUND('',#4784,.T.);
#5091=FACE_BOUND('',#4785,.T.);
#5092=FACE_BOUND('',#4786,.T.);
#5093=FACE_BOUND('',#4787,.T.);
#5094=FACE_BOUND('',#4788,.T.);
#5095=FACE_BOUND('',#4789,.T.);
#5096=FACE_BOUND('',#4790,.T.);
#5097=FACE_BOUND('',#4791,.T.);
#5098=FACE_BOUND('',#4792,.T.);
#5099=FACE_BOUND('',#4793,.T.);
#5100=FACE_BOUND('',#4794,.T.);
#5101=FACE_BOUND('',#4795,.T.);
#5102=FACE_BOUND('',#4796,.T.);
#5103=FACE_BOUND('',#4797,.T.);
#5104=FACE_BOUND('',#4798,.T.);
#5105=FACE_BOUND('',#4799,.T.);
#5106=FACE_BOUND('',#4800,.T.);
#5107=FACE_BOUND('',#4801,.T.);
#5108=FACE_BOUND('',#4802,.T.);
#5109=FACE_BOUND('',#4803,.T.);
#5110=FACE_BOUND('',#4804,.T.);
#5111=FACE_BOUND('',#4805,.T.);
#5112=FACE_BOUND('',#4806,.T.);
#5113=FACE_BOUND('',#4807,.T.);
#5114=FACE_BOUND('',#4808,.T.);
#5115=FACE_BOUND('',#4809,.T.);
#5116=FACE_BOUND('',#4810,.T.);
#5117=FACE_BOUND('',#4811,.T.);
#5118=FACE_BOUND('',#4812,.T.);
#5119=FACE_BOUND('',#4813,.T.);
#5120=FACE_BOUND('',#4814,.T.);
#5121=FACE_BOUND('',#4815,.T.);
#5122=FACE_BOUND('',#4816,.T.);
#5123=FACE_BOUND('',#4817,.T.);
#5124=FACE_BOUND('',#4818,.T.);
#5125=FACE_BOUND('',#4819,.T.);
#5126=FACE_BOUND('',#4820,.T.);
#5127=FACE_BOUND('',#4821,.T.);
#5128=FACE_BOUND('',#4822,.T.);
#5129=FACE_BOUND('',#4823,.T.);
#5130=FACE_BOUND('',#4824,.T.);
#5131=FACE_BOUND('',#4825,.T.);
#5132=FACE_BOUND('',#4826,.T.);
#5133=FACE_BOUND('',#4827,.T.);
#5134=FACE_BOUND('',#4828,.T.);
#5135=FACE_BOUND('',#4829,.T.);
#5136=FACE_BOUND('',#4830,.T.);
#5137=FACE_BOUND('',#4831,.T.);
#5138=FACE_BOUND('',#4832,.T.);
#5139=FACE_BOUND('',#4833,.T.);
#5140=FACE_BOUND('',#4834,.T.);
#5141=FACE_BOUND('',#4835,.T.);
#5142=FACE_BOUND('',#4836,.T.);
#5143=FACE_BOUND('',#4837,.T.);
#5144=FACE_BOUND('',#4838,.T.);
#5145=FACE_BOUND('',#4839,.T.);
#5146=FACE_BOUND('',#4840,.T.);
#5147=FACE_BOUND('',#4841,.T.);
#5148=FACE_BOUND('',#4842,.T.);
#5149=FACE_BOUND('',#4843,.T.);
#5150=FACE_BOUND('',#4844,.T.);
#5151=FACE_BOUND('',#4845,.T.);
#5152=FACE_BOUND('',#4846,.T.);
#5153=FACE_BOUND('',#4847,.T.);
#5154=FACE_BOUND('',#4848,.T.);
#5155=FACE_BOUND('',#4849,.T.);
#5156=FACE_BOUND('',#4850,.T.);
#5157=FACE_BOUND('',#4851,.T.);
#5158=FACE_BOUND('',#4852,.T.);
#5159=FACE_BOUND('',#4853,.T.);
#5160=FACE_BOUND('',#4854,.T.);
#5161=FACE_BOUND('',#4855,.T.);
#5162=FACE_BOUND('',#4856,.T.);
#5163=FACE_BOUND('',#4857,.T.);
#5164=FACE_BOUND('',#4858,.T.);
#5165=FACE_BOUND('',#4859,.T.);
#5166=FACE_BOUND('',#4860,.T.);
#5167=FACE_BOUND('',#4861,.T.);
#5168=FACE_BOUND('',#4862,.T.);
#5169=FACE_BOUND('',#4863,.T.);
#5170=FACE_BOUND('',#4864,.T.);
#5171=FACE_BOUND('',#4865,.T.);
#5172=FACE_BOUND('',#4866,.T.);
#5173=FACE_BOUND('',#4867,.T.);
#5174=FACE_BOUND('',#4868,.T.);
#5175=FACE_BOUND('',#4869,.T.);
#5176=FACE_BOUND('',#4870,.T.);
#5177=FACE_BOUND('',#4871,.T.);
#5178=FACE_BOUND('',#4872,.T.);
#5179=FACE_BOUND('',#4873,.T.);
#5180=FACE_BOUND('',#4874,.T.);
#5181=FACE_BOUND('',#4875,.T.);
#5182=FACE_BOUND('',#4876,.T.);
#5183=FACE_BOUND('',#4877,.T.);
#5184=FACE_BOUND('',#4878,.T.);
#5185=FACE_BOUND('',#4879,.T.);
#5186=FACE_BOUND('',#4880,.T.);
#5187=FACE_BOUND('',#4881,.T.);
#5188=FACE_BOUND('',#4882,.T.);
#5189=FACE_BOUND('',#4883,.T.);
#5190=FACE_BOUND('',#4884,.T.);
#5191=FACE_BOUND('',#4885,.T.);
#5192=FACE_BOUND('',#4886,.T.);
#5193=FACE_BOUND('',#4887,.T.);
#5194=FACE_BOUND('',#4888,.T.);
#5195=FACE_BOUND('',#4889,.T.);
#5196=FACE_BOUND('',#4890,.T.);
#5197=FACE_BOUND('',#4891,.T.);
#5198=FACE_BOUND('',#4892,.T.);
#5199=FACE_BOUND('',#4893,.T.);
#5200=FACE_BOUND('',#4894,.T.);
#5201=FACE_BOUND('',#4895,.T.);
#5202=FACE_BOUND('',#4896,.T.);
#5203=FACE_BOUND('',#4897,.T.);
#5204=FACE_BOUND('',#4898,.T.);
#5205=FACE_BOUND('',#4899,.T.);
#5206=FACE_BOUND('',#4900,.T.);
#5207=FACE_BOUND('',#4901,.T.);
#5208=FACE_BOUND('',#4902,.T.);
#5209=FACE_BOUND('',#4903,.T.);
#5210=FACE_BOUND('',#4904,.T.);
#5211=FACE_BOUND('',#4905,.T.);
#5212=FACE_BOUND('',#4906,.T.);
#5213=FACE_BOUND('',#4907,.T.);
#5214=FACE_BOUND('',#4908,.T.);
#5215=FACE_BOUND('',#4909,.T.);
#5216=FACE_BOUND('',#4910,.T.);
#5217=FACE_BOUND('',#4911,.T.);
#5218=FACE_BOUND('',#4912,.T.);
#5219=FACE_BOUND('',#4913,.T.);
#5220=FACE_BOUND('',#4914,.T.);
#5221=FACE_BOUND('',#4915,.T.);
#5222=FACE_BOUND('',#4916,.T.);
#5223=FACE_BOUND('',#4917,.T.);
#5224=FACE_BOUND('',#4918,.T.);
#5225=FACE_BOUND('',#4919,.T.);
#5226=FACE_BOUND('',#4920,.T.);
#5227=FACE_BOUND('',#4921,.T.);
#5228=FACE_BOUND('',#4922,.T.);
#5229=FACE_BOUND('',#4923,.T.);
#5230=FACE_BOUND('',#4924,.T.);
#5231=FACE_BOUND('',#4925,.T.);
#5232=FACE_BOUND('',#4926,.T.);
#5233=FACE_BOUND('',#4927,.T.);
#5234=FACE_BOUND('',#4928,.T.);
#5235=FACE_BOUND('',#4929,.T.);
#5236=FACE_BOUND('',#4930,.T.);
#5237=FACE_BOUND('',#4931,.T.);
#5238=FACE_BOUND('',#4932,.T.);
#5239=FACE_BOUND('',#4933,.T.);
#5240=FACE_BOUND('',#4934,.T.);
#5241=FACE_BOUND('',#4935,.T.);
#5242=FACE_BOUND('',#4936,.T.);
#5243=FACE_BOUND('',#4937,.T.);
#5244=FACE_BOUND('',#4938,.T.);
#5245=FACE_BOUND('',#4939,.T.);
#5246=FACE_BOUND('',#4940,.T.);
#5247=FACE_BOUND('',#4941,.T.);
#5248=FACE_BOUND('',#4942,.T.);
#5249=FACE_BOUND('',#4943,.T.);
#5250=FACE_BOUND('',#4944,.T.);
#5251=FACE_BOUND('',#4945,.T.);
#5252=FACE_BOUND('',#4946,.T.);
#5253=FACE_BOUND('',#4947,.T.);
#5254=FACE_BOUND('',#4948,.T.);
#5255=FACE_BOUND('',#4949,.T.);
#5256=FACE_BOUND('',#4950,.T.);
#5257=FACE_BOUND('',#4951,.T.);
#5258=FACE_BOUND('',#4952,.T.);
#5259=FACE_BOUND('',#4953,.T.);
#5260=FACE_BOUND('',#4954,.T.);
#5261=FACE_BOUND('',#4955,.T.);
#5262=FACE_BOUND('',#4956,.T.);
#5263=FACE_BOUND('',#4957,.T.);
#5264=FACE_BOUND('',#4958,.T.);
#5265=FACE_BOUND('',#4959,.T.);
#5266=FACE_BOUND('',#4960,.T.);
#5267=FACE_BOUND('',#4961,.T.);
#5268=FACE_BOUND('',#4962,.T.);
#5269=FACE_BOUND('',#4963,.T.);
#5270=FACE_BOUND('',#4964,.T.);
#5271=FACE_BOUND('',#4965,.T.);
#5272=FACE_BOUND('',#4966,.T.);
#5273=FACE_BOUND('',#4967,.T.);
#5274=FACE_BOUND('',#4968,.T.);
#5275=FACE_BOUND('',#4969,.T.);
#5276=FACE_BOUND('',#4970,.T.);
#5277=FACE_BOUND('',#4971,.T.);
#5278=FACE_BOUND('',#4972,.T.);
#5279=FACE_BOUND('',#4973,.T.);
#5280=FACE_BOUND('',#4974,.T.);
#5281=FACE_BOUND('',#4975,.T.);
#5282=FACE_BOUND('',#4976,.T.);
#5283=FACE_BOUND('',#4977,.T.);
#5284=FACE_BOUND('',#4978,.T.);
#5285=FACE_BOUND('',#4979,.T.);
#5286=FACE_BOUND('',#4980,.T.);
#5287=FACE_BOUND('',#4981,.T.);
#5288=FACE_BOUND('',#4982,.T.);
#5289=FACE_BOUND('',#4983,.T.);
#5290=FACE_BOUND('',#4984,.T.);
#5291=FACE_BOUND('',#4985,.T.);
#5292=FACE_BOUND('',#4986,.T.);
#5293=FACE_BOUND('',#4987,.T.);
#5294=FACE_BOUND('',#4988,.T.);
#5295=FACE_BOUND('',#4989,.T.);
#5296=FACE_BOUND('',#4990,.T.);
#5297=FACE_BOUND('',#4991,.T.);
#5298=FACE_BOUND('',#4992,.T.);
#5299=FACE_BOUND('',#4993,.T.);
#5300=FACE_BOUND('',#4994,.T.);
#5301=FACE_BOUND('',#4995,.T.);
#5302=FACE_BOUND('',#4996,.T.);
#5303=FACE_BOUND('',#4997,.T.);
#5304=FACE_BOUND('',#4998,.T.);
#5305=FACE_BOUND('',#4999,.T.);
#5306=FACE_BOUND('',#5000,.T.);
#5307=FACE_BOUND('',#5001,.T.);
#5308=FACE_BOUND('',#5002,.T.);
#5309=FACE_BOUND('',#5003,.T.);
#5310=FACE_BOUND('',#5004,.T.);
#5311=FACE_BOUND('',#5005,.T.);
#5312=FACE_BOUND('',#5006,.T.);
#5313=FACE_BOUND('',#5007,.T.);
#5314=FACE_BOUND('',#5008,.T.);
#5315=FACE_BOUND('',#5009,.T.);
#5316=FACE_BOUND('',#5010,.T.);
#5317=FACE_BOUND('',#5011,.T.);
#5318=FACE_BOUND('',#5012,.T.);
#5319=FACE_BOUND('',#5013,.T.);
#5320=FACE_BOUND('',#5014,.T.);
#5321=FACE_BOUND('',#5015,.T.);
#5322=FACE_BOUND('',#5016,.T.);
#5323=FACE_BOUND('',#5017,.T.);
#5324=FACE_BOUND('',#5018,.T.);
#5325=FACE_BOUND('',#5019,.T.);
#5326=FACE_BOUND('',#5020,.T.);
#5327=FACE_BOUND('',#5021,.T.);
#5328=FACE_BOUND('',#5022,.T.);
#5329=FACE_BOUND('',#5023,.T.);
#5330=FACE_BOUND('',#5024,.T.);
#5331=FACE_BOUND('',#5025,.T.);
#5332=FACE_BOUND('',#5026,.T.);
#5333=FACE_BOUND('',#5027,.T.);
#5334=FACE_BOUND('',#5028,.T.);
#5335=FACE_BOUND('',#5029,.T.);
#5336=FACE_BOUND('',#5030,.T.);
#5337=FACE_BOUND('',#5031,.T.);
#5338=FACE_BOUND('',#5032,.T.);
#5339=FACE_BOUND('',#5033,.T.);
#5340=FACE_BOUND('',#5034,.T.);
#5341=FACE_BOUND('',#5035,.T.);
#5342=FACE_BOUND('',#5036,.T.);
#5343=FACE_BOUND('',#5037,.T.);
#5344=FACE_BOUND('',#5038,.T.);
#5345=FACE_BOUND('',#5039,.T.);
#5346=FACE_BOUND('',#5040,.T.);
#5347=FACE_BOUND('',#5041,.T.);
#5348=FACE_BOUND('',#5042,.T.);
#5349=FACE_BOUND('',#5043,.T.);
#5350=FACE_BOUND('',#5044,.T.);
#5351=FACE_BOUND('',#5045,.T.);
#5352=FACE_BOUND('',#5046,.T.);
#5353=FACE_BOUND('',#5047,.T.);
#5354=FACE_BOUND('',#5048,.T.);
#5355=FACE_BOUND('',#5049,.T.);
#5356=FACE_BOUND('',#5050,.T.);
#5357=FACE_BOUND('',#5051,.T.);
#5358=FACE_BOUND('',#5052,.T.);
#5359=FACE_BOUND('',#5053,.T.);
#5360=FACE_BOUND('',#5054,.T.);
#5361=FACE_BOUND('',#5055,.T.);
#5362=FACE_BOUND('',#5056,.T.);
#5363=FACE_BOUND('',#5057,.T.);
#5364=FACE_BOUND('',#5058,.T.);
#5365=FACE_BOUND('',#5059,.T.);
#5366=FACE_BOUND('',#5060,.T.);
#5367=FACE_BOUND('',#5061,.T.);
#5368=FACE_BOUND('',#5062,.T.);
#5369=FACE_BOUND('',#5063,.T.);
#5370=FACE_BOUND('',#5064,.T.);
#5371=PLANE('',#5913);
#5372=PLANE('',#5914);
#5373=PLANE('',#5915);
#5374=PLANE('',#5916);
#5375=PLANE('',#5917);
#5376=PLANE('',#5918);
#5377=PLANE('',#5919);
#5378=PLANE('',#5920);
#5379=PLANE('',#5921);
#5380=PLANE('',#5922);
#5381=PLANE('',#5923);
#5382=PLANE('',#5924);
#5383=PLANE('',#5925);
#5384=PLANE('',#5926);
#5385=PLANE('',#5927);
#5386=PLANE('',#5928);
#5387=PLANE('',#5929);
#5388=PLANE('',#5930);
#5389=PLANE('',#5931);
#5390=PLANE('',#5932);
#5391=PLANE('',#5933);
#5392=PLANE('',#5934);
#5393=PLANE('',#5935);
#5394=PLANE('',#5938);
#5395=PLANE('',#5943);
#5396=PLANE('',#5944);
#5397=PLANE('',#5945);
#5398=PLANE('',#5946);
#5399=PLANE('',#5947);
#5400=PLANE('',#5948);
#5401=PLANE('',#5949);
#5402=PLANE('',#5950);
#5403=PLANE('',#5951);
#5404=PLANE('',#5952);
#5405=PLANE('',#5953);
#5406=PLANE('',#5954);
#5407=PLANE('',#5955);
#5408=PLANE('',#5956);
#5409=PLANE('',#5957);
#5410=PLANE('',#5958);
#5411=PLANE('',#5959);
#5412=PLANE('',#5960);
#5413=PLANE('',#5964);
#5414=PLANE('',#5965);
#5415=PLANE('',#5966);
#5416=PLANE('',#5967);
#5417=PLANE('',#5968);
#5418=PLANE('',#5969);
#5419=PLANE('',#5970);
#5420=PLANE('',#5971);
#5421=PLANE('',#5972);
#5422=PLANE('',#5973);
#5423=PLANE('',#5974);
#5424=PLANE('',#5975);
#5425=PLANE('',#5976);
#5426=PLANE('',#5977);
#5427=PLANE('',#5978);
#5428=PLANE('',#5979);
#5429=PLANE('',#5980);
#5430=PLANE('',#5981);
#5431=PLANE('',#5982);
#5432=PLANE('',#5983);
#5433=PLANE('',#5984);
#5434=PLANE('',#5985);
#5435=PLANE('',#5986);
#5436=PLANE('',#5987);
#5437=PLANE('',#5988);
#5438=PLANE('',#5989);
#5439=PLANE('',#5990);
#5440=PLANE('',#5991);
#5441=PLANE('',#5992);
#5442=PLANE('',#5993);
#5443=PLANE('',#5994);
#5444=PLANE('',#5995);
#5445=PLANE('',#5996);
#5446=PLANE('',#5997);
#5447=PLANE('',#5998);
#5448=PLANE('',#5999);
#5449=PLANE('',#6000);
#5450=PLANE('',#6001);
#5451=PLANE('',#6005);
#5452=PLANE('',#6006);
#5453=PLANE('',#6007);
#5454=PLANE('',#6008);
#5455=PLANE('',#6009);
#5456=PLANE('',#6010);
#5457=PLANE('',#6011);
#5458=PLANE('',#6016);
#5459=PLANE('',#6019);
#5460=PLANE('',#6020);
#5461=PLANE('',#6024);
#5462=PLANE('',#6025);
#5463=PLANE('',#6030);
#5464=PLANE('',#6033);
#5465=PLANE('',#6034);
#5466=PLANE('',#6035);
#5467=PLANE('',#6037);
#5468=PLANE('',#6040);
#5469=PLANE('',#6041);
#5470=PLANE('',#6042);
#5471=PLANE('',#6043);
#5472=PLANE('',#6047);
#5473=PLANE('',#6048);
#5474=PLANE('',#6049);
#5475=PLANE('',#6050);
#5476=PLANE('',#6051);
#5477=PLANE('',#6052);
#5478=PLANE('',#6053);
#5479=PLANE('',#6054);
#5480=PLANE('',#6055);
#5481=PLANE('',#6056);
#5482=PLANE('',#6057);
#5483=PLANE('',#6058);
#5484=PLANE('',#6062);
#5485=PLANE('',#6063);
#5486=PLANE('',#6065);
#5487=PLANE('',#6066);
#5488=PLANE('',#6069);
#5489=PLANE('',#6070);
#5490=PLANE('',#6071);
#5491=PLANE('',#6072);
#5492=PLANE('',#6073);
#5493=PLANE('',#6074);
#5494=PLANE('',#6075);
#5495=PLANE('',#6076);
#5496=PLANE('',#6077);
#5497=PLANE('',#6078);
#5498=PLANE('',#6079);
#5499=PLANE('',#6080);
#5500=PLANE('',#6081);
#5501=PLANE('',#6082);
#5502=PLANE('',#6083);
#5503=PLANE('',#6084);
#5504=PLANE('',#6085);
#5505=PLANE('',#6086);
#5506=PLANE('',#6087);
#5507=PLANE('',#6088);
#5508=PLANE('',#6089);
#5509=PLANE('',#6090);
#5510=PLANE('',#6091);
#5511=PLANE('',#6092);
#5512=PLANE('',#6093);
#5513=PLANE('',#6094);
#5514=PLANE('',#6095);
#5515=PLANE('',#6096);
#5516=PLANE('',#6097);
#5517=PLANE('',#6098);
#5518=PLANE('',#6099);
#5519=PLANE('',#6100);
#5520=PLANE('',#6101);
#5521=PLANE('',#6102);
#5522=PLANE('',#6103);
#5523=PLANE('',#6104);
#5524=PLANE('',#6105);
#5525=PLANE('',#6106);
#5526=PLANE('',#6107);
#5527=PLANE('',#6108);
#5528=PLANE('',#6109);
#5529=PLANE('',#6110);
#5530=PLANE('',#6111);
#5531=PLANE('',#6112);
#5532=PLANE('',#6113);
#5533=PLANE('',#6114);
#5534=PLANE('',#6115);
#5535=PLANE('',#6116);
#5536=PLANE('',#6117);
#5537=PLANE('',#6118);
#5538=PLANE('',#6119);
#5539=PLANE('',#6120);
#5540=PLANE('',#6121);
#5541=PLANE('',#6122);
#5542=PLANE('',#6123);
#5543=PLANE('',#6124);
#5544=PLANE('',#6125);
#5545=PLANE('',#6129);
#5546=PLANE('',#6130);
#5547=PLANE('',#6131);
#5548=PLANE('',#6132);
#5549=PLANE('',#6133);
#5550=PLANE('',#6134);
#5551=PLANE('',#6135);
#5552=PLANE('',#6136);
#5553=PLANE('',#6137);
#5554=PLANE('',#6141);
#5555=PLANE('',#6152);
#5556=PLANE('',#6153);
#5557=PLANE('',#6154);
#5558=PLANE('',#6158);
#5559=PLANE('',#6159);
#5560=PLANE('',#6170);
#5561=PLANE('',#6174);
#5562=PLANE('',#6175);
#5563=PLANE('',#6180);
#5564=PLANE('',#6184);
#5565=PLANE('',#6185);
#5566=PLANE('',#6190);
#5567=PLANE('',#6191);
#5568=PLANE('',#6192);
#5569=PLANE('',#6193);
#5570=PLANE('',#6194);
#5571=PLANE('',#6195);
#5572=PLANE('',#6200);
#5573=PLANE('',#6203);
#5574=PLANE('',#6206);
#5575=PLANE('',#6209);
#5576=PLANE('',#6212);
#5577=PLANE('',#6213);
#5578=PLANE('',#6214);
#5579=PLANE('',#6215);
#5580=PLANE('',#6216);
#5581=PLANE('',#6217);
#5582=PLANE('',#6218);
#5583=PLANE('',#6219);
#5584=PLANE('',#6220);
#5585=PLANE('',#6221);
#5586=PLANE('',#6222);
#5587=PLANE('',#6223);
#5588=PLANE('',#6224);
#5589=PLANE('',#6225);
#5590=PLANE('',#6226);
#5591=PLANE('',#6227);
#5592=PLANE('',#6228);
#5593=PLANE('',#6229);
#5594=PLANE('',#6230);
#5595=PLANE('',#6231);
#5596=PLANE('',#6232);
#5597=PLANE('',#6233);
#5598=PLANE('',#6234);
#5599=PLANE('',#6238);
#5600=PLANE('',#6239);
#5601=PLANE('',#6240);
#5602=PLANE('',#6241);
#5603=PLANE('',#6242);
#5604=PLANE('',#6243);
#5605=PLANE('',#6244);
#5606=PLANE('',#6245);
#5607=PLANE('',#6246);
#5608=PLANE('',#6247);
#5609=PLANE('',#6252);
#5610=PLANE('',#6255);
#5611=PLANE('',#6256);
#5612=PLANE('',#6257);
#5613=PLANE('',#6258);
#5614=PLANE('',#6259);
#5615=PLANE('',#6260);
#5616=PLANE('',#6261);
#5617=PLANE('',#6262);
#5618=PLANE('',#6263);
#5619=ADVANCED_FACE('',(#5065),#5371,.T.);
#5620=ADVANCED_FACE('',(#5066),#5372,.T.);
#5621=ADVANCED_FACE('',(#5067),#5373,.F.);
#5622=ADVANCED_FACE('',(#5068),#5374,.F.);
#5623=ADVANCED_FACE('',(#5069),#5375,.T.);
#5624=ADVANCED_FACE('',(#5070),#5376,.T.);
#5625=ADVANCED_FACE('',(#5071),#5377,.F.);
#5626=ADVANCED_FACE('',(#5072),#5378,.F.);
#5627=ADVANCED_FACE('',(#5073),#5379,.F.);
#5628=ADVANCED_FACE('',(#5074),#5380,.T.);
#5629=ADVANCED_FACE('',(#5075),#5381,.T.);
#5630=ADVANCED_FACE('',(#5076),#5382,.T.);
#5631=ADVANCED_FACE('',(#5077),#5383,.T.);
#5632=ADVANCED_FACE('',(#5078),#5384,.T.);
#5633=ADVANCED_FACE('',(#5079),#5385,.F.);
#5634=ADVANCED_FACE('',(#5080),#5386,.T.);
#5635=ADVANCED_FACE('',(#5081),#5387,.T.);
#5636=ADVANCED_FACE('',(#5082),#5388,.T.);
#5637=ADVANCED_FACE('',(#5083),#5389,.T.);
#5638=ADVANCED_FACE('',(#5084),#5390,.F.);
#5639=ADVANCED_FACE('',(#5085),#5391,.T.);
#5640=ADVANCED_FACE('',(#5086),#5392,.T.);
#5641=ADVANCED_FACE('',(#5087),#5393,.T.);
#5642=ADVANCED_FACE('',(#5088),#5394,.T.);
#5643=ADVANCED_FACE('',(#5089),#30,.F.);
#5644=ADVANCED_FACE('',(#5090),#31,.T.);
#5645=ADVANCED_FACE('',(#5091),#5395,.T.);
#5646=ADVANCED_FACE('',(#5092),#5396,.F.);
#5647=ADVANCED_FACE('',(#5093),#5397,.F.);
#5648=ADVANCED_FACE('',(#5094),#5398,.F.);
#5649=ADVANCED_FACE('',(#5095),#5399,.F.);
#5650=ADVANCED_FACE('',(#5096),#5400,.F.);
#5651=ADVANCED_FACE('',(#5097),#5401,.T.);
#5652=ADVANCED_FACE('',(#5098),#5402,.F.);
#5653=ADVANCED_FACE('',(#5099),#5403,.F.);
#5654=ADVANCED_FACE('',(#5100),#5404,.T.);
#5655=ADVANCED_FACE('',(#5101),#5405,.F.);
#5656=ADVANCED_FACE('',(#5102),#5406,.F.);
#5657=ADVANCED_FACE('',(#5103),#5407,.T.);
#5658=ADVANCED_FACE('',(#5104),#5408,.F.);
#5659=ADVANCED_FACE('',(#5105),#5409,.T.);
#5660=ADVANCED_FACE('',(#5106),#5410,.T.);
#5661=ADVANCED_FACE('',(#5107),#5411,.F.);
#5662=ADVANCED_FACE('',(#5108),#5412,.F.);
#5663=ADVANCED_FACE('',(#5109),#32,.T.);
#5664=ADVANCED_FACE('',(#5110),#5413,.F.);
#5665=ADVANCED_FACE('',(#5111),#5414,.F.);
#5666=ADVANCED_FACE('',(#5112),#5415,.T.);
#5667=ADVANCED_FACE('',(#5113),#5416,.T.);
#5668=ADVANCED_FACE('',(#5114),#5417,.T.);
#5669=ADVANCED_FACE('',(#5115),#5418,.F.);
#5670=ADVANCED_FACE('',(#5116),#5419,.F.);
#5671=ADVANCED_FACE('',(#5117),#5420,.T.);
#5672=ADVANCED_FACE('',(#5118),#5421,.F.);
#5673=ADVANCED_FACE('',(#5119),#5422,.T.);
#5674=ADVANCED_FACE('',(#5120),#5423,.F.);
#5675=ADVANCED_FACE('',(#5121),#5424,.T.);
#5676=ADVANCED_FACE('',(#5122),#5425,.F.);
#5677=ADVANCED_FACE('',(#5123),#5426,.F.);
#5678=ADVANCED_FACE('',(#5124),#5427,.F.);
#5679=ADVANCED_FACE('',(#5125),#5428,.F.);
#5680=ADVANCED_FACE('',(#5126),#5429,.T.);
#5681=ADVANCED_FACE('',(#5127),#5430,.F.);
#5682=ADVANCED_FACE('',(#5128),#5431,.T.);
#5683=ADVANCED_FACE('',(#5129),#5432,.T.);
#5684=ADVANCED_FACE('',(#5130),#5433,.T.);
#5685=ADVANCED_FACE('',(#5131),#5434,.F.);
#5686=ADVANCED_FACE('',(#5132),#5435,.F.);
#5687=ADVANCED_FACE('',(#5133),#5436,.F.);
#5688=ADVANCED_FACE('',(#5134),#5437,.F.);
#5689=ADVANCED_FACE('',(#5135),#5438,.F.);
#5690=ADVANCED_FACE('',(#5136),#5439,.T.);
#5691=ADVANCED_FACE('',(#5137),#5440,.T.);
#5692=ADVANCED_FACE('',(#5138),#5441,.F.);
#5693=ADVANCED_FACE('',(#5139),#5442,.T.);
#5694=ADVANCED_FACE('',(#5140),#5443,.T.);
#5695=ADVANCED_FACE('',(#5141),#5444,.T.);
#5696=ADVANCED_FACE('',(#5142),#5445,.F.);
#5697=ADVANCED_FACE('',(#5143),#5446,.F.);
#5698=ADVANCED_FACE('',(#5144),#5447,.F.);
#5699=ADVANCED_FACE('',(#5145),#5448,.F.);
#5700=ADVANCED_FACE('',(#5146),#5449,.F.);
#5701=ADVANCED_FACE('',(#5147),#5450,.T.);
#5702=ADVANCED_FACE('',(#5148),#33,.T.);
#5703=ADVANCED_FACE('',(#5149),#5451,.F.);
#5704=ADVANCED_FACE('',(#5150),#5452,.T.);
#5705=ADVANCED_FACE('',(#5151),#5453,.T.);
#5706=ADVANCED_FACE('',(#5152),#5454,.T.);
#5707=ADVANCED_FACE('',(#5153),#5455,.T.);
#5708=ADVANCED_FACE('',(#5154),#5456,.T.);
#5709=ADVANCED_FACE('',(#5155),#5457,.F.);
#5710=ADVANCED_FACE('',(#5156),#34,.T.);
#5711=ADVANCED_FACE('',(#5157),#5458,.T.);
#5712=ADVANCED_FACE('',(#5158),#35,.T.);
#5713=ADVANCED_FACE('',(#5159),#5459,.F.);
#5714=ADVANCED_FACE('',(#5160),#5460,.F.);
#5715=ADVANCED_FACE('',(#5161),#36,.F.);
#5716=ADVANCED_FACE('',(#5162),#5461,.T.);
#5717=ADVANCED_FACE('',(#5163),#5462,.F.);
#5718=ADVANCED_FACE('',(#5164),#37,.T.);
#5719=ADVANCED_FACE('',(#5165),#5463,.T.);
#5720=ADVANCED_FACE('',(#5166),#38,.T.);
#5721=ADVANCED_FACE('',(#5167),#5464,.F.);
#5722=ADVANCED_FACE('',(#5168),#5465,.T.);
#5723=ADVANCED_FACE('',(#5169),#5466,.T.);
#5724=ADVANCED_FACE('',(#5170),#5467,.F.);
#5725=ADVANCED_FACE('',(#5171),#39,.F.);
#5726=ADVANCED_FACE('',(#5172,#5173),#5468,.F.);
#5727=ADVANCED_FACE('',(#5174),#5469,.T.);
#5728=ADVANCED_FACE('',(#5175),#5470,.F.);
#5729=ADVANCED_FACE('',(#5176),#5471,.T.);
#5730=ADVANCED_FACE('',(#5177),#40,.T.);
#5731=ADVANCED_FACE('',(#5178),#5472,.T.);
#5732=ADVANCED_FACE('',(#5179),#5473,.T.);
#5733=ADVANCED_FACE('',(#5180),#5474,.F.);
#5734=ADVANCED_FACE('',(#5181),#5475,.T.);
#5735=ADVANCED_FACE('',(#5182),#5476,.F.);
#5736=ADVANCED_FACE('',(#5183),#5477,.F.);
#5737=ADVANCED_FACE('',(#5184),#5478,.F.);
#5738=ADVANCED_FACE('',(#5185),#5479,.F.);
#5739=ADVANCED_FACE('',(#5186),#5480,.F.);
#5740=ADVANCED_FACE('',(#5187),#5481,.T.);
#5741=ADVANCED_FACE('',(#5188),#5482,.T.);
#5742=ADVANCED_FACE('',(#5189),#5483,.T.);
#5743=ADVANCED_FACE('',(#5190),#41,.T.);
#5744=ADVANCED_FACE('',(#5191),#5484,.T.);
#5745=ADVANCED_FACE('',(#5192,#5193),#5485,.T.);
#5746=ADVANCED_FACE('',(#5194),#5486,.T.);
#5747=ADVANCED_FACE('',(#5195),#5487,.T.);
#5748=ADVANCED_FACE('',(#5196),#42,.T.);
#5749=ADVANCED_FACE('',(#5197),#5488,.T.);
#5750=ADVANCED_FACE('',(#5198),#5489,.F.);
#5751=ADVANCED_FACE('',(#5199),#5490,.T.);
#5752=ADVANCED_FACE('',(#5200),#5491,.T.);
#5753=ADVANCED_FACE('',(#5201),#5492,.T.);
#5754=ADVANCED_FACE('',(#5202),#5493,.F.);
#5755=ADVANCED_FACE('',(#5203),#5494,.F.);
#5756=ADVANCED_FACE('',(#5204),#5495,.F.);
#5757=ADVANCED_FACE('',(#5205),#5496,.F.);
#5758=ADVANCED_FACE('',(#5206),#5497,.F.);
#5759=ADVANCED_FACE('',(#5207),#5498,.T.);
#5760=ADVANCED_FACE('',(#5208),#5499,.T.);
#5761=ADVANCED_FACE('',(#5209),#5500,.F.);
#5762=ADVANCED_FACE('',(#5210),#5501,.T.);
#5763=ADVANCED_FACE('',(#5211),#5502,.T.);
#5764=ADVANCED_FACE('',(#5212),#5503,.T.);
#5765=ADVANCED_FACE('',(#5213),#5504,.F.);
#5766=ADVANCED_FACE('',(#5214),#5505,.F.);
#5767=ADVANCED_FACE('',(#5215),#5506,.F.);
#5768=ADVANCED_FACE('',(#5216),#5507,.F.);
#5769=ADVANCED_FACE('',(#5217),#5508,.F.);
#5770=ADVANCED_FACE('',(#5218),#5509,.T.);
#5771=ADVANCED_FACE('',(#5219),#5510,.T.);
#5772=ADVANCED_FACE('',(#5220),#5511,.F.);
#5773=ADVANCED_FACE('',(#5221),#5512,.T.);
#5774=ADVANCED_FACE('',(#5222),#5513,.T.);
#5775=ADVANCED_FACE('',(#5223),#5514,.F.);
#5776=ADVANCED_FACE('',(#5224),#5515,.F.);
#5777=ADVANCED_FACE('',(#5225),#5516,.F.);
#5778=ADVANCED_FACE('',(#5226),#5517,.F.);
#5779=ADVANCED_FACE('',(#5227),#5518,.T.);
#5780=ADVANCED_FACE('',(#5228),#5519,.T.);
#5781=ADVANCED_FACE('',(#5229),#5520,.T.);
#5782=ADVANCED_FACE('',(#5230),#5521,.F.);
#5783=ADVANCED_FACE('',(#5231),#5522,.T.);
#5784=ADVANCED_FACE('',(#5232),#5523,.F.);
#5785=ADVANCED_FACE('',(#5233),#5524,.T.);
#5786=ADVANCED_FACE('',(#5234,#5235,#5236,#5237),#5525,.F.);
#5787=ADVANCED_FACE('',(#5238),#5526,.F.);
#5788=ADVANCED_FACE('',(#5239),#5527,.T.);
#5789=ADVANCED_FACE('',(#5240),#5528,.T.);
#5790=ADVANCED_FACE('',(#5241),#5529,.F.);
#5791=ADVANCED_FACE('',(#5242),#5530,.T.);
#5792=ADVANCED_FACE('',(#5243),#5531,.F.);
#5793=ADVANCED_FACE('',(#5244),#5532,.T.);
#5794=ADVANCED_FACE('',(#5245),#5533,.F.);
#5795=ADVANCED_FACE('',(#5246),#5534,.F.);
#5796=ADVANCED_FACE('',(#5247,#5248,#5249,#5250),#5535,.F.);
#5797=ADVANCED_FACE('',(#5251),#5536,.F.);
#5798=ADVANCED_FACE('',(#5252),#5537,.F.);
#5799=ADVANCED_FACE('',(#5253),#5538,.T.);
#5800=ADVANCED_FACE('',(#5254),#5539,.F.);
#5801=ADVANCED_FACE('',(#5255),#5540,.T.);
#5802=ADVANCED_FACE('',(#5256),#5541,.T.);
#5803=ADVANCED_FACE('',(#5257),#5542,.F.);
#5804=ADVANCED_FACE('',(#5258),#5543,.F.);
#5805=ADVANCED_FACE('',(#5259),#5544,.T.);
#5806=ADVANCED_FACE('',(#5260),#43,.T.);
#5807=ADVANCED_FACE('',(#5261),#5545,.F.);
#5808=ADVANCED_FACE('',(#5262),#5546,.F.);
#5809=ADVANCED_FACE('',(#5263),#5547,.T.);
#5810=ADVANCED_FACE('',(#5264),#5548,.T.);
#5811=ADVANCED_FACE('',(#5265),#5549,.T.);
#5812=ADVANCED_FACE('',(#5266),#5550,.F.);
#5813=ADVANCED_FACE('',(#5267),#5551,.F.);
#5814=ADVANCED_FACE('',(#5268),#5552,.T.);
#5815=ADVANCED_FACE('',(#5269),#5553,.F.);
#5816=ADVANCED_FACE('',(#5270),#44,.T.);
#5817=ADVANCED_FACE('',(#5271),#5554,.F.);
#5818=ADVANCED_FACE('',(#5272),#45,.T.);
#5819=ADVANCED_FACE('',(#5273),#46,.T.);
#5820=ADVANCED_FACE('',(#5274),#22,.T.);
#5821=ADVANCED_FACE('',(#5275),#47,.T.);
#5822=ADVANCED_FACE('',(#5276),#5555,.T.);
#5823=ADVANCED_FACE('',(#5277),#5556,.F.);
#5824=ADVANCED_FACE('',(#5278),#5557,.T.);
#5825=ADVANCED_FACE('',(#5279),#48,.T.);
#5826=ADVANCED_FACE('',(#5280),#5558,.F.);
#5827=ADVANCED_FACE('',(#5281),#5559,.T.);
#5828=ADVANCED_FACE('',(#5282),#23,.T.);
#5829=ADVANCED_FACE('',(#5283),#49,.T.);
#5830=ADVANCED_FACE('',(#5284),#50,.T.);
#5831=ADVANCED_FACE('',(#5285),#51,.T.);
#5832=ADVANCED_FACE('',(#5286),#5560,.F.);
#5833=ADVANCED_FACE('',(#5287),#52,.T.);
#5834=ADVANCED_FACE('',(#5288),#5561,.F.);
#5835=ADVANCED_FACE('',(#5289),#5562,.T.);
#5836=ADVANCED_FACE('',(#5290),#24,.T.);
#5837=ADVANCED_FACE('',(#5291),#53,.T.);
#5838=ADVANCED_FACE('',(#5292),#5563,.T.);
#5839=ADVANCED_FACE('',(#5293),#54,.T.);
#5840=ADVANCED_FACE('',(#5294),#5564,.F.);
#5841=ADVANCED_FACE('',(#5295),#5565,.T.);
#5842=ADVANCED_FACE('',(#5296),#25,.T.);
#5843=ADVANCED_FACE('',(#5297),#55,.T.);
#5844=ADVANCED_FACE('',(#5298),#5566,.T.);
#5845=ADVANCED_FACE('',(#5299),#5567,.T.);
#5846=ADVANCED_FACE('',(#5300),#5568,.T.);
#5847=ADVANCED_FACE('',(#5301),#5569,.T.);
#5848=ADVANCED_FACE('',(#5302),#5570,.T.);
#5849=ADVANCED_FACE('',(#5303,#5304,#5305,#5306),#5571,.T.);
#5850=ADVANCED_FACE('',(#5307,#5308,#5309,#5310),#5572,.F.);
#5851=ADVANCED_FACE('',(#5311),#56,.T.);
#5852=ADVANCED_FACE('',(#5312),#5573,.T.);
#5853=ADVANCED_FACE('',(#5313),#57,.T.);
#5854=ADVANCED_FACE('',(#5314,#5315,#5316,#5317),#5574,.T.);
#5855=ADVANCED_FACE('',(#5318),#58,.T.);
#5856=ADVANCED_FACE('',(#5319),#5575,.T.);
#5857=ADVANCED_FACE('',(#5320),#59,.T.);
#5858=ADVANCED_FACE('',(#5321,#5322),#5576,.T.);
#5859=ADVANCED_FACE('',(#5323),#5577,.T.);
#5860=ADVANCED_FACE('',(#5324),#5578,.F.);
#5861=ADVANCED_FACE('',(#5325),#5579,.T.);
#5862=ADVANCED_FACE('',(#5326,#5327,#5328,#5329),#5580,.F.);
#5863=ADVANCED_FACE('',(#5330),#5581,.T.);
#5864=ADVANCED_FACE('',(#5331),#5582,.F.);
#5865=ADVANCED_FACE('',(#5332),#5583,.T.);
#5866=ADVANCED_FACE('',(#5333),#5584,.T.);
#5867=ADVANCED_FACE('',(#5334),#5585,.T.);
#5868=ADVANCED_FACE('',(#5335),#5586,.F.);
#5869=ADVANCED_FACE('',(#5336),#5587,.T.);
#5870=ADVANCED_FACE('',(#5337),#5588,.F.);
#5871=ADVANCED_FACE('',(#5338),#5589,.T.);
#5872=ADVANCED_FACE('',(#5339),#5590,.T.);
#5873=ADVANCED_FACE('',(#5340),#5591,.T.);
#5874=ADVANCED_FACE('',(#5341),#5592,.F.);
#5875=ADVANCED_FACE('',(#5342),#5593,.T.);
#5876=ADVANCED_FACE('',(#5343),#5594,.F.);
#5877=ADVANCED_FACE('',(#5344),#5595,.F.);
#5878=ADVANCED_FACE('',(#5345),#5596,.F.);
#5879=ADVANCED_FACE('',(#5346),#5597,.T.);
#5880=ADVANCED_FACE('',(#5347),#5598,.T.);
#5881=ADVANCED_FACE('',(#5348),#60,.T.);
#5882=ADVANCED_FACE('',(#5349),#5599,.T.);
#5883=ADVANCED_FACE('',(#5350),#5600,.F.);
#5884=ADVANCED_FACE('',(#5351),#5601,.T.);
#5885=ADVANCED_FACE('',(#5352),#5602,.T.);
#5886=ADVANCED_FACE('',(#5353),#5603,.F.);
#5887=ADVANCED_FACE('',(#5354),#5604,.T.);
#5888=ADVANCED_FACE('',(#5355),#5605,.T.);
#5889=ADVANCED_FACE('',(#5356),#5606,.F.);
#5890=ADVANCED_FACE('',(#5357),#5607,.T.);
#5891=ADVANCED_FACE('',(#5358),#5608,.T.);
#5892=ADVANCED_FACE('',(#5359),#61,.F.);
#5893=ADVANCED_FACE('',(#5360),#5609,.T.);
#5894=ADVANCED_FACE('',(#5361),#62,.T.);
#5895=ADVANCED_FACE('',(#5362),#5610,.F.);
#5896=ADVANCED_FACE('',(#5363),#5611,.T.);
#5897=ADVANCED_FACE('',(#5364),#5612,.T.);
#5898=ADVANCED_FACE('',(#5365),#5613,.T.);
#5899=ADVANCED_FACE('',(#5366),#5614,.T.);
#5900=ADVANCED_FACE('',(#5367),#5615,.T.);
#5901=ADVANCED_FACE('',(#5368),#5616,.F.);
#5902=ADVANCED_FACE('',(#5369),#5617,.T.);
#5903=ADVANCED_FACE('',(#5370),#5618,.F.);
#5904=CLOSED_SHELL('',(#5619,#5620,#5621,#5622,#5623,#5624,#5625,#5626,
#5627,#5628));
#5905=CLOSED_SHELL('',(#5629,#5630,#5631,#5632,#5633,#5634,#5635,#5636,
#5637,#5638,#5639,#5640,#5641,#5642,#5643,#5644,#5645,#5646,#5647,#5648,
#5649,#5650,#5651,#5652,#5653,#5654,#5655,#5656,#5657,#5658,#5659,#5660,
#5661,#5662,#5663,#5664,#5665,#5666,#5667,#5668,#5669,#5670,#5671,#5672,
#5673,#5674,#5675,#5676,#5677,#5678,#5679,#5680,#5681,#5682,#5683,#5684,
#5685,#5686,#5687,#5688,#5689,#5690,#5691,#5692,#5693,#5694,#5695,#5696,
#5697,#5698,#5699,#5700,#5701,#5702,#5703,#5704,#5705,#5706,#5707,#5708,
#5709,#5710,#5711,#5712,#5713,#5714,#5715,#5716,#5717,#5718,#5719,#5720,
#5721,#5722,#5723,#5724,#5725,#5726,#5727,#5728,#5729,#5730,#5731,#5732,
#5733,#5734,#5735,#5736,#5737,#5738,#5739,#5740,#5741,#5742,#5743,#5744,
#5745,#5746,#5747,#5748,#5749,#5750,#5751,#5752,#5753,#5754,#5755,#5756,
#5757,#5758,#5759,#5760,#5761,#5762,#5763,#5764,#5765,#5766,#5767,#5768,
#5769,#5770,#5771,#5772,#5773,#5774,#5775,#5776,#5777,#5778,#5779,#5780,
#5781,#5782,#5783,#5784,#5785,#5786,#5787,#5788,#5789,#5790,#5791,#5792,
#5793,#5794,#5795,#5796,#5797,#5798,#5799,#5800,#5801,#5802,#5803,#5804,
#5805,#5806,#5807,#5808,#5809,#5810,#5811,#5812,#5813,#5814,#5815,#5816,
#5817,#5818,#5819,#5820,#5821,#5822,#5823,#5824,#5825,#5826,#5827,#5828,
#5829,#5830,#5831,#5832,#5833,#5834,#5835,#5836,#5837,#5838,#5839,#5840,
#5841,#5842,#5843,#5844,#5845,#5846,#5847,#5848,#5849,#5850,#5851,#5852,
#5853,#5854,#5855,#5856,#5857,#5858,#5859,#5860,#5861,#5862,#5863,#5864,
#5865,#5866,#5867,#5868,#5869,#5870,#5871,#5872,#5873,#5874,#5875,#5876,
#5877,#5878,#5879,#5880,#5881,#5882,#5883,#5884,#5885,#5886,#5887,#5888,
#5889,#5890,#5891,#5892,#5893,#5894,#5895,#5896,#5897,#5898,#5899,#5900,
#5901,#5902,#5903));
#5906=MANIFOLD_SOLID_BREP('L101121MS02_SW0001_PRT',#5904);
#5907=MANIFOLD_SOLID_BREP('L101121MS02Q_PART1',#5905);
#5908=SHAPE_DEFINITION_REPRESENTATION(#9539,#5910);
#5909=SHAPE_DEFINITION_REPRESENTATION(#9540,#5911);
#5910=SHAPE_REPRESENTATION('L101121MS02Q',(#5912,#6264),#9532);
#5911=SHAPE_REPRESENTATION('L101121MS02Q_PART1',(#5912),#9533);
#5912=AXIS2_PLACEMENT_3D('',#7745,#6265,#6266);
#5913=AXIS2_PLACEMENT_3D('',#7746,#6267,#6268);
#5914=AXIS2_PLACEMENT_3D('',#7755,#6273,#6274);
#5915=AXIS2_PLACEMENT_3D('',#7761,#6278,#6279);
#5916=AXIS2_PLACEMENT_3D('',#7767,#6283,#6284);
#5917=AXIS2_PLACEMENT_3D('',#7773,#6288,#6289);
#5918=AXIS2_PLACEMENT_3D('',#7781,#6294,#6295);
#5919=AXIS2_PLACEMENT_3D('',#7787,#6299,#6300);
#5920=AXIS2_PLACEMENT_3D('',#7789,#6302,#6303);
#5921=AXIS2_PLACEMENT_3D('',#7793,#6306,#6307);
#5922=AXIS2_PLACEMENT_3D('',#7795,#6309,#6310);
#5923=AXIS2_PLACEMENT_3D('',#7796,#6311,#6312);
#5924=AXIS2_PLACEMENT_3D('',#7805,#6317,#6318);
#5925=AXIS2_PLACEMENT_3D('',#7811,#6322,#6323);
#5926=AXIS2_PLACEMENT_3D('',#7817,#6327,#6328);
#5927=AXIS2_PLACEMENT_3D('',#7821,#6331,#6332);
#5928=AXIS2_PLACEMENT_3D('',#7825,#6335,#6336);
#5929=AXIS2_PLACEMENT_3D('',#7829,#6339,#6340);
#5930=AXIS2_PLACEMENT_3D('',#7833,#6343,#6344);
#5931=AXIS2_PLACEMENT_3D('',#7842,#6349,#6350);
#5932=AXIS2_PLACEMENT_3D('',#7848,#6354,#6355);
#5933=AXIS2_PLACEMENT_3D('',#7853,#6359,#6360);
#5934=AXIS2_PLACEMENT_3D('',#7857,#6363,#6364);
#5935=AXIS2_PLACEMENT_3D('',#7866,#6369,#6370);
#5936=AXIS2_PLACEMENT_3D('',#7871,#6373,#6374);
#5937=AXIS2_PLACEMENT_3D('',#7873,#6375,#6376);
#5938=AXIS2_PLACEMENT_3D('',#7876,#6378,#6379);
#5939=AXIS2_PLACEMENT_3D('',#7882,#6383,#6384);
#5940=AXIS2_PLACEMENT_3D('',#7885,#6386,#6387);
#5941=AXIS2_PLACEMENT_3D('',#7886,#6388,#6389);
#5942=AXIS2_PLACEMENT_3D('',#7889,#6391,#6392);
#5943=AXIS2_PLACEMENT_3D('',#7890,#6393,#6394);
#5944=AXIS2_PLACEMENT_3D('',#7899,#6399,#6400);
#5945=AXIS2_PLACEMENT_3D('',#7908,#6405,#6406);
#5946=AXIS2_PLACEMENT_3D('',#7917,#6411,#6412);
#5947=AXIS2_PLACEMENT_3D('',#7923,#6416,#6417);
#5948=AXIS2_PLACEMENT_3D('',#7927,#6420,#6421);
#5949=AXIS2_PLACEMENT_3D('',#7936,#6426,#6427);
#5950=AXIS2_PLACEMENT_3D('',#7942,#6431,#6432);
#5951=AXIS2_PLACEMENT_3D('',#7952,#6438,#6439);
#5952=AXIS2_PLACEMENT_3D('',#7958,#6443,#6444);
#5953=AXIS2_PLACEMENT_3D('',#7962,#6447,#6448);
#5954=AXIS2_PLACEMENT_3D('',#7966,#6451,#6452);
#5955=AXIS2_PLACEMENT_3D('',#7972,#6456,#6457);
#5956=AXIS2_PLACEMENT_3D('',#7974,#6459,#6460);
#5957=AXIS2_PLACEMENT_3D('',#7976,#6462,#6463);
#5958=AXIS2_PLACEMENT_3D('',#7985,#6468,#6469);
#5959=AXIS2_PLACEMENT_3D('',#7991,#6473,#6474);
#5960=AXIS2_PLACEMENT_3D('',#7997,#6478,#6479);
#5961=AXIS2_PLACEMENT_3D('',#8003,#6483,#6484);
#5962=AXIS2_PLACEMENT_3D('',#8004,#6485,#6486);
#5963=AXIS2_PLACEMENT_3D('',#8008,#6488,#6489);
#5964=AXIS2_PLACEMENT_3D('',#8009,#6490,#6491);
#5965=AXIS2_PLACEMENT_3D('',#8015,#6495,#6496);
#5966=AXIS2_PLACEMENT_3D('',#8021,#6500,#6501);
#5967=AXIS2_PLACEMENT_3D('',#8027,#6505,#6506);
#5968=AXIS2_PLACEMENT_3D('',#8033,#6510,#6511);
#5969=AXIS2_PLACEMENT_3D('',#8039,#6515,#6516);
#5970=AXIS2_PLACEMENT_3D('',#8048,#6521,#6522);
#5971=AXIS2_PLACEMENT_3D('',#8058,#6528,#6529);
#5972=AXIS2_PLACEMENT_3D('',#8064,#6533,#6534);
#5973=AXIS2_PLACEMENT_3D('',#8070,#6538,#6539);
#5974=AXIS2_PLACEMENT_3D('',#8078,#6545,#6546);
#5975=AXIS2_PLACEMENT_3D('',#8082,#6549,#6550);
#5976=AXIS2_PLACEMENT_3D('',#8089,#6555,#6556);
#5977=AXIS2_PLACEMENT_3D('',#8091,#6558,#6559);
#5978=AXIS2_PLACEMENT_3D('',#8095,#6562,#6563);
#5979=AXIS2_PLACEMENT_3D('',#8098,#6566,#6567);
#5980=AXIS2_PLACEMENT_3D('',#8107,#6572,#6573);
#5981=AXIS2_PLACEMENT_3D('',#8116,#6578,#6579);
#5982=AXIS2_PLACEMENT_3D('',#8125,#6584,#6585);
#5983=AXIS2_PLACEMENT_3D('',#8131,#6589,#6590);
#5984=AXIS2_PLACEMENT_3D('',#8137,#6594,#6595);
#5985=AXIS2_PLACEMENT_3D('',#8142,#6599,#6600);
#5986=AXIS2_PLACEMENT_3D('',#8148,#6604,#6605);
#5987=AXIS2_PLACEMENT_3D('',#8154,#6609,#6610);
#5988=AXIS2_PLACEMENT_3D('',#8160,#6614,#6615);
#5989=AXIS2_PLACEMENT_3D('',#8166,#6619,#6620);
#5990=AXIS2_PLACEMENT_3D('',#8170,#6624,#6625);
#5991=AXIS2_PLACEMENT_3D('',#8174,#6628,#6629);
#5992=AXIS2_PLACEMENT_3D('',#8183,#6634,#6635);
#5993=AXIS2_PLACEMENT_3D('',#8192,#6640,#6641);
#5994=AXIS2_PLACEMENT_3D('',#8198,#6645,#6646);
#5995=AXIS2_PLACEMENT_3D('',#8204,#6650,#6651);
#5996=AXIS2_PLACEMENT_3D('',#8209,#6655,#6656);
#5997=AXIS2_PLACEMENT_3D('',#8215,#6660,#6661);
#5998=AXIS2_PLACEMENT_3D('',#8221,#6665,#6666);
#5999=AXIS2_PLACEMENT_3D('',#8227,#6670,#6671);
#6000=AXIS2_PLACEMENT_3D('',#8233,#6675,#6676);
#6001=AXIS2_PLACEMENT_3D('',#8237,#6680,#6681);
#6002=AXIS2_PLACEMENT_3D('',#8241,#6684,#6685);
#6003=AXIS2_PLACEMENT_3D('',#8245,#6687,#6688);
#6004=AXIS2_PLACEMENT_3D('',#8249,#6690,#6691);
#6005=AXIS2_PLACEMENT_3D('',#8250,#6692,#6693);
#6006=AXIS2_PLACEMENT_3D('',#8259,#6698,#6699);
#6007=AXIS2_PLACEMENT_3D('',#8268,#6704,#6705);
#6008=AXIS2_PLACEMENT_3D('',#8274,#6709,#6710);
#6009=AXIS2_PLACEMENT_3D('',#8279,#6714,#6715);
#6010=AXIS2_PLACEMENT_3D('',#8283,#6718,#6719);
#6011=AXIS2_PLACEMENT_3D('',#8286,#6722,#6723);
#6012=AXIS2_PLACEMENT_3D('',#8287,#6724,#6725);
#6013=AXIS2_PLACEMENT_3D('',#8292,#6727,#6728);
#6014=AXIS2_PLACEMENT_3D('',#8295,#6730,#6731);
#6015=AXIS2_PLACEMENT_3D('',#8296,#6732,#6733);
#6016=AXIS2_PLACEMENT_3D('',#8301,#6736,#6737);
#6017=AXIS2_PLACEMENT_3D('',#8305,#6740,#6741);
#6018=AXIS2_PLACEMENT_3D('',#8306,#6742,#6743);
#6019=AXIS2_PLACEMENT_3D('',#8309,#6745,#6746);
#6020=AXIS2_PLACEMENT_3D('',#8319,#6752,#6753);
#6021=AXIS2_PLACEMENT_3D('',#8327,#6757,#6758);
#6022=AXIS2_PLACEMENT_3D('',#8332,#6761,#6762);
#6023=AXIS2_PLACEMENT_3D('',#8335,#6764,#6765);
#6024=AXIS2_PLACEMENT_3D('',#8338,#6767,#6768);
#6025=AXIS2_PLACEMENT_3D('',#8348,#6774,#6775);
#6026=AXIS2_PLACEMENT_3D('',#8349,#6776,#6777);
#6027=AXIS2_PLACEMENT_3D('',#8354,#6779,#6780);
#6028=AXIS2_PLACEMENT_3D('',#8357,#6782,#6783);
#6029=AXIS2_PLACEMENT_3D('',#8358,#6784,#6785);
#6030=AXIS2_PLACEMENT_3D('',#8363,#6788,#6789);
#6031=AXIS2_PLACEMENT_3D('',#8367,#6792,#6793);
#6032=AXIS2_PLACEMENT_3D('',#8368,#6794,#6795);
#6033=AXIS2_PLACEMENT_3D('',#8371,#6797,#6798);
#6034=AXIS2_PLACEMENT_3D('',#8381,#6804,#6805);
#6035=AXIS2_PLACEMENT_3D('',#8387,#6809,#6810);
#6036=AXIS2_PLACEMENT_3D('',#8394,#6814,#6815);
#6037=AXIS2_PLACEMENT_3D('',#8397,#6817,#6818);
#6038=AXIS2_PLACEMENT_3D('',#8403,#6822,#6823);
#6039=AXIS2_PLACEMENT_3D('',#8404,#6824,#6825);
#6040=AXIS2_PLACEMENT_3D('',#8407,#6827,#6828);
#6041=AXIS2_PLACEMENT_3D('',#8413,#6833,#6834);
#6042=AXIS2_PLACEMENT_3D('',#8417,#6837,#6838);
#6043=AXIS2_PLACEMENT_3D('',#8421,#6841,#6842);
#6044=AXIS2_PLACEMENT_3D('',#8428,#6847,#6848);
#6045=AXIS2_PLACEMENT_3D('',#8432,#6850,#6851);
#6046=AXIS2_PLACEMENT_3D('',#8433,#6852,#6853);
#6047=AXIS2_PLACEMENT_3D('',#8434,#6854,#6855);
#6048=AXIS2_PLACEMENT_3D('',#8443,#6860,#6861);
#6049=AXIS2_PLACEMENT_3D('',#8449,#6865,#6866);
#6050=AXIS2_PLACEMENT_3D('',#8455,#6870,#6871);
#6051=AXIS2_PLACEMENT_3D('',#8463,#6876,#6877);
#6052=AXIS2_PLACEMENT_3D('',#8469,#6881,#6882);
#6053=AXIS2_PLACEMENT_3D('',#8475,#6886,#6887);
#6054=AXIS2_PLACEMENT_3D('',#8481,#6891,#6892);
#6055=AXIS2_PLACEMENT_3D('',#8487,#6896,#6897);
#6056=AXIS2_PLACEMENT_3D('',#8492,#6901,#6902);
#6057=AXIS2_PLACEMENT_3D('',#8498,#6906,#6907);
#6058=AXIS2_PLACEMENT_3D('',#8501,#6910,#6911);
#6059=AXIS2_PLACEMENT_3D('',#8510,#6918,#6919);
#6060=AXIS2_PLACEMENT_3D('',#8514,#6921,#6922);
#6061=AXIS2_PLACEMENT_3D('',#8515,#6923,#6924);
#6062=AXIS2_PLACEMENT_3D('',#8516,#6925,#6926);
#6063=AXIS2_PLACEMENT_3D('',#8522,#6930,#6931);
#6064=AXIS2_PLACEMENT_3D('',#8530,#6935,#6936);
#6065=AXIS2_PLACEMENT_3D('',#8534,#6939,#6940);
#6066=AXIS2_PLACEMENT_3D('',#8542,#6945,#6946);
#6067=AXIS2_PLACEMENT_3D('',#8546,#6949,#6950);
#6068=AXIS2_PLACEMENT_3D('',#8549,#6952,#6953);
#6069=AXIS2_PLACEMENT_3D('',#8550,#6954,#6955);
#6070=AXIS2_PLACEMENT_3D('',#8559,#6960,#6961);
#6071=AXIS2_PLACEMENT_3D('',#8568,#6966,#6967);
#6072=AXIS2_PLACEMENT_3D('',#8574,#6971,#6972);
#6073=AXIS2_PLACEMENT_3D('',#8580,#6976,#6977);
#6074=AXIS2_PLACEMENT_3D('',#8585,#6981,#6982);
#6075=AXIS2_PLACEMENT_3D('',#8591,#6986,#6987);
#6076=AXIS2_PLACEMENT_3D('',#8597,#6991,#6992);
#6077=AXIS2_PLACEMENT_3D('',#8603,#6996,#6997);
#6078=AXIS2_PLACEMENT_3D('',#8609,#7001,#7002);
#6079=AXIS2_PLACEMENT_3D('',#8613,#7006,#7007);
#6080=AXIS2_PLACEMENT_3D('',#8617,#7010,#7011);
#6081=AXIS2_PLACEMENT_3D('',#8626,#7016,#7017);
#6082=AXIS2_PLACEMENT_3D('',#8635,#7022,#7023);
#6083=AXIS2_PLACEMENT_3D('',#8641,#7027,#7028);
#6084=AXIS2_PLACEMENT_3D('',#8647,#7032,#7033);
#6085=AXIS2_PLACEMENT_3D('',#8652,#7037,#7038);
#6086=AXIS2_PLACEMENT_3D('',#8658,#7042,#7043);
#6087=AXIS2_PLACEMENT_3D('',#8664,#7047,#7048);
#6088=AXIS2_PLACEMENT_3D('',#8670,#7052,#7053);
#6089=AXIS2_PLACEMENT_3D('',#8676,#7057,#7058);
#6090=AXIS2_PLACEMENT_3D('',#8680,#7062,#7063);
#6091=AXIS2_PLACEMENT_3D('',#8684,#7066,#7067);
#6092=AXIS2_PLACEMENT_3D('',#8696,#7075,#7076);
#6093=AXIS2_PLACEMENT_3D('',#8705,#7081,#7082);
#6094=AXIS2_PLACEMENT_3D('',#8711,#7086,#7087);
#6095=AXIS2_PLACEMENT_3D('',#8717,#7091,#7092);
#6096=AXIS2_PLACEMENT_3D('',#8726,#7097,#7098);
#6097=AXIS2_PLACEMENT_3D('',#8732,#7102,#7103);
#6098=AXIS2_PLACEMENT_3D('',#8738,#7107,#7108);
#6099=AXIS2_PLACEMENT_3D('',#8743,#7112,#7113);
#6100=AXIS2_PLACEMENT_3D('',#8746,#7116,#7117);
#6101=AXIS2_PLACEMENT_3D('',#8750,#7120,#7121);
#6102=AXIS2_PLACEMENT_3D('',#8753,#7124,#7125);
#6103=AXIS2_PLACEMENT_3D('',#8756,#7128,#7129);
#6104=AXIS2_PLACEMENT_3D('',#8765,#7134,#7135);
#6105=AXIS2_PLACEMENT_3D('',#8775,#7141,#7142);
#6106=AXIS2_PLACEMENT_3D('',#8781,#7146,#7147);
#6107=AXIS2_PLACEMENT_3D('',#8791,#7153,#7154);
#6108=AXIS2_PLACEMENT_3D('',#8800,#7159,#7160);
#6109=AXIS2_PLACEMENT_3D('',#8806,#7164,#7165);
#6110=AXIS2_PLACEMENT_3D('',#8814,#7170,#7171);
#6111=AXIS2_PLACEMENT_3D('',#8820,#7175,#7176);
#6112=AXIS2_PLACEMENT_3D('',#8827,#7181,#7182);
#6113=AXIS2_PLACEMENT_3D('',#8833,#7186,#7187);
#6114=AXIS2_PLACEMENT_3D('',#8839,#7191,#7192);
#6115=AXIS2_PLACEMENT_3D('',#8843,#7195,#7196);
#6116=AXIS2_PLACEMENT_3D('',#8850,#7201,#7202);
#6117=AXIS2_PLACEMENT_3D('',#8856,#7206,#7207);
#6118=AXIS2_PLACEMENT_3D('',#8862,#7211,#7212);
#6119=AXIS2_PLACEMENT_3D('',#8871,#7217,#7218);
#6120=AXIS2_PLACEMENT_3D('',#8877,#7222,#7223);
#6121=AXIS2_PLACEMENT_3D('',#8880,#7226,#7227);
#6122=AXIS2_PLACEMENT_3D('',#8889,#7232,#7233);
#6123=AXIS2_PLACEMENT_3D('',#8895,#7237,#7238);
#6124=AXIS2_PLACEMENT_3D('',#8901,#7242,#7243);
#6125=AXIS2_PLACEMENT_3D('',#8907,#7247,#7248);
#6126=AXIS2_PLACEMENT_3D('',#8910,#7250,#7251);
#6127=AXIS2_PLACEMENT_3D('',#8923,#7258,#7259);
#6128=AXIS2_PLACEMENT_3D('',#8924,#7260,#7261);
#6129=AXIS2_PLACEMENT_3D('',#8927,#7263,#7264);
#6130=AXIS2_PLACEMENT_3D('',#8931,#7267,#7268);
#6131=AXIS2_PLACEMENT_3D('',#8935,#7271,#7272);
#6132=AXIS2_PLACEMENT_3D('',#8939,#7275,#7276);
#6133=AXIS2_PLACEMENT_3D('',#8943,#7279,#7280);
#6134=AXIS2_PLACEMENT_3D('',#8951,#7286,#7287);
#6135=AXIS2_PLACEMENT_3D('',#8955,#7290,#7291);
#6136=AXIS2_PLACEMENT_3D('',#8957,#7293,#7294);
#6137=AXIS2_PLACEMENT_3D('',#8962,#7298,#7299);
#6138=AXIS2_PLACEMENT_3D('',#8964,#7301,#7302);
#6139=AXIS2_PLACEMENT_3D('',#8968,#7304,#7305);
#6140=AXIS2_PLACEMENT_3D('',#8972,#7307,#7308);
#6141=AXIS2_PLACEMENT_3D('',#8973,#7309,#7310);
#6142=AXIS2_PLACEMENT_3D('',#8982,#7315,#7316);
#6143=AXIS2_PLACEMENT_3D('',#8986,#7318,#7319);
#6144=AXIS2_PLACEMENT_3D('',#8990,#7321,#7322);
#6145=AXIS2_PLACEMENT_3D('',#8991,#7323,#7324);
#6146=AXIS2_PLACEMENT_3D('',#8994,#7326,#7327);
#6147=AXIS2_PLACEMENT_3D('',#8998,#7329,#7330);
#6148=AXIS2_PLACEMENT_3D('',#9027,#7331,#7332);
#6149=AXIS2_PLACEMENT_3D('',#9029,#7333,#7334);
#6150=AXIS2_PLACEMENT_3D('',#9030,#7335,#7336);
#6151=AXIS2_PLACEMENT_3D('',#9035,#7339,#7340);
#6152=AXIS2_PLACEMENT_3D('',#9036,#7341,#7342);
#6153=AXIS2_PLACEMENT_3D('',#9038,#7344,#7345);
#6154=AXIS2_PLACEMENT_3D('',#9041,#7348,#7349);
#6155=AXIS2_PLACEMENT_3D('',#9049,#7354,#7355);
#6156=AXIS2_PLACEMENT_3D('',#9050,#7356,#7357);
#6157=AXIS2_PLACEMENT_3D('',#9054,#7359,#7360);
#6158=AXIS2_PLACEMENT_3D('',#9055,#7361,#7362);
#6159=AXIS2_PLACEMENT_3D('',#9058,#7365,#7366);
#6160=AXIS2_PLACEMENT_3D('',#9059,#7367,#7368);
#6161=AXIS2_PLACEMENT_3D('',#9088,#7369,#7370);
#6162=AXIS2_PLACEMENT_3D('',#9089,#7371,#7372);
#6163=AXIS2_PLACEMENT_3D('',#9090,#7373,#7374);
#6164=AXIS2_PLACEMENT_3D('',#9093,#7376,#7377);
#6165=AXIS2_PLACEMENT_3D('',#9097,#7379,#7380);
#6166=AXIS2_PLACEMENT_3D('',#9101,#7382,#7383);
#6167=AXIS2_PLACEMENT_3D('',#9102,#7384,#7385);
#6168=AXIS2_PLACEMENT_3D('',#9106,#7387,#7388);
#6169=AXIS2_PLACEMENT_3D('',#9110,#7390,#7391);
#6170=AXIS2_PLACEMENT_3D('',#9111,#7392,#7393);
#6171=AXIS2_PLACEMENT_3D('',#9120,#7398,#7399);
#6172=AXIS2_PLACEMENT_3D('',#9124,#7401,#7402);
#6173=AXIS2_PLACEMENT_3D('',#9128,#7404,#7405);
#6174=AXIS2_PLACEMENT_3D('',#9129,#7406,#7407);
#6175=AXIS2_PLACEMENT_3D('',#9133,#7411,#7412);
#6176=AXIS2_PLACEMENT_3D('',#9134,#7413,#7414);
#6177=AXIS2_PLACEMENT_3D('',#9163,#7415,#7416);
#6178=AXIS2_PLACEMENT_3D('',#9164,#7417,#7418);
#6179=AXIS2_PLACEMENT_3D('',#9167,#7420,#7421);
#6180=AXIS2_PLACEMENT_3D('',#9170,#7423,#7424);
#6181=AXIS2_PLACEMENT_3D('',#9178,#7429,#7430);
#6182=AXIS2_PLACEMENT_3D('',#9179,#7431,#7432);
#6183=AXIS2_PLACEMENT_3D('',#9183,#7434,#7435);
#6184=AXIS2_PLACEMENT_3D('',#9184,#7436,#7437);
#6185=AXIS2_PLACEMENT_3D('',#9187,#7440,#7441);
#6186=AXIS2_PLACEMENT_3D('',#9188,#7442,#7443);
#6187=AXIS2_PLACEMENT_3D('',#9217,#7444,#7445);
#6188=AXIS2_PLACEMENT_3D('',#9218,#7446,#7447);
#6189=AXIS2_PLACEMENT_3D('',#9219,#7448,#7449);
#6190=AXIS2_PLACEMENT_3D('',#9222,#7451,#7452);
#6191=AXIS2_PLACEMENT_3D('',#9231,#7457,#7458);
#6192=AXIS2_PLACEMENT_3D('',#9238,#7463,#7464);
#6193=AXIS2_PLACEMENT_3D('',#9242,#7467,#7468);
#6194=AXIS2_PLACEMENT_3D('',#9247,#7472,#7473);
#6195=AXIS2_PLACEMENT_3D('',#9249,#7475,#7476);
#6196=AXIS2_PLACEMENT_3D('',#9253,#7478,#7479);
#6197=AXIS2_PLACEMENT_3D('',#9257,#7481,#7482);
#6198=AXIS2_PLACEMENT_3D('',#9261,#7484,#7485);
#6199=AXIS2_PLACEMENT_3D('',#9265,#7487,#7488);
#6200=AXIS2_PLACEMENT_3D('',#9266,#7489,#7490);
#6201=AXIS2_PLACEMENT_3D('',#9272,#7494,#7495);
#6202=AXIS2_PLACEMENT_3D('',#9273,#7496,#7497);
#6203=AXIS2_PLACEMENT_3D('',#9276,#7499,#7500);
#6204=AXIS2_PLACEMENT_3D('',#9280,#7503,#7504);
#6205=AXIS2_PLACEMENT_3D('',#9281,#7505,#7506);
#6206=AXIS2_PLACEMENT_3D('',#9284,#7508,#7509);
#6207=AXIS2_PLACEMENT_3D('',#9288,#7512,#7513);
#6208=AXIS2_PLACEMENT_3D('',#9289,#7514,#7515);
#6209=AXIS2_PLACEMENT_3D('',#9292,#7517,#7518);
#6210=AXIS2_PLACEMENT_3D('',#9296,#7521,#7522);
#6211=AXIS2_PLACEMENT_3D('',#9297,#7523,#7524);
#6212=AXIS2_PLACEMENT_3D('',#9298,#7525,#7526);
#6213=AXIS2_PLACEMENT_3D('',#9302,#7529,#7530);
#6214=AXIS2_PLACEMENT_3D('',#9306,#7533,#7534);
#6215=AXIS2_PLACEMENT_3D('',#9310,#7537,#7538);
#6216=AXIS2_PLACEMENT_3D('',#9314,#7541,#7542);
#6217=AXIS2_PLACEMENT_3D('',#9320,#7546,#7547);
#6218=AXIS2_PLACEMENT_3D('',#9329,#7552,#7553);
#6219=AXIS2_PLACEMENT_3D('',#9338,#7558,#7559);
#6220=AXIS2_PLACEMENT_3D('',#9341,#7562,#7563);
#6221=AXIS2_PLACEMENT_3D('',#9351,#7569,#7570);
#6222=AXIS2_PLACEMENT_3D('',#9355,#7573,#7574);
#6223=AXIS2_PLACEMENT_3D('',#9360,#7578,#7579);
#6224=AXIS2_PLACEMENT_3D('',#9364,#7582,#7583);
#6225=AXIS2_PLACEMENT_3D('',#9376,#7590,#7591);
#6226=AXIS2_PLACEMENT_3D('',#9386,#7597,#7598);
#6227=AXIS2_PLACEMENT_3D('',#9390,#7601,#7602);
#6228=AXIS2_PLACEMENT_3D('',#9394,#7605,#7606);
#6229=AXIS2_PLACEMENT_3D('',#9398,#7609,#7610);
#6230=AXIS2_PLACEMENT_3D('',#9402,#7613,#7614);
#6231=AXIS2_PLACEMENT_3D('',#9406,#7617,#7618);
#6232=AXIS2_PLACEMENT_3D('',#9410,#7621,#7622);
#6233=AXIS2_PLACEMENT_3D('',#9416,#7626,#7627);
#6234=AXIS2_PLACEMENT_3D('',#9421,#7631,#7632);
#6235=AXIS2_PLACEMENT_3D('',#9428,#7637,#7638);
#6236=AXIS2_PLACEMENT_3D('',#9429,#7639,#7640);
#6237=AXIS2_PLACEMENT_3D('',#9434,#7642,#7643);
#6238=AXIS2_PLACEMENT_3D('',#9437,#7645,#7646);
#6239=AXIS2_PLACEMENT_3D('',#9443,#7650,#7651);
#6240=AXIS2_PLACEMENT_3D('',#9447,#7654,#7655);
#6241=AXIS2_PLACEMENT_3D('',#9451,#7658,#7659);
#6242=AXIS2_PLACEMENT_3D('',#9456,#7663,#7664);
#6243=AXIS2_PLACEMENT_3D('',#9460,#7667,#7668);
#6244=AXIS2_PLACEMENT_3D('',#9466,#7672,#7673);
#6245=AXIS2_PLACEMENT_3D('',#9472,#7677,#7678);
#6246=AXIS2_PLACEMENT_3D('',#9478,#7682,#7683);
#6247=AXIS2_PLACEMENT_3D('',#9484,#7687,#7688);
#6248=AXIS2_PLACEMENT_3D('',#9485,#7689,#7690);
#6249=AXIS2_PLACEMENT_3D('',#9488,#7691,#7692);
#6250=AXIS2_PLACEMENT_3D('',#9491,#7695,#7696);
#6251=AXIS2_PLACEMENT_3D('',#9494,#7698,#7699);
#6252=AXIS2_PLACEMENT_3D('',#9495,#7700,#7701);
#6253=AXIS2_PLACEMENT_3D('',#9499,#7704,#7705);
#6254=AXIS2_PLACEMENT_3D('',#9500,#7706,#7707);
#6255=AXIS2_PLACEMENT_3D('',#9502,#7709,#7710);
#6256=AXIS2_PLACEMENT_3D('',#9508,#7715,#7716);
#6257=AXIS2_PLACEMENT_3D('',#9512,#7719,#7720);
#6258=AXIS2_PLACEMENT_3D('',#9514,#7722,#7723);
#6259=AXIS2_PLACEMENT_3D('',#9519,#7727,#7728);
#6260=AXIS2_PLACEMENT_3D('',#9521,#7730,#7731);
#6261=AXIS2_PLACEMENT_3D('',#9525,#7734,#7735);
#6262=AXIS2_PLACEMENT_3D('',#9528,#7738,#7739);
#6263=AXIS2_PLACEMENT_3D('',#9530,#7741,#7742);
#6264=AXIS2_PLACEMENT_3D('',#9531,#7743,#7744);
#6265=DIRECTION('',(0.,0.,1.));
#6266=DIRECTION('',(1.,0.,0.));
#6267=DIRECTION('',(-1.,0.,0.));
#6268=DIRECTION('',(0.,1.,0.));
#6269=DIRECTION('',(0.,1.,0.));
#6270=DIRECTION('',(0.,0.,-1.));
#6271=DIRECTION('',(0.,1.,0.));
#6272=DIRECTION('',(0.,0.,-1.));
#6273=DIRECTION('',(0.,1.,0.));
#6274=DIRECTION('',(1.,0.,0.));
#6275=DIRECTION('',(1.,0.,0.));
#6276=DIRECTION('',(1.,0.,0.));
#6277=DIRECTION('',(0.,0.,-1.));
#6278=DIRECTION('',(-1.,0.,0.));
#6279=DIRECTION('',(0.,1.,0.));
#6280=DIRECTION('',(0.,0.,1.));
#6281=DIRECTION('',(0.,-1.,0.));
#6282=DIRECTION('',(0.,-1.,0.));
#6283=DIRECTION('',(0.,-1.,0.));
#6284=DIRECTION('',(-1.,0.,0.));
#6285=DIRECTION('',(0.,0.,1.));
#6286=DIRECTION('',(-1.,0.,0.));
#6287=DIRECTION('',(-1.,0.,0.));
#6288=DIRECTION('',(0.,0.,-1.));
#6289=DIRECTION('',(-1.,0.,0.));
#6290=DIRECTION('',(0.,-1.,0.));
#6291=DIRECTION('',(1.,0.,0.));
#6292=DIRECTION('',(0.,-1.,0.));
#6293=DIRECTION('',(-1.,0.,0.));
#6294=DIRECTION('',(1.,0.,0.));
#6295=DIRECTION('',(0.,-1.,0.));
#6296=DIRECTION('',(0.,0.,-1.));
#6297=DIRECTION('',(0.,-1.,0.));
#6298=DIRECTION('',(0.,0.,-1.));
#6299=DIRECTION('',(0.,1.,0.));
#6300=DIRECTION('',(0.,0.,1.));
#6301=DIRECTION('',(-1.,0.,0.));
#6302=DIRECTION('',(0.,0.,-1.));
#6303=DIRECTION('',(-1.,0.,0.));
#6304=DIRECTION('',(1.,0.,0.));
#6305=DIRECTION('',(0.,-1.,0.));
#6306=DIRECTION('',(1.,0.,0.));
#6307=DIRECTION('',(0.,-1.,0.));
#6308=DIRECTION('',(0.,0.,-1.));
#6309=DIRECTION('',(0.,1.,0.));
#6310=DIRECTION('',(1.,0.,0.));
#6311=DIRECTION('',(-0.707106781186548,0.707106781186548,0.));
#6312=DIRECTION('',(-0.707106781186548,-0.707106781186548,0.));
#6313=DIRECTION('',(0.577350269189626,0.577350269189626,-0.577350269189626));
#6314=DIRECTION('',(0.,0.,1.));
#6315=DIRECTION('',(0.577350269189626,0.577350269189626,0.577350269189626));
#6316=DIRECTION('',(0.,0.,1.));
#6317=DIRECTION('',(-1.,0.,0.));
#6318=DIRECTION('',(0.,0.,1.));
#6319=DIRECTION('',(0.,1.,0.));
#6320=DIRECTION('',(0.,0.,1.));
#6321=DIRECTION('',(0.,1.,0.));
#6322=DIRECTION('',(0.,0.,1.));
#6323=DIRECTION('',(1.,0.,0.));
#6324=DIRECTION('',(-1.,0.,0.));
#6325=DIRECTION('',(0.,1.,0.));
#6326=DIRECTION('',(1.,0.,0.));
#6327=DIRECTION('',(0.,0.707106781186548,0.707106781186548));
#6328=DIRECTION('',(0.,-0.707106781186548,0.707106781186548));
#6329=DIRECTION('',(1.,0.,0.));
#6330=DIRECTION('',(0.,-0.707106781186498,0.707106781186597));
#6331=DIRECTION('',(0.,-1.,0.));
#6332=DIRECTION('',(1.,0.,0.));
#6333=DIRECTION('',(0.,0.,-1.));
#6334=DIRECTION('',(-1.,0.,0.));
#6335=DIRECTION('',(0.,0.707106781186548,-0.707106781186548));
#6336=DIRECTION('',(0.,-0.707106781186548,-0.707106781186548));
#6337=DIRECTION('',(-1.,0.,0.));
#6338=DIRECTION('',(0.,0.707106781186498,0.707106781186597));
#6339=DIRECTION('',(0.,0.,-1.));
#6340=DIRECTION('',(-1.,0.,0.));
#6341=DIRECTION('',(0.,1.,0.));
#6342=DIRECTION('',(-1.,0.,0.));
#6343=DIRECTION('',(1.,0.,0.));
#6344=DIRECTION('',(0.,0.,1.));
#6345=DIRECTION('',(0.,-1.,0.));
#6346=DIRECTION('',(0.,0.,1.));
#6347=DIRECTION('',(0.,-1.,0.));
#6348=DIRECTION('',(0.,0.,1.));
#6349=DIRECTION('',(0.,0.,1.));
#6350=DIRECTION('',(-1.,0.,0.));
#6351=DIRECTION('',(0.,-1.,0.));
#6352=DIRECTION('',(-1.,0.,0.));
#6353=DIRECTION('',(-1.,0.,0.));
#6354=DIRECTION('',(0.,-1.,0.));
#6355=DIRECTION('',(1.,0.,0.));
#6356=DIRECTION('',(-1.,0.,0.));
#6357=DIRECTION('',(0.,0.,-1.));
#6358=DIRECTION('',(0.,0.,-1.));
#6359=DIRECTION('',(0.,0.,-1.));
#6360=DIRECTION('',(1.,0.,0.));
#6361=DIRECTION('',(1.,0.,0.));
#6362=DIRECTION('',(0.,-1.,0.));
#6363=DIRECTION('',(0.,0.,1.));
#6364=DIRECTION('',(-1.,0.,0.));
#6365=DIRECTION('',(-1.,0.,0.));
#6366=DIRECTION('',(0.,-1.,0.));
#6367=DIRECTION('',(-1.,0.,0.));
#6368=DIRECTION('',(0.,-1.,0.));
#6369=DIRECTION('',(0.,-1.,0.));
#6370=DIRECTION('',(1.,0.,0.));
#6371=DIRECTION('',(0.,0.,1.));
#6372=DIRECTION('',(-1.,0.,0.));
#6373=DIRECTION('',(0.,1.,0.));
#6374=DIRECTION('',(0.,0.,-1.));
#6375=DIRECTION('',(0.,-1.,0.));
#6376=DIRECTION('',(0.6,0.,0.8));
#6377=DIRECTION('',(0.,0.,1.));
#6378=DIRECTION('',(0.,0.,1.));
#6379=DIRECTION('',(-1.,0.,0.));
#6380=DIRECTION('',(0.,-1.,0.));
#6381=DIRECTION('',(0.,-1.,0.));
#6382=DIRECTION('',(-1.,0.,0.));
#6383=DIRECTION('',(0.,-1.,0.));
#6384=DIRECTION('',(1.,0.,0.));
#6385=DIRECTION('',(0.,-1.,0.));
#6386=DIRECTION('',(0.,-1.,0.));
#6387=DIRECTION('',(0.,0.,-1.));
#6388=DIRECTION('',(0.,-1.,0.));
#6389=DIRECTION('',(1.,0.,0.));
#6390=DIRECTION('',(0.,-1.,0.));
#6391=DIRECTION('',(0.,-1.,0.));
#6392=DIRECTION('',(0.,0.,-1.));
#6393=DIRECTION('',(0.,0.,-1.));
#6394=DIRECTION('',(1.,0.,0.));
#6395=DIRECTION('',(0.,-1.,0.));
#6396=DIRECTION('',(1.,0.,0.));
#6397=DIRECTION('',(0.,-1.,0.));
#6398=DIRECTION('',(1.,0.,0.));
#6399=DIRECTION('',(1.,0.,0.));
#6400=DIRECTION('',(0.,0.,1.));
#6401=DIRECTION('',(0.,1.,0.));
#6402=DIRECTION('',(0.,0.,1.));
#6403=DIRECTION('',(0.,1.,0.));
#6404=DIRECTION('',(0.,0.,1.));
#6405=DIRECTION('',(0.,1.,0.));
#6406=DIRECTION('',(1.,0.,0.));
#6407=DIRECTION('',(-1.,0.,0.));
#6408=DIRECTION('',(0.,0.,-1.));
#6409=DIRECTION('',(1.,0.,0.));
#6410=DIRECTION('',(0.,0.,1.));
#6411=DIRECTION('',(1.,0.,0.));
#6412=DIRECTION('',(0.,0.,1.));
#6413=DIRECTION('',(0.,-1.,0.));
#6414=DIRECTION('',(0.,0.,1.));
#6415=DIRECTION('',(0.,-1.,0.));
#6416=DIRECTION('',(0.,0.,-1.));
#6417=DIRECTION('',(1.,0.,0.));
#6418=DIRECTION('',(0.,-1.,0.));
#6419=DIRECTION('',(-1.,0.,0.));
#6420=DIRECTION('',(0.,-1.,0.));
#6421=DIRECTION('',(0.,0.,-1.));
#6422=DIRECTION('',(0.,0.,-1.));
#6423=DIRECTION('',(-1.,0.,0.));
#6424=DIRECTION('',(0.,0.,-1.));
#6425=DIRECTION('',(-1.,0.,0.));
#6426=DIRECTION('',(0.,0.,-1.));
#6427=DIRECTION('',(-1.,0.,0.));
#6428=DIRECTION('',(0.,1.,0.));
#6429=DIRECTION('',(0.,-1.,0.));
#6430=DIRECTION('',(-1.,0.,0.));
#6431=DIRECTION('',(0.,-0.241921895599697,-0.970295726275989));
#6432=DIRECTION('',(1.,0.,0.));
#6433=DIRECTION('',(0.,-0.970295726275989,0.241921895599697));
#6434=DIRECTION('',(0.143510619798452,0.960251978929261,-0.239417708132676));
#6435=DIRECTION('',(1.,0.,0.));
#6436=DIRECTION('',(-0.143510619798452,0.960251978929261,-0.239417708132676));
#6437=DIRECTION('',(0.,-0.970295726275989,0.241921895599697));
#6438=DIRECTION('',(-0.989015863361918,-0.147809411129603,0.));
#6439=DIRECTION('',(0.,0.,-1.));
#6440=DIRECTION('',(0.,0.,-1.));
#6441=DIRECTION('',(-0.143510619798452,0.960251978929261,0.239417708132676));
#6442=DIRECTION('',(0.,0.,1.));
#6443=DIRECTION('',(-1.,0.,0.));
#6444=DIRECTION('',(0.,1.,0.));
#6445=DIRECTION('',(0.,-0.970295726275989,-0.241921895599697));
#6446=DIRECTION('',(0.,1.,0.));
#6447=DIRECTION('',(0.,0.,-1.));
#6448=DIRECTION('',(-1.,0.,0.));
#6449=DIRECTION('',(0.,-1.,0.));
#6450=DIRECTION('',(-1.,0.,0.));
#6451=DIRECTION('',(0.,-0.241921895599697,0.970295726275989));
#6452=DIRECTION('',(-1.,0.,0.));
#6453=DIRECTION('',(-1.,0.,0.));
#6454=DIRECTION('',(0.143510619798452,0.960251978929261,0.239417708132676));
#6455=DIRECTION('',(0.,-0.970295726275989,-0.241921895599697));
#6456=DIRECTION('',(1.,0.,0.));
#6457=DIRECTION('',(0.,-1.,0.));
#6458=DIRECTION('',(0.,0.,1.));
#6459=DIRECTION('',(0.989015863361918,-0.147809411129603,0.));
#6460=DIRECTION('',(0.,0.,1.));
#6461=DIRECTION('',(0.,0.,1.));
#6462=DIRECTION('',(0.,1.,0.));
#6463=DIRECTION('',(1.,0.,0.));
#6464=DIRECTION('',(1.,0.,0.));
#6465=DIRECTION('',(0.,0.,-1.));
#6466=DIRECTION('',(1.,0.,0.));
#6467=DIRECTION('',(0.,0.,-1.));
#6468=DIRECTION('',(0.986393923832119,-0.164398987305503,0.));
#6469=DIRECTION('',(-0.164398987305503,-0.986393923832119,0.));
#6470=DIRECTION('',(0.,0.,-1.));
#6471=DIRECTION('',(-0.164398987305503,-0.986393923832119,0.));
#6472=DIRECTION('',(-0.164398987305503,-0.986393923832119,0.));
#6473=DIRECTION('',(0.,1.,0.));
#6474=DIRECTION('',(1.,0.,0.));
#6475=DIRECTION('',(-1.,0.,0.));
#6476=DIRECTION('',(0.,0.,-1.));
#6477=DIRECTION('',(-1.,0.,0.));
#6478=DIRECTION('',(-1.,0.,0.));
#6479=DIRECTION('',(0.,1.,0.));
#6480=DIRECTION('',(0.,1.,0.));
#6481=DIRECTION('',(0.,1.,0.));
#6482=DIRECTION('',(0.,0.,-1.));
#6483=DIRECTION('',(0.,0.,-1.));
#6484=DIRECTION('',(-1.,0.,0.));
#6485=DIRECTION('',(0.,0.,1.));
#6486=DIRECTION('',(-1.,0.,0.));
#6487=DIRECTION('',(0.,0.,-1.));
#6488=DIRECTION('',(0.,0.,-1.));
#6489=DIRECTION('',(-1.,0.,0.));
#6490=DIRECTION('',(1.,0.,0.));
#6491=DIRECTION('',(0.,-1.,0.));
#6492=DIRECTION('',(0.,1.,0.));
#6493=DIRECTION('',(0.,0.,-1.));
#6494=DIRECTION('',(0.,1.,0.));
#6495=DIRECTION('',(0.,1.,0.));
#6496=DIRECTION('',(1.,0.,0.));
#6497=DIRECTION('',(1.,0.,0.));
#6498=DIRECTION('',(1.,0.,0.));
#6499=DIRECTION('',(0.,0.,-1.));
#6500=DIRECTION('',(-0.986393923832119,-0.164398987305503,0.));
#6501=DIRECTION('',(-0.164398987305503,0.986393923832119,0.));
#6502=DIRECTION('',(0.,0.,-1.));
#6503=DIRECTION('',(-0.164398987305503,0.986393923832119,0.));
#6504=DIRECTION('',(-0.164398987305503,0.986393923832119,0.));
#6505=DIRECTION('',(0.,1.,0.));
#6506=DIRECTION('',(1.,0.,0.));
#6507=DIRECTION('',(1.,0.,0.));
#6508=DIRECTION('',(1.,0.,0.));
#6509=DIRECTION('',(0.,0.,-1.));
#6510=DIRECTION('',(0.,0.,-1.));
#6511=DIRECTION('',(-1.,0.,0.));
#6512=DIRECTION('',(0.,-1.,0.));
#6513=DIRECTION('',(0.,1.,0.));
#6514=DIRECTION('',(-1.,0.,0.));
#6515=DIRECTION('',(0.989015863361918,-0.147809411129603,0.));
#6516=DIRECTION('',(0.,0.,1.));
#6517=DIRECTION('',(0.143510619798452,0.960251978929261,0.239417708132676));
#6518=DIRECTION('',(0.,0.,1.));
#6519=DIRECTION('',(0.143510619798452,0.960251978929261,-0.239417708132676));
#6520=DIRECTION('',(0.,0.,1.));
#6521=DIRECTION('',(0.,-0.241921895599697,-0.970295726275989));
#6522=DIRECTION('',(1.,0.,0.));
#6523=DIRECTION('',(0.,-0.970295726275989,0.241921895599697));
#6524=DIRECTION('',(1.,0.,0.));
#6525=DIRECTION('',(-0.143510619798452,0.960251978929261,-0.239417708132676));
#6526=DIRECTION('',(0.,-0.970295726275989,0.241921895599697));
#6527=DIRECTION('',(1.,0.,0.));
#6528=DIRECTION('',(0.,0.,-1.));
#6529=DIRECTION('',(-1.,0.,0.));
#6530=DIRECTION('',(0.,1.,0.));
#6531=DIRECTION('',(-1.,0.,0.));
#6532=DIRECTION('',(0.,-1.,0.));
#6533=DIRECTION('',(0.,-1.,0.));
#6534=DIRECTION('',(0.,0.,-1.));
#6535=DIRECTION('',(0.,0.,-1.));
#6536=DIRECTION('',(0.,0.,-1.));
#6537=DIRECTION('',(-1.,0.,0.));
#6538=DIRECTION('',(1.,0.,0.));
#6539=DIRECTION('',(0.,-1.,0.));
#6540=DIRECTION('',(0.,-1.,0.));
#6541=DIRECTION('',(0.,0.,-1.));
#6542=DIRECTION('',(0.,-1.,0.));
#6543=DIRECTION('',(0.,-0.970295726275989,-0.241921895599697));
#6544=DIRECTION('',(0.,0.,-1.));
#6545=DIRECTION('',(0.,0.,-1.));
#6546=DIRECTION('',(-1.,0.,0.));
#6547=DIRECTION('',(0.,1.,0.));
#6548=DIRECTION('',(-1.,0.,0.));
#6549=DIRECTION('',(-1.,0.,0.));
#6550=DIRECTION('',(0.,1.,0.));
#6551=DIRECTION('',(0.,-0.970295726275989,-0.241921895599697));
#6552=DIRECTION('',(0.,1.,0.));
#6553=DIRECTION('',(0.,0.,-1.));
#6554=DIRECTION('',(0.,0.,-1.));
#6555=DIRECTION('',(0.,0.,-1.));
#6556=DIRECTION('',(-1.,0.,0.));
#6557=DIRECTION('',(-1.,0.,0.));
#6558=DIRECTION('',(0.,-0.241921895599697,0.970295726275989));
#6559=DIRECTION('',(-1.,0.,0.));
#6560=DIRECTION('',(-0.143510619798452,0.960251978929261,0.239417708132676));
#6561=DIRECTION('',(-1.,0.,0.));
#6562=DIRECTION('',(-0.989015863361918,-0.147809411129603,0.));
#6563=DIRECTION('',(0.,0.,-1.));
#6564=DIRECTION('',(0.,0.,-1.));
#6565=DIRECTION('',(0.,0.,-1.));
#6566=DIRECTION('',(0.989015863361918,-0.147809411129603,0.));
#6567=DIRECTION('',(0.,0.,1.));
#6568=DIRECTION('',(0.143510619798452,0.960251978929261,0.239417708132676));
#6569=DIRECTION('',(0.,0.,1.));
#6570=DIRECTION('',(0.143510619798452,0.960251978929261,-0.239417708132676));
#6571=DIRECTION('',(0.,0.,1.));
#6572=DIRECTION('',(0.,1.,0.));
#6573=DIRECTION('',(-1.,0.,0.));
#6574=DIRECTION('',(0.,0.,-1.));
#6575=DIRECTION('',(1.,0.,0.));
#6576=DIRECTION('',(0.,0.,1.));
#6577=DIRECTION('',(1.,0.,0.));
#6578=DIRECTION('',(0.,0.866025403784429,-0.500000000000017));
#6579=DIRECTION('',(0.,-0.500000000000017,-0.866025403784429));
#6580=DIRECTION('',(1.,0.,0.));
#6581=DIRECTION('',(0.,-0.500000000000017,-0.866025403784429));
#6582=DIRECTION('',(1.,0.,0.));
#6583=DIRECTION('',(0.,-0.500000000000017,-0.866025403784429));
#6584=DIRECTION('',(0.,0.,1.));
#6585=DIRECTION('',(1.,0.,0.));
#6586=DIRECTION('',(0.,1.,0.));
#6587=DIRECTION('',(1.,0.,0.));
#6588=DIRECTION('',(0.,1.,0.));
#6589=DIRECTION('',(0.,1.,0.));
#6590=DIRECTION('',(-1.,0.,0.));
#6591=DIRECTION('',(0.,0.,1.));
#6592=DIRECTION('',(0.,0.,-1.));
#6593=DIRECTION('',(1.,0.,0.));
#6594=DIRECTION('',(-1.,0.,0.));
#6595=DIRECTION('',(0.,0.,1.));
#6596=DIRECTION('',(0.,1.,0.));
#6597=DIRECTION('',(0.,0.,1.));
#6598=DIRECTION('',(0.,0.,-1.));
#6599=DIRECTION('',(0.,1.,0.));
#6600=DIRECTION('',(-1.,0.,0.));
#6601=DIRECTION('',(-1.,0.,0.));
#6602=DIRECTION('',(0.,0.,-1.));
#6603=DIRECTION('',(-1.,0.,0.));
#6604=DIRECTION('',(-1.,0.,0.));
#6605=DIRECTION('',(0.,-1.,0.));
#6606=DIRECTION('',(0.,0.,-1.));
#6607=DIRECTION('',(0.,-1.,0.));
#6608=DIRECTION('',(0.,-1.,0.));
#6609=DIRECTION('',(0.,-1.,0.));
#6610=DIRECTION('',(1.,0.,0.));
#6611=DIRECTION('',(0.,0.,-1.));
#6612=DIRECTION('',(1.,0.,0.));
#6613=DIRECTION('',(1.,0.,0.));
#6614=DIRECTION('',(1.,0.,0.));
#6615=DIRECTION('',(0.,1.,0.));
#6616=DIRECTION('',(0.,0.,-1.));
#6617=DIRECTION('',(0.,1.,0.));
#6618=DIRECTION('',(0.,1.,0.));
#6619=DIRECTION('',(0.,1.,0.));
#6620=DIRECTION('',(-1.,0.,0.));
#6621=DIRECTION('',(-1.,0.,0.));
#6622=DIRECTION('',(-1.,0.,0.));
#6623=DIRECTION('',(0.,0.,-1.));
#6624=DIRECTION('',(1.,0.,0.));
#6625=DIRECTION('',(0.,0.,-1.));
#6626=DIRECTION('',(0.,0.,-1.));
#6627=DIRECTION('',(0.,1.,0.));
#6628=DIRECTION('',(0.,1.,0.));
#6629=DIRECTION('',(-1.,0.,0.));
#6630=DIRECTION('',(0.,0.,-1.));
#6631=DIRECTION('',(1.,0.,0.));
#6632=DIRECTION('',(0.,0.,1.));
#6633=DIRECTION('',(1.,0.,0.));
#6634=DIRECTION('',(0.,0.866025403784429,-0.500000000000017));
#6635=DIRECTION('',(0.,-0.500000000000017,-0.866025403784429));
#6636=DIRECTION('',(1.,0.,0.));
#6637=DIRECTION('',(0.,-0.500000000000017,-0.866025403784429));
#6638=DIRECTION('',(1.,0.,0.));
#6639=DIRECTION('',(0.,-0.500000000000017,-0.866025403784429));
#6640=DIRECTION('',(0.,0.,1.));
#6641=DIRECTION('',(1.,0.,0.));
#6642=DIRECTION('',(0.,1.,0.));
#6643=DIRECTION('',(1.,0.,0.));
#6644=DIRECTION('',(0.,1.,0.));
#6645=DIRECTION('',(0.,1.,0.));
#6646=DIRECTION('',(-1.,0.,0.));
#6647=DIRECTION('',(0.,0.,1.));
#6648=DIRECTION('',(0.,0.,-1.));
#6649=DIRECTION('',(1.,0.,0.));
#6650=DIRECTION('',(-1.,0.,0.));
#6651=DIRECTION('',(0.,0.,1.));
#6652=DIRECTION('',(0.,1.,0.));
#6653=DIRECTION('',(0.,0.,1.));
#6654=DIRECTION('',(0.,0.,-1.));
#6655=DIRECTION('',(0.,1.,0.));
#6656=DIRECTION('',(-1.,0.,0.));
#6657=DIRECTION('',(-1.,0.,0.));
#6658=DIRECTION('',(0.,0.,-1.));
#6659=DIRECTION('',(-1.,0.,0.));
#6660=DIRECTION('',(-1.,0.,0.));
#6661=DIRECTION('',(0.,-1.,0.));
#6662=DIRECTION('',(0.,0.,-1.));
#6663=DIRECTION('',(0.,-1.,0.));
#6664=DIRECTION('',(0.,-1.,0.));
#6665=DIRECTION('',(0.,-1.,0.));
#6666=DIRECTION('',(1.,0.,0.));
#6667=DIRECTION('',(0.,0.,-1.));
#6668=DIRECTION('',(1.,0.,0.));
#6669=DIRECTION('',(1.,0.,0.));
#6670=DIRECTION('',(1.,0.,0.));
#6671=DIRECTION('',(0.,1.,0.));
#6672=DIRECTION('',(0.,0.,-1.));
#6673=DIRECTION('',(0.,1.,0.));
#6674=DIRECTION('',(0.,1.,0.));
#6675=DIRECTION('',(0.,1.,0.));
#6676=DIRECTION('',(-1.,0.,0.));
#6677=DIRECTION('',(-1.,0.,0.));
#6678=DIRECTION('',(-1.,0.,0.));
#6679=DIRECTION('',(0.,0.,-1.));
#6680=DIRECTION('',(1.,0.,0.));
#6681=DIRECTION('',(0.,0.,-1.));
#6682=DIRECTION('',(0.,0.,-1.));
#6683=DIRECTION('',(0.,1.,0.));
#6684=DIRECTION('',(0.,1.,0.));
#6685=DIRECTION('',(0.,0.,1.));
#6686=DIRECTION('',(0.,1.,0.));
#6687=DIRECTION('',(0.,1.,0.));
#6688=DIRECTION('',(0.,0.,1.));
#6689=DIRECTION('',(0.,1.,0.));
#6690=DIRECTION('',(0.,1.,0.));
#6691=DIRECTION('',(0.,0.,-1.));
#6692=DIRECTION('',(0.,0.,-1.));
#6693=DIRECTION('',(-1.,0.,0.));
#6694=DIRECTION('',(0.,1.,0.));
#6695=DIRECTION('',(1.,0.,0.));
#6696=DIRECTION('',(0.,1.,0.));
#6697=DIRECTION('',(1.,0.,0.));
#6698=DIRECTION('',(0.,0.,-1.));
#6699=DIRECTION('',(-1.,0.,0.));
#6700=DIRECTION('',(0.,1.,0.));
#6701=DIRECTION('',(-1.,0.,0.));
#6702=DIRECTION('',(0.,1.,0.));
#6703=DIRECTION('',(-1.,0.,0.));
#6704=DIRECTION('',(0.,-0.707106781186548,-0.707106781186548));
#6705=DIRECTION('',(-1.,0.,0.));
#6706=DIRECTION('',(0.,0.707106781186548,-0.707106781186548));
#6707=DIRECTION('',(0.,0.707106781186548,-0.707106781186548));
#6708=DIRECTION('',(-1.,0.,0.));
#6709=DIRECTION('',(1.,0.,0.));
#6710=DIRECTION('',(0.,0.,-1.));
#6711=DIRECTION('',(0.,0.707106781186548,0.707106781186548));
#6712=DIRECTION('',(0.,0.,-1.));
#6713=DIRECTION('',(0.,0.,-1.));
#6714=DIRECTION('',(0.,-0.707106781186548,0.707106781186548));
#6715=DIRECTION('',(1.,0.,0.));
#6716=DIRECTION('',(0.,0.707106781186548,0.707106781186548));
#6717=DIRECTION('',(1.,0.,0.));
#6718=DIRECTION('',(-1.,0.,0.));
#6719=DIRECTION('',(0.,0.,1.));
#6720=DIRECTION('',(0.,0.,1.));
#6721=DIRECTION('',(0.,0.,1.));
#6722=DIRECTION('',(0.,0.707106781186548,0.707106781186548));
#6723=DIRECTION('',(1.,0.,0.));
#6724=DIRECTION('',(0.,-0.707106781186548,-0.707106781186548));
#6725=DIRECTION('',(0.,-0.707106781186548,0.707106781186548));
#6726=DIRECTION('',(1.,0.,0.));
#6727=DIRECTION('',(0.,0.707106781186548,0.707106781186548));
#6728=DIRECTION('',(0.,-0.707106781186548,0.707106781186548));
#6729=DIRECTION('',(1.,0.,0.));
#6730=DIRECTION('',(0.,-1.,0.));
#6731=DIRECTION('',(0.,0.,-1.));
#6732=DIRECTION('',(0.,-1.,0.));
#6733=DIRECTION('',(0.,0.,-1.));
#6734=DIRECTION('',(0.,-1.,0.));
#6735=DIRECTION('',(0.,-1.,0.));
#6736=DIRECTION('',(0.,0.,-1.));
#6737=DIRECTION('',(1.,0.,0.));
#6738=DIRECTION('',(1.,0.,0.));
#6739=DIRECTION('',(0.,-1.,0.));
#6740=DIRECTION('',(0.,-1.,0.));
#6741=DIRECTION('',(0.,0.,-1.));
#6742=DIRECTION('',(0.,-1.,0.));
#6743=DIRECTION('',(0.,0.,-1.));
#6744=DIRECTION('',(0.,-1.,0.));
#6745=DIRECTION('',(0.,0.,-1.));
#6746=DIRECTION('',(0.,1.,0.));
#6747=DIRECTION('',(1.,0.,0.));
#6748=DIRECTION('',(0.,1.,0.));
#6749=DIRECTION('',(-1.,0.,0.));
#6750=DIRECTION('',(0.,1.,0.));
#6751=DIRECTION('',(1.,0.,0.));
#6752=DIRECTION('',(0.,0.,-1.));
#6753=DIRECTION('',(-1.,0.,0.));
#6754=DIRECTION('',(-1.,0.,0.));
#6755=DIRECTION('',(0.,1.,0.));
#6756=DIRECTION('',(1.,0.,0.));
#6757=DIRECTION('',(0.,0.,-1.));
#6758=DIRECTION('',(-0.565132727772889,0.824999999999984,0.));
#6759=DIRECTION('',(1.,0.,0.));
#6760=DIRECTION('',(0.,1.,0.));
#6761=DIRECTION('',(0.,0.,-1.));
#6762=DIRECTION('',(-1.,0.,0.));
#6763=DIRECTION('',(0.,0.,1.));
#6764=DIRECTION('',(0.,0.,-1.));
#6765=DIRECTION('',(-0.565132727772889,0.824999999999984,0.));
#6766=DIRECTION('',(0.,0.,-1.));
#6767=DIRECTION('',(0.,0.,-1.));
#6768=DIRECTION('',(-1.,0.,0.));
#6769=DIRECTION('',(-1.,0.,0.));
#6770=DIRECTION('',(0.,1.,0.));
#6771=DIRECTION('',(1.,0.,0.));
#6772=DIRECTION('',(1.,0.,0.));
#6773=DIRECTION('',(0.,1.,0.));
#6774=DIRECTION('',(0.,0.707106781186548,-0.707106781186548));
#6775=DIRECTION('',(-1.,0.,0.));
#6776=DIRECTION('',(0.,-0.707106781186548,0.707106781186548));
#6777=DIRECTION('',(0.,-0.707106781186548,-0.707106781186548));
#6778=DIRECTION('',(-1.,0.,0.));
#6779=DIRECTION('',(0.,0.707106781186548,-0.707106781186548));
#6780=DIRECTION('',(0.,-0.707106781186548,-0.707106781186548));
#6781=DIRECTION('',(-1.,0.,0.));
#6782=DIRECTION('',(0.,-1.,0.));
#6783=DIRECTION('',(0.,0.,-1.));
#6784=DIRECTION('',(0.,-1.,0.));
#6785=DIRECTION('',(0.,0.,-1.));
#6786=DIRECTION('',(0.,-1.,0.));
#6787=DIRECTION('',(0.,-1.,0.));
#6788=DIRECTION('',(0.,0.,1.));
#6789=DIRECTION('',(-1.,0.,0.));
#6790=DIRECTION('',(-1.,0.,0.));
#6791=DIRECTION('',(0.,-1.,0.));
#6792=DIRECTION('',(0.,-1.,0.));
#6793=DIRECTION('',(0.,0.,-1.));
#6794=DIRECTION('',(0.,-1.,0.));
#6795=DIRECTION('',(0.,0.,-1.));
#6796=DIRECTION('',(0.,-1.,0.));
#6797=DIRECTION('',(0.,0.,1.));
#6798=DIRECTION('',(0.,-1.,0.));
#6799=DIRECTION('',(0.,-1.,0.));
#6800=DIRECTION('',(-1.,0.,0.));
#6801=DIRECTION('',(0.,-1.,0.));
#6802=DIRECTION('',(1.,0.,0.));
#6803=DIRECTION('',(1.,0.,0.));
#6804=DIRECTION('',(1.,0.,0.));
#6805=DIRECTION('',(0.,0.,-1.));
#6806=DIRECTION('',(0.,1.,0.));
#6807=DIRECTION('',(0.,0.,1.));
#6808=DIRECTION('',(0.,0.,-1.));
#6809=DIRECTION('',(0.,0.,-1.));
#6810=DIRECTION('',(-1.,0.,0.));
#6811=DIRECTION('',(1.,0.,0.));
#6812=DIRECTION('',(0.,1.,0.));
#6813=DIRECTION('',(1.,0.,0.));
#6814=DIRECTION('',(0.,0.,-1.));
#6815=DIRECTION('',(0.,1.,0.));
#6816=DIRECTION('',(1.,0.,0.));
#6817=DIRECTION('',(0.,1.,0.));
#6818=DIRECTION('',(1.,0.,0.));
#6819=DIRECTION('',(1.,0.,0.));
#6820=DIRECTION('',(0.,0.,1.));
#6821=DIRECTION('',(0.,0.,-1.));
#6822=DIRECTION('',(0.,0.,-1.));
#6823=DIRECTION('',(-1.,0.,0.));
#6824=DIRECTION('',(0.,0.,-1.));
#6825=DIRECTION('',(0.,1.,0.));
#6826=DIRECTION('',(0.,0.,-1.));
#6827=DIRECTION('',(0.,1.,0.));
#6828=DIRECTION('',(0.,0.,1.));
#6829=DIRECTION('',(0.,0.,1.));
#6830=DIRECTION('',(0.,0.,1.));
#6831=DIRECTION('',(0.,0.,1.));
#6832=DIRECTION('',(1.,0.,0.));
#6833=DIRECTION('',(1.,0.,0.));
#6834=DIRECTION('',(0.,0.,-1.));
#6835=DIRECTION('',(0.,1.,0.));
#6836=DIRECTION('',(0.,0.,-1.));
#6837=DIRECTION('',(0.,0.,-1.));
#6838=DIRECTION('',(-1.,0.,0.));
#6839=DIRECTION('',(0.,1.,0.));
#6840=DIRECTION('',(1.,0.,0.));
#6841=DIRECTION('',(-1.,0.,0.));
#6842=DIRECTION('',(0.,0.,1.));
#6843=DIRECTION('',(0.,0.,1.));
#6844=DIRECTION('',(0.,1.,0.));
#6845=DIRECTION('',(0.,0.,1.));
#6846=DIRECTION('',(0.,0.,1.));
#6847=DIRECTION('',(0.,1.,0.));
#6848=DIRECTION('',(0.,0.,1.));
#6849=DIRECTION('',(0.,1.,0.));
#6850=DIRECTION('',(0.,1.,0.));
#6851=DIRECTION('',(0.,0.,1.));
#6852=DIRECTION('',(0.,1.,0.));
#6853=DIRECTION('',(0.,0.,-1.));
#6854=DIRECTION('',(0.,1.,0.));
#6855=DIRECTION('',(-1.,0.,0.));
#6856=DIRECTION('',(0.,0.,1.));
#6857=DIRECTION('',(1.,0.,0.));
#6858=DIRECTION('',(0.,0.,-1.));
#6859=DIRECTION('',(1.,0.,0.));
#6860=DIRECTION('',(0.,0.,1.));
#6861=DIRECTION('',(1.,0.,0.));
#6862=DIRECTION('',(0.,1.,0.));
#6863=DIRECTION('',(0.,1.,0.));
#6864=DIRECTION('',(1.,0.,0.));
#6865=DIRECTION('',(0.,0.866025403784429,-0.500000000000017));
#6866=DIRECTION('',(0.,-0.500000000000017,-0.866025403784429));
#6867=DIRECTION('',(1.,0.,0.));
#6868=DIRECTION('',(0.,-0.500000000000017,-0.866025403784429));
#6869=DIRECTION('',(0.,-0.500000000000017,-0.866025403784429));
#6870=DIRECTION('',(1.,0.,0.));
#6871=DIRECTION('',(0.,0.,-1.));
#6872=DIRECTION('',(0.,0.,-1.));
#6873=DIRECTION('',(0.,1.,0.));
#6874=DIRECTION('',(0.,0.,-1.));
#6875=DIRECTION('',(0.,0.,-1.));
#6876=DIRECTION('',(0.,1.,0.));
#6877=DIRECTION('',(-1.,0.,0.));
#6878=DIRECTION('',(-1.,0.,0.));
#6879=DIRECTION('',(0.,0.,-1.));
#6880=DIRECTION('',(-1.,0.,0.));
#6881=DIRECTION('',(1.,0.,0.));
#6882=DIRECTION('',(0.,1.,0.));
#6883=DIRECTION('',(0.,1.,0.));
#6884=DIRECTION('',(0.,0.,-1.));
#6885=DIRECTION('',(0.,1.,0.));
#6886=DIRECTION('',(0.,-1.,0.));
#6887=DIRECTION('',(1.,0.,0.));
#6888=DIRECTION('',(1.,0.,0.));
#6889=DIRECTION('',(0.,0.,-1.));
#6890=DIRECTION('',(1.,0.,0.));
#6891=DIRECTION('',(-1.,0.,0.));
#6892=DIRECTION('',(0.,-1.,0.));
#6893=DIRECTION('',(0.,-1.,0.));
#6894=DIRECTION('',(0.,0.,-1.));
#6895=DIRECTION('',(0.,-1.,0.));
#6896=DIRECTION('',(0.,1.,0.));
#6897=DIRECTION('',(-1.,0.,0.));
#6898=DIRECTION('',(-1.,0.,0.));
#6899=DIRECTION('',(-1.,0.,0.));
#6900=DIRECTION('',(0.,0.,-1.));
#6901=DIRECTION('',(-1.,0.,0.));
#6902=DIRECTION('',(0.,0.,1.));
#6903=DIRECTION('',(0.,0.,1.));
#6904=DIRECTION('',(0.,1.,0.));
#6905=DIRECTION('',(0.,0.,1.));
#6906=DIRECTION('',(0.,1.,0.));
#6907=DIRECTION('',(-1.,0.,0.));
#6908=DIRECTION('',(1.,0.,0.));
#6909=DIRECTION('',(1.,0.,0.));
#6910=DIRECTION('',(0.,0.,1.));
#6911=DIRECTION('',(1.,0.,0.));
#6912=DIRECTION('',(1.,0.,0.));
#6913=DIRECTION('',(1.,0.,0.));
#6914=DIRECTION('',(1.,0.,0.));
#6915=DIRECTION('',(0.,1.,0.));
#6916=DIRECTION('',(1.,0.,0.));
#6917=DIRECTION('',(1.,0.,0.));
#6918=DIRECTION('',(0.,1.,0.));
#6919=DIRECTION('',(0.,0.,1.));
#6920=DIRECTION('',(0.,1.,0.));
#6921=DIRECTION('',(0.,1.,0.));
#6922=DIRECTION('',(0.,0.,1.));
#6923=DIRECTION('',(0.,1.,0.));
#6924=DIRECTION('',(0.,0.,-1.));
#6925=DIRECTION('',(1.,0.,0.));
#6926=DIRECTION('',(0.,0.,-1.));
#6927=DIRECTION('',(0.,1.,0.));
#6928=DIRECTION('',(0.,0.,-1.));
#6929=DIRECTION('',(0.,0.,-1.));
#6930=DIRECTION('',(0.,1.,0.));
#6931=DIRECTION('',(-1.,0.,0.));
#6932=DIRECTION('',(0.,0.,-1.));
#6933=DIRECTION('',(1.,0.,0.));
#6934=DIRECTION('',(0.,0.,-1.));
#6935=DIRECTION('',(0.,1.,0.));
#6936=DIRECTION('',(0.,0.,1.));
#6937=DIRECTION('',(-1.,0.,0.));
#6938=DIRECTION('',(-1.,0.,0.));
#6939=DIRECTION('',(0.,0.,1.));
#6940=DIRECTION('',(1.,0.,0.));
#6941=DIRECTION('',(1.,0.,0.));
#6942=DIRECTION('',(0.,1.,0.));
#6943=DIRECTION('',(0.,1.,0.));
#6944=DIRECTION('',(1.,2.22044604925E-13,0.));
#6945=DIRECTION('',(1.,0.,0.));
#6946=DIRECTION('',(0.,0.,-1.));
#6947=DIRECTION('',(0.,1.,0.));
#6948=DIRECTION('',(0.,0.,-1.));
#6949=DIRECTION('',(0.,1.,0.));
#6950=DIRECTION('',(0.,0.,1.));
#6951=DIRECTION('',(0.,1.,0.));
#6952=DIRECTION('',(0.,1.,0.));
#6953=DIRECTION('',(0.,0.,-1.));
#6954=DIRECTION('',(0.,1.,0.));
#6955=DIRECTION('',(-1.,0.,0.));
#6956=DIRECTION('',(0.,0.,1.));
#6957=DIRECTION('',(1.,0.,0.));
#6958=DIRECTION('',(0.,0.,-1.));
#6959=DIRECTION('',(1.,0.,0.));
#6960=DIRECTION('',(0.,0.866025403784429,0.500000000000017));
#6961=DIRECTION('',(0.,0.500000000000017,-0.866025403784429));
#6962=DIRECTION('',(1.,0.,0.));
#6963=DIRECTION('',(0.,0.500000000000017,-0.866025403784429));
#6964=DIRECTION('',(-1.,0.,0.));
#6965=DIRECTION('',(0.,0.500000000000017,-0.866025403784429));
#6966=DIRECTION('',(0.,0.,-1.));
#6967=DIRECTION('',(-1.,0.,0.));
#6968=DIRECTION('',(0.,1.,0.));
#6969=DIRECTION('',(-1.,0.,0.));
#6970=DIRECTION('',(0.,1.,0.));
#6971=DIRECTION('',(0.,1.,0.));
#6972=DIRECTION('',(-1.,0.,0.));
#6973=DIRECTION('',(0.,0.,-1.));
#6974=DIRECTION('',(0.,0.,1.));
#6975=DIRECTION('',(1.,0.,0.));
#6976=DIRECTION('',(1.,0.,0.));
#6977=DIRECTION('',(0.,0.,-1.));
#6978=DIRECTION('',(0.,1.,0.));
#6979=DIRECTION('',(0.,0.,-1.));
#6980=DIRECTION('',(0.,0.,1.));
#6981=DIRECTION('',(0.,1.,0.));
#6982=DIRECTION('',(-1.,0.,0.));
#6983=DIRECTION('',(-1.,0.,0.));
#6984=DIRECTION('',(0.,0.,-1.));
#6985=DIRECTION('',(-1.,0.,0.));
#6986=DIRECTION('',(1.,0.,0.));
#6987=DIRECTION('',(0.,1.,0.));
#6988=DIRECTION('',(0.,0.,-1.));
#6989=DIRECTION('',(0.,1.,0.));
#6990=DIRECTION('',(0.,1.,0.));
#6991=DIRECTION('',(0.,-1.,0.));
#6992=DIRECTION('',(1.,0.,0.));
#6993=DIRECTION('',(0.,0.,-1.));
#6994=DIRECTION('',(1.,0.,0.));
#6995=DIRECTION('',(1.,0.,0.));
#6996=DIRECTION('',(-1.,0.,0.));
#6997=DIRECTION('',(0.,-1.,0.));
#6998=DIRECTION('',(0.,0.,-1.));
#6999=DIRECTION('',(0.,-1.,0.));
#7000=DIRECTION('',(0.,-1.,0.));
#7001=DIRECTION('',(0.,1.,0.));
#7002=DIRECTION('',(-1.,0.,0.));
#7003=DIRECTION('',(-1.,0.,0.));
#7004=DIRECTION('',(-1.,0.,0.));
#7005=DIRECTION('',(0.,0.,1.));
#7006=DIRECTION('',(-1.,0.,0.));
#7007=DIRECTION('',(0.,0.,1.));
#7008=DIRECTION('',(0.,0.,1.));
#7009=DIRECTION('',(0.,1.,0.));
#7010=DIRECTION('',(0.,1.,0.));
#7011=DIRECTION('',(-1.,0.,0.));
#7012=DIRECTION('',(0.,0.,1.));
#7013=DIRECTION('',(1.,0.,0.));
#7014=DIRECTION('',(0.,0.,-1.));
#7015=DIRECTION('',(1.,0.,0.));
#7016=DIRECTION('',(0.,0.866025403784429,0.500000000000017));
#7017=DIRECTION('',(0.,0.500000000000017,-0.866025403784429));
#7018=DIRECTION('',(1.,0.,0.));
#7019=DIRECTION('',(0.,0.500000000000017,-0.866025403784429));
#7020=DIRECTION('',(-1.,0.,0.));
#7021=DIRECTION('',(0.,0.500000000000017,-0.866025403784429));
#7022=DIRECTION('',(0.,0.,-1.));
#7023=DIRECTION('',(-1.,0.,0.));
#7024=DIRECTION('',(0.,1.,0.));
#7025=DIRECTION('',(-1.,0.,0.));
#7026=DIRECTION('',(0.,1.,0.));
#7027=DIRECTION('',(0.,1.,0.));
#7028=DIRECTION('',(-1.,0.,0.));
#7029=DIRECTION('',(0.,0.,-1.));
#7030=DIRECTION('',(0.,0.,1.));
#7031=DIRECTION('',(1.,0.,0.));
#7032=DIRECTION('',(1.,0.,0.));
#7033=DIRECTION('',(0.,0.,-1.));
#7034=DIRECTION('',(0.,1.,0.));
#7035=DIRECTION('',(0.,0.,-1.));
#7036=DIRECTION('',(0.,0.,1.));
#7037=DIRECTION('',(0.,1.,0.));
#7038=DIRECTION('',(-1.,0.,0.));
#7039=DIRECTION('',(-1.,0.,0.));
#7040=DIRECTION('',(0.,0.,-1.));
#7041=DIRECTION('',(-1.,0.,0.));
#7042=DIRECTION('',(1.,0.,0.));
#7043=DIRECTION('',(0.,1.,0.));
#7044=DIRECTION('',(0.,0.,-1.));
#7045=DIRECTION('',(0.,1.,0.));
#7046=DIRECTION('',(0.,1.,0.));
#7047=DIRECTION('',(0.,-1.,0.));
#7048=DIRECTION('',(1.,0.,0.));
#7049=DIRECTION('',(0.,0.,-1.));
#7050=DIRECTION('',(1.,0.,0.));
#7051=DIRECTION('',(1.,0.,0.));
#7052=DIRECTION('',(-1.,0.,0.));
#7053=DIRECTION('',(0.,-1.,0.));
#7054=DIRECTION('',(0.,0.,-1.));
#7055=DIRECTION('',(0.,-1.,0.));
#7056=DIRECTION('',(0.,-1.,0.));
#7057=DIRECTION('',(0.,1.,0.));
#7058=DIRECTION('',(-1.,0.,0.));
#7059=DIRECTION('',(-1.,0.,0.));
#7060=DIRECTION('',(-1.,0.,0.));
#7061=DIRECTION('',(0.,0.,1.));
#7062=DIRECTION('',(-1.,0.,0.));
#7063=DIRECTION('',(0.,0.,1.));
#7064=DIRECTION('',(0.,0.,1.));
#7065=DIRECTION('',(0.,1.,0.));
#7066=DIRECTION('',(0.,0.,-1.));
#7067=DIRECTION('',(-1.,0.,0.));
#7068=DIRECTION('',(0.,1.,0.));
#7069=DIRECTION('',(-1.,0.,0.));
#7070=DIRECTION('',(-1.,0.,0.));
#7071=DIRECTION('',(-1.,0.,0.));
#7072=DIRECTION('',(-1.,0.,0.));
#7073=DIRECTION('',(0.,1.,0.));
#7074=DIRECTION('',(1.,0.,0.));
#7075=DIRECTION('',(0.,0.866025403784429,0.500000000000017));
#7076=DIRECTION('',(0.,0.500000000000017,-0.866025403784429));
#7077=DIRECTION('',(1.,0.,0.));
#7078=DIRECTION('',(0.,0.500000000000017,-0.866025403784429));
#7079=DIRECTION('',(-1.,0.,0.));
#7080=DIRECTION('',(0.,0.500000000000017,-0.866025403784429));
#7081=DIRECTION('',(0.,0.,-1.));
#7082=DIRECTION('',(-1.,0.,0.));
#7083=DIRECTION('',(0.,1.,0.));
#7084=DIRECTION('',(-1.,0.,0.));
#7085=DIRECTION('',(0.,1.,0.));
#7086=DIRECTION('',(0.,1.,0.));
#7087=DIRECTION('',(-1.,0.,0.));
#7088=DIRECTION('',(0.,0.,-1.));
#7089=DIRECTION('',(0.,0.,1.));
#7090=DIRECTION('',(1.,0.,0.));
#7091=DIRECTION('',(-1.,0.,0.));
#7092=DIRECTION('',(0.,-1.,0.));
#7093=DIRECTION('',(0.,0.,-1.));
#7094=DIRECTION('',(0.,-1.,0.));
#7095=DIRECTION('',(0.,0.,-1.));
#7096=DIRECTION('',(0.,-1.,0.));
#7097=DIRECTION('',(0.,-1.,0.));
#7098=DIRECTION('',(1.,0.,0.));
#7099=DIRECTION('',(1.,0.,0.));
#7100=DIRECTION('',(0.,0.,-1.));
#7101=DIRECTION('',(1.,0.,0.));
#7102=DIRECTION('',(1.,0.,0.));
#7103=DIRECTION('',(0.,1.,0.));
#7104=DIRECTION('',(0.,1.,0.));
#7105=DIRECTION('',(0.,0.,-1.));
#7106=DIRECTION('',(0.,1.,0.));
#7107=DIRECTION('',(0.,1.,0.));
#7108=DIRECTION('',(-1.,0.,0.));
#7109=DIRECTION('',(-1.,0.,0.));
#7110=DIRECTION('',(-1.,0.,0.));
#7111=DIRECTION('',(0.,0.,1.));
#7112=DIRECTION('',(1.,0.,0.));
#7113=DIRECTION('',(0.,0.,-1.));
#7114=DIRECTION('',(0.,0.,-1.));
#7115=DIRECTION('',(0.,0.,-1.));
#7116=DIRECTION('',(0.,1.,0.));
#7117=DIRECTION('',(-1.,0.,0.));
#7118=DIRECTION('',(0.,0.,1.));
#7119=DIRECTION('',(1.,0.,0.));
#7120=DIRECTION('',(-1.,0.,0.));
#7121=DIRECTION('',(0.,0.,1.));
#7122=DIRECTION('',(0.,0.,1.));
#7123=DIRECTION('',(0.,0.,1.));
#7124=DIRECTION('',(0.,1.,0.));
#7125=DIRECTION('',(-1.,0.,0.));
#7126=DIRECTION('',(-1.,0.,0.));
#7127=DIRECTION('',(-1.,0.,0.));
#7128=DIRECTION('',(0.,0.500000000000017,0.866025403784429));
#7129=DIRECTION('',(-1.,0.,0.));
#7130=DIRECTION('',(0.,-0.866025403784429,0.500000000000017));
#7131=DIRECTION('',(-1.,0.,0.));
#7132=DIRECTION('',(0.,-0.866025403784429,0.500000000000017));
#7133=DIRECTION('',(-1.,0.,0.));
#7134=DIRECTION('',(1.,0.,0.));
#7135=DIRECTION('',(0.,0.,-1.));
#7136=DIRECTION('',(0.,-1.,0.));
#7137=DIRECTION('',(0.,-0.866025403784429,-0.500000000000017));
#7138=DIRECTION('',(0.,0.,-1.));
#7139=DIRECTION('',(0.,-1.,0.));
#7140=DIRECTION('',(0.,0.,1.));
#7141=DIRECTION('',(0.,1.,0.));
#7142=DIRECTION('',(-1.,0.,0.));
#7143=DIRECTION('',(-1.,0.,0.));
#7144=DIRECTION('',(0.,0.,1.));
#7145=DIRECTION('',(1.,0.,0.));
#7146=DIRECTION('',(0.,0.,-1.));
#7147=DIRECTION('',(-1.,0.,0.));
#7148=DIRECTION('',(0.,-1.,0.));
#7149=DIRECTION('',(-1.,0.,0.));
#7150=DIRECTION('',(0.,1.,0.));
#7151=DIRECTION('',(-1.,0.,0.));
#7152=DIRECTION('',(0.,1.,0.));
#7153=DIRECTION('',(0.,0.,-1.));
#7154=DIRECTION('',(-1.,0.,0.));
#7155=DIRECTION('',(-1.,0.,0.));
#7156=DIRECTION('',(0.,-1.,0.));
#7157=DIRECTION('',(-1.,0.,0.));
#7158=DIRECTION('',(0.,1.,0.));
#7159=DIRECTION('',(0.,1.,0.));
#7160=DIRECTION('',(1.,0.,0.));
#7161=DIRECTION('',(0.,0.,1.));
#7162=DIRECTION('',(1.,0.,0.));
#7163=DIRECTION('',(0.,0.,-1.));
#7164=DIRECTION('',(1.,0.,0.));
#7165=DIRECTION('',(0.,0.,-1.));
#7166=DIRECTION('',(0.,1.,0.));
#7167=DIRECTION('',(0.,0.,-1.));
#7168=DIRECTION('',(0.,1.,0.));
#7169=DIRECTION('',(0.,0.,-1.));
#7170=DIRECTION('',(0.,0.,-1.));
#7171=DIRECTION('',(0.,1.,0.));
#7172=DIRECTION('',(1.,0.,0.));
#7173=DIRECTION('',(-1.,0.,0.));
#7174=DIRECTION('',(0.,1.,0.));
#7175=DIRECTION('',(0.,1.,0.));
#7176=DIRECTION('',(1.,0.,0.));
#7177=DIRECTION('',(-1.,0.,0.));
#7178=DIRECTION('',(0.,0.,-1.));
#7179=DIRECTION('',(0.,0.,-1.));
#7180=DIRECTION('',(0.,0.,-1.));
#7181=DIRECTION('',(0.,0.,-1.));
#7182=DIRECTION('',(-1.,0.,0.));
#7183=DIRECTION('',(-1.,0.,0.));
#7184=DIRECTION('',(0.,-1.,0.));
#7185=DIRECTION('',(0.,1.,0.));
#7186=DIRECTION('',(0.,1.,0.));
#7187=DIRECTION('',(1.,0.,0.));
#7188=DIRECTION('',(1.,0.,0.));
#7189=DIRECTION('',(0.,0.,-1.));
#7190=DIRECTION('',(0.,0.,-1.));
#7191=DIRECTION('',(1.,0.,0.));
#7192=DIRECTION('',(0.,0.,-1.));
#7193=DIRECTION('',(0.,0.,-1.));
#7194=DIRECTION('',(0.,1.,0.));
#7195=DIRECTION('',(0.,0.,-1.));
#7196=DIRECTION('',(-1.,0.,0.));
#7197=DIRECTION('',(1.,0.,0.));
#7198=DIRECTION('',(0.,-1.,0.));
#7199=DIRECTION('',(-1.,0.,0.));
#7200=DIRECTION('',(0.,-1.,0.));
#7201=DIRECTION('',(0.,-1.,0.));
#7202=DIRECTION('',(0.,0.,-1.));
#7203=DIRECTION('',(1.,0.,0.));
#7204=DIRECTION('',(-1.,0.,0.));
#7205=DIRECTION('',(0.,0.,-1.));
#7206=DIRECTION('',(-0.989015863361918,-0.147809411129603,0.));
#7207=DIRECTION('',(0.,0.,-1.));
#7208=DIRECTION('',(-0.143510619798452,0.960251978929261,-0.239417708132676));
#7209=DIRECTION('',(-0.143510619798452,0.960251978929261,0.239417708132676));
#7210=DIRECTION('',(0.,0.,-1.));
#7211=DIRECTION('',(0.,-1.,0.));
#7212=DIRECTION('',(0.,0.,-1.));
#7213=DIRECTION('',(0.,0.,-1.));
#7214=DIRECTION('',(-1.,0.,0.));
#7215=DIRECTION('',(0.,0.,-1.));
#7216=DIRECTION('',(-1.,0.,0.));
#7217=DIRECTION('',(0.,0.,-1.));
#7218=DIRECTION('',(-1.,0.,0.));
#7219=DIRECTION('',(0.,1.,0.));
#7220=DIRECTION('',(0.,-1.,0.));
#7221=DIRECTION('',(1.,0.,0.));
#7222=DIRECTION('',(0.,-0.241921895599697,-0.970295726275989));
#7223=DIRECTION('',(1.,0.,0.));
#7224=DIRECTION('',(0.,-0.970295726275989,0.241921895599697));
#7225=DIRECTION('',(0.,-0.970295726275989,0.241921895599697));
#7226=DIRECTION('',(0.,1.,0.));
#7227=DIRECTION('',(1.,0.,0.));
#7228=DIRECTION('',(1.,0.,0.));
#7229=DIRECTION('',(0.,0.,-1.));
#7230=DIRECTION('',(1.,0.,0.));
#7231=DIRECTION('',(0.,0.,-1.));
#7232=DIRECTION('',(0.986393923832119,-0.164398987305503,0.));
#7233=DIRECTION('',(-0.164398987305503,-0.986393923832119,0.));
#7234=DIRECTION('',(0.,0.,-1.));
#7235=DIRECTION('',(-0.164398987305503,-0.986393923832119,0.));
#7236=DIRECTION('',(-0.164398987305503,-0.986393923832119,0.));
#7237=DIRECTION('',(0.,1.,0.));
#7238=DIRECTION('',(1.,0.,0.));
#7239=DIRECTION('',(-1.,0.,0.));
#7240=DIRECTION('',(0.,0.,-1.));
#7241=DIRECTION('',(-1.,0.,0.));
#7242=DIRECTION('',(-1.,0.,0.));
#7243=DIRECTION('',(0.,1.,0.));
#7244=DIRECTION('',(0.,1.,0.));
#7245=DIRECTION('',(0.,1.,0.));
#7246=DIRECTION('',(0.,0.,-1.));
#7247=DIRECTION('',(0.,0.,-1.));
#7248=DIRECTION('',(-1.,0.,0.));
#7249=DIRECTION('',(-6.106226635438E-13,-1.,0.));
#7250=DIRECTION('',(0.,0.,-1.));
#7251=DIRECTION('',(1.,0.,0.));
#7252=DIRECTION('',(0.,1.,0.));
#7253=DIRECTION('',(1.,0.,0.));
#7254=DIRECTION('',(-0.164398987305503,0.986393923832119,0.));
#7255=DIRECTION('',(1.,0.,0.));
#7256=DIRECTION('',(0.,1.,0.));
#7257=DIRECTION('',(-1.,0.,0.));
#7258=DIRECTION('',(0.,0.,-1.));
#7259=DIRECTION('',(-1.,0.,0.));
#7260=DIRECTION('',(0.,0.,1.));
#7261=DIRECTION('',(-1.,0.,0.));
#7262=DIRECTION('',(0.,0.,-1.));
#7263=DIRECTION('',(1.,0.,0.));
#7264=DIRECTION('',(0.,-1.,0.));
#7265=DIRECTION('',(0.,1.,0.));
#7266=DIRECTION('',(0.,0.,-1.));
#7267=DIRECTION('',(0.,1.,0.));
#7268=DIRECTION('',(1.,0.,0.));
#7269=DIRECTION('',(1.,0.,0.));
#7270=DIRECTION('',(0.,0.,-1.));
#7271=DIRECTION('',(-0.986393923832119,-0.164398987305503,0.));
#7272=DIRECTION('',(-0.164398987305503,0.986393923832119,0.));
#7273=DIRECTION('',(0.,0.,-1.));
#7274=DIRECTION('',(-0.164398987305503,0.986393923832119,0.));
#7275=DIRECTION('',(0.,1.,0.));
#7276=DIRECTION('',(1.,0.,0.));
#7277=DIRECTION('',(1.,0.,0.));
#7278=DIRECTION('',(0.,0.,-1.));
#7279=DIRECTION('',(-1.,0.,0.));
#7280=DIRECTION('',(0.,1.,0.));
#7281=DIRECTION('',(0.,-0.970295726275989,-0.241921895599697));
#7282=DIRECTION('',(0.,1.,0.));
#7283=DIRECTION('',(0.,0.,-1.));
#7284=DIRECTION('',(0.,1.,0.));
#7285=DIRECTION('',(0.,0.,-1.));
#7286=DIRECTION('',(0.,0.,-1.));
#7287=DIRECTION('',(-1.,0.,0.));
#7288=DIRECTION('',(0.,-1.,0.));
#7289=DIRECTION('',(-1.,0.,0.));
#7290=DIRECTION('',(0.,-0.241921895599697,0.970295726275989));
#7291=DIRECTION('',(-1.,0.,0.));
#7292=DIRECTION('',(0.,-0.970295726275989,-0.241921895599697));
#7293=DIRECTION('',(1.,0.,0.));
#7294=DIRECTION('',(0.,-1.,0.));
#7295=DIRECTION('',(-6.16173778667E-13,-1.,0.));
#7296=DIRECTION('',(0.,0.,-1.));
#7297=DIRECTION('',(0.,0.,-1.));
#7298=DIRECTION('',(0.,0.,-1.));
#7299=DIRECTION('',(-1.,0.,0.));
#7300=DIRECTION('',(-1.,0.,0.));
#7301=DIRECTION('',(0.,0.,-1.));
#7302=DIRECTION('',(0.,-1.,0.));
#7303=DIRECTION('',(0.,0.,-1.));
#7304=DIRECTION('',(0.,0.,-1.));
#7305=DIRECTION('',(0.,-1.,0.));
#7306=DIRECTION('',(0.,0.,-1.));
#7307=DIRECTION('',(0.,0.,-1.));
#7308=DIRECTION('',(0.,-1.,0.));
#7309=DIRECTION('',(0.,1.,0.));
#7310=DIRECTION('',(0.,0.,1.));
#7311=DIRECTION('',(-1.,0.,0.));
#7312=DIRECTION('',(0.,0.,1.));
#7313=DIRECTION('',(-1.,0.,0.));
#7314=DIRECTION('',(0.,0.,1.));
#7315=DIRECTION('',(0.,0.,-1.));
#7316=DIRECTION('',(0.,-1.,0.));
#7317=DIRECTION('',(0.,0.,-1.));
#7318=DIRECTION('',(7.66758817272198E-8,0.,-0.999999999999997));
#7319=DIRECTION('',(0.,-1.,0.));
#7320=DIRECTION('',(0.,0.,-1.));
#7321=DIRECTION('',(0.,0.,-1.));
#7322=DIRECTION('',(0.,-1.,0.));
#7323=DIRECTION('',(0.,-1.,0.));
#7324=DIRECTION('',(1.,0.,0.));
#7325=DIRECTION('',(0.,-1.,5.10636886757E-10));
#7326=DIRECTION('',(0.,-1.,0.));
#7327=DIRECTION('',(-1.,0.,0.));
#7328=DIRECTION('',(0.,-1.,3.699026090348E-10));
#7329=DIRECTION('',(0.,-1.,0.));
#7330=DIRECTION('',(-1.,0.,0.));
#7331=DIRECTION('',(0.,0.,1.));
#7332=DIRECTION('',(0.,-1.,0.));
#7333=DIRECTION('',(0.,-1.,0.));
#7334=DIRECTION('',(-1.,0.,0.));
#7335=DIRECTION('',(0.,0.,1.));
#7336=DIRECTION('',(0.,-1.,0.));
#7337=DIRECTION('',(0.,0.,1.));
#7338=DIRECTION('',(0.,0.,1.));
#7339=DIRECTION('',(0.,0.,1.));
#7340=DIRECTION('',(0.,-1.,0.));
#7341=DIRECTION('',(0.,-1.,0.));
#7342=DIRECTION('',(1.,0.,0.));
#7343=DIRECTION('',(1.,0.,0.));
#7344=DIRECTION('',(0.,0.,-1.));
#7345=DIRECTION('',(0.,1.,0.));
#7346=DIRECTION('',(0.,1.,0.));
#7347=DIRECTION('',(0.,1.,0.));
#7348=DIRECTION('',(1.,0.,0.));
#7349=DIRECTION('',(0.,0.,1.));
#7350=DIRECTION('',(0.,0.,1.));
#7351=DIRECTION('',(0.,-1.,-5.106362726956E-10));
#7352=DIRECTION('',(0.,0.,1.));
#7353=DIRECTION('',(0.,1.,0.));
#7354=DIRECTION('',(0.,0.,1.));
#7355=DIRECTION('',(0.,-1.,0.));
#7356=DIRECTION('',(-7.66758810957798E-8,0.,0.999999999999997));
#7357=DIRECTION('',(0.,-1.,0.));
#7358=DIRECTION('',(0.,0.,1.));
#7359=DIRECTION('',(0.,0.,1.));
#7360=DIRECTION('',(0.,-1.,0.));
#7361=DIRECTION('',(0.,0.,1.));
#7362=DIRECTION('',(0.,-1.,0.));
#7363=DIRECTION('',(0.,1.,0.));
#7364=DIRECTION('',(1.,0.,0.));
#7365=DIRECTION('',(0.,-1.,0.));
#7366=DIRECTION('',(1.,0.,0.));
#7367=DIRECTION('',(0.,-1.,0.));
#7368=DIRECTION('',(1.,0.,0.));
#7369=DIRECTION('',(0.,-1.,0.));
#7370=DIRECTION('',(1.,0.,0.));
#7371=DIRECTION('',(0.,-1.,0.));
#7372=DIRECTION('',(1.,0.,0.));
#7373=DIRECTION('',(0.,-1.,0.));
#7374=DIRECTION('',(1.,0.,0.));
#7375=DIRECTION('',(0.,-1.,-3.699019949734E-10));
#7376=DIRECTION('',(0.,0.,1.));
#7377=DIRECTION('',(0.,-1.,0.));
#7378=DIRECTION('',(0.,0.,1.));
#7379=DIRECTION('',(0.,0.,1.));
#7380=DIRECTION('',(0.,-1.,0.));
#7381=DIRECTION('',(0.,0.,1.));
#7382=DIRECTION('',(0.,0.,1.));
#7383=DIRECTION('',(0.,-1.,0.));
#7384=DIRECTION('',(0.,0.,-1.));
#7385=DIRECTION('',(0.,-1.,0.));
#7386=DIRECTION('',(0.,0.,-1.));
#7387=DIRECTION('',(0.,0.,-1.));
#7388=DIRECTION('',(0.,-1.,0.));
#7389=DIRECTION('',(0.,0.,-1.));
#7390=DIRECTION('',(0.,0.,-1.));
#7391=DIRECTION('',(0.,-1.,0.));
#7392=DIRECTION('',(0.,1.,0.));
#7393=DIRECTION('',(0.,0.,1.));
#7394=DIRECTION('',(-1.,0.,0.));
#7395=DIRECTION('',(0.,0.,1.));
#7396=DIRECTION('',(-1.,0.,0.));
#7397=DIRECTION('',(0.,0.,1.));
#7398=DIRECTION('',(0.,0.,1.));
#7399=DIRECTION('',(0.,-1.,0.));
#7400=DIRECTION('',(0.,0.,1.));
#7401=DIRECTION('',(-7.66759138057198E-8,0.,0.999999999999997));
#7402=DIRECTION('',(0.,-1.,0.));
#7403=DIRECTION('',(0.,0.,1.));
#7404=DIRECTION('',(0.,0.,1.));
#7405=DIRECTION('',(0.,-1.,0.));
#7406=DIRECTION('',(0.,0.,1.));
#7407=DIRECTION('',(0.,-1.,0.));
#7408=DIRECTION('',(0.,1.,0.));
#7409=DIRECTION('',(0.,1.,0.));
#7410=DIRECTION('',(1.,0.,0.));
#7411=DIRECTION('',(0.,-1.,0.));
#7412=DIRECTION('',(1.,0.,0.));
#7413=DIRECTION('',(0.,-1.,0.));
#7414=DIRECTION('',(1.,0.,0.));
#7415=DIRECTION('',(0.,-1.,0.));
#7416=DIRECTION('',(1.,0.,0.));
#7417=DIRECTION('',(0.,-1.,0.));
#7418=DIRECTION('',(1.,0.,0.));
#7419=DIRECTION('',(0.,-1.,-5.106393430026E-10));
#7420=DIRECTION('',(0.,-1.,0.));
#7421=DIRECTION('',(1.,0.,1.665334536938E-14));
#7422=DIRECTION('',(0.,-1.,-3.699019949734E-10));
#7423=DIRECTION('',(-1.,0.,0.));
#7424=DIRECTION('',(0.,0.,-1.));
#7425=DIRECTION('',(0.,0.,-1.));
#7426=DIRECTION('',(0.,-1.,5.10636886757E-10));
#7427=DIRECTION('',(0.,0.,-1.));
#7428=DIRECTION('',(0.,1.,0.));
#7429=DIRECTION('',(0.,0.,-1.));
#7430=DIRECTION('',(0.,-1.,0.));
#7431=DIRECTION('',(7.66759261847098E-8,0.,-0.999999999999997));
#7432=DIRECTION('',(0.,-1.,0.));
#7433=DIRECTION('',(0.,0.,-1.));
#7434=DIRECTION('',(0.,0.,-1.));
#7435=DIRECTION('',(0.,-1.,0.));
#7436=DIRECTION('',(0.,0.,-1.));
#7437=DIRECTION('',(0.,1.,0.));
#7438=DIRECTION('',(0.,1.,0.));
#7439=DIRECTION('',(1.,0.,0.));
#7440=DIRECTION('',(0.,-1.,0.));
#7441=DIRECTION('',(1.,0.,0.));
#7442=DIRECTION('',(0.,-1.,0.));
#7443=DIRECTION('',(-1.,0.,0.));
#7444=DIRECTION('',(0.,-1.,0.));
#7445=DIRECTION('',(-1.,0.,0.));
#7446=DIRECTION('',(0.,-1.,0.));
#7447=DIRECTION('',(1.,0.,0.));
#7448=DIRECTION('',(0.,-1.,0.));
#7449=DIRECTION('',(-1.,0.,0.));
#7450=DIRECTION('',(0.,-1.,3.699069074646E-10));
#7451=DIRECTION('',(0.,0.,-1.));
#7452=DIRECTION('',(1.,0.,0.));
#7453=DIRECTION('',(0.,-1.,0.));
#7454=DIRECTION('',(1.,0.,0.));
#7455=DIRECTION('',(0.,-1.,0.));
#7456=DIRECTION('',(1.,0.,0.));
#7457=DIRECTION('',(1.,0.,0.));
#7458=DIRECTION('',(0.,0.,1.));
#7459=DIRECTION('',(0.,-1.,0.));
#7460=DIRECTION('',(0.,0.,1.));
#7461=DIRECTION('',(0.,0.,1.));
#7462=DIRECTION('',(0.,0.,-1.));
#7463=DIRECTION('',(0.,-1.,0.));
#7464=DIRECTION('',(0.,0.,-1.));
#7465=DIRECTION('',(0.,0.,-1.));
#7466=DIRECTION('',(-1.,0.,0.));
#7467=DIRECTION('',(-1.,0.,0.));
#7468=DIRECTION('',(0.,0.,-1.));
#7469=DIRECTION('',(0.,0.,-1.));
#7470=DIRECTION('',(0.,0.,-1.));
#7471=DIRECTION('',(0.,-1.,0.));
#7472=DIRECTION('',(0.,0.,1.));
#7473=DIRECTION('',(-1.,0.,0.));
#7474=DIRECTION('',(-1.,0.,0.));
#7475=DIRECTION('',(0.,-1.,0.));
#7476=DIRECTION('',(1.,0.,0.));
#7477=DIRECTION('',(1.,0.,0.));
#7478=DIRECTION('',(0.,-1.,0.));
#7479=DIRECTION('',(0.,0.,-1.));
#7480=DIRECTION('',(0.,0.,1.));
#7481=DIRECTION('',(0.,-1.,0.));
#7482=DIRECTION('',(1.,0.,0.));
#7483=DIRECTION('',(1.,0.,0.));
#7484=DIRECTION('',(0.,-1.,0.));
#7485=DIRECTION('',(0.,0.,1.));
#7486=DIRECTION('',(0.,0.,1.));
#7487=DIRECTION('',(0.,-1.,0.));
#7488=DIRECTION('',(-1.,0.,0.));
#7489=DIRECTION('',(0.,0.,1.));
#7490=DIRECTION('',(1.,0.,0.));
#7491=DIRECTION('',(-1.,0.,0.));
#7492=DIRECTION('',(0.,-1.,0.));
#7493=DIRECTION('',(0.,1.,0.));
#7494=DIRECTION('',(0.,-1.,0.));
#7495=DIRECTION('',(0.,0.,-1.));
#7496=DIRECTION('',(0.,1.,0.));
#7497=DIRECTION('',(1.,0.,0.));
#7498=DIRECTION('',(0.,-1.,0.));
#7499=DIRECTION('',(1.,0.,0.));
#7500=DIRECTION('',(0.,1.,0.));
#7501=DIRECTION('',(0.,0.,1.));
#7502=DIRECTION('',(0.,1.,0.));
#7503=DIRECTION('',(0.,1.,0.));
#7504=DIRECTION('',(0.,0.,1.));
#7505=DIRECTION('',(0.,1.,0.));
#7506=DIRECTION('',(0.,0.,1.));
#7507=DIRECTION('',(0.,1.,0.));
#7508=DIRECTION('',(0.,0.,1.));
#7509=DIRECTION('',(1.,0.,0.));
#7510=DIRECTION('',(-1.,0.,0.));
#7511=DIRECTION('',(0.,-1.,0.));
#7512=DIRECTION('',(0.,-1.,0.));
#7513=DIRECTION('',(0.,0.,1.));
#7514=DIRECTION('',(0.,1.,0.));
#7515=DIRECTION('',(-1.,0.,0.));
#7516=DIRECTION('',(0.,-1.,0.));
#7517=DIRECTION('',(-1.,0.,0.));
#7518=DIRECTION('',(0.,-1.,0.));
#7519=DIRECTION('',(0.,0.,1.));
#7520=DIRECTION('',(0.,1.,0.));
#7521=DIRECTION('',(0.,1.,0.));
#7522=DIRECTION('',(0.,0.,-1.));
#7523=DIRECTION('',(0.,1.,0.));
#7524=DIRECTION('',(0.,0.,-1.));
#7525=DIRECTION('',(0.,1.,0.));
#7526=DIRECTION('',(-1.,0.,0.));
#7527=DIRECTION('',(1.,0.,0.));
#7528=DIRECTION('',(0.,0.,1.));
#7529=DIRECTION('',(0.,0.500000000000017,-0.866025403784429));
#7530=DIRECTION('',(1.,0.,0.));
#7531=DIRECTION('',(1.,0.,0.));
#7532=DIRECTION('',(0.,-0.866025403784429,-0.500000000000017));
#7533=DIRECTION('',(-1.,0.,0.));
#7534=DIRECTION('',(0.,0.,1.));
#7535=DIRECTION('',(0.,-1.,0.));
#7536=DIRECTION('',(0.,0.,1.));
#7537=DIRECTION('',(0.,1.,0.));
#7538=DIRECTION('',(-1.,0.,0.));
#7539=DIRECTION('',(1.,0.,0.));
#7540=DIRECTION('',(0.,0.,-1.));
#7541=DIRECTION('',(0.,0.,1.));
#7542=DIRECTION('',(1.,0.,0.));
#7543=DIRECTION('',(0.,1.,0.));
#7544=DIRECTION('',(1.,0.,0.));
#7545=DIRECTION('',(0.,1.,0.));
#7546=DIRECTION('',(0.,0.,1.));
#7547=DIRECTION('',(0.,-1.,0.));
#7548=DIRECTION('',(1.,0.,0.));
#7549=DIRECTION('',(0.,-1.,0.));
#7550=DIRECTION('',(1.,0.,0.));
#7551=DIRECTION('',(0.,1.,0.));
#7552=DIRECTION('',(0.,0.,1.));
#7553=DIRECTION('',(1.,0.,0.));
#7554=DIRECTION('',(1.,0.,0.));
#7555=DIRECTION('',(0.,-1.,0.));
#7556=DIRECTION('',(1.,0.,0.));
#7557=DIRECTION('',(0.,1.,0.));
#7558=DIRECTION('',(0.,1.,0.));
#7559=DIRECTION('',(1.,0.,0.));
#7560=DIRECTION('',(0.,0.,1.));
#7561=DIRECTION('',(0.,0.,-1.));
#7562=DIRECTION('',(1.,0.,0.));
#7563=DIRECTION('',(0.,0.,-1.));
#7564=DIRECTION('',(0.,0.,-1.));
#7565=DIRECTION('',(0.,-1.,0.));
#7566=DIRECTION('',(0.,0.,-1.));
#7567=DIRECTION('',(0.,1.,0.));
#7568=DIRECTION('',(0.,0.,1.));
#7569=DIRECTION('',(0.,1.,0.));
#7570=DIRECTION('',(0.,0.,1.));
#7571=DIRECTION('',(1.,0.,0.));
#7572=DIRECTION('',(0.,0.,1.));
#7573=DIRECTION('',(-1.,0.,0.));
#7574=DIRECTION('',(0.,0.,1.));
#7575=DIRECTION('',(0.,0.,1.));
#7576=DIRECTION('',(0.,0.,-1.));
#7577=DIRECTION('',(0.,-1.,0.));
#7578=DIRECTION('',(0.,1.,0.));
#7579=DIRECTION('',(1.,0.,0.));
#7580=DIRECTION('',(1.,0.,0.));
#7581=DIRECTION('',(0.,0.,-1.));
#7582=DIRECTION('',(1.,0.,0.));
#7583=DIRECTION('',(0.,0.,-1.));
#7584=DIRECTION('',(0.,0.,1.));
#7585=DIRECTION('',(0.,-1.,0.));
#7586=DIRECTION('',(0.,0.,-1.));
#7587=DIRECTION('',(0.,-1.,0.));
#7588=DIRECTION('',(0.,0.,-1.));
#7589=DIRECTION('',(0.,1.,0.));
#7590=DIRECTION('',(0.,1.,0.));
#7591=DIRECTION('',(0.,0.,1.));
#7592=DIRECTION('',(-1.,0.,0.));
#7593=DIRECTION('',(0.,0.,1.));
#7594=DIRECTION('',(1.,0.,0.));
#7595=DIRECTION('',(1.,0.,0.));
#7596=DIRECTION('',(0.,0.,1.));
#7597=DIRECTION('',(0.,0.,1.));
#7598=DIRECTION('',(0.,-1.,0.));
#7599=DIRECTION('',(1.,0.,0.));
#7600=DIRECTION('',(0.,1.,0.));
#7601=DIRECTION('',(0.,1.,0.));
#7602=DIRECTION('',(1.,0.,0.));
#7603=DIRECTION('',(1.,0.,0.));
#7604=DIRECTION('',(0.,0.,-1.));
#7605=DIRECTION('',(0.,0.,1.));
#7606=DIRECTION('',(1.,0.,0.));
#7607=DIRECTION('',(1.,0.,0.));
#7608=DIRECTION('',(0.,1.,0.));
#7609=DIRECTION('',(0.,1.,0.));
#7610=DIRECTION('',(1.,0.,0.));
#7611=DIRECTION('',(1.,0.,0.));
#7612=DIRECTION('',(0.,0.,-1.));
#7613=DIRECTION('',(0.,0.,1.));
#7614=DIRECTION('',(0.,-1.,0.));
#7615=DIRECTION('',(-1.,0.,0.));
#7616=DIRECTION('',(0.,-1.,0.));
#7617=DIRECTION('',(0.,-1.,0.));
#7618=DIRECTION('',(0.,0.,-1.));
#7619=DIRECTION('',(0.,0.,-1.));
#7620=DIRECTION('',(1.,0.,0.));
#7621=DIRECTION('',(0.,0.,1.));
#7622=DIRECTION('',(1.,0.,0.));
#7623=DIRECTION('',(0.,-1.,0.));
#7624=DIRECTION('',(0.,1.,0.));
#7625=DIRECTION('',(-1.,0.,0.));
#7626=DIRECTION('',(0.,-1.,0.));
#7627=DIRECTION('',(-1.,0.,0.));
#7628=DIRECTION('',(0.,0.,-1.));
#7629=DIRECTION('',(1.,0.,0.));
#7630=DIRECTION('',(0.,0.,1.));
#7631=DIRECTION('',(0.,0.,-1.));
#7632=DIRECTION('',(1.,0.,0.));
#7633=DIRECTION('',(-1.,0.,0.));
#7634=DIRECTION('',(-1.,0.,0.));
#7635=DIRECTION('',(0.,-1.,0.));
#7636=DIRECTION('',(0.,1.,0.));
#7637=DIRECTION('',(0.,0.,1.));
#7638=DIRECTION('',(0.,-1.,0.));
#7639=DIRECTION('',(0.,0.,1.));
#7640=DIRECTION('',(0.983263152067306,-0.182191036515701,0.));
#7641=DIRECTION('',(0.,0.,1.));
#7642=DIRECTION('',(0.,0.,1.));
#7643=DIRECTION('',(0.983263152067306,-0.182191036515701,0.));
#7644=DIRECTION('',(0.,0.,1.));
#7645=DIRECTION('',(0.,0.,1.));
#7646=DIRECTION('',(1.,0.,0.));
#7647=DIRECTION('',(0.,1.,0.));
#7648=DIRECTION('',(1.,0.,0.));
#7649=DIRECTION('',(1.,0.,0.));
#7650=DIRECTION('',(0.,1.,0.));
#7651=DIRECTION('',(1.,0.,0.));
#7652=DIRECTION('',(1.,0.,0.));
#7653=DIRECTION('',(0.,0.,-1.));
#7654=DIRECTION('',(0.,0.,-1.));
#7655=DIRECTION('',(-1.,0.,0.));
#7656=DIRECTION('',(0.,1.,0.));
#7657=DIRECTION('',(1.,0.,0.));
#7658=DIRECTION('',(0.,-1.,0.));
#7659=DIRECTION('',(-1.,0.,0.));
#7660=DIRECTION('',(0.,0.,-1.));
#7661=DIRECTION('',(1.,0.,0.));
#7662=DIRECTION('',(0.,0.,-1.));
#7663=DIRECTION('',(0.,0.,-1.));
#7664=DIRECTION('',(1.,0.,0.));
#7665=DIRECTION('',(1.,0.,0.));
#7666=DIRECTION('',(0.,1.,0.));
#7667=DIRECTION('',(0.,-1.,0.));
#7668=DIRECTION('',(-1.,0.,0.));
#7669=DIRECTION('',(1.,0.,0.));
#7670=DIRECTION('',(0.,0.,1.));
#7671=DIRECTION('',(0.,0.,-1.));
#7672=DIRECTION('',(0.,0.,-1.));
#7673=DIRECTION('',(1.,0.,0.));
#7674=DIRECTION('',(1.,0.,0.));
#7675=DIRECTION('',(0.,-1.,0.));
#7676=DIRECTION('',(0.,1.,0.));
#7677=DIRECTION('',(0.,-1.,0.));
#7678=DIRECTION('',(1.,0.,0.));
#7679=DIRECTION('',(0.,0.,-1.));
#7680=DIRECTION('',(0.,0.,-1.));
#7681=DIRECTION('',(-1.,0.,0.));
#7682=DIRECTION('',(0.,0.,-1.));
#7683=DIRECTION('',(1.,0.,0.));
#7684=DIRECTION('',(0.,-1.,0.));
#7685=DIRECTION('',(-1.,0.,0.));
#7686=DIRECTION('',(0.,-1.,0.));
#7687=DIRECTION('',(0.,-1.,0.));
#7688=DIRECTION('',(1.,0.,0.));
#7689=DIRECTION('',(0.,-1.,0.));
#7690=DIRECTION('',(0.564000000000003,0.,-0.825774787699404));
#7691=DIRECTION('',(0.,1.,0.));
#7692=DIRECTION('',(-0.6,0.,0.8));
#7693=DIRECTION('',(0.,0.,1.));
#7694=DIRECTION('',(0.,0.,1.));
#7695=DIRECTION('',(0.,-1.,0.));
#7696=DIRECTION('',(1.,0.,0.));
#7697=DIRECTION('',(0.,-1.,0.));
#7698=DIRECTION('',(0.,-1.,0.));
#7699=DIRECTION('',(0.,0.,-1.));
#7700=DIRECTION('',(0.,-1.,0.));
#7701=DIRECTION('',(1.,0.,0.));
#7702=DIRECTION('',(0.,0.,-1.));
#7703=DIRECTION('',(0.,0.,1.));
#7704=DIRECTION('',(0.,-1.,0.));
#7705=DIRECTION('',(0.,0.,-1.));
#7706=DIRECTION('',(0.,-1.,0.));
#7707=DIRECTION('',(1.,0.,0.));
#7708=DIRECTION('',(0.,-1.,0.));
#7709=DIRECTION('',(1.,0.,0.));
#7710=DIRECTION('',(0.,0.,-1.));
#7711=DIRECTION('',(0.,1.,0.));
#7712=DIRECTION('',(0.,0.,1.));
#7713=DIRECTION('',(0.,0.,-1.));
#7714=DIRECTION('',(0.,0.,1.));
#7715=DIRECTION('',(0.,-1.,0.));
#7716=DIRECTION('',(1.,0.,0.));
#7717=DIRECTION('',(0.,0.,1.));
#7718=DIRECTION('',(-1.,0.,0.));
#7719=DIRECTION('',(0.,0.,1.));
#7720=DIRECTION('',(-1.,0.,0.));
#7721=DIRECTION('',(0.,-1.,0.));
#7722=DIRECTION('',(1.,0.,0.));
#7723=DIRECTION('',(0.,0.,1.));
#7724=DIRECTION('',(0.,0.,1.));
#7725=DIRECTION('',(0.,0.,1.));
#7726=DIRECTION('',(0.,0.,1.));
#7727=DIRECTION('',(0.,-1.,0.));
#7728=DIRECTION('',(1.,0.,0.));
#7729=DIRECTION('',(-1.,0.,0.));
#7730=DIRECTION('',(0.,0.,-1.));
#7731=DIRECTION('',(-1.,0.,0.));
#7732=DIRECTION('',(0.,1.,0.));
#7733=DIRECTION('',(1.,1.665334536937E-13,2.775557561562E-14));
#7734=DIRECTION('',(0.,-1.,0.));
#7735=DIRECTION('',(1.,0.,0.));
#7736=DIRECTION('',(0.,0.,-1.));
#7737=DIRECTION('',(0.,0.,-1.));
#7738=DIRECTION('',(1.,0.,0.));
#7739=DIRECTION('',(0.,0.,-1.));
#7740=DIRECTION('',(0.,0.,-1.));
#7741=DIRECTION('',(0.,1.,0.));
#7742=DIRECTION('',(1.,0.,0.));
#7743=DIRECTION('',(0.,0.,1.));
#7744=DIRECTION('',(1.,0.,0.));
#7745=CARTESIAN_POINT('',(0.,0.,0.));
#7746=CARTESIAN_POINT('',(-0.711200000000254,5.0292,1.5875));
#7747=CARTESIAN_POINT('',(-0.711200000000254,6.6294,1.5875));
#7748=CARTESIAN_POINT('',(-0.711200000000254,6.6294,1.5875));
#7749=CARTESIAN_POINT('',(-0.711200000000254,8.9916,1.5875));
#7750=CARTESIAN_POINT('',(-0.711200000000254,8.9916,1.5875));
#7751=CARTESIAN_POINT('',(-0.711200000000254,8.9916,-1.5875));
#7752=CARTESIAN_POINT('',(-0.711200000000254,6.6294,-1.5875));
#7753=CARTESIAN_POINT('',(-0.711200000000254,6.6294,-1.5875));
#7754=CARTESIAN_POINT('',(-0.711200000000254,6.6294,1.5875));
#7755=CARTESIAN_POINT('',(-0.711200000000254,8.9916,1.5875));
#7756=CARTESIAN_POINT('',(-0.711200000000254,8.9916,-1.5875));
#7757=CARTESIAN_POINT('',(1.2573,8.9916,-1.5875));
#7758=CARTESIAN_POINT('',(-0.711200000000254,8.9916,1.5875));
#7759=CARTESIAN_POINT('',(1.2573,8.9916,1.5875));
#7760=CARTESIAN_POINT('',(1.2573,8.9916,1.5875));
#7761=CARTESIAN_POINT('',(1.2573,7.8486,-2.87528));
#7762=CARTESIAN_POINT('',(1.2573,7.8486,-1.5875));
#7763=CARTESIAN_POINT('',(1.2573,7.8486,-1.5875));
#7764=CARTESIAN_POINT('',(1.2573,7.8486,1.5875));
#7765=CARTESIAN_POINT('',(1.2573,8.9916,-1.5875));
#7766=CARTESIAN_POINT('',(1.2573,8.9916,1.5875));
#7767=CARTESIAN_POINT('',(2.4003,7.8486,-2.87528));
#7768=CARTESIAN_POINT('',(2.4003,7.8486,-1.5875));
#7769=CARTESIAN_POINT('',(2.4003,7.8486,-1.5875));
#7770=CARTESIAN_POINT('',(2.4003,7.8486,1.5875));
#7771=CARTESIAN_POINT('',(2.4003,7.8486,-1.5875));
#7772=CARTESIAN_POINT('',(2.4003,7.8486,1.5875));
#7773=CARTESIAN_POINT('',(1.8288,5.0292,-1.5875));
#7774=CARTESIAN_POINT('',(2.4003,8.9916,-1.5875));
#7775=CARTESIAN_POINT('',(2.4003,8.9916,-1.5875));
#7776=CARTESIAN_POINT('',(2.4003,8.9916,-1.5875));
#7777=CARTESIAN_POINT('',(4.3688,8.9916,-1.5875));
#7778=CARTESIAN_POINT('',(4.3688,8.9916,-1.5875));
#7779=CARTESIAN_POINT('',(4.3688,6.6294,-1.5875));
#7780=CARTESIAN_POINT('',(4.3688,6.6294,-1.5875));
#7781=CARTESIAN_POINT('',(4.3688,8.9916,1.5875));
#7782=CARTESIAN_POINT('',(4.3688,8.9916,1.5875));
#7783=CARTESIAN_POINT('',(4.3688,8.9916,1.5875));
#7784=CARTESIAN_POINT('',(4.3688,8.9916,1.5875));
#7785=CARTESIAN_POINT('',(4.3688,6.6294,1.5875));
#7786=CARTESIAN_POINT('',(4.3688,6.6294,1.5875));
#7787=CARTESIAN_POINT('',(6.985,6.6294,-4.29059791357746));
#7788=CARTESIAN_POINT('',(4.3688,6.6294,1.5875));
#7789=CARTESIAN_POINT('',(1.8288,5.0292,1.5875));
#7790=CARTESIAN_POINT('',(2.4003,8.9916,1.5875));
#7791=CARTESIAN_POINT('',(2.4003,8.9916,1.5875));
#7792=CARTESIAN_POINT('',(2.4003,8.9916,1.5875));
#7793=CARTESIAN_POINT('',(2.4003,8.9916,-2.87528));
#7794=CARTESIAN_POINT('',(2.4003,8.9916,1.5875));
#7795=CARTESIAN_POINT('',(-0.711200000000254,8.9916,1.5875));
#7796=CARTESIAN_POINT('',(8.0518,6.0452,0.));
#7797=CARTESIAN_POINT('',(7.9248,5.9182,0.4826));
#7798=CARTESIAN_POINT('',(7.9248,5.9182,0.4826));
#7799=CARTESIAN_POINT('',(8.1788,6.1722,0.2286));
#7800=CARTESIAN_POINT('',(8.1788,6.1722,0.));
#7801=CARTESIAN_POINT('',(8.1788,6.1722,-0.2286));
#7802=CARTESIAN_POINT('',(7.9248,5.9182,-0.4826));
#7803=CARTESIAN_POINT('',(7.9248,5.9182,-0.4826));
#7804=CARTESIAN_POINT('',(7.9248,5.9182,-0.4826));
#7805=CARTESIAN_POINT('',(7.9248,5.0292,-0.4826));
#7806=CARTESIAN_POINT('',(7.9248,5.0292,-0.4826));
#7807=CARTESIAN_POINT('',(7.9248,5.0292,-0.4826));
#7808=CARTESIAN_POINT('',(7.9248,5.0292,-0.4826));
#7809=CARTESIAN_POINT('',(7.9248,5.0292,0.4826));
#7810=CARTESIAN_POINT('',(7.9248,5.0292,0.4826));
#7811=CARTESIAN_POINT('',(7.9248,5.0292,0.4826));
#7812=CARTESIAN_POINT('',(1.8288,5.0292,0.4826));
#7813=CARTESIAN_POINT('',(8.4328,5.0292,0.4826));
#7814=CARTESIAN_POINT('',(8.4328,5.0292,0.4826));
#7815=CARTESIAN_POINT('',(8.4328,5.9182,0.4826));
#7816=CARTESIAN_POINT('',(7.9248,5.9182,0.4826));
#7817=CARTESIAN_POINT('',(8.1788,6.0452,0.3556));
#7818=CARTESIAN_POINT('',(1.8288,6.1722,0.2286));
#7819=CARTESIAN_POINT('',(8.4328,6.1722,0.2286));
#7820=CARTESIAN_POINT('',(8.4328,6.1722,0.2286));
#7821=CARTESIAN_POINT('',(1.8288,6.1722,0.));
#7822=CARTESIAN_POINT('',(8.4328,6.1722,0.));
#7823=CARTESIAN_POINT('',(8.4328,6.1722,-0.228599999999976));
#7824=CARTESIAN_POINT('',(1.8288,6.1722,-0.2286));
#7825=CARTESIAN_POINT('',(8.1788,6.0452,-0.3556));
#7826=CARTESIAN_POINT('',(8.4328,5.9182,-0.4826));
#7827=CARTESIAN_POINT('',(8.4328,5.9182,-0.4826));
#7828=CARTESIAN_POINT('',(8.4328,5.9182,-0.4826));
#7829=CARTESIAN_POINT('',(8.4328,5.0292,-0.4826));
#7830=CARTESIAN_POINT('',(8.4328,5.0292,-0.4826));
#7831=CARTESIAN_POINT('',(8.4328,5.0292,-0.4826));
#7832=CARTESIAN_POINT('',(8.4328,5.0292,-0.4826));
#7833=CARTESIAN_POINT('',(7.8613,6.1722,-0.5461));
#7834=CARTESIAN_POINT('',(7.8613,6.1722,-0.5461));
#7835=CARTESIAN_POINT('',(7.8613,6.1722,-0.5461));
#7836=CARTESIAN_POINT('',(7.8613,5.0292,-0.5461));
#7837=CARTESIAN_POINT('',(7.8613,6.1722,-0.5461));
#7838=CARTESIAN_POINT('',(7.8613,6.1722,0.5461));
#7839=CARTESIAN_POINT('',(7.8613,6.1722,0.5461));
#7840=CARTESIAN_POINT('',(7.8613,5.0292,0.5461));
#7841=CARTESIAN_POINT('',(7.8613,5.0292,0.));
#7842=CARTESIAN_POINT('',(8.4328,6.1722,-0.5461));
#7843=CARTESIAN_POINT('',(8.4328,6.1722,-0.5461));
#7844=CARTESIAN_POINT('',(8.4328,6.1722,-0.5461));
#7845=CARTESIAN_POINT('',(8.4328,5.0292,-0.5461));
#7846=CARTESIAN_POINT('',(8.4328,6.1722,-0.5461));
#7847=CARTESIAN_POINT('',(1.8288,5.0292,-0.5461));
#7848=CARTESIAN_POINT('',(1.8288,5.0292,0.));
#7849=CARTESIAN_POINT('',(7.8613,5.0292,0.5461));
#7850=CARTESIAN_POINT('',(8.4328,5.0292,0.5461));
#7851=CARTESIAN_POINT('',(8.4328,5.0292,0.));
#7852=CARTESIAN_POINT('',(8.4328,5.0292,0.));
#7853=CARTESIAN_POINT('',(7.8613,6.1722,0.5461));
#7854=CARTESIAN_POINT('',(7.8613,6.1722,0.5461));
#7855=CARTESIAN_POINT('',(8.4328,6.1722,0.5461));
#7856=CARTESIAN_POINT('',(8.4328,6.1722,0.5461));
#7857=CARTESIAN_POINT('',(6.3627,6.1722,2.2225));
#7858=CARTESIAN_POINT('',(8.4328,5.0292,2.2225));
#7859=CARTESIAN_POINT('',(8.4328,5.0292,2.2225));
#7860=CARTESIAN_POINT('',(6.985,5.0292,2.2225));
#7861=CARTESIAN_POINT('',(8.4328,5.4102,2.2225));
#7862=CARTESIAN_POINT('',(8.4328,5.4102,2.2225));
#7863=CARTESIAN_POINT('',(8.4328,5.4102,2.2225));
#7864=CARTESIAN_POINT('',(6.985,5.4102,2.2225));
#7865=CARTESIAN_POINT('',(6.985,5.4102,2.2225));
#7866=CARTESIAN_POINT('',(1.8288,5.4102,0.));
#7867=CARTESIAN_POINT('',(8.4328,5.4102,2.2225));
#7868=CARTESIAN_POINT('',(8.4328,5.4102,2.4765));
#7869=CARTESIAN_POINT('',(8.4328,5.4102,2.4765));
#7870=CARTESIAN_POINT('',(7.8613,5.4102,2.4765));
#7871=CARTESIAN_POINT('',(7.8613,5.4102,3.7465));
#7872=CARTESIAN_POINT('',(7.0993,5.4102,2.7305));
#7873=CARTESIAN_POINT('',(5.1943,5.4102,0.1905));
#7874=CARTESIAN_POINT('',(6.985,5.4102,2.81233495094496));
#7875=CARTESIAN_POINT('',(6.985,5.4102,2.2225));
#7876=CARTESIAN_POINT('',(8.4328,6.1722,2.4765));
#7877=CARTESIAN_POINT('',(7.8613,6.1722,2.4765));
#7878=CARTESIAN_POINT('',(7.8613,6.1722,2.4765));
#7879=CARTESIAN_POINT('',(8.4328,6.1722,2.4765));
#7880=CARTESIAN_POINT('',(8.4328,6.1722,2.4765));
#7881=CARTESIAN_POINT('',(8.4328,6.1722,2.4765));
#7882=CARTESIAN_POINT('',(7.8613,6.1722,3.7465));
#7883=CARTESIAN_POINT('',(7.0993,6.1722,2.7305));
#7884=CARTESIAN_POINT('',(7.0993,6.1722,2.7305));
#7885=CARTESIAN_POINT('',(7.8613,6.1722,3.7465));
#7886=CARTESIAN_POINT('',(5.1943,6.1722,0.1905));
#7887=CARTESIAN_POINT('',(6.985,6.1722,2.81233495094496));
#7888=CARTESIAN_POINT('',(6.985,6.1722,2.8123349509454));
#7889=CARTESIAN_POINT('',(5.1943,6.1722,0.1905));
#7890=CARTESIAN_POINT('',(7.8613,6.1722,-2.4765));
#7891=CARTESIAN_POINT('',(8.4328,6.1722,-2.4765));
#7892=CARTESIAN_POINT('',(8.4328,6.1722,-2.4765));
#7893=CARTESIAN_POINT('',(8.4328,5.4102,-2.4765));
#7894=CARTESIAN_POINT('',(7.8613,5.4102,-2.4765));
#7895=CARTESIAN_POINT('',(7.8613,5.4102,-2.4765));
#7896=CARTESIAN_POINT('',(7.8613,6.1722,-2.4765));
#7897=CARTESIAN_POINT('',(7.8613,6.1722,-2.4765));
#7898=CARTESIAN_POINT('',(7.8613,6.1722,-2.4765));
#7899=CARTESIAN_POINT('',(7.6708,1.9812,-1.9558));
#7900=CARTESIAN_POINT('',(7.6708,1.9812,-0.508));
#7901=CARTESIAN_POINT('',(7.6708,1.9812,-0.508));
#7902=CARTESIAN_POINT('',(7.6708,4.4577,-0.508));
#7903=CARTESIAN_POINT('',(7.6708,4.4577,-1.9558));
#7904=CARTESIAN_POINT('',(7.6708,4.4577,-1.9558));
#7905=CARTESIAN_POINT('',(7.6708,1.9812,-1.9558));
#7906=CARTESIAN_POINT('',(7.6708,1.9812,-1.9558));
#7907=CARTESIAN_POINT('',(7.6708,1.9812,-1.9558));
#7908=CARTESIAN_POINT('',(1.8288,0.9652,1.5875));
#7909=CARTESIAN_POINT('',(8.4328,0.9652,-0.508));
#7910=CARTESIAN_POINT('',(8.4328,0.9652,-0.508));
#7911=CARTESIAN_POINT('',(7.1628,0.9652,-0.508));
#7912=CARTESIAN_POINT('',(8.4328,0.9652,0.508));
#7913=CARTESIAN_POINT('',(8.4328,0.9652,0.508));
#7914=CARTESIAN_POINT('',(7.1628,0.9652,0.508));
#7915=CARTESIAN_POINT('',(7.1628,0.9652,0.508));
#7916=CARTESIAN_POINT('',(7.1628,0.9652,-0.508));
#7917=CARTESIAN_POINT('',(7.1628,1.9812,-0.508));
#7918=CARTESIAN_POINT('',(7.1628,1.9812,0.508));
#7919=CARTESIAN_POINT('',(7.1628,1.9812,0.508));
#7920=CARTESIAN_POINT('',(7.1628,1.9812,-0.508));
#7921=CARTESIAN_POINT('',(7.1628,1.9812,-0.508));
#7922=CARTESIAN_POINT('',(7.1628,1.9812,-0.508));
#7923=CARTESIAN_POINT('',(7.1628,1.9812,0.508));
#7924=CARTESIAN_POINT('',(8.4328,1.9812,0.508));
#7925=CARTESIAN_POINT('',(8.4328,1.9812,0.508));
#7926=CARTESIAN_POINT('',(8.4328,1.9812,0.508));
#7927=CARTESIAN_POINT('',(6.985,0.564311642327722,4.29059791357746));
#7928=CARTESIAN_POINT('',(5.6134,0.564311642327722,-2.6035));
#7929=CARTESIAN_POINT('',(5.6134,0.564311642327722,-2.6035));
#7930=CARTESIAN_POINT('',(5.6134,0.564311642327722,-3.1115));
#7931=CARTESIAN_POINT('',(6.985,0.564311642327722,-3.1115));
#7932=CARTESIAN_POINT('',(3.5814,0.564311642327722,-3.1115));
#7933=CARTESIAN_POINT('',(3.5814,0.564311642327722,-2.6035));
#7934=CARTESIAN_POINT('',(3.5814,0.564311642327722,-2.6035));
#7935=CARTESIAN_POINT('',(-4.5974,0.564311642327722,-2.6035));
#7936=CARTESIAN_POINT('',(-4.5974,1.27,-3.1115));
#7937=CARTESIAN_POINT('',(3.5814,1.27,-3.1115));
#7938=CARTESIAN_POINT('',(3.5814,0.251261642881907,-3.1115));
#7939=CARTESIAN_POINT('',(5.6134,1.27,-3.1115));
#7940=CARTESIAN_POINT('',(5.6134,0.251261642881968,-3.1115));
#7941=CARTESIAN_POINT('',(-4.5974,0.251261642882027,-3.1115));
#7942=CARTESIAN_POINT('',(-6.08886795095196,1.27,-3.3655));
#7943=CARTESIAN_POINT('',(5.6134,1.27,-3.3655));
#7944=CARTESIAN_POINT('',(5.61359805493782,-0.00200061801626373,-3.04875981908952));
#7945=CARTESIAN_POINT('',(5.55896490006552,-0.368899021909565,-2.95687658000559));
#7946=CARTESIAN_POINT('',(5.69843416830566,0.564311642327731,-3.18955213115205));
#7947=CARTESIAN_POINT('',(6.985,0.564311642327722,-3.18955213115186));
#7948=CARTESIAN_POINT('',(3.49636583169434,0.564311642327731,-3.18955213115205));
#7949=CARTESIAN_POINT('',(3.43559993660128,0.970905740357922,-3.29092742558157));
#7950=CARTESIAN_POINT('',(3.58120194506218,-0.00200061801625157,-3.04875981908953));
#7951=CARTESIAN_POINT('',(3.5814,-5.628543740057,-1.64549986676504));
#7952=CARTESIAN_POINT('',(3.3909,1.27,-2.06453204904753));
#7953=CARTESIAN_POINT('',(3.49636583169428,0.564311642327722,-2.52544786884803));
#7954=CARTESIAN_POINT('',(3.49636583169441,0.564311642327728,-2.52544786884806));
#7955=CARTESIAN_POINT('',(3.25709580792681,2.16530475450362,-2.12627545362358));
#7956=CARTESIAN_POINT('',(3.58120194506218,-0.00200061801624992,-2.66624018091048));
#7957=CARTESIAN_POINT('',(3.5814,-0.00466526339953054,-2.6035));
#7958=CARTESIAN_POINT('',(3.5814,-5.8674,-2.6035));
#7959=CARTESIAN_POINT('',(3.5814,1.27,-2.3495));
#7960=CARTESIAN_POINT('',(3.5814,0.251261642881955,-2.6035));
#7961=CARTESIAN_POINT('',(3.5814,-5.8674,-2.6035));
#7962=CARTESIAN_POINT('',(-4.5974,1.27,-2.6035));
#7963=CARTESIAN_POINT('',(5.6134,1.27,-2.6035));
#7964=CARTESIAN_POINT('',(5.6134,0.251261642881881,-2.6035));
#7965=CARTESIAN_POINT('',(-3.10593204904804,0.251261642882028,-2.6035));
#7966=CARTESIAN_POINT('',(-3.10593204904804,1.27,-2.3495));
#7967=CARTESIAN_POINT('',(6.985,0.564311642327722,-2.52544786884814));
#7968=CARTESIAN_POINT('',(5.69843416830559,0.564311642327728,-2.52544786884806));
#7969=CARTESIAN_POINT('',(5.75920006339874,0.970905740358038,-2.4240725744184));
#7970=CARTESIAN_POINT('',(5.61359805493782,-0.00200061801626564,-2.66624018091047));
#7971=CARTESIAN_POINT('',(5.6134,1.21037711152618,-2.36436565570692));
#7972=CARTESIAN_POINT('',(5.6134,1.27,-2.6035));
#7973=CARTESIAN_POINT('',(5.6134,-0.00466526339953422,-3.65046795095196));
#7974=CARTESIAN_POINT('',(5.8039,1.27,-3.65046795095196));
#7975=CARTESIAN_POINT('',(5.69843416830572,0.564311642327722,-3.18955213115222));
#7976=CARTESIAN_POINT('',(-5.8674,-0.127,-2.6035));
#7977=CARTESIAN_POINT('',(-5.8674,-0.127,-2.6035));
#7978=CARTESIAN_POINT('',(1.01600000000023,-0.127,-2.6035));
#7979=CARTESIAN_POINT('',(1.27,-0.127,-2.6035));
#7980=CARTESIAN_POINT('',(1.27,-0.127,-2.6035));
#7981=CARTESIAN_POINT('',(1.27,-0.127,-3.1115));
#7982=CARTESIAN_POINT('',(-4.5974,-0.127,-3.1115));
#7983=CARTESIAN_POINT('',(1.01600000000023,-0.127,-3.1115));
#7984=CARTESIAN_POINT('',(1.01600000000025,-0.127,-2.6035));
#7985=CARTESIAN_POINT('',(1.27,-0.127,-2.6035));
#7986=CARTESIAN_POINT('',(1.01599999999977,-1.651,-2.6035));
#7987=CARTESIAN_POINT('',(1.01599999999976,-1.651,-2.6035));
#7988=CARTESIAN_POINT('',(1.01599999999976,-1.651,-3.1115));
#7989=CARTESIAN_POINT('',(1.33796216216208,0.280772972972085,-3.1115));
#7990=CARTESIAN_POINT('',(1.27,-0.127,-2.6035));
#7991=CARTESIAN_POINT('',(-5.6134,-1.651,-2.6035));
#7992=CARTESIAN_POINT('',(-5.6134,-1.651,-2.6035));
#7993=CARTESIAN_POINT('',(0.634999999999746,-1.651,-2.6035));
#7994=CARTESIAN_POINT('',(0.634999999999746,-1.651,-2.6035));
#7995=CARTESIAN_POINT('',(0.634999999999746,-1.651,-3.1115));
#7996=CARTESIAN_POINT('',(-4.5974,-1.651,-3.1115));
#7997=CARTESIAN_POINT('',(0.634999999999746,-5.8674,-2.6035));
#7998=CARTESIAN_POINT('',(0.634999999999746,-5.8674,-3.1115));
#7999=CARTESIAN_POINT('',(0.634999999999746,-5.2324,-3.1115));
#8000=CARTESIAN_POINT('',(0.634999999999746,1.27,-2.6035));
#8001=CARTESIAN_POINT('',(0.634999999999746,-5.2324,-2.6035));
#8002=CARTESIAN_POINT('',(0.634999999999746,-5.2324,-2.6035));
#8003=CARTESIAN_POINT('',(0.,-5.2324,-0.657553010705166));
#8004=CARTESIAN_POINT('',(0.,-5.2324,-2.6035));
#8005=CARTESIAN_POINT('',(-0.634999999999746,-5.2324,-2.6035));
#8006=CARTESIAN_POINT('',(-0.634999999999746,-5.2324,-2.6035));
#8007=CARTESIAN_POINT('',(-0.634999999999746,-5.2324,-3.1115));
#8008=CARTESIAN_POINT('',(0.,-5.2324,-3.1115));
#8009=CARTESIAN_POINT('',(-0.634999999999746,-1.651,-2.6035));
#8010=CARTESIAN_POINT('',(-0.634999999999746,-1.651,-2.6035));
#8011=CARTESIAN_POINT('',(-0.634999999999746,-1.651,-2.6035));
#8012=CARTESIAN_POINT('',(-0.634999999999746,-1.651,-2.6035));
#8013=CARTESIAN_POINT('',(-0.634999999999746,-1.651,-3.1115));
#8014=CARTESIAN_POINT('',(-0.634999999999746,1.27,-3.1115));
#8015=CARTESIAN_POINT('',(-5.6134,-1.651,-2.6035));
#8016=CARTESIAN_POINT('',(-5.6134,-1.651,-3.1115));
#8017=CARTESIAN_POINT('',(-1.01599999999975,-1.651,-3.1115));
#8018=CARTESIAN_POINT('',(-4.5974,-1.651,-2.6035));
#8019=CARTESIAN_POINT('',(-1.01599999999975,-1.651,-2.6035));
#8020=CARTESIAN_POINT('',(-1.01599999999975,-1.651,-2.6035));
#8021=CARTESIAN_POINT('',(-1.01599999999975,-1.651,-2.6035));
#8022=CARTESIAN_POINT('',(-1.26999999999998,-0.127,-2.6035));
#8023=CARTESIAN_POINT('',(-1.26999999999999,-0.127,-2.6035));
#8024=CARTESIAN_POINT('',(-1.26999999999999,-0.127,-3.1115));
#8025=CARTESIAN_POINT('',(-1.5864702702706,1.77182162162202,-3.1115));
#8026=CARTESIAN_POINT('',(-1.01599999999975,-1.651,-2.6035));
#8027=CARTESIAN_POINT('',(-5.8674,-0.127,-2.6035));
#8028=CARTESIAN_POINT('',(-4.5974,-0.127,-3.1115));
#8029=CARTESIAN_POINT('',(-1.01599999999975,-0.127,-3.1115));
#8030=CARTESIAN_POINT('',(-5.8674,-0.127,-2.6035));
#8031=CARTESIAN_POINT('',(-1.01599999999975,-0.127,-2.6035));
#8032=CARTESIAN_POINT('',(-1.01599999999975,-0.127,-2.6035));
#8033=CARTESIAN_POINT('',(-4.5974,1.27,-3.1115));
#8034=CARTESIAN_POINT('',(1.01600000000025,1.27,-3.1115));
#8035=CARTESIAN_POINT('',(1.01600000000025,0.,-3.1115));
#8036=CARTESIAN_POINT('',(-1.01599999999975,1.27,-3.1115));
#8037=CARTESIAN_POINT('',(-1.01599999999975,0.,-3.1115));
#8038=CARTESIAN_POINT('',(-9.5631,0.,-3.1115));
#8039=CARTESIAN_POINT('',(1.2065,1.27,-3.65046795095196));
#8040=CARTESIAN_POINT('',(1.11768417686694,0.675719450981926,-2.49767078241524));
#8041=CARTESIAN_POINT('',(1.01634861414344,-7.15920484706019E-5,-2.66619201745241));
#8042=CARTESIAN_POINT('',(1.10103416830546,0.564311642327722,-2.52544786884808));
#8043=CARTESIAN_POINT('',(1.10103416830547,0.564311642327722,-3.18955213115222));
#8044=CARTESIAN_POINT('',(1.10103416830546,0.564311642327722,-3.18955213115204));
#8045=CARTESIAN_POINT('',(1.21629120917746,1.33551451036845,-3.38183460202742));
#8046=CARTESIAN_POINT('',(1.01634861414344,-7.15920484697352E-5,-3.04880798254759));
#8047=CARTESIAN_POINT('',(1.01669722828662,0.,-5.3721));
#8048=CARTESIAN_POINT('',(-6.08886795095196,1.27,-3.3655));
#8049=CARTESIAN_POINT('',(1.01600000000025,1.27,-3.3655));
#8050=CARTESIAN_POINT('',(1.01600000000025,0.251261642881968,-3.1115));
#8051=CARTESIAN_POINT('',(6.985,0.564311642327722,-3.18955213115186));
#8052=CARTESIAN_POINT('',(-1.10103416830546,0.564311642327722,-3.18955213115186));
#8053=CARTESIAN_POINT('',(-1.30705382287078,1.94282133918852,-3.53325320077017));
#8054=CARTESIAN_POINT('',(-1.01634861414318,-7.15920484709485E-5,-3.04880798254759));
#8055=CARTESIAN_POINT('',(-1.01599999999975,-5.628543740057,-1.64549986676504));
#8056=CARTESIAN_POINT('',(-1.01599999999975,0.251261642881968,-3.1115));
#8057=CARTESIAN_POINT('',(-6.08886795095196,0.251261642882027,-3.1115));
#8058=CARTESIAN_POINT('',(-4.5974,1.27,-3.1115));
#8059=CARTESIAN_POINT('',(-1.01599999999975,1.27,-3.1115));
#8060=CARTESIAN_POINT('',(-1.01599999999975,0.564311642327722,-3.1115));
#8061=CARTESIAN_POINT('',(6.985,0.564311642327722,-3.1115));
#8062=CARTESIAN_POINT('',(1.01600000000025,0.564311642327722,-3.1115));
#8063=CARTESIAN_POINT('',(1.01600000000025,1.27,-3.1115));
#8064=CARTESIAN_POINT('',(6.985,0.564311642327722,4.29059791357746));
#8065=CARTESIAN_POINT('',(1.01600000000025,0.564311642327722,-2.6035));
#8066=CARTESIAN_POINT('',(1.01600000000025,0.564311642327722,-2.6035));
#8067=CARTESIAN_POINT('',(-1.01599999999975,0.564311642327722,-2.6035));
#8068=CARTESIAN_POINT('',(-1.01599999999975,0.564311642327722,-2.6035));
#8069=CARTESIAN_POINT('',(-4.5974,0.564311642327722,-2.6035));
#8070=CARTESIAN_POINT('',(1.01600000000025,1.27,-2.6035));
#8071=CARTESIAN_POINT('',(1.01600000000025,1.27,-2.6035));
#8072=CARTESIAN_POINT('',(1.01600000000025,0.,-2.6035));
#8073=CARTESIAN_POINT('',(1.01600000000025,0.,-2.6035));
#8074=CARTESIAN_POINT('',(1.01600000000025,1.27,-2.6035));
#8075=CARTESIAN_POINT('',(1.01600000000025,0.251261642881955,-2.6035));
#8076=CARTESIAN_POINT('',(1.01600000000025,1.21037711152618,-2.36436565570692));
#8077=CARTESIAN_POINT('',(1.01600000000025,0.,-2.6035));
#8078=CARTESIAN_POINT('',(-4.5974,1.27,-2.6035));
#8079=CARTESIAN_POINT('',(-1.01599999999975,-5.8674,-2.6035));
#8080=CARTESIAN_POINT('',(-1.01599999999975,0.,-2.6035));
#8081=CARTESIAN_POINT('',(-4.5974,0.,-2.6035));
#8082=CARTESIAN_POINT('',(-1.01599999999975,-5.8674,-2.6035));
#8083=CARTESIAN_POINT('',(-1.01599999999975,1.27,-2.3495));
#8084=CARTESIAN_POINT('',(-1.01599999999975,0.251261642881955,-2.6035));
#8085=CARTESIAN_POINT('',(-1.01634861414318,-7.15920484718165E-5,-2.66619201745241));
#8086=CARTESIAN_POINT('',(-1.01599999999975,-5.8674,-2.6035));
#8087=CARTESIAN_POINT('',(-1.01599999999975,0.,-5.3721));
#8088=CARTESIAN_POINT('',(-1.01599999999975,0.,-5.3721));
#8089=CARTESIAN_POINT('',(-4.5974,1.27,-2.6035));
#8090=CARTESIAN_POINT('',(-3.10593204904804,0.251261642882028,-2.6035));
#8091=CARTESIAN_POINT('',(-3.10593204904804,1.27,-2.3495));
#8092=CARTESIAN_POINT('',(-1.21629120917748,1.33551451036857,-2.33316539797255));
#8093=CARTESIAN_POINT('',(-1.10103416830546,0.564311642327722,-2.52544786884808));
#8094=CARTESIAN_POINT('',(6.985,0.564311642327722,-2.52544786884814));
#8095=CARTESIAN_POINT('',(-1.2065,1.27,-2.06453204904753));
#8096=CARTESIAN_POINT('',(-1.10103416830547,0.564311642327722,-2.52544786884803));
#8097=CARTESIAN_POINT('',(-1.01669722828662,0.,-5.3721));
#8098=CARTESIAN_POINT('',(-3.3909,1.27,-3.65046795095196));
#8099=CARTESIAN_POINT('',(-3.38503100013114,1.30927039508522,-2.33970879082254));
#8100=CARTESIAN_POINT('',(-3.58107180868788,-0.000273304726539822,-2.66621470613244));
#8101=CARTESIAN_POINT('',(-3.49636583169441,0.564311642327728,-2.52544786884806));
#8102=CARTESIAN_POINT('',(-3.49636583169428,0.564311642327722,-3.18955213115222));
#8103=CARTESIAN_POINT('',(-3.49636583169434,0.564311642327731,-3.18955213115205));
#8104=CARTESIAN_POINT('',(-3.38110879082254,1.33551451036845,-3.38183460202742));
#8105=CARTESIAN_POINT('',(-3.58107180868788,-0.000273304726539822,-3.04878529386756));
#8106=CARTESIAN_POINT('',(-3.58070277171338,0.,-5.3721));
#8107=CARTESIAN_POINT('',(-3.6449,6.6802,6.44652));
#8108=CARTESIAN_POINT('',(0.762,6.6802,6.44652));
#8109=CARTESIAN_POINT('',(0.762,6.6802,4.8133));
#8110=CARTESIAN_POINT('',(0.762,6.6802,4.7625));
#8111=CARTESIAN_POINT('',(-8.4201,6.6802,4.7625));
#8112=CARTESIAN_POINT('',(-0.762,6.6802,4.7625));
#8113=CARTESIAN_POINT('',(-0.762,6.6802,6.44652));
#8114=CARTESIAN_POINT('',(-0.762,6.6802,4.8133));
#8115=CARTESIAN_POINT('',(-3.6449,6.6802,4.8133));
#8116=CARTESIAN_POINT('',(-10.56132,6.39217045256012,5.4483));
#8117=CARTESIAN_POINT('',(-10.56132,6.1722,5.06730000000197));
#8118=CARTESIAN_POINT('',(-0.762,6.1722,5.06730000000131));
#8119=CARTESIAN_POINT('',(0.762,6.1722,5.06730000000131));
#8120=CARTESIAN_POINT('',(0.762,1.91577174293892,-2.30504999999934));
#8121=CARTESIAN_POINT('',(0.762,6.39217045256012,5.4483));
#8122=CARTESIAN_POINT('',(-5.3594,6.39217045256012,5.4483));
#8123=CARTESIAN_POINT('',(-0.762,6.39217045256012,5.4483));
#8124=CARTESIAN_POINT('',(-0.762000000000001,6.39217045256012,5.4483));
#8125=CARTESIAN_POINT('',(-5.3594,6.1722,5.4483));
#8126=CARTESIAN_POINT('',(0.762,6.1722,5.4483));
#8127=CARTESIAN_POINT('',(0.762,6.6802,5.4483));
#8128=CARTESIAN_POINT('',(-3.6449,6.6802,5.4483));
#8129=CARTESIAN_POINT('',(-0.762,6.6802,5.4483));
#8130=CARTESIAN_POINT('',(-0.762,6.1722,5.4483));
#8131=CARTESIAN_POINT('',(-3.6449,6.6802,6.44652));
#8132=CARTESIAN_POINT('',(-0.762,6.6802,6.44652));
#8133=CARTESIAN_POINT('',(-0.762,6.6802,5.3721));
#8134=CARTESIAN_POINT('',(0.762,6.6802,6.44652));
#8135=CARTESIAN_POINT('',(0.762,6.6802,5.3721));
#8136=CARTESIAN_POINT('',(0.,6.6802,5.3721));
#8137=CARTESIAN_POINT('',(-0.762,6.1722,-5.4483));
#8138=CARTESIAN_POINT('',(-0.762,6.1722,4.7625));
#8139=CARTESIAN_POINT('',(-0.762,6.1722,4.7625));
#8140=CARTESIAN_POINT('',(-0.762,6.1722,-5.4483));
#8141=CARTESIAN_POINT('',(-0.762,6.6802,-5.4483));
#8142=CARTESIAN_POINT('',(-3.6449,6.6802,6.44652));
#8143=CARTESIAN_POINT('',(-3.6449,6.6802,5.3721));
#8144=CARTESIAN_POINT('',(-0.9525,6.6802,5.3721));
#8145=CARTESIAN_POINT('',(-0.9525,6.6802,6.44652));
#8146=CARTESIAN_POINT('',(-0.9525,6.6802,4.8133));
#8147=CARTESIAN_POINT('',(-8.9154,6.6802,4.8133));
#8148=CARTESIAN_POINT('',(-0.9525,6.6802,6.44652));
#8149=CARTESIAN_POINT('',(-0.9525,6.0452,6.44652));
#8150=CARTESIAN_POINT('',(-0.9525,6.0452,5.3721));
#8151=CARTESIAN_POINT('',(-0.9525,6.0452,4.8133));
#8152=CARTESIAN_POINT('',(-0.9525,6.6802,4.8133));
#8153=CARTESIAN_POINT('',(-0.9525,6.6802,5.3721));
#8154=CARTESIAN_POINT('',(3.6449,6.0452,6.44652));
#8155=CARTESIAN_POINT('',(0.9525,6.0452,6.44652));
#8156=CARTESIAN_POINT('',(0.9525,6.0452,5.3721));
#8157=CARTESIAN_POINT('',(0.9525,6.0452,4.8133));
#8158=CARTESIAN_POINT('',(-8.9154,6.0452,4.8133));
#8159=CARTESIAN_POINT('',(3.6449,6.0452,5.3721));
#8160=CARTESIAN_POINT('',(0.9525,6.0452,6.44652));
#8161=CARTESIAN_POINT('',(0.9525,6.6802,6.44652));
#8162=CARTESIAN_POINT('',(0.9525,6.6802,5.3721));
#8163=CARTESIAN_POINT('',(0.9525,6.6802,4.8133));
#8164=CARTESIAN_POINT('',(0.9525,6.0452,4.8133));
#8165=CARTESIAN_POINT('',(0.9525,6.0452,5.3721));
#8166=CARTESIAN_POINT('',(-3.6449,6.6802,6.44652));
#8167=CARTESIAN_POINT('',(-8.9154,6.6802,4.8133));
#8168=CARTESIAN_POINT('',(-3.6449,6.6802,5.3721));
#8169=CARTESIAN_POINT('',(0.762,6.6802,6.44652));
#8170=CARTESIAN_POINT('',(0.762,6.1722,-4.7625));
#8171=CARTESIAN_POINT('',(0.762,6.1722,-4.7625));
#8172=CARTESIAN_POINT('',(0.762,6.1722,4.7625));
#8173=CARTESIAN_POINT('',(0.762,6.1722,4.7625));
#8174=CARTESIAN_POINT('',(-3.6449,6.6802,6.44652));
#8175=CARTESIAN_POINT('',(5.3594,6.6802,6.44652));
#8176=CARTESIAN_POINT('',(5.3594,6.6802,4.8133));
#8177=CARTESIAN_POINT('',(5.3594,6.6802,4.7625));
#8178=CARTESIAN_POINT('',(-8.4201,6.6802,4.7625));
#8179=CARTESIAN_POINT('',(3.8354,6.6802,4.7625));
#8180=CARTESIAN_POINT('',(3.8354,6.6802,6.44652));
#8181=CARTESIAN_POINT('',(3.8354,6.6802,4.8133));
#8182=CARTESIAN_POINT('',(-3.6449,6.6802,4.8133));
#8183=CARTESIAN_POINT('',(-10.56132,6.39217045256012,5.4483));
#8184=CARTESIAN_POINT('',(-10.56132,6.1722,5.06730000000197));
#8185=CARTESIAN_POINT('',(3.8354,6.1722,5.06730000000131));
#8186=CARTESIAN_POINT('',(5.3594,6.1722,5.06730000000131));
#8187=CARTESIAN_POINT('',(5.3594,1.91577174293892,-2.30504999999934));
#8188=CARTESIAN_POINT('',(5.3594,6.39217045256012,5.4483));
#8189=CARTESIAN_POINT('',(-5.3594,6.39217045256012,5.4483));
#8190=CARTESIAN_POINT('',(3.8354,6.39217045256012,5.4483));
#8191=CARTESIAN_POINT('',(3.8354,6.39217045256012,5.4483));
#8192=CARTESIAN_POINT('',(-5.3594,6.1722,5.4483));
#8193=CARTESIAN_POINT('',(5.3594,6.1722,5.4483));
#8194=CARTESIAN_POINT('',(5.3594,6.6802,5.4483));
#8195=CARTESIAN_POINT('',(-3.6449,6.6802,5.4483));
#8196=CARTESIAN_POINT('',(3.8354,6.6802,5.4483));
#8197=CARTESIAN_POINT('',(3.8354,6.1722,5.4483));
#8198=CARTESIAN_POINT('',(-3.6449,6.6802,6.44652));
#8199=CARTESIAN_POINT('',(3.8354,6.6802,6.44652));
#8200=CARTESIAN_POINT('',(3.8354,6.6802,5.3721));
#8201=CARTESIAN_POINT('',(5.3594,6.6802,6.44652));
#8202=CARTESIAN_POINT('',(5.3594,6.6802,5.3721));
#8203=CARTESIAN_POINT('',(0.,6.6802,5.3721));
#8204=CARTESIAN_POINT('',(3.8354,6.1722,-5.4483));
#8205=CARTESIAN_POINT('',(3.8354,6.1722,4.7625));
#8206=CARTESIAN_POINT('',(3.8354,6.1722,4.7625));
#8207=CARTESIAN_POINT('',(3.8354,6.1722,-5.4483));
#8208=CARTESIAN_POINT('',(3.8354,6.6802,-5.4483));
#8209=CARTESIAN_POINT('',(-3.6449,6.6802,6.44652));
#8210=CARTESIAN_POINT('',(-3.6449,6.6802,5.3721));
#8211=CARTESIAN_POINT('',(3.6449,6.6802,5.3721));
#8212=CARTESIAN_POINT('',(3.6449,6.6802,6.44652));
#8213=CARTESIAN_POINT('',(3.6449,6.6802,4.8133));
#8214=CARTESIAN_POINT('',(-8.9154,6.6802,4.8133));
#8215=CARTESIAN_POINT('',(3.6449,6.6802,6.44652));
#8216=CARTESIAN_POINT('',(3.6449,6.0452,5.3721));
#8217=CARTESIAN_POINT('',(3.6449,6.0452,5.3721));
#8218=CARTESIAN_POINT('',(3.6449,6.0452,4.8133));
#8219=CARTESIAN_POINT('',(3.6449,6.6802,4.8133));
#8220=CARTESIAN_POINT('',(3.6449,6.6802,5.3721));
#8221=CARTESIAN_POINT('',(3.6449,6.0452,6.44652));
#8222=CARTESIAN_POINT('',(5.5499,6.0452,5.3721));
#8223=CARTESIAN_POINT('',(5.5499,6.0452,5.3721));
#8224=CARTESIAN_POINT('',(5.5499,6.0452,4.8133));
#8225=CARTESIAN_POINT('',(3.6449,6.0452,4.8133));
#8226=CARTESIAN_POINT('',(3.6449,6.0452,5.3721));
#8227=CARTESIAN_POINT('',(5.5499,6.0452,6.44652));
#8228=CARTESIAN_POINT('',(5.5499,6.6802,6.44652));
#8229=CARTESIAN_POINT('',(5.5499,6.6802,5.3721));
#8230=CARTESIAN_POINT('',(5.5499,6.6802,4.8133));
#8231=CARTESIAN_POINT('',(5.5499,6.0452,4.8133));
#8232=CARTESIAN_POINT('',(5.5499,6.0452,5.3721));
#8233=CARTESIAN_POINT('',(-3.6449,6.6802,6.44652));
#8234=CARTESIAN_POINT('',(-8.9154,6.6802,4.8133));
#8235=CARTESIAN_POINT('',(-3.6449,6.6802,5.3721));
#8236=CARTESIAN_POINT('',(5.3594,6.6802,6.44652));
#8237=CARTESIAN_POINT('',(5.3594,6.1722,-4.7625));
#8238=CARTESIAN_POINT('',(5.3594,6.1722,-4.7625));
#8239=CARTESIAN_POINT('',(5.3594,6.1722,4.7625));
#8240=CARTESIAN_POINT('',(5.3594,6.1722,4.7625));
#8241=CARTESIAN_POINT('',(-8.4201,6.1722,-4.3815));
#8242=CARTESIAN_POINT('',(-8.8011,6.1722,-4.3815));
#8243=CARTESIAN_POINT('',(-8.8011,6.1722,-4.3815));
#8244=CARTESIAN_POINT('',(-8.8011,7.3152,-4.3815));
#8245=CARTESIAN_POINT('',(-8.4201,7.3152,-4.3815));
#8246=CARTESIAN_POINT('',(-8.4201,7.3152,-4.7625));
#8247=CARTESIAN_POINT('',(-8.4201,6.1722,-4.7625));
#8248=CARTESIAN_POINT('',(-8.4201,6.1722,-4.7625));
#8249=CARTESIAN_POINT('',(-8.4201,6.1722,-4.3815));
#8250=CARTESIAN_POINT('',(0.,7.3152,-1.778));
#8251=CARTESIAN_POINT('',(4.5974,7.3152,-1.778));
#8252=CARTESIAN_POINT('',(4.5974,6.6802,-1.778));
#8253=CARTESIAN_POINT('',(4.5974,7.3152,-1.778));
#8254=CARTESIAN_POINT('',(9.5631,7.3152,-1.778));
#8255=CARTESIAN_POINT('',(-4.5974,7.3152,-1.778));
#8256=CARTESIAN_POINT('',(-4.5974,6.1722,-1.778));
#8257=CARTESIAN_POINT('',(-4.5974,6.6802,-1.778));
#8258=CARTESIAN_POINT('',(0.,6.6802,-1.778));
#8259=CARTESIAN_POINT('',(0.,7.3152,1.778));
#8260=CARTESIAN_POINT('',(-4.5974,7.3152,1.778));
#8261=CARTESIAN_POINT('',(-4.5974,6.6802,1.778));
#8262=CARTESIAN_POINT('',(-4.5974,7.3152,1.778));
#8263=CARTESIAN_POINT('',(9.5631,7.3152,1.778));
#8264=CARTESIAN_POINT('',(4.5974,7.3152,1.778));
#8265=CARTESIAN_POINT('',(4.5974,6.1722,1.778));
#8266=CARTESIAN_POINT('',(4.5974,6.6802,1.778));
#8267=CARTESIAN_POINT('',(0.,6.6802,1.778));
#8268=CARTESIAN_POINT('',(4.5974,6.1722,2.286));
#8269=CARTESIAN_POINT('',(-4.5974,6.6294,1.8288));
#8270=CARTESIAN_POINT('',(-4.5974,6.6294,1.8288));
#8271=CARTESIAN_POINT('',(4.5974,6.6294,1.8288));
#8272=CARTESIAN_POINT('',(4.5974,6.6294,1.8288));
#8273=CARTESIAN_POINT('',(4.5974,6.6294,1.8288));
#8274=CARTESIAN_POINT('',(-4.5974,6.1722,1.778));
#8275=CARTESIAN_POINT('',(-4.5974,6.6294,-1.8288));
#8276=CARTESIAN_POINT('',(-4.5974,6.6294,-1.8288));
#8277=CARTESIAN_POINT('',(-4.5974,7.3152,-5.3721));
#8278=CARTESIAN_POINT('',(-4.5974,6.6294,1.8288));
#8279=CARTESIAN_POINT('',(-4.5974,6.1722,-2.286));
#8280=CARTESIAN_POINT('',(4.5974,6.6294,-1.8288));
#8281=CARTESIAN_POINT('',(4.5974,6.6294,-1.8288));
#8282=CARTESIAN_POINT('',(-4.5974,6.6294,-1.8288));
#8283=CARTESIAN_POINT('',(4.5974,6.1722,-1.778));
#8284=CARTESIAN_POINT('',(4.5974,7.3152,-5.3721));
#8285=CARTESIAN_POINT('',(4.5974,6.6294,-1.8288));
#8286=CARTESIAN_POINT('',(-0.504015844641174,4.8006,-3.937));
#8287=CARTESIAN_POINT('',(0.,5.3721,-4.5085));
#8288=CARTESIAN_POINT('',(-0.992358141364584,5.15419791357746,-4.29059791357746));
#8289=CARTESIAN_POINT('',(-0.99798083648925,5.1816,-4.318));
#8290=CARTESIAN_POINT('',(-0.99798083648925,5.1816,-4.318));
#8291=CARTESIAN_POINT('',(0.99798083648925,5.1816,-4.318));
#8292=CARTESIAN_POINT('',(0.,5.3721,-4.5085));
#8293=CARTESIAN_POINT('',(0.992358141364584,5.15419791357746,-4.29059791357746));
#8294=CARTESIAN_POINT('',(-0.992358141364584,5.15419791357746,-4.29059791357746));
#8295=CARTESIAN_POINT('',(0.,6.1722,-4.5085));
#8296=CARTESIAN_POINT('',(0.,6.1722,-4.5085));
#8297=CARTESIAN_POINT('',(-0.992358141364617,6.1722,-4.29059791357746));
#8298=CARTESIAN_POINT('',(-0.997980836489322,6.1722,-4.318));
#8299=CARTESIAN_POINT('',(-0.99798083648925,6.1722,-4.318));
#8300=CARTESIAN_POINT('',(-0.992358141364584,6.1722,-4.29059791357746));
#8301=CARTESIAN_POINT('',(-0.99798083648925,6.1722,-4.318));
#8302=CARTESIAN_POINT('',(-0.99798083648925,6.1722,-4.318));
#8303=CARTESIAN_POINT('',(0.997980836489322,6.1722,-4.318));
#8304=CARTESIAN_POINT('',(0.99798083648925,6.1722,-4.318));
#8305=CARTESIAN_POINT('',(0.,6.1722,-4.5085));
#8306=CARTESIAN_POINT('',(0.,6.1722,-4.5085));
#8307=CARTESIAN_POINT('',(0.992358141364629,6.1722,-4.29059791357746));
#8308=CARTESIAN_POINT('',(0.992358141364584,6.1722,-4.29059791357746));
#8309=CARTESIAN_POINT('',(6.985,0.564311642327722,-4.29059791357746));
#8310=CARTESIAN_POINT('',(6.985,6.1722,-4.29059791357746));
#8311=CARTESIAN_POINT('',(6.985,6.1722,-4.29059791357746));
#8312=CARTESIAN_POINT('',(6.985,6.1722,-4.29059791357746));
#8313=CARTESIAN_POINT('',(6.985,6.6294,-4.29059791357746));
#8314=CARTESIAN_POINT('',(6.985,6.6294,-4.29059791357746));
#8315=CARTESIAN_POINT('',(-6.985,6.6294,-4.29059791357746));
#8316=CARTESIAN_POINT('',(-6.985,6.1722,-4.29059791357746));
#8317=CARTESIAN_POINT('',(-6.985,6.1722,-4.29059791357746));
#8318=CARTESIAN_POINT('',(6.985,6.1722,-4.29059791357746));
#8319=CARTESIAN_POINT('',(0.,7.3152,-1.778));
#8320=CARTESIAN_POINT('',(8.4201,6.1722,-1.778));
#8321=CARTESIAN_POINT('',(8.4201,6.1722,-1.778));
#8322=CARTESIAN_POINT('',(6.985,6.1722,-1.778));
#8323=CARTESIAN_POINT('',(8.4201,6.1722,-1.778));
#8324=CARTESIAN_POINT('',(8.4201,6.8072,-1.778));
#8325=CARTESIAN_POINT('',(7.54412281181818,6.8072,-1.778));
#8326=CARTESIAN_POINT('',(7.54412281181818,6.8072,-1.778));
#8327=CARTESIAN_POINT('',(7.54412281181818,5.7912,-1.778));
#8328=CARTESIAN_POINT('',(6.96994796040132,6.6294,-1.778));
#8329=CARTESIAN_POINT('',(6.96994796040132,6.6294,-1.778));
#8330=CARTESIAN_POINT('',(6.985,6.6294,-1.778));
#8331=CARTESIAN_POINT('',(6.985,6.1722,-1.778));
#8332=CARTESIAN_POINT('',(7.54412281181818,5.7912,-1.778));
#8333=CARTESIAN_POINT('',(7.54412281181818,6.8072,-1.778));
#8334=CARTESIAN_POINT('',(7.54412281181818,6.8072,1.778));
#8335=CARTESIAN_POINT('',(7.54412281181818,5.7912,1.778));
#8336=CARTESIAN_POINT('',(6.96994796040132,6.6294,1.778));
#8337=CARTESIAN_POINT('',(6.96994796040132,6.6294,1.778));
#8338=CARTESIAN_POINT('',(0.,7.3152,1.778));
#8339=CARTESIAN_POINT('',(8.4201,6.1722,1.778));
#8340=CARTESIAN_POINT('',(8.4201,6.1722,1.778));
#8341=CARTESIAN_POINT('',(6.985,6.1722,1.778));
#8342=CARTESIAN_POINT('',(6.985,6.1722,1.778));
#8343=CARTESIAN_POINT('',(6.985,6.6294,1.778));
#8344=CARTESIAN_POINT('',(6.96994796040132,6.6294,1.778));
#8345=CARTESIAN_POINT('',(7.54412281181818,6.8072,1.778));
#8346=CARTESIAN_POINT('',(8.4201,6.8072,1.778));
#8347=CARTESIAN_POINT('',(8.4201,6.1722,1.778));
#8348=CARTESIAN_POINT('',(0.504015844641174,4.8006,3.937));
#8349=CARTESIAN_POINT('',(0.,5.3721,4.5085));
#8350=CARTESIAN_POINT('',(0.992358141364584,5.15419791357746,4.29059791357746));
#8351=CARTESIAN_POINT('',(0.99798083648925,5.1816,4.318));
#8352=CARTESIAN_POINT('',(0.99798083648925,5.1816,4.318));
#8353=CARTESIAN_POINT('',(-0.99798083648925,5.1816,4.318));
#8354=CARTESIAN_POINT('',(0.,5.3721,4.5085));
#8355=CARTESIAN_POINT('',(-0.992358141364584,5.15419791357746,4.29059791357746));
#8356=CARTESIAN_POINT('',(0.992358141364584,5.15419791357746,4.29059791357746));
#8357=CARTESIAN_POINT('',(0.,6.1722,4.5085));
#8358=CARTESIAN_POINT('',(0.,6.1722,4.5085));
#8359=CARTESIAN_POINT('',(0.992358141364629,6.1722,4.29059791357746));
#8360=CARTESIAN_POINT('',(0.997980836489322,6.1722,4.318));
#8361=CARTESIAN_POINT('',(0.99798083648925,6.1722,4.318));
#8362=CARTESIAN_POINT('',(0.992358141364584,6.1722,4.29059791357746));
#8363=CARTESIAN_POINT('',(0.99798083648925,6.1722,4.318));
#8364=CARTESIAN_POINT('',(0.99798083648925,6.1722,4.318));
#8365=CARTESIAN_POINT('',(-0.997980836489322,6.1722,4.318));
#8366=CARTESIAN_POINT('',(-0.99798083648925,6.1722,4.318));
#8367=CARTESIAN_POINT('',(0.,6.1722,4.5085));
#8368=CARTESIAN_POINT('',(0.,6.1722,4.5085));
#8369=CARTESIAN_POINT('',(-0.992358141364617,6.1722,4.29059791357746));
#8370=CARTESIAN_POINT('',(-0.992358141364584,6.1722,4.29059791357746));
#8371=CARTESIAN_POINT('',(6.985,6.6294,4.29059791357746));
#8372=CARTESIAN_POINT('',(-6.985,6.6294,4.29059791357746));
#8373=CARTESIAN_POINT('',(-6.985,6.6294,4.29059791357746));
#8374=CARTESIAN_POINT('',(-6.985,6.1722,4.29059791357746));
#8375=CARTESIAN_POINT('',(6.985,6.6294,4.29059791357746));
#8376=CARTESIAN_POINT('',(6.985,6.6294,4.29059791357746));
#8377=CARTESIAN_POINT('',(6.985,6.6294,4.29059791357746));
#8378=CARTESIAN_POINT('',(6.985,6.1722,4.29059791357746));
#8379=CARTESIAN_POINT('',(1.8288,6.1722,4.29059791357746));
#8380=CARTESIAN_POINT('',(1.8288,6.1722,4.29059791357746));
#8381=CARTESIAN_POINT('',(-6.985,0.,0.));
#8382=CARTESIAN_POINT('',(-6.985,6.1722,1.778));
#8383=CARTESIAN_POINT('',(-6.985,6.1722,1.778));
#8384=CARTESIAN_POINT('',(-6.985,6.6294,1.778));
#8385=CARTESIAN_POINT('',(-6.985,6.6294,1.778));
#8386=CARTESIAN_POINT('',(-6.985,6.1722,0.));
#8387=CARTESIAN_POINT('',(0.,7.3152,1.778));
#8388=CARTESIAN_POINT('',(1.8288,6.1722,1.778));
#8389=CARTESIAN_POINT('',(-8.8011,6.1722,1.778));
#8390=CARTESIAN_POINT('',(-8.8011,6.1722,1.778));
#8391=CARTESIAN_POINT('',(-8.8011,6.8072,1.778));
#8392=CARTESIAN_POINT('',(0.,6.8072,1.778));
#8393=CARTESIAN_POINT('',(-7.54412281181818,6.8072,1.778));
#8394=CARTESIAN_POINT('',(-7.54412281181818,5.7912,1.778));
#8395=CARTESIAN_POINT('',(-6.96994796040132,6.6294,1.778));
#8396=CARTESIAN_POINT('',(-6.985,6.6294,1.778));
#8397=CARTESIAN_POINT('',(7.54412281181818,6.8072,-1.778));
#8398=CARTESIAN_POINT('',(7.54412281181818,6.8072,-1.778));
#8399=CARTESIAN_POINT('',(-8.8011,6.8072,-1.778));
#8400=CARTESIAN_POINT('',(-7.54412281181818,6.8072,-1.778));
#8401=CARTESIAN_POINT('',(-7.54412281181818,6.8072,-1.778));
#8402=CARTESIAN_POINT('',(-8.8011,6.8072,-1.778));
#8403=CARTESIAN_POINT('',(-7.54412281181818,5.7912,-1.778));
#8404=CARTESIAN_POINT('',(-7.54412281181818,5.7912,-1.778));
#8405=CARTESIAN_POINT('',(-6.96994796040132,6.6294,-1.778));
#8406=CARTESIAN_POINT('',(-6.96994796040132,6.6294,1.778));
#8407=CARTESIAN_POINT('',(6.985,6.6294,-4.29059791357746));
#8408=CARTESIAN_POINT('',(-6.985,6.6294,-4.29059791357746));
#8409=CARTESIAN_POINT('',(-6.985,6.6294,-1.778));
#8410=CARTESIAN_POINT('',(6.985,6.6294,-4.29059791357746));
#8411=CARTESIAN_POINT('',(6.985,6.6294,1.778));
#8412=CARTESIAN_POINT('',(-6.985,6.6294,-1.778));
#8413=CARTESIAN_POINT('',(-6.985,0.,0.));
#8414=CARTESIAN_POINT('',(-6.985,6.1722,-1.778));
#8415=CARTESIAN_POINT('',(-6.985,6.1722,-1.778));
#8416=CARTESIAN_POINT('',(-6.985,6.1722,0.));
#8417=CARTESIAN_POINT('',(0.,7.3152,-1.778));
#8418=CARTESIAN_POINT('',(-8.8011,6.1722,-1.778));
#8419=CARTESIAN_POINT('',(-8.8011,6.1722,-1.778));
#8420=CARTESIAN_POINT('',(0.,6.1722,-1.778));
#8421=CARTESIAN_POINT('',(-8.8011,6.1722,-4.3815));
#8422=CARTESIAN_POINT('',(-8.8011,6.1722,-4.3815));
#8423=CARTESIAN_POINT('',(-8.8011,6.1722,4.3815));
#8424=CARTESIAN_POINT('',(-8.8011,6.1722,4.3815));
#8425=CARTESIAN_POINT('',(-8.8011,7.3152,4.3815));
#8426=CARTESIAN_POINT('',(-8.8011,7.3152,-5.3721));
#8427=CARTESIAN_POINT('',(-8.8011,6.1722,-4.3815));
#8428=CARTESIAN_POINT('',(-8.4201,6.1722,4.3815));
#8429=CARTESIAN_POINT('',(-8.4201,6.1722,4.7625));
#8430=CARTESIAN_POINT('',(-8.4201,6.1722,4.7625));
#8431=CARTESIAN_POINT('',(-8.4201,7.3152,4.7625));
#8432=CARTESIAN_POINT('',(-8.4201,7.3152,4.3815));
#8433=CARTESIAN_POINT('',(-8.4201,6.1722,4.3815));
#8434=CARTESIAN_POINT('',(-3.6449,6.6802,6.44652));
#8435=CARTESIAN_POINT('',(-5.3594,6.6802,6.44652));
#8436=CARTESIAN_POINT('',(-5.3594,6.6802,5.3721));
#8437=CARTESIAN_POINT('',(-5.3594,6.6802,5.4483));
#8438=CARTESIAN_POINT('',(-3.6449,6.6802,5.4483));
#8439=CARTESIAN_POINT('',(-3.8354,6.6802,5.4483));
#8440=CARTESIAN_POINT('',(-3.8354,6.6802,6.44652));
#8441=CARTESIAN_POINT('',(-3.8354,6.6802,5.3721));
#8442=CARTESIAN_POINT('',(0.,6.6802,5.3721));
#8443=CARTESIAN_POINT('',(-5.3594,6.1722,5.4483));
#8444=CARTESIAN_POINT('',(-3.8354,6.1722,5.4483));
#8445=CARTESIAN_POINT('',(-3.8354,6.39217045256012,5.4483));
#8446=CARTESIAN_POINT('',(-5.3594,6.1722,5.4483));
#8447=CARTESIAN_POINT('',(-5.3594,6.39217045256012,5.4483));
#8448=CARTESIAN_POINT('',(-5.3594,6.39217045256012,5.4483));
#8449=CARTESIAN_POINT('',(-10.56132,6.39217045256012,5.4483));
#8450=CARTESIAN_POINT('',(-10.56132,6.1722,5.06730000000197));
#8451=CARTESIAN_POINT('',(-5.3594,6.1722,5.06730000000131));
#8452=CARTESIAN_POINT('',(-3.8354,6.1722,5.06730000000131));
#8453=CARTESIAN_POINT('',(-3.8354,1.91577174293892,-2.30504999999934));
#8454=CARTESIAN_POINT('',(-5.3594,6.39217045256012,5.4483));
#8455=CARTESIAN_POINT('',(-3.8354,6.1722,-4.7625));
#8456=CARTESIAN_POINT('',(-3.8354,6.1722,-4.7625));
#8457=CARTESIAN_POINT('',(-3.8354,6.1722,4.7625));
#8458=CARTESIAN_POINT('',(-3.8354,6.1722,4.7625));
#8459=CARTESIAN_POINT('',(-3.8354,6.6802,4.7625));
#8460=CARTESIAN_POINT('',(-3.8354,6.6802,6.44652));
#8461=CARTESIAN_POINT('',(-3.8354,6.6802,4.8133));
#8462=CARTESIAN_POINT('',(-3.8354,6.6802,6.44652));
#8463=CARTESIAN_POINT('',(-3.6449,6.6802,6.44652));
#8464=CARTESIAN_POINT('',(-3.6449,6.6802,4.8133));
#8465=CARTESIAN_POINT('',(-3.6449,6.6802,4.8133));
#8466=CARTESIAN_POINT('',(-3.6449,6.6802,5.3721));
#8467=CARTESIAN_POINT('',(-3.6449,6.6802,5.3721));
#8468=CARTESIAN_POINT('',(-3.6449,6.6802,5.3721));
#8469=CARTESIAN_POINT('',(-3.6449,6.0452,6.44652));
#8470=CARTESIAN_POINT('',(-3.6449,6.0452,4.8133));
#8471=CARTESIAN_POINT('',(-3.6449,6.0452,4.8133));
#8472=CARTESIAN_POINT('',(-3.6449,6.0452,6.44652));
#8473=CARTESIAN_POINT('',(-3.6449,6.0452,5.3721));
#8474=CARTESIAN_POINT('',(-3.6449,6.0452,5.3721));
#8475=CARTESIAN_POINT('',(3.6449,6.0452,6.44652));
#8476=CARTESIAN_POINT('',(-8.9154,6.0452,4.8133));
#8477=CARTESIAN_POINT('',(-5.5499,6.0452,4.8133));
#8478=CARTESIAN_POINT('',(-5.5499,6.0452,6.44652));
#8479=CARTESIAN_POINT('',(-5.5499,6.0452,5.3721));
#8480=CARTESIAN_POINT('',(3.6449,6.0452,5.3721));
#8481=CARTESIAN_POINT('',(-5.5499,6.6802,6.44652));
#8482=CARTESIAN_POINT('',(-5.5499,6.6802,4.8133));
#8483=CARTESIAN_POINT('',(-5.5499,6.6802,4.8133));
#8484=CARTESIAN_POINT('',(-5.5499,6.6802,5.3721));
#8485=CARTESIAN_POINT('',(-5.5499,6.6802,5.3721));
#8486=CARTESIAN_POINT('',(-5.5499,6.6802,5.3721));
#8487=CARTESIAN_POINT('',(-3.6449,6.6802,6.44652));
#8488=CARTESIAN_POINT('',(-5.3594,6.6802,5.3721));
#8489=CARTESIAN_POINT('',(-5.3594,6.6802,4.8133));
#8490=CARTESIAN_POINT('',(-5.3594,6.6802,4.8133));
#8491=CARTESIAN_POINT('',(-5.3594,6.6802,-5.4483));
#8492=CARTESIAN_POINT('',(-5.3594,6.1722,-5.4483));
#8493=CARTESIAN_POINT('',(-5.3594,6.6802,6.44652));
#8494=CARTESIAN_POINT('',(-5.3594,6.6802,4.7625));
#8495=CARTESIAN_POINT('',(-5.3594,6.1722,4.7625));
#8496=CARTESIAN_POINT('',(-5.3594,6.1722,4.7625));
#8497=CARTESIAN_POINT('',(-5.3594,6.1722,-5.4483));
#8498=CARTESIAN_POINT('',(-3.6449,6.6802,6.44652));
#8499=CARTESIAN_POINT('',(-8.4201,6.6802,4.7625));
#8500=CARTESIAN_POINT('',(-3.6449,6.6802,4.8133));
#8501=CARTESIAN_POINT('',(-8.4201,6.1722,4.7625));
#8502=CARTESIAN_POINT('',(-8.4201,6.1722,4.7625));
#8503=CARTESIAN_POINT('',(-8.4201,6.1722,4.7625));
#8504=CARTESIAN_POINT('',(-8.4201,6.1722,4.7625));
#8505=CARTESIAN_POINT('',(8.4201,6.1722,4.7625));
#8506=CARTESIAN_POINT('',(8.4201,6.1722,4.7625));
#8507=CARTESIAN_POINT('',(8.4201,7.3152,4.7625));
#8508=CARTESIAN_POINT('',(9.5631,7.3152,4.7625));
#8509=CARTESIAN_POINT('',(-8.4201,6.1722,4.7625));
#8510=CARTESIAN_POINT('',(8.4201,6.1722,4.3815));
#8511=CARTESIAN_POINT('',(8.8011,6.1722,4.3815));
#8512=CARTESIAN_POINT('',(8.8011,6.1722,4.3815));
#8513=CARTESIAN_POINT('',(8.8011,7.3152,4.3815));
#8514=CARTESIAN_POINT('',(8.4201,7.3152,4.3815));
#8515=CARTESIAN_POINT('',(8.4201,6.1722,4.3815));
#8516=CARTESIAN_POINT('',(8.8011,6.1722,-1.905));
#8517=CARTESIAN_POINT('',(8.8011,6.1722,1.905));
#8518=CARTESIAN_POINT('',(8.8011,6.1722,1.905));
#8519=CARTESIAN_POINT('',(8.8011,7.3152,1.905));
#8520=CARTESIAN_POINT('',(8.8011,7.3152,-5.3721));
#8521=CARTESIAN_POINT('',(8.8011,6.1722,-1.905));
#8522=CARTESIAN_POINT('',(9.5631,7.3152,-5.3721));
#8523=CARTESIAN_POINT('',(8.4201,7.3152,-5.3721));
#8524=CARTESIAN_POINT('',(8.4201,7.3152,1.905));
#8525=CARTESIAN_POINT('',(8.4201,7.3152,-1.905));
#8526=CARTESIAN_POINT('',(9.5631,7.3152,-1.905));
#8527=CARTESIAN_POINT('',(8.8011,7.3152,-1.905));
#8528=CARTESIAN_POINT('',(8.8011,7.3152,-5.3721));
#8529=CARTESIAN_POINT('',(8.8011,7.3152,-4.3815));
#8530=CARTESIAN_POINT('',(8.4201,7.3152,-4.3815));
#8531=CARTESIAN_POINT('',(8.4201,7.3152,-4.7625));
#8532=CARTESIAN_POINT('',(9.5631,7.3152,-4.7625));
#8533=CARTESIAN_POINT('',(9.5631,7.3152,1.905));
#8534=CARTESIAN_POINT('',(8.4201,6.1722,-1.905));
#8535=CARTESIAN_POINT('',(8.4201,6.1722,-1.905));
#8536=CARTESIAN_POINT('',(8.4328,6.1722,-1.905));
#8537=CARTESIAN_POINT('',(8.8011,6.1722,-1.905));
#8538=CARTESIAN_POINT('',(8.8011,6.1722,-1.905));
#8539=CARTESIAN_POINT('',(8.4201,6.1722,-1.905));
#8540=CARTESIAN_POINT('',(8.4201,6.1722,-1.905));
#8541=CARTESIAN_POINT('',(8.4201,6.1722,-1.905));
#8542=CARTESIAN_POINT('',(8.8011,6.1722,-1.905));
#8543=CARTESIAN_POINT('',(8.8011,6.1722,-4.3815));
#8544=CARTESIAN_POINT('',(8.8011,6.1722,-4.3815));
#8545=CARTESIAN_POINT('',(8.8011,6.1722,-1.905));
#8546=CARTESIAN_POINT('',(8.4201,6.1722,-4.3815));
#8547=CARTESIAN_POINT('',(8.4201,6.1722,-4.7625));
#8548=CARTESIAN_POINT('',(8.4201,6.1722,-4.7625));
#8549=CARTESIAN_POINT('',(8.4201,6.1722,-4.3815));
#8550=CARTESIAN_POINT('',(-3.6449,6.6802,6.44652));
#8551=CARTESIAN_POINT('',(3.8354,6.6802,6.44652));
#8552=CARTESIAN_POINT('',(3.8354,6.6802,-4.8133));
#8553=CARTESIAN_POINT('',(3.8354,6.6802,-4.7625));
#8554=CARTESIAN_POINT('',(-3.6449,6.6802,-4.7625));
#8555=CARTESIAN_POINT('',(5.3594,6.6802,-4.7625));
#8556=CARTESIAN_POINT('',(5.3594,6.6802,6.44652));
#8557=CARTESIAN_POINT('',(5.3594,6.6802,-4.8133));
#8558=CARTESIAN_POINT('',(8.9154,6.6802,-4.8133));
#8559=CARTESIAN_POINT('',(-10.56132,6.1722,-5.0673));
#8560=CARTESIAN_POINT('',(1.8288,6.1722,-5.0673));
#8561=CARTESIAN_POINT('',(3.8354,6.1722,-5.0673));
#8562=CARTESIAN_POINT('',(5.3594,6.1722,-5.0673));
#8563=CARTESIAN_POINT('',(3.8354,6.1722,-5.0673));
#8564=CARTESIAN_POINT('',(3.8354,6.39217045256088,-5.4483));
#8565=CARTESIAN_POINT('',(-3.8354,6.39217045256126,-5.4483));
#8566=CARTESIAN_POINT('',(5.3594,6.39217045256088,-5.4483));
#8567=CARTESIAN_POINT('',(5.3594,6.1722,-5.0673));
#8568=CARTESIAN_POINT('',(-3.8354,6.1722,-5.4483));
#8569=CARTESIAN_POINT('',(3.8354,6.1722,-5.4483));
#8570=CARTESIAN_POINT('',(3.8354,6.6802,-5.4483));
#8571=CARTESIAN_POINT('',(-3.6449,6.6802,-5.4483));
#8572=CARTESIAN_POINT('',(5.3594,6.6802,-5.4483));
#8573=CARTESIAN_POINT('',(5.3594,6.1722,-5.4483));
#8574=CARTESIAN_POINT('',(-3.6449,6.6802,6.44652));
#8575=CARTESIAN_POINT('',(5.3594,6.6802,6.44652));
#8576=CARTESIAN_POINT('',(5.3594,6.6802,-5.3721));
#8577=CARTESIAN_POINT('',(3.8354,6.6802,6.44652));
#8578=CARTESIAN_POINT('',(3.8354,6.6802,-5.3721));
#8579=CARTESIAN_POINT('',(-3.6449,6.6802,-5.3721));
#8580=CARTESIAN_POINT('',(5.3594,6.1722,-4.7625));
#8581=CARTESIAN_POINT('',(5.3594,6.1722,-4.7625));
#8582=CARTESIAN_POINT('',(5.3594,6.1722,-4.7625));
#8583=CARTESIAN_POINT('',(5.3594,6.1722,-4.7625));
#8584=CARTESIAN_POINT('',(5.3594,6.6802,-4.7625));
#8585=CARTESIAN_POINT('',(-3.6449,6.6802,6.44652));
#8586=CARTESIAN_POINT('',(0.,6.6802,-5.3721));
#8587=CARTESIAN_POINT('',(5.5499,6.6802,-5.3721));
#8588=CARTESIAN_POINT('',(5.5499,6.6802,6.44652));
#8589=CARTESIAN_POINT('',(5.5499,6.6802,-4.8133));
#8590=CARTESIAN_POINT('',(-3.6449,6.6802,-4.8133));
#8591=CARTESIAN_POINT('',(5.5499,6.0452,6.44652));
#8592=CARTESIAN_POINT('',(5.5499,6.0452,-4.8133));
#8593=CARTESIAN_POINT('',(5.5499,6.0452,-4.8133));
#8594=CARTESIAN_POINT('',(5.5499,6.0452,-5.3721));
#8595=CARTESIAN_POINT('',(5.5499,6.0452,-4.8133));
#8596=CARTESIAN_POINT('',(5.5499,6.0452,-5.3721));
#8597=CARTESIAN_POINT('',(3.6449,6.0452,6.44652));
#8598=CARTESIAN_POINT('',(3.6449,6.0452,-4.8133));
#8599=CARTESIAN_POINT('',(3.6449,6.0452,-4.8133));
#8600=CARTESIAN_POINT('',(3.6449,6.0452,-5.3721));
#8601=CARTESIAN_POINT('',(3.6449,6.0452,-4.8133));
#8602=CARTESIAN_POINT('',(3.6449,6.0452,-5.3721));
#8603=CARTESIAN_POINT('',(3.6449,6.6802,6.44652));
#8604=CARTESIAN_POINT('',(3.6449,6.6802,6.44652));
#8605=CARTESIAN_POINT('',(3.6449,6.6802,-4.8133));
#8606=CARTESIAN_POINT('',(3.6449,6.6802,-5.3721));
#8607=CARTESIAN_POINT('',(3.6449,6.6802,-4.8133));
#8608=CARTESIAN_POINT('',(3.6449,6.6802,-5.3721));
#8609=CARTESIAN_POINT('',(-3.6449,6.6802,6.44652));
#8610=CARTESIAN_POINT('',(-3.6449,6.6802,-4.8133));
#8611=CARTESIAN_POINT('',(0.,6.6802,-5.3721));
#8612=CARTESIAN_POINT('',(3.8354,6.6802,6.44652));
#8613=CARTESIAN_POINT('',(3.8354,6.1722,-5.4483));
#8614=CARTESIAN_POINT('',(3.8354,6.1722,-5.4483));
#8615=CARTESIAN_POINT('',(3.8354,6.1722,-4.7625));
#8616=CARTESIAN_POINT('',(3.8354,6.1722,-4.7625));
#8617=CARTESIAN_POINT('',(-3.6449,6.6802,6.44652));
#8618=CARTESIAN_POINT('',(-0.762,6.6802,6.44652));
#8619=CARTESIAN_POINT('',(-0.762,6.6802,-4.8133));
#8620=CARTESIAN_POINT('',(-0.762,6.6802,-4.7625));
#8621=CARTESIAN_POINT('',(-3.6449,6.6802,-4.7625));
#8622=CARTESIAN_POINT('',(0.762,6.6802,-4.7625));
#8623=CARTESIAN_POINT('',(0.762,6.6802,6.44652));
#8624=CARTESIAN_POINT('',(0.762,6.6802,-4.8133));
#8625=CARTESIAN_POINT('',(8.9154,6.6802,-4.8133));
#8626=CARTESIAN_POINT('',(-10.56132,6.1722,-5.0673));
#8627=CARTESIAN_POINT('',(1.8288,6.1722,-5.0673));
#8628=CARTESIAN_POINT('',(-0.762,6.1722,-5.0673));
#8629=CARTESIAN_POINT('',(0.762,6.1722,-5.0673));
#8630=CARTESIAN_POINT('',(-0.762,6.1722,-5.0673));
#8631=CARTESIAN_POINT('',(-0.762,6.39217045256088,-5.4483));
#8632=CARTESIAN_POINT('',(-3.8354,6.39217045256126,-5.4483));
#8633=CARTESIAN_POINT('',(0.762,6.39217045256088,-5.4483));
#8634=CARTESIAN_POINT('',(0.762,6.1722,-5.0673));
#8635=CARTESIAN_POINT('',(-3.8354,6.1722,-5.4483));
#8636=CARTESIAN_POINT('',(-0.762,6.1722,-5.4483));
#8637=CARTESIAN_POINT('',(-0.762,6.6802,-5.4483));
#8638=CARTESIAN_POINT('',(-3.6449,6.6802,-5.4483));
#8639=CARTESIAN_POINT('',(0.762,6.6802,-5.4483));
#8640=CARTESIAN_POINT('',(0.762,6.1722,-5.4483));
#8641=CARTESIAN_POINT('',(-3.6449,6.6802,6.44652));
#8642=CARTESIAN_POINT('',(0.762,6.6802,6.44652));
#8643=CARTESIAN_POINT('',(0.762,6.6802,-5.3721));
#8644=CARTESIAN_POINT('',(-0.762,6.6802,6.44652));
#8645=CARTESIAN_POINT('',(-0.762,6.6802,-5.3721));
#8646=CARTESIAN_POINT('',(-3.6449,6.6802,-5.3721));
#8647=CARTESIAN_POINT('',(0.762,6.1722,-4.7625));
#8648=CARTESIAN_POINT('',(0.762,6.1722,-4.7625));
#8649=CARTESIAN_POINT('',(0.762,6.1722,-4.7625));
#8650=CARTESIAN_POINT('',(0.762,6.1722,-4.7625));
#8651=CARTESIAN_POINT('',(0.762,6.6802,-4.7625));
#8652=CARTESIAN_POINT('',(-3.6449,6.6802,6.44652));
#8653=CARTESIAN_POINT('',(0.,6.6802,-5.3721));
#8654=CARTESIAN_POINT('',(0.9525,6.6802,-5.3721));
#8655=CARTESIAN_POINT('',(0.9525,6.6802,6.44652));
#8656=CARTESIAN_POINT('',(0.9525,6.6802,-4.8133));
#8657=CARTESIAN_POINT('',(-3.6449,6.6802,-4.8133));
#8658=CARTESIAN_POINT('',(0.9525,6.0452,6.44652));
#8659=CARTESIAN_POINT('',(0.9525,6.0452,6.44652));
#8660=CARTESIAN_POINT('',(0.9525,6.0452,-4.8133));
#8661=CARTESIAN_POINT('',(0.9525,6.0452,-5.3721));
#8662=CARTESIAN_POINT('',(0.9525,6.0452,-4.8133));
#8663=CARTESIAN_POINT('',(0.9525,6.0452,-5.3721));
#8664=CARTESIAN_POINT('',(3.6449,6.0452,6.44652));
#8665=CARTESIAN_POINT('',(-0.9525,6.0452,6.44652));
#8666=CARTESIAN_POINT('',(-0.9525,6.0452,-4.8133));
#8667=CARTESIAN_POINT('',(-0.9525,6.0452,-5.3721));
#8668=CARTESIAN_POINT('',(3.6449,6.0452,-4.8133));
#8669=CARTESIAN_POINT('',(0.,6.0452,-5.3721));
#8670=CARTESIAN_POINT('',(-0.9525,6.6802,6.44652));
#8671=CARTESIAN_POINT('',(-0.9525,6.6802,6.44652));
#8672=CARTESIAN_POINT('',(-0.9525,6.6802,-4.8133));
#8673=CARTESIAN_POINT('',(-0.9525,6.6802,-5.3721));
#8674=CARTESIAN_POINT('',(-0.9525,6.6802,-4.8133));
#8675=CARTESIAN_POINT('',(-0.9525,6.6802,-5.3721));
#8676=CARTESIAN_POINT('',(-3.6449,6.6802,6.44652));
#8677=CARTESIAN_POINT('',(-3.6449,6.6802,-4.8133));
#8678=CARTESIAN_POINT('',(0.,6.6802,-5.3721));
#8679=CARTESIAN_POINT('',(-0.762,6.6802,6.44652));
#8680=CARTESIAN_POINT('',(-0.762,6.1722,-5.4483));
#8681=CARTESIAN_POINT('',(-0.762,6.1722,-5.4483));
#8682=CARTESIAN_POINT('',(-0.762,6.1722,-4.7625));
#8683=CARTESIAN_POINT('',(-0.762,6.1722,-4.7625));
#8684=CARTESIAN_POINT('',(8.4201,6.1722,-4.7625));
#8685=CARTESIAN_POINT('',(-5.3594,6.1722,-4.7625));
#8686=CARTESIAN_POINT('',(-5.3594,6.1722,-4.7625));
#8687=CARTESIAN_POINT('',(-5.3594,6.6802,-4.7625));
#8688=CARTESIAN_POINT('',(8.4201,6.1722,-4.7625));
#8689=CARTESIAN_POINT('',(8.4201,6.1722,-4.7625));
#8690=CARTESIAN_POINT('',(8.4201,6.1722,-4.7625));
#8691=CARTESIAN_POINT('',(8.4201,6.1722,-4.7625));
#8692=CARTESIAN_POINT('',(-3.8354,6.1722,-4.7625));
#8693=CARTESIAN_POINT('',(-3.8354,6.1722,-4.7625));
#8694=CARTESIAN_POINT('',(-3.8354,6.6802,-4.7625));
#8695=CARTESIAN_POINT('',(-3.6449,6.6802,-4.7625));
#8696=CARTESIAN_POINT('',(-10.56132,6.1722,-5.0673));
#8697=CARTESIAN_POINT('',(1.8288,6.1722,-5.0673));
#8698=CARTESIAN_POINT('',(-5.3594,6.1722,-5.0673));
#8699=CARTESIAN_POINT('',(-3.8354,6.1722,-5.0673));
#8700=CARTESIAN_POINT('',(-5.3594,6.1722,-5.0673));
#8701=CARTESIAN_POINT('',(-5.3594,6.39217045256012,-5.4483));
#8702=CARTESIAN_POINT('',(-3.8354,6.39217045256012,-5.4483));
#8703=CARTESIAN_POINT('',(-3.8354,6.39217045256012,-5.4483));
#8704=CARTESIAN_POINT('',(-3.8354,6.1722,-5.0673));
#8705=CARTESIAN_POINT('',(-3.8354,6.1722,-5.4483));
#8706=CARTESIAN_POINT('',(-5.3594,6.39217045256012,-5.4483));
#8707=CARTESIAN_POINT('',(-5.3594,6.6802,-5.4483));
#8708=CARTESIAN_POINT('',(-3.6449,6.6802,-5.4483));
#8709=CARTESIAN_POINT('',(-3.8354,6.6802,-5.4483));
#8710=CARTESIAN_POINT('',(-3.8354,6.39217045256012,-5.4483));
#8711=CARTESIAN_POINT('',(-3.6449,6.6802,6.44652));
#8712=CARTESIAN_POINT('',(-3.8354,6.6802,6.44652));
#8713=CARTESIAN_POINT('',(-3.8354,6.6802,-5.3721));
#8714=CARTESIAN_POINT('',(-5.3594,6.6802,6.44652));
#8715=CARTESIAN_POINT('',(-5.3594,6.6802,-5.3721));
#8716=CARTESIAN_POINT('',(-3.6449,6.6802,-5.3721));
#8717=CARTESIAN_POINT('',(-5.5499,6.6802,6.44652));
#8718=CARTESIAN_POINT('',(-5.5499,6.6802,-4.8133));
#8719=CARTESIAN_POINT('',(-5.5499,6.6802,-4.8133));
#8720=CARTESIAN_POINT('',(-5.5499,6.6802,-5.3721));
#8721=CARTESIAN_POINT('',(-5.5499,6.6802,-4.8133));
#8722=CARTESIAN_POINT('',(-5.5499,6.0452,-4.8133));
#8723=CARTESIAN_POINT('',(-5.5499,6.0452,6.44652));
#8724=CARTESIAN_POINT('',(-5.5499,6.0452,-5.3721));
#8725=CARTESIAN_POINT('',(-5.5499,6.6802,-5.3721));
#8726=CARTESIAN_POINT('',(3.6449,6.0452,6.44652));
#8727=CARTESIAN_POINT('',(3.6449,6.0452,-4.8133));
#8728=CARTESIAN_POINT('',(-3.6449,6.0452,-4.8133));
#8729=CARTESIAN_POINT('',(-3.6449,6.0452,6.44652));
#8730=CARTESIAN_POINT('',(-3.6449,6.0452,-5.3721));
#8731=CARTESIAN_POINT('',(0.,6.0452,-5.3721));
#8732=CARTESIAN_POINT('',(-3.6449,6.0452,6.44652));
#8733=CARTESIAN_POINT('',(-3.6449,6.0452,-4.8133));
#8734=CARTESIAN_POINT('',(-3.6449,6.6802,-4.8133));
#8735=CARTESIAN_POINT('',(-3.6449,6.6802,-4.8133));
#8736=CARTESIAN_POINT('',(-3.6449,6.6802,-5.3721));
#8737=CARTESIAN_POINT('',(-3.6449,6.0452,-5.3721));
#8738=CARTESIAN_POINT('',(-3.6449,6.6802,6.44652));
#8739=CARTESIAN_POINT('',(-3.6449,6.6802,-5.3721));
#8740=CARTESIAN_POINT('',(-3.6449,6.6802,-4.8133));
#8741=CARTESIAN_POINT('',(-3.8354,6.6802,-4.8133));
#8742=CARTESIAN_POINT('',(-3.8354,6.6802,-5.3721));
#8743=CARTESIAN_POINT('',(-3.8354,6.1722,-4.7625));
#8744=CARTESIAN_POINT('',(-3.8354,6.6802,6.44652));
#8745=CARTESIAN_POINT('',(-3.8354,6.1722,-4.7625));
#8746=CARTESIAN_POINT('',(-3.6449,6.6802,6.44652));
#8747=CARTESIAN_POINT('',(-5.3594,6.6802,6.44652));
#8748=CARTESIAN_POINT('',(-5.3594,6.6802,-4.8133));
#8749=CARTESIAN_POINT('',(8.9154,6.6802,-4.8133));
#8750=CARTESIAN_POINT('',(-5.3594,6.1722,-5.4483));
#8751=CARTESIAN_POINT('',(-5.3594,6.1722,-5.4483));
#8752=CARTESIAN_POINT('',(-5.3594,6.6802,-5.3721));
#8753=CARTESIAN_POINT('',(-3.6449,6.6802,6.44652));
#8754=CARTESIAN_POINT('',(-5.3594,6.6802,-4.8133));
#8755=CARTESIAN_POINT('',(-5.3594,6.6802,-5.3721));
#8756=CARTESIAN_POINT('',(8.9154,7.3152,-4.95994696837426));
#8757=CARTESIAN_POINT('',(-8.9154,7.3152,-4.95994696837426));
#8758=CARTESIAN_POINT('',(-8.9154,7.3152,-4.95994696837426));
#8759=CARTESIAN_POINT('',(-8.9154,7.0612,-4.8133));
#8760=CARTESIAN_POINT('',(8.9154,7.0612,-4.8133));
#8761=CARTESIAN_POINT('',(8.9154,7.0612,-4.8133));
#8762=CARTESIAN_POINT('',(8.9154,7.3152,-4.95994696837426));
#8763=CARTESIAN_POINT('',(8.9154,7.3152,-4.95994696837426));
#8764=CARTESIAN_POINT('',(8.9154,7.3152,-4.95994696837426));
#8765=CARTESIAN_POINT('',(8.9154,7.3152,4.8133));
#8766=CARTESIAN_POINT('',(8.9154,7.0612,4.8133));
#8767=CARTESIAN_POINT('',(8.9154,7.0612,4.8133));
#8768=CARTESIAN_POINT('',(8.9154,5.7912,4.8133));
#8769=CARTESIAN_POINT('',(8.9154,7.3152,4.95994696837426));
#8770=CARTESIAN_POINT('',(8.9154,7.3152,4.95994696837426));
#8771=CARTESIAN_POINT('',(8.9154,7.3152,4.95994696837426));
#8772=CARTESIAN_POINT('',(8.9154,7.0612,-4.8133));
#8773=CARTESIAN_POINT('',(8.9154,5.7912,-4.8133));
#8774=CARTESIAN_POINT('',(8.9154,5.7912,-4.8133));
#8775=CARTESIAN_POINT('',(0.,5.7912,-5.3721));
#8776=CARTESIAN_POINT('',(8.9154,5.7912,-4.8133));
#8777=CARTESIAN_POINT('',(8.4455,5.7912,-4.8133));
#8778=CARTESIAN_POINT('',(8.4455,5.7912,-4.8133));
#8779=CARTESIAN_POINT('',(8.4455,5.7912,4.8133));
#8780=CARTESIAN_POINT('',(8.4455,5.7912,4.8133));
#8781=CARTESIAN_POINT('',(8.9154,7.3152,-4.8133));
#8782=CARTESIAN_POINT('',(-8.9154,7.0612,-4.8133));
#8783=CARTESIAN_POINT('',(-8.9154,5.7912,-4.8133));
#8784=CARTESIAN_POINT('',(-8.4455,5.7912,-4.8133));
#8785=CARTESIAN_POINT('',(-8.4455,5.7912,-4.8133));
#8786=CARTESIAN_POINT('',(-8.4455,4.6482,-4.8133));
#8787=CARTESIAN_POINT('',(-8.4455,4.6482,-4.8133));
#8788=CARTESIAN_POINT('',(8.4455,4.6482,-4.8133));
#8789=CARTESIAN_POINT('',(8.4455,4.6482,-4.8133));
#8790=CARTESIAN_POINT('',(8.4455,4.6482,-4.8133));
#8791=CARTESIAN_POINT('',(8.4455,7.3152,-3.1242));
#8792=CARTESIAN_POINT('',(-6.985,4.6482,-3.1242));
#8793=CARTESIAN_POINT('',(-6.985,4.6482,-3.1242));
#8794=CARTESIAN_POINT('',(-8.4455,4.6482,-3.1242));
#8795=CARTESIAN_POINT('',(-8.4455,4.6482,-3.1242));
#8796=CARTESIAN_POINT('',(-8.4455,1.27,-3.1242));
#8797=CARTESIAN_POINT('',(-6.985,1.27,-3.1242));
#8798=CARTESIAN_POINT('',(-6.985,1.27,-3.1242));
#8799=CARTESIAN_POINT('',(-6.985,1.27,-3.1242));
#8800=CARTESIAN_POINT('',(0.,1.27,-5.3721));
#8801=CARTESIAN_POINT('',(-8.4455,1.27,-3.1242));
#8802=CARTESIAN_POINT('',(-8.4455,1.27,-0.635));
#8803=CARTESIAN_POINT('',(-8.4455,1.27,-0.635));
#8804=CARTESIAN_POINT('',(-6.985,1.27,-0.635));
#8805=CARTESIAN_POINT('',(-6.985,1.27,-0.635));
#8806=CARTESIAN_POINT('',(-6.985,0.,0.));
#8807=CARTESIAN_POINT('',(-6.985,0.564311642327722,-0.635));
#8808=CARTESIAN_POINT('',(-6.985,0.564311642327722,-0.635));
#8809=CARTESIAN_POINT('',(-6.985,0.564311642327722,-0.635));
#8810=CARTESIAN_POINT('',(-6.985,0.564311642327722,-4.29059791357746));
#8811=CARTESIAN_POINT('',(-6.985,0.564311642327722,-4.29059791357746));
#8812=CARTESIAN_POINT('',(-6.985,4.6482,-4.29059791357746));
#8813=CARTESIAN_POINT('',(-6.985,4.6482,-3.1242));
#8814=CARTESIAN_POINT('',(6.985,0.564311642327722,-4.29059791357746));
#8815=CARTESIAN_POINT('',(-6.985,4.6482,-4.29059791357746));
#8816=CARTESIAN_POINT('',(6.985,4.6482,-4.29059791357746));
#8817=CARTESIAN_POINT('',(6.985,0.564311642327722,-4.29059791357746));
#8818=CARTESIAN_POINT('',(6.985,0.564311642327722,-4.29059791357746));
#8819=CARTESIAN_POINT('',(6.985,0.564311642327722,-4.29059791357746));
#8820=CARTESIAN_POINT('',(0.,4.6482,-5.3721));
#8821=CARTESIAN_POINT('',(8.4455,4.6482,-3.1242));
#8822=CARTESIAN_POINT('',(8.4455,4.6482,-3.1242));
#8823=CARTESIAN_POINT('',(6.985,4.6482,-3.1242));
#8824=CARTESIAN_POINT('',(8.4455,4.6482,-3.1242));
#8825=CARTESIAN_POINT('',(-8.4455,4.6482,-3.1242));
#8826=CARTESIAN_POINT('',(6.985,4.6482,-3.1242));
#8827=CARTESIAN_POINT('',(8.4455,7.3152,-3.1242));
#8828=CARTESIAN_POINT('',(8.4455,1.27,-3.1242));
#8829=CARTESIAN_POINT('',(8.4455,1.27,-3.1242));
#8830=CARTESIAN_POINT('',(6.985,1.27,-3.1242));
#8831=CARTESIAN_POINT('',(8.4455,4.6482,-3.1242));
#8832=CARTESIAN_POINT('',(6.985,1.27,-3.1242));
#8833=CARTESIAN_POINT('',(0.,1.27,-5.3721));
#8834=CARTESIAN_POINT('',(6.985,1.27,-0.635));
#8835=CARTESIAN_POINT('',(6.985,1.27,-0.635));
#8836=CARTESIAN_POINT('',(8.4455,1.27,-0.635));
#8837=CARTESIAN_POINT('',(8.4455,1.27,-0.635));
#8838=CARTESIAN_POINT('',(6.985,1.27,-0.635));
#8839=CARTESIAN_POINT('',(6.985,0.,0.));
#8840=CARTESIAN_POINT('',(6.985,0.564311642327722,-0.635));
#8841=CARTESIAN_POINT('',(6.985,0.564311642327722,-0.635));
#8842=CARTESIAN_POINT('',(6.985,0.564311642327722,-0.635));
#8843=CARTESIAN_POINT('',(8.4455,1.27,-0.635));
#8844=CARTESIAN_POINT('',(-6.985,0.564311642327722,-0.635));
#8845=CARTESIAN_POINT('',(-8.4455,1.27,-0.635));
#8846=CARTESIAN_POINT('',(-8.4455,0.508,-0.635));
#8847=CARTESIAN_POINT('',(8.4455,0.508,-0.635));
#8848=CARTESIAN_POINT('',(8.4455,0.508,-0.635));
#8849=CARTESIAN_POINT('',(8.4455,1.27,-0.635));
#8850=CARTESIAN_POINT('',(6.985,0.564311642327722,4.29059791357746));
#8851=CARTESIAN_POINT('',(-5.69843416830572,0.564311642327722,-3.18955213115222));
#8852=CARTESIAN_POINT('',(-5.69843416830566,0.564311642327731,-3.18955213115205));
#8853=CARTESIAN_POINT('',(-3.49636583169428,0.564311642327722,-2.52544786884803));
#8854=CARTESIAN_POINT('',(-5.69843416830559,0.564311642327728,-2.52544786884806));
#8855=CARTESIAN_POINT('',(-5.69843416830572,0.564311642327722,-2.52544786884803));
#8856=CARTESIAN_POINT('',(-5.8039,1.27,-2.06453204904753));
#8857=CARTESIAN_POINT('',(-5.80976899986886,1.30927039508522,-3.37529120917746));
#8858=CARTESIAN_POINT('',(-5.61372819130958,-0.000273304726522296,-3.04878529386756));
#8859=CARTESIAN_POINT('',(-5.81369120917748,1.33551451036857,-2.33316539797255));
#8860=CARTESIAN_POINT('',(-5.61372819130958,-0.000273304726522296,-2.66621470613244));
#8861=CARTESIAN_POINT('',(-5.61409722828662,0.,-5.3721));
#8862=CARTESIAN_POINT('',(6.985,0.564311642327722,4.29059791357746));
#8863=CARTESIAN_POINT('',(-3.5814,0.564311642327722,-2.6035));
#8864=CARTESIAN_POINT('',(-3.5814,0.564311642327722,-2.6035));
#8865=CARTESIAN_POINT('',(-3.5814,0.564311642327722,-3.1115));
#8866=CARTESIAN_POINT('',(-3.5814,0.564311642327722,-3.1115));
#8867=CARTESIAN_POINT('',(-5.6134,0.564311642327722,-3.1115));
#8868=CARTESIAN_POINT('',(-5.6134,0.564311642327722,-2.6035));
#8869=CARTESIAN_POINT('',(-5.6134,0.564311642327722,-2.6035));
#8870=CARTESIAN_POINT('',(-3.5814,0.564311642327722,-2.6035));
#8871=CARTESIAN_POINT('',(-4.5974,1.27,-3.1115));
#8872=CARTESIAN_POINT('',(-5.6134,0.251261642881907,-3.1115));
#8873=CARTESIAN_POINT('',(-5.6134,0.251261642881968,-3.1115));
#8874=CARTESIAN_POINT('',(-3.5814,0.564311642327722,-3.1115));
#8875=CARTESIAN_POINT('',(-3.5814,0.251261642881968,-3.1115));
#8876=CARTESIAN_POINT('',(-5.6134,0.251261642881907,-3.1115));
#8877=CARTESIAN_POINT('',(-6.08886795095196,1.27,-3.3655));
#8878=CARTESIAN_POINT('',(-3.5814,1.27,-3.3655));
#8879=CARTESIAN_POINT('',(-5.6134,-5.628543740057,-1.64549986676504));
#8880=CARTESIAN_POINT('',(-5.8674,-0.127,-2.6035));
#8881=CARTESIAN_POINT('',(-5.8674,-0.127,-2.6035));
#8882=CARTESIAN_POINT('',(-3.58140000000002,-0.127,-2.6035));
#8883=CARTESIAN_POINT('',(-3.3274,-0.127,-2.6035));
#8884=CARTESIAN_POINT('',(-3.3274,-0.127,-2.6035));
#8885=CARTESIAN_POINT('',(-3.3274,-0.127,-3.1115));
#8886=CARTESIAN_POINT('',(-4.5974,-0.127,-3.1115));
#8887=CARTESIAN_POINT('',(-3.58140000000002,-0.127,-3.1115));
#8888=CARTESIAN_POINT('',(-3.5814,-0.127,-2.6035));
#8889=CARTESIAN_POINT('',(-3.3274,-0.127,-2.6035));
#8890=CARTESIAN_POINT('',(-3.58140000000023,-1.651,-2.6035));
#8891=CARTESIAN_POINT('',(-3.58140000000015,-1.651,-2.6035));
#8892=CARTESIAN_POINT('',(-3.58140000000015,-1.651,-3.1115));
#8893=CARTESIAN_POINT('',(-3.3274,-0.127,-3.1115));
#8894=CARTESIAN_POINT('',(-3.3274,-0.127,-2.6035));
#8895=CARTESIAN_POINT('',(-5.6134,-1.651,-2.6035));
#8896=CARTESIAN_POINT('',(-5.6134,-1.651,-2.6035));
#8897=CARTESIAN_POINT('',(-3.9624,-1.651,-2.6035));
#8898=CARTESIAN_POINT('',(-3.9624,-1.651,-2.6035));
#8899=CARTESIAN_POINT('',(-3.9624,-1.651,-3.1115));
#8900=CARTESIAN_POINT('',(-4.5974,-1.651,-3.1115));
#8901=CARTESIAN_POINT('',(-3.9624,-5.8674,-2.6035));
#8902=CARTESIAN_POINT('',(-3.9624,-5.2324,-3.1115));
#8903=CARTESIAN_POINT('',(-3.9624,-5.2324,-3.1115));
#8904=CARTESIAN_POINT('',(-3.9624,-5.2324,-2.6035));
#8905=CARTESIAN_POINT('',(-3.9624,-5.2324,-2.6035));
#8906=CARTESIAN_POINT('',(-3.9624,-5.2324,-2.6035));
#8907=CARTESIAN_POINT('',(-4.5974,1.27,-3.1115));
#8908=CARTESIAN_POINT('',(-3.5814,0.,-3.1115));
#8909=CARTESIAN_POINT('',(-3.5814,0.,-3.1115));
#8910=CARTESIAN_POINT('',(-4.5974,-5.2324,-3.1115));
#8911=CARTESIAN_POINT('',(-5.2324,-5.2324,-3.1115));
#8912=CARTESIAN_POINT('',(-5.2324,-5.2324,-3.1115));
#8913=CARTESIAN_POINT('',(-5.2324,-1.651,-3.1115));
#8914=CARTESIAN_POINT('',(-5.6134,-1.651,-3.1115));
#8915=CARTESIAN_POINT('',(-5.6134,-1.651,-3.1115));
#8916=CARTESIAN_POINT('',(-5.6134,-1.651,-3.1115));
#8917=CARTESIAN_POINT('',(-5.8674,-0.127,-3.1115));
#8918=CARTESIAN_POINT('',(-5.8674,-0.127,-3.1115));
#8919=CARTESIAN_POINT('',(-5.6134,-0.127,-3.1115));
#8920=CARTESIAN_POINT('',(-5.6134,-0.127,-3.1115));
#8921=CARTESIAN_POINT('',(-5.6134,0.,-3.1115));
#8922=CARTESIAN_POINT('',(-3.5814,0.,-3.1115));
#8923=CARTESIAN_POINT('',(-4.5974,-5.2324,-0.657553010705166));
#8924=CARTESIAN_POINT('',(-4.5974,-5.2324,-2.6035));
#8925=CARTESIAN_POINT('',(-5.2324,-5.2324,-2.6035));
#8926=CARTESIAN_POINT('',(-5.2324,-5.2324,-2.6035));
#8927=CARTESIAN_POINT('',(-5.2324,-1.651,-2.6035));
#8928=CARTESIAN_POINT('',(-5.2324,-5.2324,-2.6035));
#8929=CARTESIAN_POINT('',(-5.2324,-1.651,-2.6035));
#8930=CARTESIAN_POINT('',(-5.2324,-1.651,-2.6035));
#8931=CARTESIAN_POINT('',(-5.6134,-1.651,-2.6035));
#8932=CARTESIAN_POINT('',(-5.6134,-1.651,-2.6035));
#8933=CARTESIAN_POINT('',(-5.6134,-1.651,-2.6035));
#8934=CARTESIAN_POINT('',(-5.6134,-1.651,-2.6035));
#8935=CARTESIAN_POINT('',(-5.6134,-1.651,-2.6035));
#8936=CARTESIAN_POINT('',(-5.8674,-0.127,-2.6035));
#8937=CARTESIAN_POINT('',(-5.8674,-0.127,-2.6035));
#8938=CARTESIAN_POINT('',(-5.6134,-1.651,-2.6035));
#8939=CARTESIAN_POINT('',(-5.8674,-0.127,-2.6035));
#8940=CARTESIAN_POINT('',(-5.8674,-0.127,-2.6035));
#8941=CARTESIAN_POINT('',(-5.6134,-0.127,-2.6035));
#8942=CARTESIAN_POINT('',(-5.6134,-0.127,-2.6035));
#8943=CARTESIAN_POINT('',(-5.6134,-5.8674,-2.6035));
#8944=CARTESIAN_POINT('',(-5.6134,1.27,-2.3495));
#8945=CARTESIAN_POINT('',(-5.6134,0.251261642881955,-2.6035));
#8946=CARTESIAN_POINT('',(-5.6134,0.251261642881881,-2.6035));
#8947=CARTESIAN_POINT('',(-5.6134,0.,-5.3721));
#8948=CARTESIAN_POINT('',(-5.6134,-0.127,-2.6035));
#8949=CARTESIAN_POINT('',(-5.6134,0.,-2.6035));
#8950=CARTESIAN_POINT('',(-5.6134,0.,-5.3721));
#8951=CARTESIAN_POINT('',(-4.5974,1.27,-2.6035));
#8952=CARTESIAN_POINT('',(-3.5814,0.564311642327722,-2.6035));
#8953=CARTESIAN_POINT('',(-3.5814,0.251261642881955,-2.6035));
#8954=CARTESIAN_POINT('',(-3.5814,0.251261642881881,-2.6035));
#8955=CARTESIAN_POINT('',(-3.10593204904804,1.27,-2.3495));
#8956=CARTESIAN_POINT('',(-3.5814,1.21037711152618,-2.36436565570692));
#8957=CARTESIAN_POINT('',(-3.5814,1.27,-2.6035));
#8958=CARTESIAN_POINT('',(-3.5814,0.,-2.6035));
#8959=CARTESIAN_POINT('',(-3.5814,0.,-2.6035));
#8960=CARTESIAN_POINT('',(-3.5814,0.,-2.6035));
#8961=CARTESIAN_POINT('',(-3.5814,0.,-2.6035));
#8962=CARTESIAN_POINT('',(-4.5974,1.27,-2.6035));
#8963=CARTESIAN_POINT('',(-3.5814,0.,-2.6035));
#8964=CARTESIAN_POINT('',(7.65302,-1.14808,4.48151433260238));
#8965=CARTESIAN_POINT('',(7.65302,-1.778,4.445));
#8966=CARTESIAN_POINT('',(7.65302,-1.778,4.445));
#8967=CARTESIAN_POINT('',(7.65302,-1.778,2.1844));
#8968=CARTESIAN_POINT('',(7.65302,-1.14808,4.445));
#8969=CARTESIAN_POINT('',(7.0231,-1.14808,4.445));
#8970=CARTESIAN_POINT('',(7.0231,-1.14808,4.44499999957582));
#8971=CARTESIAN_POINT('',(7.0231,-1.14808,2.1844));
#8972=CARTESIAN_POINT('',(7.65302,-1.14808,2.1844));
#8973=CARTESIAN_POINT('',(11.47572,-0.508,0.1524));
#8974=CARTESIAN_POINT('',(8.2931,-0.508,2.1844));
#8975=CARTESIAN_POINT('',(8.2931,-0.508,2.1844));
#8976=CARTESIAN_POINT('',(7.0231,-0.508,2.1844));
#8977=CARTESIAN_POINT('',(7.0231,-0.508,0.1524));
#8978=CARTESIAN_POINT('',(7.0231,-0.508,0.1524));
#8979=CARTESIAN_POINT('',(8.2931,-0.508,0.1524));
#8980=CARTESIAN_POINT('',(8.2931,-0.508,0.1524));
#8981=CARTESIAN_POINT('',(8.2931,-0.508,0.1524));
#8982=CARTESIAN_POINT('',(7.65302,-1.14808,4.48151433260238));
#8983=CARTESIAN_POINT('',(7.0231,-1.14808,0.1524));
#8984=CARTESIAN_POINT('',(7.0231,-1.14808,0.1524));
#8985=CARTESIAN_POINT('',(7.0231,-1.14808,-4.445));
#8986=CARTESIAN_POINT('',(7.65302,-1.14808,-4.44500000038862));
#8987=CARTESIAN_POINT('',(7.65302,-1.778,-4.445));
#8988=CARTESIAN_POINT('',(7.65302,-1.778,0.1524));
#8989=CARTESIAN_POINT('',(7.65302,-1.778,0.1524));
#8990=CARTESIAN_POINT('',(7.65302,-1.14808,0.1524));
#8991=CARTESIAN_POINT('',(7.6581,0.,-4.445));
#8992=CARTESIAN_POINT('',(7.0231,0.,-4.445));
#8993=CARTESIAN_POINT('',(7.0231,0.,-4.445));
#8994=CARTESIAN_POINT('',(7.6581,0.,-4.445));
#8995=CARTESIAN_POINT('',(8.2931,0.,-4.445));
#8996=CARTESIAN_POINT('',(8.2931,0.,-4.445));
#8997=CARTESIAN_POINT('',(8.2931,-1.14808,-4.445));
#8998=CARTESIAN_POINT('',(7.6581,-1.14808,-4.445));
#8999=CARTESIAN_POINT('',(7.02466324167158,-1.12829373464144,-4.40514753589254));
#9000=CARTESIAN_POINT('',(7.01273016500438,-1.50876115673835,-4.40439677032016));
#9001=CARTESIAN_POINT('',(7.27820823775304,-1.78104931621936,-4.42109923544704));
#9002=CARTESIAN_POINT('',(7.6581,-1.77797951579586,-4.445));
#9003=CARTESIAN_POINT('',(7.00013809111568,-1.12829373464144,-4.7949636291544));
#9004=CARTESIAN_POINT('',(6.98774299436922,-1.50876115673835,-4.80155646223998));
#9005=CARTESIAN_POINT('',(7.26349974074388,-1.78104931621936,-4.65488409348726));
#9006=CARTESIAN_POINT('',(7.6581,-1.77797951579586,-4.445));
#9007=CARTESIAN_POINT('',(7.26751317307006,-1.12829373464144,-5.07968917266636));
#9008=CARTESIAN_POINT('',(7.26015505485008,-1.50876115673835,-5.09164584309892));
#9009=CARTESIAN_POINT('',(7.42385290896502,-1.78104931621936,-4.82564287415342));
#9010=CARTESIAN_POINT('',(7.6581,-1.77797951579586,-4.445));
#9011=CARTESIAN_POINT('',(7.65810000026416,-1.12829373464144,-5.07968917250634));
#9012=CARTESIAN_POINT('',(7.6581000002667,-1.50876115673835,-5.09164584293382));
#9013=CARTESIAN_POINT('',(7.65810000015748,-1.78104931621936,-4.8256428740569));
#9014=CARTESIAN_POINT('',(7.6581,-1.77797951579586,-4.445));
#9015=CARTESIAN_POINT('',(8.04868682745572,-1.12829373464144,-5.07968917234378));
#9016=CARTESIAN_POINT('',(8.05604494568332,-1.50876115673835,-5.09164584276872));
#9017=CARTESIAN_POINT('',(7.89234709135248,-1.78104931621936,-4.82564287396038));
#9018=CARTESIAN_POINT('',(7.6581,-1.77797951579586,-4.445));
#9019=CARTESIAN_POINT('',(8.31606190917388,-1.12829373464144,-4.79496362861084));
#9020=CARTESIAN_POINT('',(8.32845700592796,-1.50876115673835,-4.80155646168626));
#9021=CARTESIAN_POINT('',(8.05270025942884,-1.78104931621936,-4.6548840931596));
#9022=CARTESIAN_POINT('',(7.6581,-1.77797951579586,-4.445));
#9023=CARTESIAN_POINT('',(8.2915367582954,-1.12829373464144,-4.40514753536676));
#9024=CARTESIAN_POINT('',(8.3034698349626,-1.50876115673835,-4.40439676978676));
#9025=CARTESIAN_POINT('',(8.03799176222918,-1.78104931621936,-4.42109923513208));
#9026=CARTESIAN_POINT('',(7.6581,-1.77797951579586,-4.445));
#9027=CARTESIAN_POINT('',(7.66318,-1.14808,-4.445));
#9028=CARTESIAN_POINT('',(7.66318,-1.778,-4.445));
#9029=CARTESIAN_POINT('',(7.6581,-1.778,-4.445));
#9030=CARTESIAN_POINT('',(7.66318,-1.14808,-4.48151433260238));
#9031=CARTESIAN_POINT('',(7.66318,-1.778,-4.445));
#9032=CARTESIAN_POINT('',(7.66318,-1.778,0.1524));
#9033=CARTESIAN_POINT('',(8.2931,-1.14808,-4.44499999957582));
#9034=CARTESIAN_POINT('',(8.2931,-1.14808,0.1524));
#9035=CARTESIAN_POINT('',(7.66318,-1.14808,0.1524));
#9036=CARTESIAN_POINT('',(0.,-1.778,0.));
#9037=CARTESIAN_POINT('',(7.65302,-1.778,0.1524));
#9038=CARTESIAN_POINT('',(11.47572,-1.778,0.1524));
#9039=CARTESIAN_POINT('',(8.2931,-1.14808,0.1524));
#9040=CARTESIAN_POINT('',(7.0231,-1.14808,0.1524));
#9041=CARTESIAN_POINT('',(8.2931,0.,-4.445));
#9042=CARTESIAN_POINT('',(8.2931,0.,-4.445));
#9043=CARTESIAN_POINT('',(8.2931,0.,4.445));
#9044=CARTESIAN_POINT('',(8.2931,0.,4.445));
#9045=CARTESIAN_POINT('',(8.2931,-1.14808,4.445));
#9046=CARTESIAN_POINT('',(8.2931,-1.14808,2.1844));
#9047=CARTESIAN_POINT('',(8.2931,-1.14808,2.1844));
#9048=CARTESIAN_POINT('',(8.2931,-1.14808,2.1844));
#9049=CARTESIAN_POINT('',(7.66318,-1.14808,-4.48151433260238));
#9050=CARTESIAN_POINT('',(7.66318,-1.14808,4.44500000038862));
#9051=CARTESIAN_POINT('',(7.66318,-1.778,4.445));
#9052=CARTESIAN_POINT('',(7.66318,-1.778,2.1844));
#9053=CARTESIAN_POINT('',(7.66318,-1.778,2.1844));
#9054=CARTESIAN_POINT('',(7.66318,-1.14808,2.1844));
#9055=CARTESIAN_POINT('',(11.47572,-0.508,2.1844));
#9056=CARTESIAN_POINT('',(7.0231,-1.14808,2.1844));
#9057=CARTESIAN_POINT('',(7.65302,-1.778,2.1844));
#9058=CARTESIAN_POINT('',(0.,-1.778,0.));
#9059=CARTESIAN_POINT('',(7.6581,-1.778,4.445));
#9060=CARTESIAN_POINT('',(8.29153675832842,-1.12829373464144,4.40514753589254));
#9061=CARTESIAN_POINT('',(8.30346983499562,-1.50876115673835,4.40439677032016));
#9062=CARTESIAN_POINT('',(8.03799176224696,-1.78104931621936,4.42109923544704));
#9063=CARTESIAN_POINT('',(7.6581,-1.77797951579586,4.445));
#9064=CARTESIAN_POINT('',(8.31606190888432,-1.12829373464144,4.7949636291544));
#9065=CARTESIAN_POINT('',(8.32845700563078,-1.50876115673835,4.80155646223998));
#9066=CARTESIAN_POINT('',(8.05270025925612,-1.78104931621936,4.65488409348726));
#9067=CARTESIAN_POINT('',(7.6581,-1.77797951579586,4.445));
#9068=CARTESIAN_POINT('',(8.04868682692994,-1.12829373464144,5.07968917266636));
#9069=CARTESIAN_POINT('',(8.05604494514992,-1.50876115673835,5.09164584309892));
#9070=CARTESIAN_POINT('',(7.89234709103498,-1.78104931621936,4.82564287415342));
#9071=CARTESIAN_POINT('',(7.6581,-1.77797951579586,4.445));
#9072=CARTESIAN_POINT('',(7.65809999973584,-1.12829373464144,5.07968917250634));
#9073=CARTESIAN_POINT('',(7.6580999997333,-1.50876115673835,5.09164584293382));
#9074=CARTESIAN_POINT('',(7.65809999984252,-1.78104931621936,4.8256428740569));
#9075=CARTESIAN_POINT('',(7.6581,-1.77797951579586,4.445));
#9076=CARTESIAN_POINT('',(7.26751317254428,-1.12829373464144,5.07968917234378));
#9077=CARTESIAN_POINT('',(7.26015505431668,-1.50876115673835,5.09164584276872));
#9078=CARTESIAN_POINT('',(7.42385290864752,-1.78104931621936,4.82564287396038));
#9079=CARTESIAN_POINT('',(7.6581,-1.77797951579586,4.445));
#9080=CARTESIAN_POINT('',(7.00013809082612,-1.12829373464144,4.79496362861084));
#9081=CARTESIAN_POINT('',(6.98774299407204,-1.50876115673835,4.80155646168626));
#9082=CARTESIAN_POINT('',(7.26349974057116,-1.78104931621936,4.6548840931596));
#9083=CARTESIAN_POINT('',(7.6581,-1.77797951579586,4.445));
#9084=CARTESIAN_POINT('',(7.0246632417046,-1.12829373464144,4.40514753536676));
#9085=CARTESIAN_POINT('',(7.0127301650374,-1.50876115673835,4.40439676978676));
#9086=CARTESIAN_POINT('',(7.27820823777082,-1.78104931621936,4.42109923513208));
#9087=CARTESIAN_POINT('',(7.6581,-1.77797951579586,4.445));
#9088=CARTESIAN_POINT('',(7.6581,-1.14808,4.445));
#9089=CARTESIAN_POINT('',(7.6581,0.,4.445));
#9090=CARTESIAN_POINT('',(7.6581,0.,4.445));
#9091=CARTESIAN_POINT('',(7.0231,0.,4.445));
#9092=CARTESIAN_POINT('',(7.0231,0.,4.445));
#9093=CARTESIAN_POINT('',(-7.65302,-1.14808,-4.48151433260238));
#9094=CARTESIAN_POINT('',(-7.65302,-1.778,-4.445));
#9095=CARTESIAN_POINT('',(-7.65302,-1.778,-4.445));
#9096=CARTESIAN_POINT('',(-7.65302,-1.778,0.1524));
#9097=CARTESIAN_POINT('',(-7.65302,-1.14808,-4.445));
#9098=CARTESIAN_POINT('',(-7.0231,-1.14808,-4.445));
#9099=CARTESIAN_POINT('',(-7.0231,-1.14808,-4.44499999957582));
#9100=CARTESIAN_POINT('',(-7.0231,-1.14808,0.1524));
#9101=CARTESIAN_POINT('',(-7.65302,-1.14808,0.1524));
#9102=CARTESIAN_POINT('',(-7.66318,-1.14808,4.48151433260238));
#9103=CARTESIAN_POINT('',(-7.66318,-1.778,4.445));
#9104=CARTESIAN_POINT('',(-7.66318,-1.778,4.445));
#9105=CARTESIAN_POINT('',(-7.66318,-1.778,2.1844));
#9106=CARTESIAN_POINT('',(-7.66318,-1.14808,4.445));
#9107=CARTESIAN_POINT('',(-8.2931,-1.14808,4.445));
#9108=CARTESIAN_POINT('',(-8.2931,-1.14808,4.44499999957582));
#9109=CARTESIAN_POINT('',(-8.2931,-1.14808,2.1844));
#9110=CARTESIAN_POINT('',(-7.66318,-1.14808,2.1844));
#9111=CARTESIAN_POINT('',(11.47572,-0.508,0.1524));
#9112=CARTESIAN_POINT('',(-7.0231,-0.508,0.1524));
#9113=CARTESIAN_POINT('',(-7.0231,-0.508,0.1524));
#9114=CARTESIAN_POINT('',(-8.2931,-0.508,0.1524));
#9115=CARTESIAN_POINT('',(-7.0231,-0.508,0.1524));
#9116=CARTESIAN_POINT('',(-7.0231,-0.508,2.1844));
#9117=CARTESIAN_POINT('',(-7.0231,-0.508,2.1844));
#9118=CARTESIAN_POINT('',(-8.2931,-0.508,2.1844));
#9119=CARTESIAN_POINT('',(-8.2931,-0.508,0.1524));
#9120=CARTESIAN_POINT('',(-7.65302,-1.14808,-4.48151433260238));
#9121=CARTESIAN_POINT('',(-7.0231,-1.14808,2.1844));
#9122=CARTESIAN_POINT('',(-7.0231,-1.14808,2.1844));
#9123=CARTESIAN_POINT('',(-7.0231,-1.14808,4.445));
#9124=CARTESIAN_POINT('',(-7.65302,-1.14808,4.44500000038862));
#9125=CARTESIAN_POINT('',(-7.65302,-1.778,4.445));
#9126=CARTESIAN_POINT('',(-7.65302,-1.778,2.1844));
#9127=CARTESIAN_POINT('',(-7.65302,-1.778,2.1844));
#9128=CARTESIAN_POINT('',(-7.65302,-1.14808,2.1844));
#9129=CARTESIAN_POINT('',(11.47572,-0.508,2.1844));
#9130=CARTESIAN_POINT('',(-8.2931,-1.14808,2.1844));
#9131=CARTESIAN_POINT('',(-7.0231,-1.14808,2.1844));
#9132=CARTESIAN_POINT('',(-7.66318,-1.778,2.1844));
#9133=CARTESIAN_POINT('',(0.,-1.778,0.));
#9134=CARTESIAN_POINT('',(-7.6581,-1.778,4.445));
#9135=CARTESIAN_POINT('',(-7.02466324167158,-1.12829373464144,4.40514753589254));
#9136=CARTESIAN_POINT('',(-7.01273016500438,-1.50876115673835,4.40439677032016));
#9137=CARTESIAN_POINT('',(-7.27820823775304,-1.78104931621936,4.42109923544704));
#9138=CARTESIAN_POINT('',(-7.6581,-1.77797951579586,4.445));
#9139=CARTESIAN_POINT('',(-7.00013809111568,-1.12829373464144,4.7949636291544));
#9140=CARTESIAN_POINT('',(-6.98774299436922,-1.50876115673835,4.80155646223998));
#9141=CARTESIAN_POINT('',(-7.26349974074388,-1.78104931621936,4.65488409348726));
#9142=CARTESIAN_POINT('',(-7.6581,-1.77797951579586,4.445));
#9143=CARTESIAN_POINT('',(-7.26751317307006,-1.12829373464144,5.07968917266636));
#9144=CARTESIAN_POINT('',(-7.26015505485008,-1.50876115673835,5.09164584309892));
#9145=CARTESIAN_POINT('',(-7.42385290896502,-1.78104931621936,4.82564287415342));
#9146=CARTESIAN_POINT('',(-7.6581,-1.77797951579586,4.445));
#9147=CARTESIAN_POINT('',(-7.65810000026416,-1.12829373464144,5.07968917250634));
#9148=CARTESIAN_POINT('',(-7.6581000002667,-1.50876115673835,5.09164584293382));
#9149=CARTESIAN_POINT('',(-7.65810000015748,-1.78104931621936,4.8256428740569));
#9150=CARTESIAN_POINT('',(-7.6581,-1.77797951579586,4.445));
#9151=CARTESIAN_POINT('',(-8.04868682745572,-1.12829373464144,5.07968917234378));
#9152=CARTESIAN_POINT('',(-8.05604494568332,-1.50876115673835,5.09164584276872));
#9153=CARTESIAN_POINT('',(-7.89234709135248,-1.78104931621936,4.82564287396038));
#9154=CARTESIAN_POINT('',(-7.6581,-1.77797951579586,4.445));
#9155=CARTESIAN_POINT('',(-8.31606190917388,-1.12829373464144,4.79496362861084));
#9156=CARTESIAN_POINT('',(-8.32845700592796,-1.50876115673835,4.80155646168626));
#9157=CARTESIAN_POINT('',(-8.05270025942884,-1.78104931621936,4.6548840931596));
#9158=CARTESIAN_POINT('',(-7.6581,-1.77797951579586,4.445));
#9159=CARTESIAN_POINT('',(-8.2915367582954,-1.12829373464144,4.40514753536676));
#9160=CARTESIAN_POINT('',(-8.3034698349626,-1.50876115673835,4.40439676978676));
#9161=CARTESIAN_POINT('',(-8.03799176222918,-1.78104931621936,4.42109923513208));
#9162=CARTESIAN_POINT('',(-7.6581,-1.77797951579586,4.445));
#9163=CARTESIAN_POINT('',(-7.6581,-1.14808,4.445));
#9164=CARTESIAN_POINT('',(-7.6581,0.,4.445));
#9165=CARTESIAN_POINT('',(-7.0231,0.,4.445));
#9166=CARTESIAN_POINT('',(-7.0231,0.,4.445));
#9167=CARTESIAN_POINT('',(-7.6581,0.,4.445));
#9168=CARTESIAN_POINT('',(-8.2931,0.,4.445));
#9169=CARTESIAN_POINT('',(-8.2931,0.,4.445));
#9170=CARTESIAN_POINT('',(-8.2931,0.,4.445));
#9171=CARTESIAN_POINT('',(-8.2931,0.,4.445));
#9172=CARTESIAN_POINT('',(-8.2931,0.,-4.445));
#9173=CARTESIAN_POINT('',(-8.2931,0.,-4.445));
#9174=CARTESIAN_POINT('',(-8.2931,-1.14808,-4.445));
#9175=CARTESIAN_POINT('',(-8.2931,-1.14808,0.1524));
#9176=CARTESIAN_POINT('',(-8.2931,-1.14808,0.1524));
#9177=CARTESIAN_POINT('',(-8.2931,-1.14808,0.1524));
#9178=CARTESIAN_POINT('',(-7.66318,-1.14808,4.48151433260238));
#9179=CARTESIAN_POINT('',(-7.66318,-1.14808,-4.44500000038862));
#9180=CARTESIAN_POINT('',(-7.66318,-1.778,-4.445));
#9181=CARTESIAN_POINT('',(-7.66318,-1.778,0.1524));
#9182=CARTESIAN_POINT('',(-7.66318,-1.778,0.1524));
#9183=CARTESIAN_POINT('',(-7.66318,-1.14808,0.1524));
#9184=CARTESIAN_POINT('',(11.47572,-1.778,0.1524));
#9185=CARTESIAN_POINT('',(-7.0231,-1.14808,0.1524));
#9186=CARTESIAN_POINT('',(-7.66318,-1.778,0.1524));
#9187=CARTESIAN_POINT('',(0.,-1.778,0.));
#9188=CARTESIAN_POINT('',(-7.6581,-1.778,-4.445));
#9189=CARTESIAN_POINT('',(-8.29153675832842,-1.12829373464144,-4.40514753589254));
#9190=CARTESIAN_POINT('',(-8.30346983499562,-1.50876115673835,-4.40439677032016));
#9191=CARTESIAN_POINT('',(-8.03799176224696,-1.78104931621936,-4.42109923544704));
#9192=CARTESIAN_POINT('',(-7.6581,-1.77797951579586,-4.445));
#9193=CARTESIAN_POINT('',(-8.31606190888432,-1.12829373464144,-4.7949636291544));
#9194=CARTESIAN_POINT('',(-8.32845700563078,-1.50876115673835,-4.80155646223998));
#9195=CARTESIAN_POINT('',(-8.05270025925612,-1.78104931621936,-4.65488409348726));
#9196=CARTESIAN_POINT('',(-7.6581,-1.77797951579586,-4.445));
#9197=CARTESIAN_POINT('',(-8.04868682692994,-1.12829373464144,-5.07968917266636));
#9198=CARTESIAN_POINT('',(-8.05604494514992,-1.50876115673835,-5.09164584309892));
#9199=CARTESIAN_POINT('',(-7.89234709103498,-1.78104931621936,-4.82564287415342));
#9200=CARTESIAN_POINT('',(-7.6581,-1.77797951579586,-4.445));
#9201=CARTESIAN_POINT('',(-7.65809999973584,-1.12829373464144,-5.07968917250634));
#9202=CARTESIAN_POINT('',(-7.6580999997333,-1.50876115673835,-5.09164584293382));
#9203=CARTESIAN_POINT('',(-7.65809999984252,-1.78104931621936,-4.8256428740569));
#9204=CARTESIAN_POINT('',(-7.6581,-1.77797951579586,-4.445));
#9205=CARTESIAN_POINT('',(-7.26751317254428,-1.12829373464144,-5.07968917234378));
#9206=CARTESIAN_POINT('',(-7.26015505431668,-1.50876115673835,-5.09164584276872));
#9207=CARTESIAN_POINT('',(-7.42385290864752,-1.78104931621936,-4.82564287396038));
#9208=CARTESIAN_POINT('',(-7.6581,-1.77797951579586,-4.445));
#9209=CARTESIAN_POINT('',(-7.00013809082612,-1.12829373464144,-4.79496362861084));
#9210=CARTESIAN_POINT('',(-6.98774299407204,-1.50876115673835,-4.80155646168626));
#9211=CARTESIAN_POINT('',(-7.26349974057116,-1.78104931621936,-4.6548840931596));
#9212=CARTESIAN_POINT('',(-7.6581,-1.77797951579586,-4.445));
#9213=CARTESIAN_POINT('',(-7.0246632417046,-1.12829373464144,-4.40514753536676));
#9214=CARTESIAN_POINT('',(-7.0127301650374,-1.50876115673835,-4.40439676978676));
#9215=CARTESIAN_POINT('',(-7.27820823777082,-1.78104931621936,-4.42109923513208));
#9216=CARTESIAN_POINT('',(-7.6581,-1.77797951579586,-4.445));
#9217=CARTESIAN_POINT('',(-7.6581,-1.14808,-4.445));
#9218=CARTESIAN_POINT('',(-7.6581,0.,-4.445));
#9219=CARTESIAN_POINT('',(-7.6581,0.,-4.445));
#9220=CARTESIAN_POINT('',(-7.0231,0.,-4.445));
#9221=CARTESIAN_POINT('',(-7.0231,0.,-4.445));
#9222=CARTESIAN_POINT('',(-7.0231,0.,-1.27));
#9223=CARTESIAN_POINT('',(7.0231,0.,-1.27));
#9224=CARTESIAN_POINT('',(7.0231,0.,-1.27));
#9225=CARTESIAN_POINT('',(7.0231,-0.2032,-1.27));
#9226=CARTESIAN_POINT('',(-7.0231,-0.2032,-1.27));
#9227=CARTESIAN_POINT('',(-7.0231,-0.2032,-1.27));
#9228=CARTESIAN_POINT('',(-7.0231,0.,-1.27));
#9229=CARTESIAN_POINT('',(-7.0231,0.,-1.27));
#9230=CARTESIAN_POINT('',(-7.0231,0.,-1.27));
#9231=CARTESIAN_POINT('',(-7.0231,0.,-4.445));
#9232=CARTESIAN_POINT('',(-7.0231,0.,1.27));
#9233=CARTESIAN_POINT('',(-7.0231,0.,1.27));
#9234=CARTESIAN_POINT('',(-7.0231,-0.2032,1.27));
#9235=CARTESIAN_POINT('',(-7.0231,0.,1.27));
#9236=CARTESIAN_POINT('',(-7.0231,0.,-4.445));
#9237=CARTESIAN_POINT('',(-7.0231,-0.2032,1.27));
#9238=CARTESIAN_POINT('',(0.,-0.2032,0.));
#9239=CARTESIAN_POINT('',(7.0231,-0.2032,1.27));
#9240=CARTESIAN_POINT('',(7.0231,-0.2032,1.27));
#9241=CARTESIAN_POINT('',(7.0231,-0.2032,1.27));
#9242=CARTESIAN_POINT('',(7.0231,0.,4.445));
#9243=CARTESIAN_POINT('',(7.0231,0.,-1.27));
#9244=CARTESIAN_POINT('',(7.0231,0.,4.445));
#9245=CARTESIAN_POINT('',(7.0231,0.,1.27));
#9246=CARTESIAN_POINT('',(7.0231,0.,1.27));
#9247=CARTESIAN_POINT('',(7.0231,0.,1.27));
#9248=CARTESIAN_POINT('',(7.0231,0.,1.27));
#9249=CARTESIAN_POINT('',(-9.5631,0.,-5.3721));
#9250=CARTESIAN_POINT('',(-9.1821,0.,-5.3721));
#9251=CARTESIAN_POINT('',(-9.1821,0.,-5.3721));
#9252=CARTESIAN_POINT('',(9.1821,0.,-5.3721));
#9253=CARTESIAN_POINT('',(9.1821,0.,-4.9911));
#9254=CARTESIAN_POINT('',(9.5631,0.,-4.9911));
#9255=CARTESIAN_POINT('',(9.5631,0.,-4.9911));
#9256=CARTESIAN_POINT('',(9.5631,0.,4.9911));
#9257=CARTESIAN_POINT('',(9.1821,0.,4.9911));
#9258=CARTESIAN_POINT('',(9.1821,0.,5.3721));
#9259=CARTESIAN_POINT('',(-9.1821,0.,5.3721));
#9260=CARTESIAN_POINT('',(-9.1821,0.,5.3721));
#9261=CARTESIAN_POINT('',(-9.1821,0.,4.9911));
#9262=CARTESIAN_POINT('',(-9.5631,0.,4.9911));
#9263=CARTESIAN_POINT('',(-9.5631,0.,-4.9911));
#9264=CARTESIAN_POINT('',(-9.5631,0.,-4.9911));
#9265=CARTESIAN_POINT('',(-9.1821,0.,-4.9911));
#9266=CARTESIAN_POINT('',(0.,0.,-5.3721));
#9267=CARTESIAN_POINT('',(9.1821,7.3152,-5.3721));
#9268=CARTESIAN_POINT('',(9.1821,7.3152,-5.3721));
#9269=CARTESIAN_POINT('',(-9.1821,7.3152,-5.3721));
#9270=CARTESIAN_POINT('',(9.1821,7.3152,-5.3721));
#9271=CARTESIAN_POINT('',(-9.1821,0.,-5.3721));
#9272=CARTESIAN_POINT('',(9.1821,7.35235833441064,-4.9911));
#9273=CARTESIAN_POINT('',(9.1821,7.3152,-4.9911));
#9274=CARTESIAN_POINT('',(9.5631,7.3152,-4.9911));
#9275=CARTESIAN_POINT('',(9.5631,7.3152,-4.9911));
#9276=CARTESIAN_POINT('',(9.5631,0.,-5.3721));
#9277=CARTESIAN_POINT('',(9.5631,7.3152,-4.9911));
#9278=CARTESIAN_POINT('',(9.5631,7.3152,4.9911));
#9279=CARTESIAN_POINT('',(9.5631,0.,4.9911));
#9280=CARTESIAN_POINT('',(9.1821,-0.0358104899193138,4.9911));
#9281=CARTESIAN_POINT('',(9.1821,7.3152,4.9911));
#9282=CARTESIAN_POINT('',(9.1821,7.3152,5.3721));
#9283=CARTESIAN_POINT('',(9.1821,0.,5.3721));
#9284=CARTESIAN_POINT('',(0.,0.,5.3721));
#9285=CARTESIAN_POINT('',(9.1821,7.3152,5.3721));
#9286=CARTESIAN_POINT('',(-9.1821,7.3152,5.3721));
#9287=CARTESIAN_POINT('',(-9.1821,7.3152,5.3721));
#9288=CARTESIAN_POINT('',(-9.1821,7.35171433260238,4.9911));
#9289=CARTESIAN_POINT('',(-9.1821,7.3152,4.9911));
#9290=CARTESIAN_POINT('',(-9.5631,7.3152,4.9911));
#9291=CARTESIAN_POINT('',(-9.5631,7.3152,4.9911));
#9292=CARTESIAN_POINT('',(-9.5631,7.3152,-5.3721));
#9293=CARTESIAN_POINT('',(-9.5631,7.3152,-4.9911));
#9294=CARTESIAN_POINT('',(-9.5631,7.3152,-4.9911));
#9295=CARTESIAN_POINT('',(-9.5631,0.,-4.9911));
#9296=CARTESIAN_POINT('',(-9.1821,-0.0358104899193138,-4.9911));
#9297=CARTESIAN_POINT('',(-9.1821,7.3152,-4.9911));
#9298=CARTESIAN_POINT('',(9.5631,7.3152,-5.3721));
#9299=CARTESIAN_POINT('',(-8.9154,7.3152,4.95994696837426));
#9300=CARTESIAN_POINT('',(-8.9154,7.3152,4.95994696837426));
#9301=CARTESIAN_POINT('',(-8.9154,7.3152,-4.95994696837426));
#9302=CARTESIAN_POINT('',(-8.9154,7.3152,4.95994696837426));
#9303=CARTESIAN_POINT('',(-8.9154,7.0612,4.8133));
#9304=CARTESIAN_POINT('',(-8.9154,7.0612,4.8133));
#9305=CARTESIAN_POINT('',(-8.9154,7.3152,4.95994696837426));
#9306=CARTESIAN_POINT('',(-8.9154,7.3152,-4.8133));
#9307=CARTESIAN_POINT('',(-8.9154,7.0612,4.8133));
#9308=CARTESIAN_POINT('',(-8.9154,5.7912,4.8133));
#9309=CARTESIAN_POINT('',(-8.9154,5.7912,-4.8133));
#9310=CARTESIAN_POINT('',(0.,5.7912,-5.3721));
#9311=CARTESIAN_POINT('',(-8.9154,5.7912,4.8133));
#9312=CARTESIAN_POINT('',(-8.4455,5.7912,4.8133));
#9313=CARTESIAN_POINT('',(-8.4455,5.7912,4.8133));
#9314=CARTESIAN_POINT('',(-8.9154,7.3152,4.8133));
#9315=CARTESIAN_POINT('',(8.4455,4.6482,4.8133));
#9316=CARTESIAN_POINT('',(8.4455,4.6482,4.8133));
#9317=CARTESIAN_POINT('',(-8.4455,4.6482,4.8133));
#9318=CARTESIAN_POINT('',(-8.4455,4.6482,4.8133));
#9319=CARTESIAN_POINT('',(-8.4455,4.6482,4.8133));
#9320=CARTESIAN_POINT('',(-8.4455,4.5212,1.651));
#9321=CARTESIAN_POINT('',(-8.4455,4.5212,1.651));
#9322=CARTESIAN_POINT('',(-8.4455,4.5212,1.651));
#9323=CARTESIAN_POINT('',(-6.985,4.5212,1.651));
#9324=CARTESIAN_POINT('',(-8.4455,4.5212,1.651));
#9325=CARTESIAN_POINT('',(-8.4455,1.27,1.651));
#9326=CARTESIAN_POINT('',(-8.4455,1.27,1.651));
#9327=CARTESIAN_POINT('',(-6.985,1.27,1.651));
#9328=CARTESIAN_POINT('',(-6.985,1.27,1.651));
#9329=CARTESIAN_POINT('',(-8.4455,4.6482,4.1402));
#9330=CARTESIAN_POINT('',(-8.4455,1.27,4.1402));
#9331=CARTESIAN_POINT('',(-8.4455,1.27,4.1402));
#9332=CARTESIAN_POINT('',(-6.985,1.27,4.1402));
#9333=CARTESIAN_POINT('',(-8.4455,4.6482,4.1402));
#9334=CARTESIAN_POINT('',(-8.4455,4.6482,4.1402));
#9335=CARTESIAN_POINT('',(-8.4455,4.6482,4.1402));
#9336=CARTESIAN_POINT('',(-6.985,4.6482,4.1402));
#9337=CARTESIAN_POINT('',(-6.985,1.27,4.1402));
#9338=CARTESIAN_POINT('',(0.,1.27,-5.3721));
#9339=CARTESIAN_POINT('',(-8.4455,1.27,1.651));
#9340=CARTESIAN_POINT('',(-6.985,1.27,4.1402));
#9341=CARTESIAN_POINT('',(-6.985,0.,0.));
#9342=CARTESIAN_POINT('',(-6.985,4.6482,4.29059791357746));
#9343=CARTESIAN_POINT('',(-6.985,4.6482,4.29059791357746));
#9344=CARTESIAN_POINT('',(-6.985,4.6482,4.29059791357746));
#9345=CARTESIAN_POINT('',(-6.985,0.564311642327722,4.29059791357746));
#9346=CARTESIAN_POINT('',(-6.985,0.564311642327722,4.29059791357746));
#9347=CARTESIAN_POINT('',(-6.985,0.564311642327722,0.635));
#9348=CARTESIAN_POINT('',(-6.985,0.564311642327722,0.635));
#9349=CARTESIAN_POINT('',(-6.985,4.5212,0.635));
#9350=CARTESIAN_POINT('',(-6.985,4.5212,0.635));
#9351=CARTESIAN_POINT('',(-8.4455,4.5212,0.635));
#9352=CARTESIAN_POINT('',(-8.4455,4.5212,0.635));
#9353=CARTESIAN_POINT('',(-8.4455,4.5212,0.635));
#9354=CARTESIAN_POINT('',(-8.4455,4.5212,0.635));
#9355=CARTESIAN_POINT('',(-8.4455,7.3152,-3.1242));
#9356=CARTESIAN_POINT('',(-8.4455,0.508,-0.635));
#9357=CARTESIAN_POINT('',(-8.4455,0.508,0.635));
#9358=CARTESIAN_POINT('',(-8.4455,4.6482,4.8133));
#9359=CARTESIAN_POINT('',(-8.4455,4.5212,0.635));
#9360=CARTESIAN_POINT('',(0.,0.508,-5.3721));
#9361=CARTESIAN_POINT('',(-8.4455,0.508,0.635));
#9362=CARTESIAN_POINT('',(8.4455,0.508,0.635));
#9363=CARTESIAN_POINT('',(8.4455,0.508,0.635));
#9364=CARTESIAN_POINT('',(8.4455,7.3152,3.1242));
#9365=CARTESIAN_POINT('',(8.4455,4.5212,0.635));
#9366=CARTESIAN_POINT('',(8.4455,4.5212,0.635));
#9367=CARTESIAN_POINT('',(8.4455,4.5212,1.651));
#9368=CARTESIAN_POINT('',(8.4455,4.5212,1.651));
#9369=CARTESIAN_POINT('',(8.4455,1.27,1.651));
#9370=CARTESIAN_POINT('',(8.4455,1.27,4.1402));
#9371=CARTESIAN_POINT('',(8.4455,1.27,4.1402));
#9372=CARTESIAN_POINT('',(8.4455,4.6482,4.1402));
#9373=CARTESIAN_POINT('',(8.4455,4.6482,4.1402));
#9374=CARTESIAN_POINT('',(8.4455,4.6482,4.8133));
#9375=CARTESIAN_POINT('',(8.4455,0.508,0.635));
#9376=CARTESIAN_POINT('',(-8.4455,4.5212,0.635));
#9377=CARTESIAN_POINT('',(8.4328,4.5212,0.6604));
#9378=CARTESIAN_POINT('',(8.4328,4.5212,0.6604));
#9379=CARTESIAN_POINT('',(6.985,4.5212,0.6604));
#9380=CARTESIAN_POINT('',(6.985,4.5212,0.6604));
#9381=CARTESIAN_POINT('',(6.985,4.5212,1.651));
#9382=CARTESIAN_POINT('',(6.985,4.5212,1.651));
#9383=CARTESIAN_POINT('',(8.4328,4.5212,0.635));
#9384=CARTESIAN_POINT('',(8.4328,4.5212,0.635));
#9385=CARTESIAN_POINT('',(8.4328,4.5212,0.635));
#9386=CARTESIAN_POINT('',(-8.4455,4.5212,1.651));
#9387=CARTESIAN_POINT('',(6.985,1.27,1.651));
#9388=CARTESIAN_POINT('',(6.985,1.27,1.651));
#9389=CARTESIAN_POINT('',(6.985,1.27,1.651));
#9390=CARTESIAN_POINT('',(0.,1.27,-5.3721));
#9391=CARTESIAN_POINT('',(6.985,1.27,4.1402));
#9392=CARTESIAN_POINT('',(6.985,1.27,4.1402));
#9393=CARTESIAN_POINT('',(6.985,1.27,4.1402));
#9394=CARTESIAN_POINT('',(-8.4455,4.6482,4.1402));
#9395=CARTESIAN_POINT('',(6.985,4.6482,4.1402));
#9396=CARTESIAN_POINT('',(6.985,4.6482,4.1402));
#9397=CARTESIAN_POINT('',(6.985,1.27,4.1402));
#9398=CARTESIAN_POINT('',(0.,4.6482,-5.3721));
#9399=CARTESIAN_POINT('',(-6.985,4.6482,4.29059791357746));
#9400=CARTESIAN_POINT('',(6.985,4.6482,4.29059791357746));
#9401=CARTESIAN_POINT('',(6.985,4.6482,4.29059791357746));
#9402=CARTESIAN_POINT('',(6.985,6.6294,4.29059791357746));
#9403=CARTESIAN_POINT('',(6.985,0.564311642327722,4.29059791357746));
#9404=CARTESIAN_POINT('',(6.985,0.564311642327722,4.29059791357746));
#9405=CARTESIAN_POINT('',(6.985,4.6482,4.29059791357746));
#9406=CARTESIAN_POINT('',(6.985,0.564311642327722,4.29059791357746));
#9407=CARTESIAN_POINT('',(6.985,0.564311642327722,4.29059791357746));
#9408=CARTESIAN_POINT('',(6.985,0.564311642327722,0.635));
#9409=CARTESIAN_POINT('',(-6.985,0.564311642327722,0.635));
#9410=CARTESIAN_POINT('',(-8.4455,1.27,0.635));
#9411=CARTESIAN_POINT('',(8.4328,4.5212,0.635));
#9412=CARTESIAN_POINT('',(8.4328,1.9812,0.635));
#9413=CARTESIAN_POINT('',(6.985,0.564311642327722,0.635));
#9414=CARTESIAN_POINT('',(6.985,1.9812,0.635));
#9415=CARTESIAN_POINT('',(8.4328,1.9812,0.635));
#9416=CARTESIAN_POINT('',(1.8288,1.9812,1.5875));
#9417=CARTESIAN_POINT('',(6.985,1.9812,0.635));
#9418=CARTESIAN_POINT('',(6.985,1.9812,-0.508));
#9419=CARTESIAN_POINT('',(6.985,1.9812,-0.508));
#9420=CARTESIAN_POINT('',(8.4328,1.9812,0.508));
#9421=CARTESIAN_POINT('',(5.08,5.0292,-0.508));
#9422=CARTESIAN_POINT('',(7.6708,4.4577,-0.508));
#9423=CARTESIAN_POINT('',(6.985,4.4577,-0.508));
#9424=CARTESIAN_POINT('',(8.4328,1.9812,-0.508));
#9425=CARTESIAN_POINT('',(8.4328,1.9812,-0.508));
#9426=CARTESIAN_POINT('',(8.4328,1.9812,-0.508));
#9427=CARTESIAN_POINT('',(6.985,1.9812,-0.508));
#9428=CARTESIAN_POINT('',(1.8288,3.5687,-1.0414));
#9429=CARTESIAN_POINT('',(1.8288,3.5687,-1.0414));
#9430=CARTESIAN_POINT('',(7.38057040470978,2.54,-1.0414));
#9431=CARTESIAN_POINT('',(7.40464588350564,4.4577,-1.0414));
#9432=CARTESIAN_POINT('',(7.38057040470978,2.54,-1.4224));
#9433=CARTESIAN_POINT('',(7.38057040470978,2.54,-1.4224));
#9434=CARTESIAN_POINT('',(1.8288,3.5687,-1.4224));
#9435=CARTESIAN_POINT('',(7.40464588350564,4.4577,-1.4224));
#9436=CARTESIAN_POINT('',(7.40464588350564,4.4577,-1.4224));
#9437=CARTESIAN_POINT('',(6.5274131751577,2.0447,-1.0414));
#9438=CARTESIAN_POINT('',(6.985,2.54,-1.0414));
#9439=CARTESIAN_POINT('',(6.985,2.54,-1.0414));
#9440=CARTESIAN_POINT('',(6.985,4.4577,-1.0414));
#9441=CARTESIAN_POINT('',(6.985,2.54,-1.0414));
#9442=CARTESIAN_POINT('',(6.985,4.4577,-1.0414));
#9443=CARTESIAN_POINT('',(6.5532,2.54,-2.6924));
#9444=CARTESIAN_POINT('',(6.985,2.54,-1.4224));
#9445=CARTESIAN_POINT('',(6.985,2.54,-1.4224));
#9446=CARTESIAN_POINT('',(6.985,2.54,-1.0414));
#9447=CARTESIAN_POINT('',(7.4803,2.0447,-1.4224));
#9448=CARTESIAN_POINT('',(6.985,2.54,-1.4224));
#9449=CARTESIAN_POINT('',(6.985,4.4577,-1.4224));
#9450=CARTESIAN_POINT('',(6.985,4.4577,-1.4224));
#9451=CARTESIAN_POINT('',(1.8288,4.4577,1.5875));
#9452=CARTESIAN_POINT('',(6.985,4.4577,-1.4224));
#9453=CARTESIAN_POINT('',(6.985,4.4577,-1.9558));
#9454=CARTESIAN_POINT('',(6.985,4.4577,-1.9558));
#9455=CARTESIAN_POINT('',(6.985,4.4577,-0.508));
#9456=CARTESIAN_POINT('',(6.9088,1.9812,-1.9558));
#9457=CARTESIAN_POINT('',(6.985,1.9812,-1.9558));
#9458=CARTESIAN_POINT('',(6.985,1.9812,-1.9558));
#9459=CARTESIAN_POINT('',(6.985,1.9812,-1.9558));
#9460=CARTESIAN_POINT('',(1.8288,1.9812,1.5875));
#9461=CARTESIAN_POINT('',(6.985,1.9812,-2.4638));
#9462=CARTESIAN_POINT('',(6.985,1.9812,-2.4638));
#9463=CARTESIAN_POINT('',(8.4328,1.9812,-2.4638));
#9464=CARTESIAN_POINT('',(8.4328,1.9812,-2.4638));
#9465=CARTESIAN_POINT('',(6.985,1.9812,-1.9558));
#9466=CARTESIAN_POINT('',(6.9088,5.0292,-2.4638));
#9467=CARTESIAN_POINT('',(6.9088,5.0292,-2.4638));
#9468=CARTESIAN_POINT('',(6.985,5.0292,-2.4638));
#9469=CARTESIAN_POINT('',(8.4328,5.0292,-2.4638));
#9470=CARTESIAN_POINT('',(8.4328,5.0292,-2.4638));
#9471=CARTESIAN_POINT('',(6.985,1.9812,-2.4638));
#9472=CARTESIAN_POINT('',(1.8288,5.0292,0.));
#9473=CARTESIAN_POINT('',(8.4328,5.0292,0.));
#9474=CARTESIAN_POINT('',(8.4328,5.0292,-2.2225));
#9475=CARTESIAN_POINT('',(6.985,5.0292,0.));
#9476=CARTESIAN_POINT('',(6.985,5.0292,-2.2225));
#9477=CARTESIAN_POINT('',(4.00685,5.0292,-2.2225));
#9478=CARTESIAN_POINT('',(4.00685,6.1722,-2.2225));
#9479=CARTESIAN_POINT('',(6.985,5.4102,-2.2225));
#9480=CARTESIAN_POINT('',(6.985,5.4102,-2.2225));
#9481=CARTESIAN_POINT('',(8.4328,5.4102,-2.2225));
#9482=CARTESIAN_POINT('',(8.4328,5.4102,-2.2225));
#9483=CARTESIAN_POINT('',(8.4328,5.4102,-2.2225));
#9484=CARTESIAN_POINT('',(1.8288,5.4102,0.));
#9485=CARTESIAN_POINT('',(5.1943,5.4102,-0.1905));
#9486=CARTESIAN_POINT('',(6.985,5.4102,-2.81233495094496));
#9487=CARTESIAN_POINT('',(7.0993,5.4102,-2.7305));
#9488=CARTESIAN_POINT('',(7.8613,5.4102,-3.7465));
#9489=CARTESIAN_POINT('',(8.4328,5.4102,-2.4765));
#9490=CARTESIAN_POINT('',(6.985,5.4102,-2.81233495094496));
#9491=CARTESIAN_POINT('',(7.8613,6.1722,-3.7465));
#9492=CARTESIAN_POINT('',(7.0993,6.1722,-2.7305));
#9493=CARTESIAN_POINT('',(7.0993,6.1722,-2.7305));
#9494=CARTESIAN_POINT('',(7.8613,6.1722,-3.7465));
#9495=CARTESIAN_POINT('',(1.8288,6.1722,0.));
#9496=CARTESIAN_POINT('',(6.985,6.1722,0.));
#9497=CARTESIAN_POINT('',(6.985,6.1722,-2.8123349509454));
#9498=CARTESIAN_POINT('',(8.4328,6.1722,-2.4638));
#9499=CARTESIAN_POINT('',(5.1943,6.1722,-0.1905));
#9500=CARTESIAN_POINT('',(5.1943,6.1722,-0.1905));
#9501=CARTESIAN_POINT('',(6.985,6.1722,-2.81233495094496));
#9502=CARTESIAN_POINT('',(6.985,0.,0.));
#9503=CARTESIAN_POINT('',(6.985,4.5212,0.6604));
#9504=CARTESIAN_POINT('',(6.985,5.0292,0.6604));
#9505=CARTESIAN_POINT('',(6.985,5.0292,0.6604));
#9506=CARTESIAN_POINT('',(6.985,6.1722,0.));
#9507=CARTESIAN_POINT('',(6.985,6.1722,-1.778));
#9508=CARTESIAN_POINT('',(1.8288,5.0292,0.));
#9509=CARTESIAN_POINT('',(8.4328,5.0292,0.6604));
#9510=CARTESIAN_POINT('',(8.4328,5.0292,0.6604));
#9511=CARTESIAN_POINT('',(8.4328,5.0292,0.6604));
#9512=CARTESIAN_POINT('',(8.4328,5.0292,0.6604));
#9513=CARTESIAN_POINT('',(8.4328,5.0292,0.6604));
#9514=CARTESIAN_POINT('',(8.4328,5.0292,-2.4638));
#9515=CARTESIAN_POINT('',(8.4328,6.1722,-1.905));
#9516=CARTESIAN_POINT('',(8.4328,6.1722,0.5461));
#9517=CARTESIAN_POINT('',(8.4328,6.1722,1.905));
#9518=CARTESIAN_POINT('',(8.4328,6.1722,-2.4638));
#9519=CARTESIAN_POINT('',(1.8288,6.1722,0.));
#9520=CARTESIAN_POINT('',(8.8011,6.1722,1.905));
#9521=CARTESIAN_POINT('',(8.8011,6.1722,1.905));
#9522=CARTESIAN_POINT('',(8.4201,6.1722,1.905));
#9523=CARTESIAN_POINT('',(8.4201,6.1722,1.905));
#9524=CARTESIAN_POINT('',(8.4201,6.1722,1.905));
#9525=CARTESIAN_POINT('',(1.8288,6.1722,0.));
#9526=CARTESIAN_POINT('',(8.4201,6.1722,-1.778));
#9527=CARTESIAN_POINT('',(8.4201,6.1722,1.905));
#9528=CARTESIAN_POINT('',(8.4201,6.1722,1.905));
#9529=CARTESIAN_POINT('',(8.4201,6.8072,1.778));
#9530=CARTESIAN_POINT('',(7.54412281181818,6.8072,-1.778));
#9531=CARTESIAN_POINT('',(0.,0.,0.));
#9532=(
GEOMETRIC_REPRESENTATION_CONTEXT(3)
GLOBAL_UNCERTAINTY_ASSIGNED_CONTEXT((#9534))
GLOBAL_UNIT_ASSIGNED_CONTEXT((#9538,#9537,#9536))
REPRESENTATION_CONTEXT('L101121MS02Q','TOP_LEVEL_ASSEMBLY_PART')
);
#9533=(
GEOMETRIC_REPRESENTATION_CONTEXT(3)
GLOBAL_UNCERTAINTY_ASSIGNED_CONTEXT((#9535))
GLOBAL_UNIT_ASSIGNED_CONTEXT((#9538,#9537,#9536))
REPRESENTATION_CONTEXT('L101121MS02Q_PART1','COMPONENT_PART')
);
#9534=UNCERTAINTY_MEASURE_WITH_UNIT(LENGTH_MEASURE(0.005),#9538,
'DISTANCE_ACCURACY_VALUE','Maximum Tolerance applied to model');
#9535=UNCERTAINTY_MEASURE_WITH_UNIT(LENGTH_MEASURE(0.005),#9538,
'DISTANCE_ACCURACY_VALUE','Maximum Tolerance applied to model');
#9536=(
NAMED_UNIT(*)
SI_UNIT($,.STERADIAN.)
SOLID_ANGLE_UNIT()
);
#9537=(
NAMED_UNIT(*)
PLANE_ANGLE_UNIT()
SI_UNIT($,.RADIAN.)
);
#9538=(
LENGTH_UNIT()
NAMED_UNIT(*)
SI_UNIT(.MILLI.,.METRE.)
);
#9539=PRODUCT_DEFINITION_SHAPE('','',#9542);
#9540=PRODUCT_DEFINITION_SHAPE('','',#9543);
#9541=PRODUCT_DEFINITION_SHAPE(' ','NAUO PRDDFN',#19);
#9542=PRODUCT_DEFINITION('','',#9546,#9544);
#9543=PRODUCT_DEFINITION('','',#9547,#9545);
#9544=PRODUCT_DEFINITION_CONTEXT('',#9557,'design');
#9545=PRODUCT_DEFINITION_CONTEXT('',#9557,'design');
#9546=PRODUCT_DEFINITION_FORMATION_WITH_SPECIFIED_SOURCE('','',#9550,
 .NOT_KNOWN.);
#9547=PRODUCT_DEFINITION_FORMATION_WITH_SPECIFIED_SOURCE('','',#9551,
 .NOT_KNOWN.);
#9548=PRODUCT_RELATED_PRODUCT_CATEGORY('','',(#9550));
#9549=PRODUCT_RELATED_PRODUCT_CATEGORY('','',(#9551));
#9550=PRODUCT('L101121MS02Q','L101121MS02Q','L101121MS02Q',(#9554));
#9551=PRODUCT('L101121MS02Q_PART1','L101121MS02Q_PART1',
'L101121MS02Q_PART1',(#9555));
#9552=PRODUCT_CATEGORY('','');
#9553=PRODUCT_CATEGORY('','');
#9554=PRODUCT_CONTEXT('',#9557,'mechanical');
#9555=PRODUCT_CONTEXT('',#9557,'mechanical');
#9556=APPLICATION_PROTOCOL_DEFINITION('international standard',
'automotive_design',2010,#9557);
#9557=APPLICATION_CONTEXT(
'core data for automotive mechanical design processes');
ENDSEC;
END-ISO-10303-21;
