  0
SECTION
  2
HEADER
  9
$ANGBASE
  50
0.0
  9
$ANGDIR
  70
1
  9
$MEASUREMENT
  70
0
  0
ENDSEC
  0
SECTION
  2
TABLES
  0
TABLE
  2
LTYPE
  70
4
  0
LTYPE
  5
40F
  2
CONTINUOUS
  70
0
  3
Solid line
  72
65
  73
0
  40
0.0
  0
LTYPE
  5
410
  2
DASHDOT
 70
0
  3
Dash Dot ____ _ ____ _
 72
65
 73
4
 40
2.0
 49
1.25
 49
-0.25
 49
0.25
 49
-0.25
  0
LTYPE
  5
411
  2
DASHED
 70
0
  3
Dashed __ __ __ __ __
 72
65
 73
2
 40
0.75
 49
0.5
 49
-0.25
  0
LTYPE
  5
43B
  2
DOTTED
 70
0
  3
Dotted .  .  .  .
 72
65
 73
2
 40
0.2
 49
0.0
 49
-0.2
  0
ENDTAB
  0
TABLE
  2
STYLE
  70
4
  0
STYLE
  2
KICAD
  70
0
  40
0
  41
1
  42
1
  50
0
  71
0
  3
isocp.shx
  0
STYLE
  2
KICADB
  70
0
  40
0
  41
1
  42
1
  50
0
  71
0
  3
isocp.shx
  0
STYLE
  2
KICADI
  70
0
  40
0
  41
1
  42
1
  50
15
  71
0
  3
isocp.shx
  0
STYLE
  2
KICADBI
  70
0
  40
0
  41
1
  42
1
  50
15
  71
0
  3
isocp.shx
  0
ENDTAB
  0
TABLE
  2
LAYER
  70
1
  0
LAYER
  2
BLACK
  70
0
  62
7
  6
CONTINUOUS
  0
ENDTAB
  0
ENDSEC
  0
SECTION
  2
ENTITIES
0
LINE
8
BLACK
6
CONTINUOUS
10
6.1041602755905506
20
-5.538150787401575
11
6.10735342519685
21
-5.5402843700787399
0
LINE
8
BLACK
6
CONTINUOUS
10
6.10735342519685
20
-5.5402843700787399
11
6.1094870078740158
21
-5.5434775196850392
0
LINE
8
BLACK
6
CONTINUOUS
10
6.1094870078740158
20
-5.5434775196850392
11
6.1102362204724407
21
-5.5472440944881889
0
LINE
8
BLACK
6
CONTINUOUS
10
6.1102362204724407
20
-5.5472440944881889
11
6.1102362204724407
21
-5.5748031496062991
0
LINE
8
BLACK
6
CONTINUOUS
10
6.1102362204724407
20
-5.5748031496062991
11
6.1094870078740158
21
-5.5785697244094488
0
LINE
8
BLACK
6
CONTINUOUS
10
6.1094870078740158
20
-5.5785697244094488
11
6.10735342519685
21
-5.5817628740157481
0
LINE
8
BLACK
6
CONTINUOUS
10
6.10735342519685
20
-5.5817628740157481
11
6.1041602755905506
21
-5.583896456692913
0
LINE
8
BLACK
6
CONTINUOUS
10
6.1041602755905506
20
-5.583896456692913
11
6.1003937007874018
21
-5.5846456692913389
0
LINE
8
BLACK
6
CONTINUOUS
10
6.1003937007874018
20
-5.5846456692913389
11
6.0649606299212593
21
-5.5846456692913389
0
LINE
8
BLACK
6
CONTINUOUS
10
6.0649606299212593
20
-5.5846456692913389
11
6.0611940551181105
21
-5.583896456692913
0
LINE
8
BLACK
6
CONTINUOUS
10
6.0611940551181105
20
-5.583896456692913
11
6.0580009055118111
21
-5.5817628740157481
0
LINE
8
BLACK
6
CONTINUOUS
10
6.0580009055118111
20
-5.5817628740157481
11
6.0558673228346453
21
-5.5785697244094488
0
LINE
8
BLACK
6
CONTINUOUS
10
6.0558673228346453
20
-5.5785697244094488
11
6.0551181102362204
21
-5.5748031496062991
0
LINE
8
BLACK
6
CONTINUOUS
10
6.0551181102362204
20
-5.5748031496062991
11
6.0551181102362204
21
-5.5472440944881889
0
LINE
8
BLACK
6
CONTINUOUS
10
6.0551181102362204
20
-5.5472440944881889
11
6.0558673228346453
21
-5.5434775196850392
0
LINE
8
BLACK
6
CONTINUOUS
10
6.0558673228346453
20
-5.5434775196850392
11
6.0580009055118111
21
-5.5402843700787399
0
LINE
8
BLACK
6
CONTINUOUS
10
6.0580009055118111
20
-5.5402843700787399
11
6.0611940551181105
21
-5.538150787401575
0
LINE
8
BLACK
6
CONTINUOUS
10
6.0611940551181105
20
-5.538150787401575
11
6.0649606299212593
21
-5.5374015748031491
0
LINE
8
BLACK
6
CONTINUOUS
10
6.0649606299212593
20
-5.5374015748031491
11
6.1003937007874018
21
-5.5374015748031491
0
LINE
8
BLACK
6
CONTINUOUS
10
6.1003937007874018
20
-5.5374015748031491
11
6.1041602755905506
21
-5.538150787401575
0
LINE
8
BLACK
6
CONTINUOUS
10
6.2065224803149608
20
-5.469253149606299
11
6.2097156299212601
21
-5.4713867322834648
0
LINE
8
BLACK
6
CONTINUOUS
10
6.2097156299212601
20
-5.4713867322834648
11
6.211849212598425
21
-5.4745798818897633
0
LINE
8
BLACK
6
CONTINUOUS
10
6.211849212598425
20
-5.4745798818897633
11
6.21259842519685
21
-5.478346456692913
0
LINE
8
BLACK
6
CONTINUOUS
10
6.21259842519685
20
-5.478346456692913
11
6.21259842519685
21
-5.5137795275590546
0
LINE
8
BLACK
6
CONTINUOUS
10
6.21259842519685
20
-5.5137795275590546
11
6.211849212598425
21
-5.5175461023622043
0
LINE
8
BLACK
6
CONTINUOUS
10
6.211849212598425
20
-5.5175461023622043
11
6.2097156299212601
21
-5.5207392519685037
0
LINE
8
BLACK
6
CONTINUOUS
10
6.2097156299212601
20
-5.5207392519685037
11
6.2065224803149608
21
-5.5228728346456695
0
LINE
8
BLACK
6
CONTINUOUS
10
6.2065224803149608
20
-5.5228728346456695
11
6.2027559055118111
21
-5.5236220472440944
0
LINE
8
BLACK
6
CONTINUOUS
10
6.2027559055118111
20
-5.5236220472440944
11
6.1751968503937009
21
-5.5236220472440944
0
LINE
8
BLACK
6
CONTINUOUS
10
6.1751968503937009
20
-5.5236220472440944
11
6.1714302755905512
21
-5.5228728346456695
0
LINE
8
BLACK
6
CONTINUOUS
10
6.1714302755905512
20
-5.5228728346456695
11
6.1682371259842519
21
-5.5207392519685037
0
LINE
8
BLACK
6
CONTINUOUS
10
6.1682371259842519
20
-5.5207392519685037
11
6.1661035433070861
21
-5.5175461023622043
0
LINE
8
BLACK
6
CONTINUOUS
10
6.1661035433070861
20
-5.5175461023622043
11
6.1653543307086611
21
-5.5137795275590546
0
LINE
8
BLACK
6
CONTINUOUS
10
6.1653543307086611
20
-5.5137795275590546
11
6.1653543307086611
21
-5.478346456692913
0
LINE
8
BLACK
6
CONTINUOUS
10
6.1653543307086611
20
-5.478346456692913
11
6.1661035433070861
21
-5.4745798818897633
0
LINE
8
BLACK
6
CONTINUOUS
10
6.1661035433070861
20
-5.4745798818897633
11
6.1682371259842519
21
-5.4713867322834648
0
LINE
8
BLACK
6
CONTINUOUS
10
6.1682371259842519
20
-5.4713867322834648
11
6.1714302755905512
21
-5.469253149606299
0
LINE
8
BLACK
6
CONTINUOUS
10
6.1714302755905512
20
-5.469253149606299
11
6.1751968503937009
21
-5.4685039370078741
0
LINE
8
BLACK
6
CONTINUOUS
10
6.1751968503937009
20
-5.4685039370078741
11
6.2027559055118111
21
-5.4685039370078741
0
LINE
8
BLACK
6
CONTINUOUS
10
6.2027559055118111
20
-5.4685039370078741
11
6.2065224803149608
21
-5.469253149606299
0
LINE
8
BLACK
6
CONTINUOUS
10
6.2852626377952756
20
-5.469253149606299
11
6.288455787401575
21
-5.4713867322834648
0
LINE
8
BLACK
6
CONTINUOUS
10
6.288455787401575
20
-5.4713867322834648
11
6.2905893700787399
21
-5.4745798818897633
0
LINE
8
BLACK
6
CONTINUOUS
10
6.2905893700787399
20
-5.4745798818897633
11
6.2913385826771648
21
-5.478346456692913
0
LINE
8
BLACK
6
CONTINUOUS
10
6.2913385826771648
20
-5.478346456692913
11
6.2913385826771648
21
-5.5137795275590546
0
LINE
8
BLACK
6
CONTINUOUS
10
6.2913385826771648
20
-5.5137795275590546
11
6.2905893700787399
21
-5.5175461023622043
0
LINE
8
BLACK
6
CONTINUOUS
10
6.2905893700787399
20
-5.5175461023622043
11
6.288455787401575
21
-5.5207392519685037
0
LINE
8
BLACK
6
CONTINUOUS
10
6.288455787401575
20
-5.5207392519685037
11
6.2852626377952756
21
-5.5228728346456695
0
LINE
8
BLACK
6
CONTINUOUS
10
6.2852626377952756
20
-5.5228728346456695
11
6.2814960629921259
21
-5.5236220472440944
0
LINE
8
BLACK
6
CONTINUOUS
10
6.2814960629921259
20
-5.5236220472440944
11
6.2539370078740157
21
-5.5236220472440944
0
LINE
8
BLACK
6
CONTINUOUS
10
6.2539370078740157
20
-5.5236220472440944
11
6.2501704330708661
21
-5.5228728346456695
0
LINE
8
BLACK
6
CONTINUOUS
10
6.2501704330708661
20
-5.5228728346456695
11
6.2469772834645667
21
-5.5207392519685037
0
LINE
8
BLACK
6
CONTINUOUS
10
6.2469772834645667
20
-5.5207392519685037
11
6.2448437007874018
21
-5.5175461023622043
0
LINE
8
BLACK
6
CONTINUOUS
10
6.2448437007874018
20
-5.5175461023622043
11
6.2440944881889759
21
-5.5137795275590546
0
LINE
8
BLACK
6
CONTINUOUS
10
6.2440944881889759
20
-5.5137795275590546
11
6.2440944881889759
21
-5.478346456692913
0
LINE
8
BLACK
6
CONTINUOUS
10
6.2440944881889759
20
-5.478346456692913
11
6.2448437007874018
21
-5.4745798818897633
0
LINE
8
BLACK
6
CONTINUOUS
10
6.2448437007874018
20
-5.4745798818897633
11
6.2469772834645667
21
-5.4713867322834648
0
LINE
8
BLACK
6
CONTINUOUS
10
6.2469772834645667
20
-5.4713867322834648
11
6.2501704330708661
21
-5.469253149606299
0
LINE
8
BLACK
6
CONTINUOUS
10
6.2501704330708661
20
-5.469253149606299
11
6.2539370078740157
21
-5.4685039370078741
0
LINE
8
BLACK
6
CONTINUOUS
10
6.2539370078740157
20
-5.4685039370078741
11
6.2814960629921259
21
-5.4685039370078741
0
LINE
8
BLACK
6
CONTINUOUS
10
6.2814960629921259
20
-5.4685039370078741
11
6.2852626377952756
21
-5.469253149606299
0
LINE
8
BLACK
6
CONTINUOUS
10
6.1041602755905506
20
-5.4594106299212601
11
6.10735342519685
21
-5.461544212598425
0
LINE
8
BLACK
6
CONTINUOUS
10
6.10735342519685
20
-5.461544212598425
11
6.1094870078740158
21
-5.4647373622047244
0
LINE
8
BLACK
6
CONTINUOUS
10
6.1094870078740158
20
-5.4647373622047244
11
6.1102362204724407
21
-5.4685039370078741
0
LINE
8
BLACK
6
CONTINUOUS
10
6.1102362204724407
20
-5.4685039370078741
11
6.1102362204724407
21
-5.4960629921259843
0
LINE
8
BLACK
6
CONTINUOUS
10
6.1102362204724407
20
-5.4960629921259843
11
6.1094870078740158
21
-5.4998295669291339
0
LINE
8
BLACK
6
CONTINUOUS
10
6.1094870078740158
20
-5.4998295669291339
11
6.10735342519685
21
-5.5030227165354333
0
LINE
8
BLACK
6
CONTINUOUS
10
6.10735342519685
20
-5.5030227165354333
11
6.1041602755905506
21
-5.5051562992125982
0
LINE
8
BLACK
6
CONTINUOUS
10
6.1041602755905506
20
-5.5051562992125982
11
6.1003937007874018
21
-5.5059055118110232
0
LINE
8
BLACK
6
CONTINUOUS
10
6.1003937007874018
20
-5.5059055118110232
11
6.0649606299212593
21
-5.5059055118110232
0
LINE
8
BLACK
6
CONTINUOUS
10
6.0649606299212593
20
-5.5059055118110232
11
6.0611940551181105
21
-5.5051562992125982
0
LINE
8
BLACK
6
CONTINUOUS
10
6.0611940551181105
20
-5.5051562992125982
11
6.0580009055118111
21
-5.5030227165354333
0
LINE
8
BLACK
6
CONTINUOUS
10
6.0580009055118111
20
-5.5030227165354333
11
6.0558673228346453
21
-5.4998295669291339
0
LINE
8
BLACK
6
CONTINUOUS
10
6.0558673228346453
20
-5.4998295669291339
11
6.0551181102362204
21
-5.4960629921259843
0
LINE
8
BLACK
6
CONTINUOUS
10
6.0551181102362204
20
-5.4960629921259843
11
6.0551181102362204
21
-5.4685039370078741
0
LINE
8
BLACK
6
CONTINUOUS
10
6.0551181102362204
20
-5.4685039370078741
11
6.0558673228346453
21
-5.4647373622047244
0
LINE
8
BLACK
6
CONTINUOUS
10
6.0558673228346453
20
-5.4647373622047244
11
6.0580009055118111
21
-5.461544212598425
0
LINE
8
BLACK
6
CONTINUOUS
10
6.0580009055118111
20
-5.461544212598425
11
6.0611940551181105
21
-5.4594106299212601
0
LINE
8
BLACK
6
CONTINUOUS
10
6.0611940551181105
20
-5.4594106299212601
11
6.0649606299212593
21
-5.4586614173228343
0
LINE
8
BLACK
6
CONTINUOUS
10
6.0649606299212593
20
-5.4586614173228343
11
6.1003937007874018
21
-5.4586614173228343
0
LINE
8
BLACK
6
CONTINUOUS
10
6.1003937007874018
20
-5.4586614173228343
11
6.1041602755905506
21
-5.4594106299212601
0
LINE
8
BLACK
6
CONTINUOUS
10
4.8206957086614173
20
-5.255079921259842
11
4.8238888582677166
21
-5.2572135039370078
0
LINE
8
BLACK
6
CONTINUOUS
10
4.8238888582677166
20
-5.2572135039370078
11
4.8260224409448815
21
-5.2604066535433072
0
LINE
8
BLACK
6
CONTINUOUS
10
4.8260224409448815
20
-5.2604066535433072
11
4.8267716535433074
21
-5.2641732283464568
0
LINE
8
BLACK
6
CONTINUOUS
10
4.8267716535433074
20
-5.2641732283464568
11
4.8267716535433074
21
-5.291732283464567
0
LINE
8
BLACK
6
CONTINUOUS
10
4.8267716535433074
20
-5.291732283464567
11
4.8260224409448815
21
-5.2954988582677167
0
LINE
8
BLACK
6
CONTINUOUS
10
4.8260224409448815
20
-5.2954988582677167
11
4.8238888582677166
21
-5.2986920078740161
0
LINE
8
BLACK
6
CONTINUOUS
10
4.8238888582677166
20
-5.2986920078740161
11
4.8206957086614173
21
-5.300825590551181
0
LINE
8
BLACK
6
CONTINUOUS
10
4.8206957086614173
20
-5.300825590551181
11
4.8169291338582676
21
-5.3015748031496059
0
LINE
8
BLACK
6
CONTINUOUS
10
4.8169291338582676
20
-5.3015748031496059
11
4.7814960629921259
21
-5.3015748031496059
0
LINE
8
BLACK
6
CONTINUOUS
10
4.7814960629921259
20
-5.3015748031496059
11
4.7777294881889762
21
-5.300825590551181
0
LINE
8
BLACK
6
CONTINUOUS
10
4.7777294881889762
20
-5.300825590551181
11
4.7745363385826769
21
-5.2986920078740161
0
LINE
8
BLACK
6
CONTINUOUS
10
4.7745363385826769
20
-5.2986920078740161
11
4.772402755905512
21
-5.2954988582677167
0
LINE
8
BLACK
6
CONTINUOUS
10
4.772402755905512
20
-5.2954988582677167
11
4.7716535433070861
21
-5.291732283464567
0
LINE
8
BLACK
6
CONTINUOUS
10
4.7716535433070861
20
-5.291732283464567
11
4.7716535433070861
21
-5.2641732283464568
0
LINE
8
BLACK
6
CONTINUOUS
10
4.7716535433070861
20
-5.2641732283464568
11
4.772402755905512
21
-5.2604066535433072
0
LINE
8
BLACK
6
CONTINUOUS
10
4.772402755905512
20
-5.2604066535433072
11
4.7745363385826769
21
-5.2572135039370078
0
LINE
8
BLACK
6
CONTINUOUS
10
4.7745363385826769
20
-5.2572135039370078
11
4.7777294881889762
21
-5.255079921259842
0
LINE
8
BLACK
6
CONTINUOUS
10
4.7777294881889762
20
-5.255079921259842
11
4.7814960629921259
21
-5.254330708661417
0
LINE
8
BLACK
6
CONTINUOUS
10
4.7814960629921259
20
-5.254330708661417
11
4.8169291338582676
21
-5.254330708661417
0
LINE
8
BLACK
6
CONTINUOUS
10
4.8169291338582676
20
-5.254330708661417
11
4.8206957086614173
21
-5.255079921259842
0
LINE
8
BLACK
6
CONTINUOUS
10
7.664987047244094
20
-5.2508476377952755
11
7.6681801968503933
21
-5.2529812204724404
0
LINE
8
BLACK
6
CONTINUOUS
10
7.6681801968503933
20
-5.2529812204724404
11
7.6703137795275591
21
-5.2561743700787398
0
LINE
8
BLACK
6
CONTINUOUS
10
7.6703137795275591
20
-5.2561743700787398
11
7.6710629921259841
21
-5.2599409448818895
0
LINE
8
BLACK
6
CONTINUOUS
10
7.6710629921259841
20
-5.2599409448818895
11
7.6710629921259841
21
-5.2865157480314959
0
LINE
8
BLACK
6
CONTINUOUS
10
7.6710629921259841
20
-5.2865157480314959
11
7.6703137795275591
21
-5.2902823228346456
0
LINE
8
BLACK
6
CONTINUOUS
10
7.6703137795275591
20
-5.2902823228346456
11
7.6681801968503933
21
-5.293475472440945
0
LINE
8
BLACK
6
CONTINUOUS
10
7.6681801968503933
20
-5.293475472440945
11
7.664987047244094
21
-5.2956090551181099
0
LINE
8
BLACK
6
CONTINUOUS
10
7.664987047244094
20
-5.2956090551181099
11
7.6612204724409443
21
-5.2963582677165357
0
LINE
8
BLACK
6
CONTINUOUS
10
7.6612204724409443
20
-5.2963582677165357
11
7.6238188976377952
21
-5.2963582677165357
0
LINE
8
BLACK
6
CONTINUOUS
10
7.6238188976377952
20
-5.2963582677165357
11
7.6200523228346455
21
-5.2956090551181099
0
LINE
8
BLACK
6
CONTINUOUS
10
7.6200523228346455
20
-5.2956090551181099
11
7.6168591732283462
21
-5.293475472440945
0
LINE
8
BLACK
6
CONTINUOUS
10
7.6168591732283462
20
-5.293475472440945
11
7.6147255905511813
21
-5.2902823228346456
0
LINE
8
BLACK
6
CONTINUOUS
10
7.6147255905511813
20
-5.2902823228346456
11
7.6139763779527554
21
-5.2865157480314959
0
LINE
8
BLACK
6
CONTINUOUS
10
7.6139763779527554
20
-5.2865157480314959
11
7.6139763779527554
21
-5.2599409448818895
0
LINE
8
BLACK
6
CONTINUOUS
10
7.6139763779527554
20
-5.2599409448818895
11
7.6147255905511813
21
-5.2561743700787398
0
LINE
8
BLACK
6
CONTINUOUS
10
7.6147255905511813
20
-5.2561743700787398
11
7.6168591732283462
21
-5.2529812204724404
0
LINE
8
BLACK
6
CONTINUOUS
10
7.6168591732283462
20
-5.2529812204724404
11
7.6200523228346455
21
-5.2508476377952755
0
LINE
8
BLACK
6
CONTINUOUS
10
7.6200523228346455
20
-5.2508476377952755
11
7.6238188976377952
21
-5.2500984251968505
0
LINE
8
BLACK
6
CONTINUOUS
10
7.6238188976377952
20
-5.2500984251968505
11
7.6612204724409443
21
-5.2500984251968505
0
LINE
8
BLACK
6
CONTINUOUS
10
7.6612204724409443
20
-5.2500984251968505
11
7.664987047244094
21
-5.2508476377952755
0
LINE
8
BLACK
6
CONTINUOUS
10
4.6834032283464566
20
-5.2711358661417318
11
4.6845527559055116
21
-5.271903937007874
0
LINE
8
BLACK
6
CONTINUOUS
10
4.6845527559055116
20
-5.271903937007874
11
4.6853208267716537
21
-5.2730534645669289
0
LINE
8
BLACK
6
CONTINUOUS
10
4.6853208267716537
20
-5.2730534645669289
11
4.685590551181102
21
-5.2744094488188979
0
LINE
8
BLACK
6
CONTINUOUS
10
4.685590551181102
20
-5.2744094488188979
11
4.685590551181102
21
-5.2814960629921259
0
LINE
8
BLACK
6
CONTINUOUS
10
4.685590551181102
20
-5.2814960629921259
11
4.6853208267716537
21
-5.2828520472440941
0
LINE
8
BLACK
6
CONTINUOUS
10
4.6853208267716537
20
-5.2828520472440941
11
4.6845527559055116
21
-5.2840015748031499
0
LINE
8
BLACK
6
CONTINUOUS
10
4.6845527559055116
20
-5.2840015748031499
11
4.6834032283464566
21
-5.2847696456692912
0
LINE
8
BLACK
6
CONTINUOUS
10
4.6834032283464566
20
-5.2847696456692912
11
4.6820472440944885
21
-5.2850393700787404
0
LINE
8
BLACK
6
CONTINUOUS
10
4.6820472440944885
20
-5.2850393700787404
11
4.6711023622047243
21
-5.2850393700787404
0
LINE
8
BLACK
6
CONTINUOUS
10
4.6711023622047243
20
-5.2850393700787404
11
4.6697463779527562
21
-5.2847696456692912
0
LINE
8
BLACK
6
CONTINUOUS
10
4.6697463779527562
20
-5.2847696456692912
11
4.6685968503937003
21
-5.2840015748031499
0
LINE
8
BLACK
6
CONTINUOUS
10
4.6685968503937003
20
-5.2840015748031499
11
4.667828779527559
21
-5.2828520472440941
0
LINE
8
BLACK
6
CONTINUOUS
10
4.667828779527559
20
-5.2828520472440941
11
4.6675590551181099
21
-5.2814960629921259
0
LINE
8
BLACK
6
CONTINUOUS
10
4.6675590551181099
20
-5.2814960629921259
11
4.6675590551181099
21
-5.2744094488188979
0
LINE
8
BLACK
6
CONTINUOUS
10
4.6675590551181099
20
-5.2744094488188979
11
4.667828779527559
21
-5.2730534645669289
0
LINE
8
BLACK
6
CONTINUOUS
10
4.667828779527559
20
-5.2730534645669289
11
4.6685968503937003
21
-5.271903937007874
0
LINE
8
BLACK
6
CONTINUOUS
10
4.6685968503937003
20
-5.271903937007874
11
4.6697463779527562
21
-5.2711358661417318
0
LINE
8
BLACK
6
CONTINUOUS
10
4.6697463779527562
20
-5.2711358661417318
11
4.6711023622047243
21
-5.2708661417322835
0
LINE
8
BLACK
6
CONTINUOUS
10
4.6711023622047243
20
-5.2708661417322835
11
4.6820472440944885
21
-5.2708661417322835
0
LINE
8
BLACK
6
CONTINUOUS
10
4.6820472440944885
20
-5.2708661417322835
11
4.6834032283464566
21
-5.2711358661417318
0
LINE
8
BLACK
6
CONTINUOUS
10
4.7174583464566924
20
-5.2711358661417318
11
4.7186078740157482
21
-5.271903937007874
0
LINE
8
BLACK
6
CONTINUOUS
10
4.7186078740157482
20
-5.271903937007874
11
4.7193759448818895
21
-5.2730534645669289
0
LINE
8
BLACK
6
CONTINUOUS
10
4.7193759448818895
20
-5.2730534645669289
11
4.7196456692913387
21
-5.2744094488188979
0
LINE
8
BLACK
6
CONTINUOUS
10
4.7196456692913387
20
-5.2744094488188979
11
4.7196456692913387
21
-5.2814960629921259
0
LINE
8
BLACK
6
CONTINUOUS
10
4.7196456692913387
20
-5.2814960629921259
11
4.7193759448818895
21
-5.2828520472440941
0
LINE
8
BLACK
6
CONTINUOUS
10
4.7193759448818895
20
-5.2828520472440941
11
4.7186078740157482
21
-5.2840015748031499
0
LINE
8
BLACK
6
CONTINUOUS
10
4.7186078740157482
20
-5.2840015748031499
11
4.7174583464566924
21
-5.2847696456692912
0
LINE
8
BLACK
6
CONTINUOUS
10
4.7174583464566924
20
-5.2847696456692912
11
4.7161023622047242
21
-5.2850393700787404
0
LINE
8
BLACK
6
CONTINUOUS
10
4.7161023622047242
20
-5.2850393700787404
11
4.7051574803149609
21
-5.2850393700787404
0
LINE
8
BLACK
6
CONTINUOUS
10
4.7051574803149609
20
-5.2850393700787404
11
4.7038014960629919
21
-5.2847696456692912
0
LINE
8
BLACK
6
CONTINUOUS
10
4.7038014960629919
20
-5.2847696456692912
11
4.702651968503937
21
-5.2840015748031499
0
LINE
8
BLACK
6
CONTINUOUS
10
4.702651968503937
20
-5.2840015748031499
11
4.7018838976377948
21
-5.2828520472440941
0
LINE
8
BLACK
6
CONTINUOUS
10
4.7018838976377948
20
-5.2828520472440941
11
4.7016141732283465
21
-5.2814960629921259
0
LINE
8
BLACK
6
CONTINUOUS
10
4.7016141732283465
20
-5.2814960629921259
11
4.7016141732283465
21
-5.2744094488188979
0
LINE
8
BLACK
6
CONTINUOUS
10
4.7016141732283465
20
-5.2744094488188979
11
4.7018838976377948
21
-5.2730534645669289
0
LINE
8
BLACK
6
CONTINUOUS
10
4.7018838976377948
20
-5.2730534645669289
11
4.702651968503937
21
-5.271903937007874
0
LINE
8
BLACK
6
CONTINUOUS
10
4.702651968503937
20
-5.271903937007874
11
4.7038014960629919
21
-5.2711358661417318
0
LINE
8
BLACK
6
CONTINUOUS
10
4.7038014960629919
20
-5.2711358661417318
11
4.7051574803149609
21
-5.2708661417322835
0
LINE
8
BLACK
6
CONTINUOUS
10
4.7051574803149609
20
-5.2708661417322835
11
4.7161023622047242
21
-5.2708661417322835
0
LINE
8
BLACK
6
CONTINUOUS
10
4.7161023622047242
20
-5.2708661417322835
11
4.7174583464566924
21
-5.2711358661417318
0
LINE
8
BLACK
6
CONTINUOUS
10
4.2309319291338578
20
-5.2109854330708663
11
4.2341250787401572
21
-5.2131190157480312
0
LINE
8
BLACK
6
CONTINUOUS
10
4.2341250787401572
20
-5.2131190157480312
11
4.236258661417323
21
-5.2163121653543305
0
LINE
8
BLACK
6
CONTINUOUS
10
4.236258661417323
20
-5.2163121653543305
11
4.237007874015748
21
-5.2200787401574802
0
LINE
8
BLACK
6
CONTINUOUS
10
4.237007874015748
20
-5.2200787401574802
11
4.237007874015748
21
-5.2633858267716533
0
LINE
8
BLACK
6
CONTINUOUS
10
4.237007874015748
20
-5.2633858267716533
11
4.236258661417323
21
-5.267152401574803
0
LINE
8
BLACK
6
CONTINUOUS
10
4.236258661417323
20
-5.267152401574803
11
4.2341250787401572
21
-5.2703455511811024
0
LINE
8
BLACK
6
CONTINUOUS
10
4.2341250787401572
20
-5.2703455511811024
11
4.2309319291338578
21
-5.2724791338582673
0
LINE
8
BLACK
6
CONTINUOUS
10
4.2309319291338578
20
-5.2724791338582673
11
4.2271653543307082
21
-5.2732283464566931
0
LINE
8
BLACK
6
CONTINUOUS
10
4.2271653543307082
20
-5.2732283464566931
11
4.1444881889763776
21
-5.2732283464566931
0
LINE
8
BLACK
6
CONTINUOUS
10
4.1444881889763776
20
-5.2732283464566931
11
4.1407216141732279
21
-5.2724791338582673
0
LINE
8
BLACK
6
CONTINUOUS
10
4.1407216141732279
20
-5.2724791338582673
11
4.1375284645669295
21
-5.2703455511811024
0
LINE
8
BLACK
6
CONTINUOUS
10
4.1375284645669295
20
-5.2703455511811024
11
4.1353948818897637
21
-5.267152401574803
0
LINE
8
BLACK
6
CONTINUOUS
10
4.1353948818897637
20
-5.267152401574803
11
4.1346456692913387
21
-5.2633858267716533
0
LINE
8
BLACK
6
CONTINUOUS
10
4.1346456692913387
20
-5.2633858267716533
11
4.1346456692913387
21
-5.2200787401574802
0
LINE
8
BLACK
6
CONTINUOUS
10
4.1346456692913387
20
-5.2200787401574802
11
4.1353948818897637
21
-5.2163121653543305
0
LINE
8
BLACK
6
CONTINUOUS
10
4.1353948818897637
20
-5.2163121653543305
11
4.1375284645669295
21
-5.2131190157480312
0
LINE
8
BLACK
6
CONTINUOUS
10
4.1375284645669295
20
-5.2131190157480312
11
4.1407216141732279
21
-5.2109854330708663
0
LINE
8
BLACK
6
CONTINUOUS
10
4.1407216141732279
20
-5.2109854330708663
11
4.1444881889763776
21
-5.2102362204724404
0
LINE
8
BLACK
6
CONTINUOUS
10
4.1444881889763776
20
-5.2102362204724404
11
4.2271653543307082
21
-5.2102362204724404
0
LINE
8
BLACK
6
CONTINUOUS
10
4.2271653543307082
20
-5.2102362204724404
11
4.2309319291338578
21
-5.2109854330708663
0
LINE
8
BLACK
6
CONTINUOUS
10
4.3726642125984254
20
-5.2109854330708663
11
4.3758573622047239
21
-5.2131190157480312
0
LINE
8
BLACK
6
CONTINUOUS
10
4.3758573622047239
20
-5.2131190157480312
11
4.3779909448818897
21
-5.2163121653543305
0
LINE
8
BLACK
6
CONTINUOUS
10
4.3779909448818897
20
-5.2163121653543305
11
4.3787401574803146
21
-5.2200787401574802
0
LINE
8
BLACK
6
CONTINUOUS
10
4.3787401574803146
20
-5.2200787401574802
11
4.3787401574803146
21
-5.2633858267716533
0
LINE
8
BLACK
6
CONTINUOUS
10
4.3787401574803146
20
-5.2633858267716533
11
4.3779909448818897
21
-5.267152401574803
0
LINE
8
BLACK
6
CONTINUOUS
10
4.3779909448818897
20
-5.267152401574803
11
4.3758573622047239
21
-5.2703455511811024
0
LINE
8
BLACK
6
CONTINUOUS
10
4.3758573622047239
20
-5.2703455511811024
11
4.3726642125984254
21
-5.2724791338582673
0
LINE
8
BLACK
6
CONTINUOUS
10
4.3726642125984254
20
-5.2724791338582673
11
4.3688976377952757
21
-5.2732283464566931
0
LINE
8
BLACK
6
CONTINUOUS
10
4.3688976377952757
20
-5.2732283464566931
11
4.2862204724409452
21
-5.2732283464566931
0
LINE
8
BLACK
6
CONTINUOUS
10
4.2862204724409452
20
-5.2732283464566931
11
4.2824538976377955
21
-5.2724791338582673
0
LINE
8
BLACK
6
CONTINUOUS
10
4.2824538976377955
20
-5.2724791338582673
11
4.2792607480314961
21
-5.2703455511811024
0
LINE
8
BLACK
6
CONTINUOUS
10
4.2792607480314961
20
-5.2703455511811024
11
4.2771271653543304
21
-5.267152401574803
0
LINE
8
BLACK
6
CONTINUOUS
10
4.2771271653543304
20
-5.267152401574803
11
4.2763779527559054
21
-5.2633858267716533
0
LINE
8
BLACK
6
CONTINUOUS
10
4.2763779527559054
20
-5.2633858267716533
11
4.2763779527559054
21
-5.2200787401574802
0
LINE
8
BLACK
6
CONTINUOUS
10
4.2763779527559054
20
-5.2200787401574802
11
4.2771271653543304
21
-5.2163121653543305
0
LINE
8
BLACK
6
CONTINUOUS
10
4.2771271653543304
20
-5.2163121653543305
11
4.2792607480314961
21
-5.2131190157480312
0
LINE
8
BLACK
6
CONTINUOUS
10
4.2792607480314961
20
-5.2131190157480312
11
4.2824538976377955
21
-5.2109854330708663
0
LINE
8
BLACK
6
CONTINUOUS
10
4.2824538976377955
20
-5.2109854330708663
11
4.2862204724409452
21
-5.2102362204724404
0
LINE
8
BLACK
6
CONTINUOUS
10
4.2862204724409452
20
-5.2102362204724404
11
4.3688976377952757
21
-5.2102362204724404
0
LINE
8
BLACK
6
CONTINUOUS
10
4.3688976377952757
20
-5.2102362204724404
11
4.3726642125984254
21
-5.2109854330708663
0
LINE
8
BLACK
6
CONTINUOUS
10
4.4745342913385828
20
-5.2088200787401577
11
4.4777274409448822
21
-5.2109536614173226
0
LINE
8
BLACK
6
CONTINUOUS
10
4.4777274409448822
20
-5.2109536614173226
11
4.4798610236220471
21
-5.214146811023622
0
LINE
8
BLACK
6
CONTINUOUS
10
4.4798610236220471
20
-5.214146811023622
11
4.4806102362204721
21
-5.2179133858267717
0
LINE
8
BLACK
6
CONTINUOUS
10
4.4806102362204721
20
-5.2179133858267717
11
4.4806102362204721
21
-5.2553149606299208
0
LINE
8
BLACK
6
CONTINUOUS
10
4.4806102362204721
20
-5.2553149606299208
11
4.4798610236220471
21
-5.2590815354330704
0
LINE
8
BLACK
6
CONTINUOUS
10
4.4798610236220471
20
-5.2590815354330704
11
4.4777274409448822
21
-5.2622746850393698
0
LINE
8
BLACK
6
CONTINUOUS
10
4.4777274409448822
20
-5.2622746850393698
11
4.4745342913385828
21
-5.2644082677165356
0
LINE
8
BLACK
6
CONTINUOUS
10
4.4745342913385828
20
-5.2644082677165356
11
4.4707677165354331
21
-5.2651574803149606
0
LINE
8
BLACK
6
CONTINUOUS
10
4.4707677165354331
20
-5.2651574803149606
11
4.4441929133858267
21
-5.2651574803149606
0
LINE
8
BLACK
6
CONTINUOUS
10
4.4441929133858267
20
-5.2651574803149606
11
4.440426338582677
21
-5.2644082677165356
0
LINE
8
BLACK
6
CONTINUOUS
10
4.440426338582677
20
-5.2644082677165356
11
4.4372331889763776
21
-5.2622746850393698
0
LINE
8
BLACK
6
CONTINUOUS
10
4.4372331889763776
20
-5.2622746850393698
11
4.4350996062992127
21
-5.2590815354330704
0
LINE
8
BLACK
6
CONTINUOUS
10
4.4350996062992127
20
-5.2590815354330704
11
4.4343503937007869
21
-5.2553149606299208
0
LINE
8
BLACK
6
CONTINUOUS
10
4.4343503937007869
20
-5.2553149606299208
11
4.4343503937007869
21
-5.2179133858267717
0
LINE
8
BLACK
6
CONTINUOUS
10
4.4343503937007869
20
-5.2179133858267717
11
4.4350996062992127
21
-5.214146811023622
0
LINE
8
BLACK
6
CONTINUOUS
10
4.4350996062992127
20
-5.214146811023622
11
4.4372331889763776
21
-5.2109536614173226
0
LINE
8
BLACK
6
CONTINUOUS
10
4.4372331889763776
20
-5.2109536614173226
11
4.440426338582677
21
-5.2088200787401577
0
LINE
8
BLACK
6
CONTINUOUS
10
4.440426338582677
20
-5.2088200787401577
11
4.4441929133858267
21
-5.2080708661417319
0
LINE
8
BLACK
6
CONTINUOUS
10
4.4441929133858267
20
-5.2080708661417319
11
4.4707677165354331
21
-5.2080708661417319
0
LINE
8
BLACK
6
CONTINUOUS
10
4.4707677165354331
20
-5.2080708661417319
11
4.4745342913385828
21
-5.2088200787401577
0
LINE
8
BLACK
6
CONTINUOUS
10
4.5562272047244097
20
-5.2088200787401577
11
4.5594203543307081
21
-5.2109536614173226
0
LINE
8
BLACK
6
CONTINUOUS
10
4.5594203543307081
20
-5.2109536614173226
11
4.5615539370078739
21
-5.214146811023622
0
LINE
8
BLACK
6
CONTINUOUS
10
4.5615539370078739
20
-5.214146811023622
11
4.5623031496062989
21
-5.2179133858267717
0
LINE
8
BLACK
6
CONTINUOUS
10
4.5623031496062989
20
-5.2179133858267717
11
4.5623031496062989
21
-5.2553149606299208
0
LINE
8
BLACK
6
CONTINUOUS
10
4.5623031496062989
20
-5.2553149606299208
11
4.5615539370078739
21
-5.2590815354330704
0
LINE
8
BLACK
6
CONTINUOUS
10
4.5615539370078739
20
-5.2590815354330704
11
4.5594203543307081
21
-5.2622746850393698
0
LINE
8
BLACK
6
CONTINUOUS
10
4.5594203543307081
20
-5.2622746850393698
11
4.5562272047244097
21
-5.2644082677165356
0
LINE
8
BLACK
6
CONTINUOUS
10
4.5562272047244097
20
-5.2644082677165356
11
4.55246062992126
21
-5.2651574803149606
0
LINE
8
BLACK
6
CONTINUOUS
10
4.55246062992126
20
-5.2651574803149606
11
4.5258858267716535
21
-5.2651574803149606
0
LINE
8
BLACK
6
CONTINUOUS
10
4.5258858267716535
20
-5.2651574803149606
11
4.5221192519685038
21
-5.2644082677165356
0
LINE
8
BLACK
6
CONTINUOUS
10
4.5221192519685038
20
-5.2644082677165356
11
4.5189261023622045
21
-5.2622746850393698
0
LINE
8
BLACK
6
CONTINUOUS
10
4.5189261023622045
20
-5.2622746850393698
11
4.5167925196850396
21
-5.2590815354330704
0
LINE
8
BLACK
6
CONTINUOUS
10
4.5167925196850396
20
-5.2590815354330704
11
4.5160433070866137
21
-5.2553149606299208
0
LINE
8
BLACK
6
CONTINUOUS
10
4.5160433070866137
20
-5.2553149606299208
11
4.5160433070866137
21
-5.2179133858267717
0
LINE
8
BLACK
6
CONTINUOUS
10
4.5160433070866137
20
-5.2179133858267717
11
4.5167925196850396
21
-5.214146811023622
0
LINE
8
BLACK
6
CONTINUOUS
10
4.5167925196850396
20
-5.214146811023622
11
4.5189261023622045
21
-5.2109536614173226
0
LINE
8
BLACK
6
CONTINUOUS
10
4.5189261023622045
20
-5.2109536614173226
11
4.5221192519685038
21
-5.2088200787401577
0
LINE
8
BLACK
6
CONTINUOUS
10
4.5221192519685038
20
-5.2088200787401577
11
4.5258858267716535
21
-5.2080708661417319
0
LINE
8
BLACK
6
CONTINUOUS
10
4.5258858267716535
20
-5.2080708661417319
11
4.55246062992126
21
-5.2080708661417319
0
LINE
8
BLACK
6
CONTINUOUS
10
4.55246062992126
20
-5.2080708661417319
11
4.5562272047244097
21
-5.2088200787401577
0
LINE
8
BLACK
6
CONTINUOUS
10
6.5697114566929136
20
-5.2059657480314963
11
6.572904606299212
21
-5.2080993307086612
0
LINE
8
BLACK
6
CONTINUOUS
10
6.572904606299212
20
-5.2080993307086612
11
6.5750381889763778
21
-5.2112924803149605
0
LINE
8
BLACK
6
CONTINUOUS
10
6.5750381889763778
20
-5.2112924803149605
11
6.5757874015748028
21
-5.2150590551181102
0
LINE
8
BLACK
6
CONTINUOUS
10
6.5757874015748028
20
-5.2150590551181102
11
6.5757874015748028
21
-5.2416338582677167
0
LINE
8
BLACK
6
CONTINUOUS
10
6.5757874015748028
20
-5.2416338582677167
11
6.5750381889763778
21
-5.2454004330708663
0
LINE
8
BLACK
6
CONTINUOUS
10
6.5750381889763778
20
-5.2454004330708663
11
6.572904606299212
21
-5.2485935826771648
0
LINE
8
BLACK
6
CONTINUOUS
10
6.572904606299212
20
-5.2485935826771648
11
6.5697114566929136
21
-5.2507271653543306
0
LINE
8
BLACK
6
CONTINUOUS
10
6.5697114566929136
20
-5.2507271653543306
11
6.5659448818897639
21
-5.2514763779527556
0
LINE
8
BLACK
6
CONTINUOUS
10
6.5659448818897639
20
-5.2514763779527556
11
6.5285433070866139
21
-5.2514763779527556
0
LINE
8
BLACK
6
CONTINUOUS
10
6.5285433070866139
20
-5.2514763779527556
11
6.5247767322834642
21
-5.2507271653543306
0
LINE
8
BLACK
6
CONTINUOUS
10
6.5247767322834642
20
-5.2507271653543306
11
6.5215835826771649
21
-5.2485935826771648
0
LINE
8
BLACK
6
CONTINUOUS
10
6.5215835826771649
20
-5.2485935826771648
11
6.51945
21
-5.2454004330708663
0
LINE
8
BLACK
6
CONTINUOUS
10
6.51945
20
-5.2454004330708663
11
6.518700787401575
21
-5.2416338582677167
0
LINE
8
BLACK
6
CONTINUOUS
10
6.518700787401575
20
-5.2416338582677167
11
6.518700787401575
21
-5.2150590551181102
0
LINE
8
BLACK
6
CONTINUOUS
10
6.518700787401575
20
-5.2150590551181102
11
6.51945
21
-5.2112924803149605
0
LINE
8
BLACK
6
CONTINUOUS
10
6.51945
20
-5.2112924803149605
11
6.5215835826771649
21
-5.2080993307086612
0
LINE
8
BLACK
6
CONTINUOUS
10
6.5215835826771649
20
-5.2080993307086612
11
6.5247767322834642
21
-5.2059657480314963
0
LINE
8
BLACK
6
CONTINUOUS
10
6.5247767322834642
20
-5.2059657480314963
11
6.5285433070866139
21
-5.2052165354330704
0
LINE
8
BLACK
6
CONTINUOUS
10
6.5285433070866139
20
-5.2052165354330704
11
6.5659448818897639
21
-5.2052165354330704
0
LINE
8
BLACK
6
CONTINUOUS
10
6.5659448818897639
20
-5.2052165354330704
11
6.5697114566929136
21
-5.2059657480314963
0
LINE
8
BLACK
6
CONTINUOUS
10
2.4535697244094488
20
-5.1864775590551178
11
2.4567628740157481
21
-5.1886111417322835
0
LINE
8
BLACK
6
CONTINUOUS
10
2.4567628740157481
20
-5.1886111417322835
11
2.4588964566929135
21
-5.1918042913385829
0
LINE
8
BLACK
6
CONTINUOUS
10
2.4588964566929135
20
-5.1918042913385829
11
2.4596456692913384
21
-5.1955708661417326
0
LINE
8
BLACK
6
CONTINUOUS
10
2.4596456692913384
20
-5.1955708661417326
11
2.4596456692913384
21
-5.2221456692913382
0
LINE
8
BLACK
6
CONTINUOUS
10
2.4596456692913384
20
-5.2221456692913382
11
2.4588964566929135
21
-5.2259122440944878
0
LINE
8
BLACK
6
CONTINUOUS
10
2.4588964566929135
20
-5.2259122440944878
11
2.4567628740157481
21
-5.2291053937007872
0
LINE
8
BLACK
6
CONTINUOUS
10
2.4567628740157481
20
-5.2291053937007872
11
2.4535697244094488
21
-5.231238976377953
0
LINE
8
BLACK
6
CONTINUOUS
10
2.4535697244094488
20
-5.231238976377953
11
2.4498031496062991
21
-5.231988188976378
0
LINE
8
BLACK
6
CONTINUOUS
10
2.4498031496062991
20
-5.231988188976378
11
2.4124015748031495
21
-5.231988188976378
0
LINE
8
BLACK
6
CONTINUOUS
10
2.4124015748031495
20
-5.231988188976378
11
2.4086349999999999
21
-5.231238976377953
0
LINE
8
BLACK
6
CONTINUOUS
10
2.4086349999999999
20
-5.231238976377953
11
2.405441850393701
21
-5.2291053937007872
0
LINE
8
BLACK
6
CONTINUOUS
10
2.405441850393701
20
-5.2291053937007872
11
2.4033082677165352
21
-5.2259122440944878
0
LINE
8
BLACK
6
CONTINUOUS
10
2.4033082677165352
20
-5.2259122440944878
11
2.4025590551181102
21
-5.2221456692913382
0
LINE
8
BLACK
6
CONTINUOUS
10
2.4025590551181102
20
-5.2221456692913382
11
2.4025590551181102
21
-5.1955708661417326
0
LINE
8
BLACK
6
CONTINUOUS
10
2.4025590551181102
20
-5.1955708661417326
11
2.4033082677165352
21
-5.1918042913385829
0
LINE
8
BLACK
6
CONTINUOUS
10
2.4033082677165352
20
-5.1918042913385829
11
2.405441850393701
21
-5.1886111417322835
0
LINE
8
BLACK
6
CONTINUOUS
10
2.405441850393701
20
-5.1886111417322835
11
2.4086349999999999
21
-5.1864775590551178
0
LINE
8
BLACK
6
CONTINUOUS
10
2.4086349999999999
20
-5.1864775590551178
11
2.4124015748031495
21
-5.1857283464566928
0
LINE
8
BLACK
6
CONTINUOUS
10
2.4124015748031495
20
-5.1857283464566928
11
2.4498031496062991
21
-5.1857283464566928
0
LINE
8
BLACK
6
CONTINUOUS
10
2.4498031496062991
20
-5.1857283464566928
11
2.4535697244094488
21
-5.1864775590551178
0
LINE
8
BLACK
6
CONTINUOUS
10
2.6405775984251969
20
-5.1864775590551178
11
2.6437707480314958
21
-5.1886111417322835
0
LINE
8
BLACK
6
CONTINUOUS
10
2.6437707480314958
20
-5.1886111417322835
11
2.6459043307086612
21
-5.1918042913385829
0
LINE
8
BLACK
6
CONTINUOUS
10
2.6459043307086612
20
-5.1918042913385829
11
2.6466535433070866
21
-5.1955708661417326
0
LINE
8
BLACK
6
CONTINUOUS
10
2.6466535433070866
20
-5.1955708661417326
11
2.6466535433070866
21
-5.2221456692913382
0
LINE
8
BLACK
6
CONTINUOUS
10
2.6466535433070866
20
-5.2221456692913382
11
2.6459043307086612
21
-5.2259122440944878
0
LINE
8
BLACK
6
CONTINUOUS
10
2.6459043307086612
20
-5.2259122440944878
11
2.6437707480314958
21
-5.2291053937007872
0
LINE
8
BLACK
6
CONTINUOUS
10
2.6437707480314958
20
-5.2291053937007872
11
2.6405775984251969
21
-5.231238976377953
0
LINE
8
BLACK
6
CONTINUOUS
10
2.6405775984251969
20
-5.231238976377953
11
2.6368110236220472
21
-5.231988188976378
0
LINE
8
BLACK
6
CONTINUOUS
10
2.6368110236220472
20
-5.231988188976378
11
2.5994094488188977
21
-5.231988188976378
0
LINE
8
BLACK
6
CONTINUOUS
10
2.5994094488188977
20
-5.231988188976378
11
2.595642874015748
21
-5.231238976377953
0
LINE
8
BLACK
6
CONTINUOUS
10
2.595642874015748
20
-5.231238976377953
11
2.5924497244094487
21
-5.2291053937007872
0
LINE
8
BLACK
6
CONTINUOUS
10
2.5924497244094487
20
-5.2291053937007872
11
2.5903161417322833
21
-5.2259122440944878
0
LINE
8
BLACK
6
CONTINUOUS
10
2.5903161417322833
20
-5.2259122440944878
11
2.5895669291338583
21
-5.2221456692913382
0
LINE
8
BLACK
6
CONTINUOUS
10
2.5895669291338583
20
-5.2221456692913382
11
2.5895669291338583
21
-5.1955708661417326
0
LINE
8
BLACK
6
CONTINUOUS
10
2.5895669291338583
20
-5.1955708661417326
11
2.5903161417322833
21
-5.1918042913385829
0
LINE
8
BLACK
6
CONTINUOUS
10
2.5903161417322833
20
-5.1918042913385829
11
2.5924497244094487
21
-5.1886111417322835
0
LINE
8
BLACK
6
CONTINUOUS
10
2.5924497244094487
20
-5.1886111417322835
11
2.595642874015748
21
-5.1864775590551178
0
LINE
8
BLACK
6
CONTINUOUS
10
2.595642874015748
20
-5.1864775590551178
11
2.5994094488188977
21
-5.1857283464566928
0
LINE
8
BLACK
6
CONTINUOUS
10
2.5994094488188977
20
-5.1857283464566928
11
2.6368110236220472
21
-5.1857283464566928
0
LINE
8
BLACK
6
CONTINUOUS
10
2.6368110236220472
20
-5.1857283464566928
11
2.6405775984251969
21
-5.1864775590551178
0
LINE
8
BLACK
6
CONTINUOUS
10
4.8206957086614173
20
-5.1763397637795272
11
4.8238888582677166
21
-5.178473346456693
0
LINE
8
BLACK
6
CONTINUOUS
10
4.8238888582677166
20
-5.178473346456693
11
4.8260224409448815
21
-5.1816664960629923
0
LINE
8
BLACK
6
CONTINUOUS
10
4.8260224409448815
20
-5.1816664960629923
11
4.8267716535433074
21
-5.185433070866142
0
LINE
8
BLACK
6
CONTINUOUS
10
4.8267716535433074
20
-5.185433070866142
11
4.8267716535433074
21
-5.2129921259842522
0
LINE
8
BLACK
6
CONTINUOUS
10
4.8267716535433074
20
-5.2129921259842522
11
4.8260224409448815
21
-5.2167587007874019
0
LINE
8
BLACK
6
CONTINUOUS
10
4.8260224409448815
20
-5.2167587007874019
11
4.8238888582677166
21
-5.2199518503937004
0
LINE
8
BLACK
6
CONTINUOUS
10
4.8238888582677166
20
-5.2199518503937004
11
4.8206957086614173
21
-5.2220854330708661
0
LINE
8
BLACK
6
CONTINUOUS
10
4.8206957086614173
20
-5.2220854330708661
11
4.8169291338582676
21
-5.2228346456692911
0
LINE
8
BLACK
6
CONTINUOUS
10
4.8169291338582676
20
-5.2228346456692911
11
4.7814960629921259
21
-5.2228346456692911
0
LINE
8
BLACK
6
CONTINUOUS
10
4.7814960629921259
20
-5.2228346456692911
11
4.7777294881889762
21
-5.2220854330708661
0
LINE
8
BLACK
6
CONTINUOUS
10
4.7777294881889762
20
-5.2220854330708661
11
4.7745363385826769
21
-5.2199518503937004
0
LINE
8
BLACK
6
CONTINUOUS
10
4.7745363385826769
20
-5.2199518503937004
11
4.772402755905512
21
-5.2167587007874019
0
LINE
8
BLACK
6
CONTINUOUS
10
4.772402755905512
20
-5.2167587007874019
11
4.7716535433070861
21
-5.2129921259842522
0
LINE
8
BLACK
6
CONTINUOUS
10
4.7716535433070861
20
-5.2129921259842522
11
4.7716535433070861
21
-5.185433070866142
0
LINE
8
BLACK
6
CONTINUOUS
10
4.7716535433070861
20
-5.185433070866142
11
4.772402755905512
21
-5.1816664960629923
0
LINE
8
BLACK
6
CONTINUOUS
10
4.772402755905512
20
-5.1816664960629923
11
4.7745363385826769
21
-5.178473346456693
0
LINE
8
BLACK
6
CONTINUOUS
10
4.7745363385826769
20
-5.178473346456693
11
4.7777294881889762
21
-5.1763397637795272
0
LINE
8
BLACK
6
CONTINUOUS
10
4.7777294881889762
20
-5.1763397637795272
11
4.7814960629921259
21
-5.1755905511811022
0
LINE
8
BLACK
6
CONTINUOUS
10
4.7814960629921259
20
-5.1755905511811022
11
4.8169291338582676
21
-5.1755905511811022
0
LINE
8
BLACK
6
CONTINUOUS
10
4.8169291338582676
20
-5.1755905511811022
11
4.8206957086614173
21
-5.1763397637795272
0
LINE
8
BLACK
6
CONTINUOUS
10
7.664987047244094
20
-5.1691547244094487
11
7.6681801968503933
21
-5.1712883070866145
0
LINE
8
BLACK
6
CONTINUOUS
10
7.6681801968503933
20
-5.1712883070866145
11
7.6703137795275591
21
-5.1744814566929129
0
LINE
8
BLACK
6
CONTINUOUS
10
7.6703137795275591
20
-5.1744814566929129
11
7.6710629921259841
21
-5.1782480314960626
0
LINE
8
BLACK
6
CONTINUOUS
10
7.6710629921259841
20
-5.1782480314960626
11
7.6710629921259841
21
-5.2048228346456691
0
LINE
8
BLACK
6
CONTINUOUS
10
7.6710629921259841
20
-5.2048228346456691
11
7.6703137795275591
21
-5.2085894094488188
0
LINE
8
BLACK
6
CONTINUOUS
10
7.6703137795275591
20
-5.2085894094488188
11
7.6681801968503933
21
-5.2117825590551181
0
LINE
8
BLACK
6
CONTINUOUS
10
7.6681801968503933
20
-5.2117825590551181
11
7.664987047244094
21
-5.213916141732283
0
LINE
8
BLACK
6
CONTINUOUS
10
7.664987047244094
20
-5.213916141732283
11
7.6612204724409443
21
-5.2146653543307089
0
LINE
8
BLACK
6
CONTINUOUS
10
7.6612204724409443
20
-5.2146653543307089
11
7.6238188976377952
21
-5.2146653543307089
0
LINE
8
BLACK
6
CONTINUOUS
10
7.6238188976377952
20
-5.2146653543307089
11
7.6200523228346455
21
-5.213916141732283
0
LINE
8
BLACK
6
CONTINUOUS
10
7.6200523228346455
20
-5.213916141732283
11
7.6168591732283462
21
-5.2117825590551181
0
LINE
8
BLACK
6
CONTINUOUS
10
7.6168591732283462
20
-5.2117825590551181
11
7.6147255905511813
21
-5.2085894094488188
0
LINE
8
BLACK
6
CONTINUOUS
10
7.6147255905511813
20
-5.2085894094488188
11
7.6139763779527554
21
-5.2048228346456691
0
LINE
8
BLACK
6
CONTINUOUS
10
7.6139763779527554
20
-5.2048228346456691
11
7.6139763779527554
21
-5.1782480314960626
0
LINE
8
BLACK
6
CONTINUOUS
10
7.6139763779527554
20
-5.1782480314960626
11
7.6147255905511813
21
-5.1744814566929129
0
LINE
8
BLACK
6
CONTINUOUS
10
7.6147255905511813
20
-5.1744814566929129
11
7.6168591732283462
21
-5.1712883070866145
0
LINE
8
BLACK
6
CONTINUOUS
10
7.6168591732283462
20
-5.1712883070866145
11
7.6200523228346455
21
-5.1691547244094487
0
LINE
8
BLACK
6
CONTINUOUS
10
7.6200523228346455
20
-5.1691547244094487
11
7.6238188976377952
21
-5.1684055118110237
0
LINE
8
BLACK
6
CONTINUOUS
10
7.6238188976377952
20
-5.1684055118110237
11
7.6612204724409443
21
-5.1684055118110237
0
LINE
8
BLACK
6
CONTINUOUS
10
7.6612204724409443
20
-5.1684055118110237
11
7.664987047244094
21
-5.1691547244094487
0
LINE
8
BLACK
6
CONTINUOUS
10
5.0377339370078742
20
-5.1825531889763781
11
5.0388834645669291
21
-5.1833212598425193
0
LINE
8
BLACK
6
CONTINUOUS
10
5.0388834645669291
20
-5.1833212598425193
11
5.0396515354330704
21
-5.1844707874015743
0
LINE
8
BLACK
6
CONTINUOUS
10
5.0396515354330704
20
-5.1844707874015743
11
5.0399212598425196
21
-5.1858267716535433
0
LINE
8
BLACK
6
CONTINUOUS
10
5.0399212598425196
20
-5.1858267716535433
11
5.0399212598425196
21
-5.1929133858267713
0
LINE
8
BLACK
6
CONTINUOUS
10
5.0399212598425196
20
-5.1929133858267713
11
5.0396515354330704
21
-5.1942693700787403
0
LINE
8
BLACK
6
CONTINUOUS
10
5.0396515354330704
20
-5.1942693700787403
11
5.0388834645669291
21
-5.1954188976377953
0
LINE
8
BLACK
6
CONTINUOUS
10
5.0388834645669291
20
-5.1954188976377953
11
5.0377339370078742
21
-5.1961869685039366
0
LINE
8
BLACK
6
CONTINUOUS
10
5.0377339370078742
20
-5.1961869685039366
11
5.0363779527559052
21
-5.1964566929133857
0
LINE
8
BLACK
6
CONTINUOUS
10
5.0363779527559052
20
-5.1964566929133857
11
5.0254330708661419
21
-5.1964566929133857
0
LINE
8
BLACK
6
CONTINUOUS
10
5.0254330708661419
20
-5.1964566929133857
11
5.0240770866141728
21
-5.1961869685039366
0
LINE
8
BLACK
6
CONTINUOUS
10
5.0240770866141728
20
-5.1961869685039366
11
5.0229275590551179
21
-5.1954188976377953
0
LINE
8
BLACK
6
CONTINUOUS
10
5.0229275590551179
20
-5.1954188976377953
11
5.0221594881889766
21
-5.1942693700787403
0
LINE
8
BLACK
6
CONTINUOUS
10
5.0221594881889766
20
-5.1942693700787403
11
5.0218897637795274
21
-5.1929133858267713
0
LINE
8
BLACK
6
CONTINUOUS
10
5.0218897637795274
20
-5.1929133858267713
11
5.0218897637795274
21
-5.1858267716535433
0
LINE
8
BLACK
6
CONTINUOUS
10
5.0218897637795274
20
-5.1858267716535433
11
5.0221594881889766
21
-5.1844707874015743
0
LINE
8
BLACK
6
CONTINUOUS
10
5.0221594881889766
20
-5.1844707874015743
11
5.0229275590551179
21
-5.1833212598425193
0
LINE
8
BLACK
6
CONTINUOUS
10
5.0229275590551179
20
-5.1833212598425193
11
5.0240770866141728
21
-5.1825531889763781
0
LINE
8
BLACK
6
CONTINUOUS
10
5.0240770866141728
20
-5.1825531889763781
11
5.0254330708661419
21
-5.1822834645669289
0
LINE
8
BLACK
6
CONTINUOUS
10
5.0254330708661419
20
-5.1822834645669289
11
5.0363779527559052
21
-5.1822834645669289
0
LINE
8
BLACK
6
CONTINUOUS
10
5.0363779527559052
20
-5.1822834645669289
11
5.0377339370078742
21
-5.1825531889763781
0
LINE
8
BLACK
6
CONTINUOUS
10
5.07178905511811
20
-5.1825531889763781
11
5.0729385826771649
21
-5.1833212598425193
0
LINE
8
BLACK
6
CONTINUOUS
10
5.0729385826771649
20
-5.1833212598425193
11
5.0737066535433071
21
-5.1844707874015743
0
LINE
8
BLACK
6
CONTINUOUS
10
5.0737066535433071
20
-5.1844707874015743
11
5.0739763779527554
21
-5.1858267716535433
0
LINE
8
BLACK
6
CONTINUOUS
10
5.0739763779527554
20
-5.1858267716535433
11
5.0739763779527554
21
-5.1929133858267713
0
LINE
8
BLACK
6
CONTINUOUS
10
5.0739763779527554
20
-5.1929133858267713
11
5.0737066535433071
21
-5.1942693700787403
0
LINE
8
BLACK
6
CONTINUOUS
10
5.0737066535433071
20
-5.1942693700787403
11
5.0729385826771649
21
-5.1954188976377953
0
LINE
8
BLACK
6
CONTINUOUS
10
5.0729385826771649
20
-5.1954188976377953
11
5.07178905511811
21
-5.1961869685039366
0
LINE
8
BLACK
6
CONTINUOUS
10
5.07178905511811
20
-5.1961869685039366
11
5.0704330708661418
21
-5.1964566929133857
0
LINE
8
BLACK
6
CONTINUOUS
10
5.0704330708661418
20
-5.1964566929133857
11
5.0594881889763776
21
-5.1964566929133857
0
LINE
8
BLACK
6
CONTINUOUS
10
5.0594881889763776
20
-5.1964566929133857
11
5.0581322047244095
21
-5.1961869685039366
0
LINE
8
BLACK
6
CONTINUOUS
10
5.0581322047244095
20
-5.1961869685039366
11
5.0569826771653545
21
-5.1954188976377953
0
LINE
8
BLACK
6
CONTINUOUS
10
5.0569826771653545
20
-5.1954188976377953
11
5.0562146062992124
21
-5.1942693700787403
0
LINE
8
BLACK
6
CONTINUOUS
10
5.0562146062992124
20
-5.1942693700787403
11
5.0559448818897641
21
-5.1929133858267713
0
LINE
8
BLACK
6
CONTINUOUS
10
5.0559448818897641
20
-5.1929133858267713
11
5.0559448818897641
21
-5.1858267716535433
0
LINE
8
BLACK
6
CONTINUOUS
10
5.0559448818897641
20
-5.1858267716535433
11
5.0562146062992124
21
-5.1844707874015743
0
LINE
8
BLACK
6
CONTINUOUS
10
5.0562146062992124
20
-5.1844707874015743
11
5.0569826771653545
21
-5.1833212598425193
0
LINE
8
BLACK
6
CONTINUOUS
10
5.0569826771653545
20
-5.1833212598425193
11
5.0581322047244095
21
-5.1825531889763781
0
LINE
8
BLACK
6
CONTINUOUS
10
5.0581322047244095
20
-5.1825531889763781
11
5.0594881889763776
21
-5.1822834645669289
0
LINE
8
BLACK
6
CONTINUOUS
10
5.0594881889763776
20
-5.1822834645669289
11
5.0704330708661418
21
-5.1822834645669289
0
LINE
8
BLACK
6
CONTINUOUS
10
5.0704330708661418
20
-5.1822834645669289
11
5.07178905511811
21
-5.1825531889763781
0
LINE
8
BLACK
6
CONTINUOUS
10
7.0551181102362204
20
-5.1771653543307083
11
6.9448818897637796
21
-5.1771653543307083
0
LINE
8
BLACK
6
CONTINUOUS
10
6.9448818897637796
20
-5.1771653543307083
11
6.9448818897637796
21
-5.0511811023622046
0
LINE
8
BLACK
6
CONTINUOUS
10
6.9448818897637796
20
-5.0511811023622046
11
7.0551181102362204
21
-5.0511811023622046
0
LINE
8
BLACK
6
CONTINUOUS
10
7.0551181102362204
20
-5.0511811023622046
11
7.0551181102362204
21
-5.1771653543307083
0
LINE
8
BLACK
6
CONTINUOUS
10
7.2755905511811019
20
-5.1771653543307083
11
7.1653543307086611
21
-5.1771653543307083
0
LINE
8
BLACK
6
CONTINUOUS
10
7.1653543307086611
20
-5.1771653543307083
11
7.1653543307086611
21
-5.0511811023622046
0
LINE
8
BLACK
6
CONTINUOUS
10
7.1653543307086611
20
-5.0511811023622046
11
7.2755905511811019
21
-5.0511811023622046
0
LINE
8
BLACK
6
CONTINUOUS
10
7.2755905511811019
20
-5.0511811023622046
11
7.2755905511811019
21
-5.1771653543307083
0
LINE
8
BLACK
6
CONTINUOUS
10
6.5697114566929136
20
-5.1242728346456694
11
6.572904606299212
21
-5.1264064173228343
0
LINE
8
BLACK
6
CONTINUOUS
10
6.572904606299212
20
-5.1264064173228343
11
6.5750381889763778
21
-5.1295995669291337
0
LINE
8
BLACK
6
CONTINUOUS
10
6.5750381889763778
20
-5.1295995669291337
11
6.5757874015748028
21
-5.1333661417322833
0
LINE
8
BLACK
6
CONTINUOUS
10
6.5757874015748028
20
-5.1333661417322833
11
6.5757874015748028
21
-5.1599409448818898
0
LINE
8
BLACK
6
CONTINUOUS
10
6.5757874015748028
20
-5.1599409448818898
11
6.5750381889763778
21
-5.1637075196850395
0
LINE
8
BLACK
6
CONTINUOUS
10
6.5750381889763778
20
-5.1637075196850395
11
6.572904606299212
21
-5.1669006692913388
0
LINE
8
BLACK
6
CONTINUOUS
10
6.572904606299212
20
-5.1669006692913388
11
6.5697114566929136
21
-5.1690342519685037
0
LINE
8
BLACK
6
CONTINUOUS
10
6.5697114566929136
20
-5.1690342519685037
11
6.5659448818897639
21
-5.1697834645669287
0
LINE
8
BLACK
6
CONTINUOUS
10
6.5659448818897639
20
-5.1697834645669287
11
6.5285433070866139
21
-5.1697834645669287
0
LINE
8
BLACK
6
CONTINUOUS
10
6.5285433070866139
20
-5.1697834645669287
11
6.5247767322834642
21
-5.1690342519685037
0
LINE
8
BLACK
6
CONTINUOUS
10
6.5247767322834642
20
-5.1690342519685037
11
6.5215835826771649
21
-5.1669006692913388
0
LINE
8
BLACK
6
CONTINUOUS
10
6.5215835826771649
20
-5.1669006692913388
11
6.51945
21
-5.1637075196850395
0
LINE
8
BLACK
6
CONTINUOUS
10
6.51945
20
-5.1637075196850395
11
6.518700787401575
21
-5.1599409448818898
0
LINE
8
BLACK
6
CONTINUOUS
10
6.518700787401575
20
-5.1599409448818898
11
6.518700787401575
21
-5.1333661417322833
0
LINE
8
BLACK
6
CONTINUOUS
10
6.518700787401575
20
-5.1333661417322833
11
6.51945
21
-5.1295995669291337
0
LINE
8
BLACK
6
CONTINUOUS
10
6.51945
20
-5.1295995669291337
11
6.5215835826771649
21
-5.1264064173228343
0
LINE
8
BLACK
6
CONTINUOUS
10
6.5215835826771649
20
-5.1264064173228343
11
6.5247767322834642
21
-5.1242728346456694
0
LINE
8
BLACK
6
CONTINUOUS
10
6.5247767322834642
20
-5.1242728346456694
11
6.5285433070866139
21
-5.1235236220472435
0
LINE
8
BLACK
6
CONTINUOUS
10
6.5285433070866139
20
-5.1235236220472435
11
6.5659448818897639
21
-5.1235236220472435
0
LINE
8
BLACK
6
CONTINUOUS
10
6.5659448818897639
20
-5.1235236220472435
11
6.5697114566929136
21
-5.1242728346456694
0
LINE
8
BLACK
6
CONTINUOUS
10
2.4535697244094488
20
-5.1047846456692909
11
2.4567628740157481
21
-5.1069182283464567
0
LINE
8
BLACK
6
CONTINUOUS
10
2.4567628740157481
20
-5.1069182283464567
11
2.4588964566929135
21
-5.1101113779527561
0
LINE
8
BLACK
6
CONTINUOUS
10
2.4588964566929135
20
-5.1101113779527561
11
2.4596456692913384
21
-5.1138779527559057
0
LINE
8
BLACK
6
CONTINUOUS
10
2.4596456692913384
20
-5.1138779527559057
11
2.4596456692913384
21
-5.1404527559055113
0
LINE
8
BLACK
6
CONTINUOUS
10
2.4596456692913384
20
-5.1404527559055113
11
2.4588964566929135
21
-5.144219330708661
0
LINE
8
BLACK
6
CONTINUOUS
10
2.4588964566929135
20
-5.144219330708661
11
2.4567628740157481
21
-5.1474124803149603
0
LINE
8
BLACK
6
CONTINUOUS
10
2.4567628740157481
20
-5.1474124803149603
11
2.4535697244094488
21
-5.1495460629921261
0
LINE
8
BLACK
6
CONTINUOUS
10
2.4535697244094488
20
-5.1495460629921261
11
2.4498031496062991
21
-5.1502952755905511
0
LINE
8
BLACK
6
CONTINUOUS
10
2.4498031496062991
20
-5.1502952755905511
11
2.4124015748031495
21
-5.1502952755905511
0
LINE
8
BLACK
6
CONTINUOUS
10
2.4124015748031495
20
-5.1502952755905511
11
2.4086349999999999
21
-5.1495460629921261
0
LINE
8
BLACK
6
CONTINUOUS
10
2.4086349999999999
20
-5.1495460629921261
11
2.405441850393701
21
-5.1474124803149603
0
LINE
8
BLACK
6
CONTINUOUS
10
2.405441850393701
20
-5.1474124803149603
11
2.4033082677165352
21
-5.144219330708661
0
LINE
8
BLACK
6
CONTINUOUS
10
2.4033082677165352
20
-5.144219330708661
11
2.4025590551181102
21
-5.1404527559055113
0
LINE
8
BLACK
6
CONTINUOUS
10
2.4025590551181102
20
-5.1404527559055113
11
2.4025590551181102
21
-5.1138779527559057
0
LINE
8
BLACK
6
CONTINUOUS
10
2.4025590551181102
20
-5.1138779527559057
11
2.4033082677165352
21
-5.1101113779527561
0
LINE
8
BLACK
6
CONTINUOUS
10
2.4033082677165352
20
-5.1101113779527561
11
2.405441850393701
21
-5.1069182283464567
0
LINE
8
BLACK
6
CONTINUOUS
10
2.405441850393701
20
-5.1069182283464567
11
2.4086349999999999
21
-5.1047846456692909
0
LINE
8
BLACK
6
CONTINUOUS
10
2.4086349999999999
20
-5.1047846456692909
11
2.4124015748031495
21
-5.1040354330708659
0
LINE
8
BLACK
6
CONTINUOUS
10
2.4124015748031495
20
-5.1040354330708659
11
2.4498031496062991
21
-5.1040354330708659
0
LINE
8
BLACK
6
CONTINUOUS
10
2.4498031496062991
20
-5.1040354330708659
11
2.4535697244094488
21
-5.1047846456692909
0
LINE
8
BLACK
6
CONTINUOUS
10
2.6405775984251969
20
-5.1047846456692909
11
2.6437707480314958
21
-5.1069182283464567
0
LINE
8
BLACK
6
CONTINUOUS
10
2.6437707480314958
20
-5.1069182283464567
11
2.6459043307086612
21
-5.1101113779527561
0
LINE
8
BLACK
6
CONTINUOUS
10
2.6459043307086612
20
-5.1101113779527561
11
2.6466535433070866
21
-5.1138779527559057
0
LINE
8
BLACK
6
CONTINUOUS
10
2.6466535433070866
20
-5.1138779527559057
11
2.6466535433070866
21
-5.1404527559055113
0
LINE
8
BLACK
6
CONTINUOUS
10
2.6466535433070866
20
-5.1404527559055113
11
2.6459043307086612
21
-5.144219330708661
0
LINE
8
BLACK
6
CONTINUOUS
10
2.6459043307086612
20
-5.144219330708661
11
2.6437707480314958
21
-5.1474124803149603
0
LINE
8
BLACK
6
CONTINUOUS
10
2.6437707480314958
20
-5.1474124803149603
11
2.6405775984251969
21
-5.1495460629921261
0
LINE
8
BLACK
6
CONTINUOUS
10
2.6405775984251969
20
-5.1495460629921261
11
2.6368110236220472
21
-5.1502952755905511
0
LINE
8
BLACK
6
CONTINUOUS
10
2.6368110236220472
20
-5.1502952755905511
11
2.5994094488188977
21
-5.1502952755905511
0
LINE
8
BLACK
6
CONTINUOUS
10
2.5994094488188977
20
-5.1502952755905511
11
2.595642874015748
21
-5.1495460629921261
0
LINE
8
BLACK
6
CONTINUOUS
10
2.595642874015748
20
-5.1495460629921261
11
2.5924497244094487
21
-5.1474124803149603
0
LINE
8
BLACK
6
CONTINUOUS
10
2.5924497244094487
20
-5.1474124803149603
11
2.5903161417322833
21
-5.144219330708661
0
LINE
8
BLACK
6
CONTINUOUS
10
2.5903161417322833
20
-5.144219330708661
11
2.5895669291338583
21
-5.1404527559055113
0
LINE
8
BLACK
6
CONTINUOUS
10
2.5895669291338583
20
-5.1404527559055113
11
2.5895669291338583
21
-5.1138779527559057
0
LINE
8
BLACK
6
CONTINUOUS
10
2.5895669291338583
20
-5.1138779527559057
11
2.5903161417322833
21
-5.1101113779527561
0
LINE
8
BLACK
6
CONTINUOUS
10
2.5903161417322833
20
-5.1101113779527561
11
2.5924497244094487
21
-5.1069182283464567
0
LINE
8
BLACK
6
CONTINUOUS
10
2.5924497244094487
20
-5.1069182283464567
11
2.595642874015748
21
-5.1047846456692909
0
LINE
8
BLACK
6
CONTINUOUS
10
2.595642874015748
20
-5.1047846456692909
11
2.5994094488188977
21
-5.1040354330708659
0
LINE
8
BLACK
6
CONTINUOUS
10
2.5994094488188977
20
-5.1040354330708659
11
2.6368110236220472
21
-5.1040354330708659
0
LINE
8
BLACK
6
CONTINUOUS
10
2.6368110236220472
20
-5.1040354330708659
11
2.6405775984251969
21
-5.1047846456692909
0
LINE
8
BLACK
6
CONTINUOUS
10
4.6494358661417321
20
-5.0936625984251966
11
4.6526290157480314
21
-5.0957961811023624
0
LINE
8
BLACK
6
CONTINUOUS
10
4.6526290157480314
20
-5.0957961811023624
11
4.6547625984251964
21
-5.0989893307086609
0
LINE
8
BLACK
6
CONTINUOUS
10
4.6547625984251964
20
-5.0989893307086609
11
4.6555118110236222
21
-5.1027559055118106
0
LINE
8
BLACK
6
CONTINUOUS
10
4.6555118110236222
20
-5.1027559055118106
11
4.6555118110236222
21
-5.1381889763779522
0
LINE
8
BLACK
6
CONTINUOUS
10
4.6555118110236222
20
-5.1381889763779522
11
4.6547625984251964
21
-5.1419555511811019
0
LINE
8
BLACK
6
CONTINUOUS
10
4.6547625984251964
20
-5.1419555511811019
11
4.6526290157480314
21
-5.1451487007874013
0
LINE
8
BLACK
6
CONTINUOUS
10
4.6526290157480314
20
-5.1451487007874013
11
4.6494358661417321
21
-5.1472822834645671
0
LINE
8
BLACK
6
CONTINUOUS
10
4.6494358661417321
20
-5.1472822834645671
11
4.6456692913385824
21
-5.148031496062992
0
LINE
8
BLACK
6
CONTINUOUS
10
4.6456692913385824
20
-5.148031496062992
11
4.6181102362204722
21
-5.148031496062992
0
LINE
8
BLACK
6
CONTINUOUS
10
4.6181102362204722
20
-5.148031496062992
11
4.6143436614173226
21
-5.1472822834645671
0
LINE
8
BLACK
6
CONTINUOUS
10
4.6143436614173226
20
-5.1472822834645671
11
4.6111505118110232
21
-5.1451487007874013
0
LINE
8
BLACK
6
CONTINUOUS
10
4.6111505118110232
20
-5.1451487007874013
11
4.6090169291338583
21
-5.1419555511811019
0
LINE
8
BLACK
6
CONTINUOUS
10
4.6090169291338583
20
-5.1419555511811019
11
4.6082677165354333
21
-5.1381889763779522
0
LINE
8
BLACK
6
CONTINUOUS
10
4.6082677165354333
20
-5.1381889763779522
11
4.6082677165354333
21
-5.1027559055118106
0
LINE
8
BLACK
6
CONTINUOUS
10
4.6082677165354333
20
-5.1027559055118106
11
4.6090169291338583
21
-5.0989893307086609
0
LINE
8
BLACK
6
CONTINUOUS
10
4.6090169291338583
20
-5.0989893307086609
11
4.6111505118110232
21
-5.0957961811023624
0
LINE
8
BLACK
6
CONTINUOUS
10
4.6111505118110232
20
-5.0957961811023624
11
4.6143436614173226
21
-5.0936625984251966
0
LINE
8
BLACK
6
CONTINUOUS
10
4.6143436614173226
20
-5.0936625984251966
11
4.6181102362204722
21
-5.0929133858267717
0
LINE
8
BLACK
6
CONTINUOUS
10
4.6181102362204722
20
-5.0929133858267717
11
4.6456692913385824
21
-5.0929133858267717
0
LINE
8
BLACK
6
CONTINUOUS
10
4.6456692913385824
20
-5.0929133858267717
11
4.6494358661417321
21
-5.0936625984251966
0
LINE
8
BLACK
6
CONTINUOUS
10
4.7281760236220469
20
-5.0936625984251966
11
4.7313691732283463
21
-5.0957961811023624
0
LINE
8
BLACK
6
CONTINUOUS
10
4.7313691732283463
20
-5.0957961811023624
11
4.7335027559055121
21
-5.0989893307086609
0
LINE
8
BLACK
6
CONTINUOUS
10
4.7335027559055121
20
-5.0989893307086609
11
4.734251968503937
21
-5.1027559055118106
0
LINE
8
BLACK
6
CONTINUOUS
10
4.734251968503937
20
-5.1027559055118106
11
4.734251968503937
21
-5.1381889763779522
0
LINE
8
BLACK
6
CONTINUOUS
10
4.734251968503937
20
-5.1381889763779522
11
4.7335027559055121
21
-5.1419555511811019
0
LINE
8
BLACK
6
CONTINUOUS
10
4.7335027559055121
20
-5.1419555511811019
11
4.7313691732283463
21
-5.1451487007874013
0
LINE
8
BLACK
6
CONTINUOUS
10
4.7313691732283463
20
-5.1451487007874013
11
4.7281760236220469
21
-5.1472822834645671
0
LINE
8
BLACK
6
CONTINUOUS
10
4.7281760236220469
20
-5.1472822834645671
11
4.7244094488188972
21
-5.148031496062992
0
LINE
8
BLACK
6
CONTINUOUS
10
4.7244094488188972
20
-5.148031496062992
11
4.6968503937007871
21
-5.148031496062992
0
LINE
8
BLACK
6
CONTINUOUS
10
4.6968503937007871
20
-5.148031496062992
11
4.6930838188976374
21
-5.1472822834645671
0
LINE
8
BLACK
6
CONTINUOUS
10
4.6930838188976374
20
-5.1472822834645671
11
4.6898906692913389
21
-5.1451487007874013
0
LINE
8
BLACK
6
CONTINUOUS
10
4.6898906692913389
20
-5.1451487007874013
11
4.6877570866141731
21
-5.1419555511811019
0
LINE
8
BLACK
6
CONTINUOUS
10
4.6877570866141731
20
-5.1419555511811019
11
4.6870078740157481
21
-5.1381889763779522
0
LINE
8
BLACK
6
CONTINUOUS
10
4.6870078740157481
20
-5.1381889763779522
11
4.6870078740157481
21
-5.1027559055118106
0
LINE
8
BLACK
6
CONTINUOUS
10
4.6870078740157481
20
-5.1027559055118106
11
4.6877570866141731
21
-5.0989893307086609
0
LINE
8
BLACK
6
CONTINUOUS
10
4.6877570866141731
20
-5.0989893307086609
11
4.6898906692913389
21
-5.0957961811023624
0
LINE
8
BLACK
6
CONTINUOUS
10
4.6898906692913389
20
-5.0957961811023624
11
4.6930838188976374
21
-5.0936625984251966
0
LINE
8
BLACK
6
CONTINUOUS
10
4.6930838188976374
20
-5.0936625984251966
11
4.6968503937007871
21
-5.0929133858267717
0
LINE
8
BLACK
6
CONTINUOUS
10
4.6968503937007871
20
-5.0929133858267717
11
4.7244094488188972
21
-5.0929133858267717
0
LINE
8
BLACK
6
CONTINUOUS
10
4.7244094488188972
20
-5.0929133858267717
11
4.7281760236220469
21
-5.0936625984251966
0
LINE
8
BLACK
6
CONTINUOUS
10
7.523031496062992
20
-5.1283464566929133
11
7.4029527559055115
21
-5.1283464566929133
0
LINE
8
BLACK
6
CONTINUOUS
10
7.4029527559055115
20
-5.1283464566929133
11
7.4029527559055115
21
-5.0496062992125985
0
LINE
8
BLACK
6
CONTINUOUS
10
7.4029527559055115
20
-5.0496062992125985
11
7.523031496062992
21
-5.0496062992125985
0
LINE
8
BLACK
6
CONTINUOUS
10
7.523031496062992
20
-5.0496062992125985
11
7.523031496062992
21
-5.1283464566929133
0
LINE
8
BLACK
6
CONTINUOUS
10
3.451109094488189
20
-5.0659066929133854
11
3.4543022440944879
21
-5.0680402755905511
0
LINE
8
BLACK
6
CONTINUOUS
10
3.4543022440944879
20
-5.0680402755905511
11
3.4564358267716533
21
-5.0712334251968505
0
LINE
8
BLACK
6
CONTINUOUS
10
3.4564358267716533
20
-5.0712334251968505
11
3.4571850393700787
21
-5.0750000000000002
0
LINE
8
BLACK
6
CONTINUOUS
10
3.4571850393700787
20
-5.0750000000000002
11
3.4571850393700787
21
-5.1124015748031493
0
LINE
8
BLACK
6
CONTINUOUS
10
3.4571850393700787
20
-5.1124015748031493
11
3.4564358267716533
21
-5.116168149606299
0
LINE
8
BLACK
6
CONTINUOUS
10
3.4564358267716533
20
-5.116168149606299
11
3.4543022440944879
21
-5.1193612992125983
0
LINE
8
BLACK
6
CONTINUOUS
10
3.4543022440944879
20
-5.1193612992125983
11
3.451109094488189
21
-5.1214948818897641
0
LINE
8
BLACK
6
CONTINUOUS
10
3.451109094488189
20
-5.1214948818897641
11
3.4473425196850394
21
-5.1222440944881891
0
LINE
8
BLACK
6
CONTINUOUS
10
3.4473425196850394
20
-5.1222440944881891
11
3.4207677165354329
21
-5.1222440944881891
0
LINE
8
BLACK
6
CONTINUOUS
10
3.4207677165354329
20
-5.1222440944881891
11
3.4170011417322832
21
-5.1214948818897641
0
LINE
8
BLACK
6
CONTINUOUS
10
3.4170011417322832
20
-5.1214948818897641
11
3.4138079921259843
21
-5.1193612992125983
0
LINE
8
BLACK
6
CONTINUOUS
10
3.4138079921259843
20
-5.1193612992125983
11
3.4116744094488189
21
-5.116168149606299
0
LINE
8
BLACK
6
CONTINUOUS
10
3.4116744094488189
20
-5.116168149606299
11
3.4109251968503935
21
-5.1124015748031493
0
LINE
8
BLACK
6
CONTINUOUS
10
3.4109251968503935
20
-5.1124015748031493
11
3.4109251968503935
21
-5.0750000000000002
0
LINE
8
BLACK
6
CONTINUOUS
10
3.4109251968503935
20
-5.0750000000000002
11
3.4116744094488189
21
-5.0712334251968505
0
LINE
8
BLACK
6
CONTINUOUS
10
3.4116744094488189
20
-5.0712334251968505
11
3.4138079921259843
21
-5.0680402755905511
0
LINE
8
BLACK
6
CONTINUOUS
10
3.4138079921259843
20
-5.0680402755905511
11
3.4170011417322832
21
-5.0659066929133854
0
LINE
8
BLACK
6
CONTINUOUS
10
3.4170011417322832
20
-5.0659066929133854
11
3.4207677165354329
21
-5.0651574803149604
0
LINE
8
BLACK
6
CONTINUOUS
10
3.4207677165354329
20
-5.0651574803149604
11
3.4473425196850394
21
-5.0651574803149604
0
LINE
8
BLACK
6
CONTINUOUS
10
3.4473425196850394
20
-5.0651574803149604
11
3.451109094488189
21
-5.0659066929133854
0
LINE
8
BLACK
6
CONTINUOUS
10
3.5328020078740159
20
-5.0659066929133854
11
3.5359951574803148
21
-5.0680402755905511
0
LINE
8
BLACK
6
CONTINUOUS
10
3.5359951574803148
20
-5.0680402755905511
11
3.5381287401574801
21
-5.0712334251968505
0
LINE
8
BLACK
6
CONTINUOUS
10
3.5381287401574801
20
-5.0712334251968505
11
3.5388779527559056
21
-5.0750000000000002
0
LINE
8
BLACK
6
CONTINUOUS
10
3.5388779527559056
20
-5.0750000000000002
11
3.5388779527559056
21
-5.1124015748031493
0
LINE
8
BLACK
6
CONTINUOUS
10
3.5388779527559056
20
-5.1124015748031493
11
3.5381287401574801
21
-5.116168149606299
0
LINE
8
BLACK
6
CONTINUOUS
10
3.5381287401574801
20
-5.116168149606299
11
3.5359951574803148
21
-5.1193612992125983
0
LINE
8
BLACK
6
CONTINUOUS
10
3.5359951574803148
20
-5.1193612992125983
11
3.5328020078740159
21
-5.1214948818897641
0
LINE
8
BLACK
6
CONTINUOUS
10
3.5328020078740159
20
-5.1214948818897641
11
3.5290354330708662
21
-5.1222440944881891
0
LINE
8
BLACK
6
CONTINUOUS
10
3.5290354330708662
20
-5.1222440944881891
11
3.5024606299212597
21
-5.1222440944881891
0
LINE
8
BLACK
6
CONTINUOUS
10
3.5024606299212597
20
-5.1222440944881891
11
3.49869405511811
21
-5.1214948818897641
0
LINE
8
BLACK
6
CONTINUOUS
10
3.49869405511811
20
-5.1214948818897641
11
3.4955009055118111
21
-5.1193612992125983
0
LINE
8
BLACK
6
CONTINUOUS
10
3.4955009055118111
20
-5.1193612992125983
11
3.4933673228346458
21
-5.116168149606299
0
LINE
8
BLACK
6
CONTINUOUS
10
3.4933673228346458
20
-5.116168149606299
11
3.4926181102362204
21
-5.1124015748031493
0
LINE
8
BLACK
6
CONTINUOUS
10
3.4926181102362204
20
-5.1124015748031493
11
3.4926181102362204
21
-5.0750000000000002
0
LINE
8
BLACK
6
CONTINUOUS
10
3.4926181102362204
20
-5.0750000000000002
11
3.4933673228346458
21
-5.0712334251968505
0
LINE
8
BLACK
6
CONTINUOUS
10
3.4933673228346458
20
-5.0712334251968505
11
3.4955009055118111
21
-5.0680402755905511
0
LINE
8
BLACK
6
CONTINUOUS
10
3.4955009055118111
20
-5.0680402755905511
11
3.49869405511811
21
-5.0659066929133854
0
LINE
8
BLACK
6
CONTINUOUS
10
3.49869405511811
20
-5.0659066929133854
11
3.5024606299212597
21
-5.0651574803149604
0
LINE
8
BLACK
6
CONTINUOUS
10
3.5024606299212597
20
-5.0651574803149604
11
3.5290354330708662
21
-5.0651574803149604
0
LINE
8
BLACK
6
CONTINUOUS
10
3.5290354330708662
20
-5.0651574803149604
11
3.5328020078740159
21
-5.0659066929133854
0
LINE
8
BLACK
6
CONTINUOUS
10
4.8462862598425192
20
-5.064135039370079
11
4.8494794094488185
21
-5.0662686220472439
0
LINE
8
BLACK
6
CONTINUOUS
10
4.8494794094488185
20
-5.0662686220472439
11
4.8516129921259843
21
-5.0694617716535433
0
LINE
8
BLACK
6
CONTINUOUS
10
4.8516129921259843
20
-5.0694617716535433
11
4.8523622047244093
21
-5.073228346456693
0
LINE
8
BLACK
6
CONTINUOUS
10
4.8523622047244093
20
-5.073228346456693
11
4.8523622047244093
21
-5.1086614173228346
0
LINE
8
BLACK
6
CONTINUOUS
10
4.8523622047244093
20
-5.1086614173228346
11
4.8516129921259843
21
-5.1124279921259843
0
LINE
8
BLACK
6
CONTINUOUS
10
4.8516129921259843
20
-5.1124279921259843
11
4.8494794094488185
21
-5.1156211417322837
0
LINE
8
BLACK
6
CONTINUOUS
10
4.8494794094488185
20
-5.1156211417322837
11
4.8462862598425192
21
-5.1177547244094486
0
LINE
8
BLACK
6
CONTINUOUS
10
4.8462862598425192
20
-5.1177547244094486
11
4.8425196850393704
21
-5.1185039370078735
0
LINE
8
BLACK
6
CONTINUOUS
10
4.8425196850393704
20
-5.1185039370078735
11
4.8149606299212602
21
-5.1185039370078735
0
LINE
8
BLACK
6
CONTINUOUS
10
4.8149606299212602
20
-5.1185039370078735
11
4.8111940551181105
21
-5.1177547244094486
0
LINE
8
BLACK
6
CONTINUOUS
10
4.8111940551181105
20
-5.1177547244094486
11
4.8080009055118111
21
-5.1156211417322837
0
LINE
8
BLACK
6
CONTINUOUS
10
4.8080009055118111
20
-5.1156211417322837
11
4.8058673228346453
21
-5.1124279921259843
0
LINE
8
BLACK
6
CONTINUOUS
10
4.8058673228346453
20
-5.1124279921259843
11
4.8051181102362204
21
-5.1086614173228346
0
LINE
8
BLACK
6
CONTINUOUS
10
4.8051181102362204
20
-5.1086614173228346
11
4.8051181102362204
21
-5.073228346456693
0
LINE
8
BLACK
6
CONTINUOUS
10
4.8051181102362204
20
-5.073228346456693
11
4.8058673228346453
21
-5.0694617716535433
0
LINE
8
BLACK
6
CONTINUOUS
10
4.8058673228346453
20
-5.0694617716535433
11
4.8080009055118111
21
-5.0662686220472439
0
LINE
8
BLACK
6
CONTINUOUS
10
4.8080009055118111
20
-5.0662686220472439
11
4.8111940551181105
21
-5.064135039370079
0
LINE
8
BLACK
6
CONTINUOUS
10
4.8111940551181105
20
-5.064135039370079
11
4.8149606299212602
21
-5.0633858267716532
0
LINE
8
BLACK
6
CONTINUOUS
10
4.8149606299212602
20
-5.0633858267716532
11
4.8425196850393704
21
-5.0633858267716532
0
LINE
8
BLACK
6
CONTINUOUS
10
4.8425196850393704
20
-5.0633858267716532
11
4.8462862598425192
21
-5.064135039370079
0
LINE
8
BLACK
6
CONTINUOUS
10
4.9250264173228349
20
-5.064135039370079
11
4.9282195669291333
21
-5.0662686220472439
0
LINE
8
BLACK
6
CONTINUOUS
10
4.9282195669291333
20
-5.0662686220472439
11
4.9303531496062991
21
-5.0694617716535433
0
LINE
8
BLACK
6
CONTINUOUS
10
4.9303531496062991
20
-5.0694617716535433
11
4.9311023622047241
21
-5.073228346456693
0
LINE
8
BLACK
6
CONTINUOUS
10
4.9311023622047241
20
-5.073228346456693
11
4.9311023622047241
21
-5.1086614173228346
0
LINE
8
BLACK
6
CONTINUOUS
10
4.9311023622047241
20
-5.1086614173228346
11
4.9303531496062991
21
-5.1124279921259843
0
LINE
8
BLACK
6
CONTINUOUS
10
4.9303531496062991
20
-5.1124279921259843
11
4.9282195669291333
21
-5.1156211417322837
0
LINE
8
BLACK
6
CONTINUOUS
10
4.9282195669291333
20
-5.1156211417322837
11
4.9250264173228349
21
-5.1177547244094486
0
LINE
8
BLACK
6
CONTINUOUS
10
4.9250264173228349
20
-5.1177547244094486
11
4.9212598425196852
21
-5.1185039370078735
0
LINE
8
BLACK
6
CONTINUOUS
10
4.9212598425196852
20
-5.1185039370078735
11
4.893700787401575
21
-5.1185039370078735
0
LINE
8
BLACK
6
CONTINUOUS
10
4.893700787401575
20
-5.1185039370078735
11
4.8899342125984253
21
-5.1177547244094486
0
LINE
8
BLACK
6
CONTINUOUS
10
4.8899342125984253
20
-5.1177547244094486
11
4.886741062992126
21
-5.1156211417322837
0
LINE
8
BLACK
6
CONTINUOUS
10
4.886741062992126
20
-5.1156211417322837
11
4.8846074803149602
21
-5.1124279921259843
0
LINE
8
BLACK
6
CONTINUOUS
10
4.8846074803149602
20
-5.1124279921259843
11
4.8838582677165352
21
-5.1086614173228346
0
LINE
8
BLACK
6
CONTINUOUS
10
4.8838582677165352
20
-5.1086614173228346
11
4.8838582677165352
21
-5.073228346456693
0
LINE
8
BLACK
6
CONTINUOUS
10
4.8838582677165352
20
-5.073228346456693
11
4.8846074803149602
21
-5.0694617716535433
0
LINE
8
BLACK
6
CONTINUOUS
10
4.8846074803149602
20
-5.0694617716535433
11
4.886741062992126
21
-5.0662686220472439
0
LINE
8
BLACK
6
CONTINUOUS
10
4.886741062992126
20
-5.0662686220472439
11
4.8899342125984253
21
-5.064135039370079
0
LINE
8
BLACK
6
CONTINUOUS
10
4.8899342125984253
20
-5.064135039370079
11
4.893700787401575
21
-5.0633858267716532
0
LINE
8
BLACK
6
CONTINUOUS
10
4.893700787401575
20
-5.0633858267716532
11
4.9212598425196852
21
-5.0633858267716532
0
LINE
8
BLACK
6
CONTINUOUS
10
4.9212598425196852
20
-5.0633858267716532
11
4.9250264173228349
21
-5.064135039370079
0
LINE
8
BLACK
6
CONTINUOUS
10
5.0136090944881886
20
-5.064135039370079
11
5.0168022440944879
21
-5.0662686220472439
0
LINE
8
BLACK
6
CONTINUOUS
10
5.0168022440944879
20
-5.0662686220472439
11
5.0189358267716537
21
-5.0694617716535433
0
LINE
8
BLACK
6
CONTINUOUS
10
5.0189358267716537
20
-5.0694617716535433
11
5.0196850393700787
21
-5.073228346456693
0
LINE
8
BLACK
6
CONTINUOUS
10
5.0196850393700787
20
-5.073228346456693
11
5.0196850393700787
21
-5.1086614173228346
0
LINE
8
BLACK
6
CONTINUOUS
10
5.0196850393700787
20
-5.1086614173228346
11
5.0189358267716537
21
-5.1124279921259843
0
LINE
8
BLACK
6
CONTINUOUS
10
5.0189358267716537
20
-5.1124279921259843
11
5.0168022440944879
21
-5.1156211417322837
0
LINE
8
BLACK
6
CONTINUOUS
10
5.0168022440944879
20
-5.1156211417322837
11
5.0136090944881886
21
-5.1177547244094486
0
LINE
8
BLACK
6
CONTINUOUS
10
5.0136090944881886
20
-5.1177547244094486
11
5.0098425196850389
21
-5.1185039370078735
0
LINE
8
BLACK
6
CONTINUOUS
10
5.0098425196850389
20
-5.1185039370078735
11
4.9822834645669287
21
-5.1185039370078735
0
LINE
8
BLACK
6
CONTINUOUS
10
4.9822834645669287
20
-5.1185039370078735
11
4.978516889763779
21
-5.1177547244094486
0
LINE
8
BLACK
6
CONTINUOUS
10
4.978516889763779
20
-5.1177547244094486
11
4.9753237401574806
21
-5.1156211417322837
0
LINE
8
BLACK
6
CONTINUOUS
10
4.9753237401574806
20
-5.1156211417322837
11
4.9731901574803148
21
-5.1124279921259843
0
LINE
8
BLACK
6
CONTINUOUS
10
4.9731901574803148
20
-5.1124279921259843
11
4.9724409448818898
21
-5.1086614173228346
0
LINE
8
BLACK
6
CONTINUOUS
10
4.9724409448818898
20
-5.1086614173228346
11
4.9724409448818898
21
-5.073228346456693
0
LINE
8
BLACK
6
CONTINUOUS
10
4.9724409448818898
20
-5.073228346456693
11
4.9731901574803148
21
-5.0694617716535433
0
LINE
8
BLACK
6
CONTINUOUS
10
4.9731901574803148
20
-5.0694617716535433
11
4.9753237401574806
21
-5.0662686220472439
0
LINE
8
BLACK
6
CONTINUOUS
10
4.9753237401574806
20
-5.0662686220472439
11
4.978516889763779
21
-5.064135039370079
0
LINE
8
BLACK
6
CONTINUOUS
10
4.978516889763779
20
-5.064135039370079
11
4.9822834645669287
21
-5.0633858267716532
0
LINE
8
BLACK
6
CONTINUOUS
10
4.9822834645669287
20
-5.0633858267716532
11
5.0098425196850389
21
-5.0633858267716532
0
LINE
8
BLACK
6
CONTINUOUS
10
5.0098425196850389
20
-5.0633858267716532
11
5.0136090944881886
21
-5.064135039370079
0
LINE
8
BLACK
6
CONTINUOUS
10
5.0923492519685034
20
-5.064135039370079
11
5.0955424015748028
21
-5.0662686220472439
0
LINE
8
BLACK
6
CONTINUOUS
10
5.0955424015748028
20
-5.0662686220472439
11
5.0976759842519686
21
-5.0694617716535433
0
LINE
8
BLACK
6
CONTINUOUS
10
5.0976759842519686
20
-5.0694617716535433
11
5.0984251968503935
21
-5.073228346456693
0
LINE
8
BLACK
6
CONTINUOUS
10
5.0984251968503935
20
-5.073228346456693
11
5.0984251968503935
21
-5.1086614173228346
0
LINE
8
BLACK
6
CONTINUOUS
10
5.0984251968503935
20
-5.1086614173228346
11
5.0976759842519686
21
-5.1124279921259843
0
LINE
8
BLACK
6
CONTINUOUS
10
5.0976759842519686
20
-5.1124279921259843
11
5.0955424015748028
21
-5.1156211417322837
0
LINE
8
BLACK
6
CONTINUOUS
10
5.0955424015748028
20
-5.1156211417322837
11
5.0923492519685034
21
-5.1177547244094486
0
LINE
8
BLACK
6
CONTINUOUS
10
5.0923492519685034
20
-5.1177547244094486
11
5.0885826771653546
21
-5.1185039370078735
0
LINE
8
BLACK
6
CONTINUOUS
10
5.0885826771653546
20
-5.1185039370078735
11
5.0610236220472435
21
-5.1185039370078735
0
LINE
8
BLACK
6
CONTINUOUS
10
5.0610236220472435
20
-5.1185039370078735
11
5.0572570472440947
21
-5.1177547244094486
0
LINE
8
BLACK
6
CONTINUOUS
10
5.0572570472440947
20
-5.1177547244094486
11
5.0540638976377954
21
-5.1156211417322837
0
LINE
8
BLACK
6
CONTINUOUS
10
5.0540638976377954
20
-5.1156211417322837
11
5.0519303149606296
21
-5.1124279921259843
0
LINE
8
BLACK
6
CONTINUOUS
10
5.0519303149606296
20
-5.1124279921259843
11
5.0511811023622046
21
-5.1086614173228346
0
LINE
8
BLACK
6
CONTINUOUS
10
5.0511811023622046
20
-5.1086614173228346
11
5.0511811023622046
21
-5.073228346456693
0
LINE
8
BLACK
6
CONTINUOUS
10
5.0511811023622046
20
-5.073228346456693
11
5.0519303149606296
21
-5.0694617716535433
0
LINE
8
BLACK
6
CONTINUOUS
10
5.0519303149606296
20
-5.0694617716535433
11
5.0540638976377954
21
-5.0662686220472439
0
LINE
8
BLACK
6
CONTINUOUS
10
5.0540638976377954
20
-5.0662686220472439
11
5.0572570472440947
21
-5.064135039370079
0
LINE
8
BLACK
6
CONTINUOUS
10
5.0572570472440947
20
-5.064135039370079
11
5.0610236220472435
21
-5.0633858267716532
0
LINE
8
BLACK
6
CONTINUOUS
10
5.0610236220472435
20
-5.0633858267716532
11
5.0885826771653546
21
-5.0633858267716532
0
LINE
8
BLACK
6
CONTINUOUS
10
5.0885826771653546
20
-5.0633858267716532
11
5.0923492519685034
21
-5.064135039370079
0
LINE
8
BLACK
6
CONTINUOUS
10
8.111148464566929
20
-5.0485838582677163
11
8.1143416141732274
21
-5.0507174409448821
0
LINE
8
BLACK
6
CONTINUOUS
10
8.1143416141732274
20
-5.0507174409448821
11
8.1164751968503932
21
-5.0539105905511814
0
LINE
8
BLACK
6
CONTINUOUS
10
8.1164751968503932
20
-5.0539105905511814
11
8.1172244094488182
21
-5.0576771653543302
0
LINE
8
BLACK
6
CONTINUOUS
10
8.1172244094488182
20
-5.0576771653543302
11
8.1172244094488182
21
-5.0950787401574802
0
LINE
8
BLACK
6
CONTINUOUS
10
8.1172244094488182
20
-5.0950787401574802
11
8.1164751968503932
21
-5.0988453149606299
0
LINE
8
BLACK
6
CONTINUOUS
10
8.1164751968503932
20
-5.0988453149606299
11
8.1143416141732274
21
-5.1020384645669292
0
LINE
8
BLACK
6
CONTINUOUS
10
8.1143416141732274
20
-5.1020384645669292
11
8.111148464566929
21
-5.1041720472440941
0
LINE
8
BLACK
6
CONTINUOUS
10
8.111148464566929
20
-5.1041720472440941
11
8.1073818897637793
21
-5.10492125984252
0
LINE
8
BLACK
6
CONTINUOUS
10
8.1073818897637793
20
-5.10492125984252
11
8.0808070866141737
21
-5.10492125984252
0
LINE
8
BLACK
6
CONTINUOUS
10
8.0808070866141737
20
-5.10492125984252
11
8.077040511811024
21
-5.1041720472440941
0
LINE
8
BLACK
6
CONTINUOUS
10
8.077040511811024
20
-5.1041720472440941
11
8.0738473622047238
21
-5.1020384645669292
0
LINE
8
BLACK
6
CONTINUOUS
10
8.0738473622047238
20
-5.1020384645669292
11
8.0717137795275598
21
-5.0988453149606299
0
LINE
8
BLACK
6
CONTINUOUS
10
8.0717137795275598
20
-5.0988453149606299
11
8.070964566929133
21
-5.0950787401574802
0
LINE
8
BLACK
6
CONTINUOUS
10
8.070964566929133
20
-5.0950787401574802
11
8.070964566929133
21
-5.0576771653543302
0
LINE
8
BLACK
6
CONTINUOUS
10
8.070964566929133
20
-5.0576771653543302
11
8.0717137795275598
21
-5.0539105905511814
0
LINE
8
BLACK
6
CONTINUOUS
10
8.0717137795275598
20
-5.0539105905511814
11
8.0738473622047238
21
-5.0507174409448821
0
LINE
8
BLACK
6
CONTINUOUS
10
8.0738473622047238
20
-5.0507174409448821
11
8.077040511811024
21
-5.0485838582677163
0
LINE
8
BLACK
6
CONTINUOUS
10
8.077040511811024
20
-5.0485838582677163
11
8.0808070866141737
21
-5.0478346456692913
0
LINE
8
BLACK
6
CONTINUOUS
10
8.0808070866141737
20
-5.0478346456692913
11
8.1073818897637793
21
-5.0478346456692913
0
LINE
8
BLACK
6
CONTINUOUS
10
8.1073818897637793
20
-5.0478346456692913
11
8.111148464566929
21
-5.0485838582677163
0
LINE
8
BLACK
6
CONTINUOUS
10
8.1928413779527549
20
-5.0485838582677163
11
8.1960345275590551
21
-5.0507174409448821
0
LINE
8
BLACK
6
CONTINUOUS
10
8.1960345275590551
20
-5.0507174409448821
11
8.1981681102362209
21
-5.0539105905511814
0
LINE
8
BLACK
6
CONTINUOUS
10
8.1981681102362209
20
-5.0539105905511814
11
8.1989173228346459
21
-5.0576771653543302
0
LINE
8
BLACK
6
CONTINUOUS
10
8.1989173228346459
20
-5.0576771653543302
11
8.1989173228346459
21
-5.0950787401574802
0
LINE
8
BLACK
6
CONTINUOUS
10
8.1989173228346459
20
-5.0950787401574802
11
8.1981681102362209
21
-5.0988453149606299
0
LINE
8
BLACK
6
CONTINUOUS
10
8.1981681102362209
20
-5.0988453149606299
11
8.1960345275590551
21
-5.1020384645669292
0
LINE
8
BLACK
6
CONTINUOUS
10
8.1960345275590551
20
-5.1020384645669292
11
8.1928413779527549
21
-5.1041720472440941
0
LINE
8
BLACK
6
CONTINUOUS
10
8.1928413779527549
20
-5.1041720472440941
11
8.1890748031496052
21
-5.10492125984252
0
LINE
8
BLACK
6
CONTINUOUS
10
8.1890748031496052
20
-5.10492125984252
11
8.1624999999999996
21
-5.10492125984252
0
LINE
8
BLACK
6
CONTINUOUS
10
8.1624999999999996
20
-5.10492125984252
11
8.15873342519685
21
-5.1041720472440941
0
LINE
8
BLACK
6
CONTINUOUS
10
8.15873342519685
20
-5.1041720472440941
11
8.1555402755905515
21
-5.1020384645669292
0
LINE
8
BLACK
6
CONTINUOUS
10
8.1555402755905515
20
-5.1020384645669292
11
8.1534066929133857
21
-5.0988453149606299
0
LINE
8
BLACK
6
CONTINUOUS
10
8.1534066929133857
20
-5.0988453149606299
11
8.1526574803149607
21
-5.0950787401574802
0
LINE
8
BLACK
6
CONTINUOUS
10
8.1526574803149607
20
-5.0950787401574802
11
8.1526574803149607
21
-5.0576771653543302
0
LINE
8
BLACK
6
CONTINUOUS
10
8.1526574803149607
20
-5.0576771653543302
11
8.1534066929133857
21
-5.0539105905511814
0
LINE
8
BLACK
6
CONTINUOUS
10
8.1534066929133857
20
-5.0539105905511814
11
8.1555402755905515
21
-5.0507174409448821
0
LINE
8
BLACK
6
CONTINUOUS
10
8.1555402755905515
20
-5.0507174409448821
11
8.15873342519685
21
-5.0485838582677163
0
LINE
8
BLACK
6
CONTINUOUS
10
8.15873342519685
20
-5.0485838582677163
11
8.1624999999999996
21
-5.0478346456692913
0
LINE
8
BLACK
6
CONTINUOUS
10
8.1624999999999996
20
-5.0478346456692913
11
8.1890748031496052
21
-5.0478346456692913
0
LINE
8
BLACK
6
CONTINUOUS
10
8.1890748031496052
20
-5.0478346456692913
11
8.1928413779527549
21
-5.0485838582677163
0
LINE
8
BLACK
6
CONTINUOUS
10
4.4723689370078743
20
-5.0257492125984253
11
4.4755620866141728
21
-5.0278827952755902
0
LINE
8
BLACK
6
CONTINUOUS
10
4.4755620866141728
20
-5.0278827952755902
11
4.4776956692913386
21
-5.0310759448818896
0
LINE
8
BLACK
6
CONTINUOUS
10
4.4776956692913386
20
-5.0310759448818896
11
4.4784448818897635
21
-5.0348425196850393
0
LINE
8
BLACK
6
CONTINUOUS
10
4.4784448818897635
20
-5.0348425196850393
11
4.4784448818897635
21
-5.0722440944881892
0
LINE
8
BLACK
6
CONTINUOUS
10
4.4784448818897635
20
-5.0722440944881892
11
4.4776956692913386
21
-5.076010669291338
0
LINE
8
BLACK
6
CONTINUOUS
10
4.4776956692913386
20
-5.076010669291338
11
4.4755620866141728
21
-5.0792038188976374
0
LINE
8
BLACK
6
CONTINUOUS
10
4.4755620866141728
20
-5.0792038188976374
11
4.4723689370078743
21
-5.0813374015748032
0
LINE
8
BLACK
6
CONTINUOUS
10
4.4723689370078743
20
-5.0813374015748032
11
4.4686023622047246
21
-5.0820866141732282
0
LINE
8
BLACK
6
CONTINUOUS
10
4.4686023622047246
20
-5.0820866141732282
11
4.4420275590551181
21
-5.0820866141732282
0
LINE
8
BLACK
6
CONTINUOUS
10
4.4420275590551181
20
-5.0820866141732282
11
4.4382609842519685
21
-5.0813374015748032
0
LINE
8
BLACK
6
CONTINUOUS
10
4.4382609842519685
20
-5.0813374015748032
11
4.4350678346456691
21
-5.0792038188976374
0
LINE
8
BLACK
6
CONTINUOUS
10
4.4350678346456691
20
-5.0792038188976374
11
4.4329342519685042
21
-5.076010669291338
0
LINE
8
BLACK
6
CONTINUOUS
10
4.4329342519685042
20
-5.076010669291338
11
4.4321850393700783
21
-5.0722440944881892
0
LINE
8
BLACK
6
CONTINUOUS
10
4.4321850393700783
20
-5.0722440944881892
11
4.4321850393700783
21
-5.0348425196850393
0
LINE
8
BLACK
6
CONTINUOUS
10
4.4321850393700783
20
-5.0348425196850393
11
4.4329342519685042
21
-5.0310759448818896
0
LINE
8
BLACK
6
CONTINUOUS
10
4.4329342519685042
20
-5.0310759448818896
11
4.4350678346456691
21
-5.0278827952755902
0
LINE
8
BLACK
6
CONTINUOUS
10
4.4350678346456691
20
-5.0278827952755902
11
4.4382609842519685
21
-5.0257492125984253
0
LINE
8
BLACK
6
CONTINUOUS
10
4.4382609842519685
20
-5.0257492125984253
11
4.4420275590551181
21
-5.0249999999999995
0
LINE
8
BLACK
6
CONTINUOUS
10
4.4420275590551181
20
-5.0249999999999995
11
4.4686023622047246
21
-5.0249999999999995
0
LINE
8
BLACK
6
CONTINUOUS
10
4.4686023622047246
20
-5.0249999999999995
11
4.4723689370078743
21
-5.0257492125984253
0
LINE
8
BLACK
6
CONTINUOUS
10
4.5540618503937003
20
-5.0257492125984253
11
4.5572549999999996
21
-5.0278827952755902
0
LINE
8
BLACK
6
CONTINUOUS
10
4.5572549999999996
20
-5.0278827952755902
11
4.5593885826771654
21
-5.0310759448818896
0
LINE
8
BLACK
6
CONTINUOUS
10
4.5593885826771654
20
-5.0310759448818896
11
4.5601377952755904
21
-5.0348425196850393
0
LINE
8
BLACK
6
CONTINUOUS
10
4.5601377952755904
20
-5.0348425196850393
11
4.5601377952755904
21
-5.0722440944881892
0
LINE
8
BLACK
6
CONTINUOUS
10
4.5601377952755904
20
-5.0722440944881892
11
4.5593885826771654
21
-5.076010669291338
0
LINE
8
BLACK
6
CONTINUOUS
10
4.5593885826771654
20
-5.076010669291338
11
4.5572549999999996
21
-5.0792038188976374
0
LINE
8
BLACK
6
CONTINUOUS
10
4.5572549999999996
20
-5.0792038188976374
11
4.5540618503937003
21
-5.0813374015748032
0
LINE
8
BLACK
6
CONTINUOUS
10
4.5540618503937003
20
-5.0813374015748032
11
4.5502952755905515
21
-5.0820866141732282
0
LINE
8
BLACK
6
CONTINUOUS
10
4.5502952755905515
20
-5.0820866141732282
11
4.523720472440945
21
-5.0820866141732282
0
LINE
8
BLACK
6
CONTINUOUS
10
4.523720472440945
20
-5.0820866141732282
11
4.5199538976377953
21
-5.0813374015748032
0
LINE
8
BLACK
6
CONTINUOUS
10
4.5199538976377953
20
-5.0813374015748032
11
4.516760748031496
21
-5.0792038188976374
0
LINE
8
BLACK
6
CONTINUOUS
10
4.516760748031496
20
-5.0792038188976374
11
4.5146271653543302
21
-5.076010669291338
0
LINE
8
BLACK
6
CONTINUOUS
10
4.5146271653543302
20
-5.076010669291338
11
4.5138779527559052
21
-5.0722440944881892
0
LINE
8
BLACK
6
CONTINUOUS
10
4.5138779527559052
20
-5.0722440944881892
11
4.5138779527559052
21
-5.0348425196850393
0
LINE
8
BLACK
6
CONTINUOUS
10
4.5138779527559052
20
-5.0348425196850393
11
4.5146271653543302
21
-5.0310759448818896
0
LINE
8
BLACK
6
CONTINUOUS
10
4.5146271653543302
20
-5.0310759448818896
11
4.516760748031496
21
-5.0278827952755902
0
LINE
8
BLACK
6
CONTINUOUS
10
4.516760748031496
20
-5.0278827952755902
11
4.5199538976377953
21
-5.0257492125984253
0
LINE
8
BLACK
6
CONTINUOUS
10
4.5199538976377953
20
-5.0257492125984253
11
4.523720472440945
21
-5.0249999999999995
0
LINE
8
BLACK
6
CONTINUOUS
10
4.523720472440945
20
-5.0249999999999995
11
4.5502952755905515
21
-5.0249999999999995
0
LINE
8
BLACK
6
CONTINUOUS
10
4.5502952755905515
20
-5.0249999999999995
11
4.5540618503937003
21
-5.0257492125984253
0
LINE
8
BLACK
6
CONTINUOUS
10
7.7515748031496061
20
-5.0724409448818895
11
7.6944881889763774
21
-5.0724409448818895
0
LINE
8
BLACK
6
CONTINUOUS
10
7.6944881889763774
20
-5.0724409448818895
11
7.6944881889763774
21
-5.0547244094488191
0
LINE
8
BLACK
6
CONTINUOUS
10
7.6944881889763774
20
-5.0547244094488191
11
7.7515748031496061
21
-5.0547244094488191
0
LINE
8
BLACK
6
CONTINUOUS
10
7.7515748031496061
20
-5.0547244094488191
11
7.7515748031496061
21
-5.0724409448818895
0
LINE
8
BLACK
6
CONTINUOUS
10
7.9818897637795274
20
-5.0724409448818895
11
7.9248031496062987
21
-5.0724409448818895
0
LINE
8
BLACK
6
CONTINUOUS
10
7.9248031496062987
20
-5.0724409448818895
11
7.9248031496062987
21
-5.0547244094488191
0
LINE
8
BLACK
6
CONTINUOUS
10
7.9248031496062987
20
-5.0547244094488191
11
7.9818897637795274
21
-5.0547244094488191
0
LINE
8
BLACK
6
CONTINUOUS
10
7.9818897637795274
20
-5.0547244094488191
11
7.9818897637795274
21
-5.0724409448818895
0
LINE
8
BLACK
6
CONTINUOUS
10
5.7508138188976377
20
-5.0199421259842518
11
5.754006968503937
21
-5.0220757086614176
0
LINE
8
BLACK
6
CONTINUOUS
10
5.754006968503937
20
-5.0220757086614176
11
5.7561405511811019
21
-5.0252688582677161
0
LINE
8
BLACK
6
CONTINUOUS
10
5.7561405511811019
20
-5.0252688582677161
11
5.7568897637795278
21
-5.0290354330708658
0
LINE
8
BLACK
6
CONTINUOUS
10
5.7568897637795278
20
-5.0290354330708658
11
5.7568897637795278
21
-5.0556102362204722
0
LINE
8
BLACK
6
CONTINUOUS
10
5.7568897637795278
20
-5.0556102362204722
11
5.7561405511811019
21
-5.0593768110236219
0
LINE
8
BLACK
6
CONTINUOUS
10
5.7561405511811019
20
-5.0593768110236219
11
5.754006968503937
21
-5.0625699606299213
0
LINE
8
BLACK
6
CONTINUOUS
10
5.754006968503937
20
-5.0625699606299213
11
5.7508138188976377
21
-5.0647035433070862
0
LINE
8
BLACK
6
CONTINUOUS
10
5.7508138188976377
20
-5.0647035433070862
11
5.747047244094488
21
-5.065452755905512
0
LINE
8
BLACK
6
CONTINUOUS
10
5.747047244094488
20
-5.065452755905512
11
5.7096456692913389
21
-5.065452755905512
0
LINE
8
BLACK
6
CONTINUOUS
10
5.7096456692913389
20
-5.065452755905512
11
5.7058790944881892
21
-5.0647035433070862
0
LINE
8
BLACK
6
CONTINUOUS
10
5.7058790944881892
20
-5.0647035433070862
11
5.7026859448818898
21
-5.0625699606299213
0
LINE
8
BLACK
6
CONTINUOUS
10
5.7026859448818898
20
-5.0625699606299213
11
5.7005523622047241
21
-5.0593768110236219
0
LINE
8
BLACK
6
CONTINUOUS
10
5.7005523622047241
20
-5.0593768110236219
11
5.6998031496062991
21
-5.0556102362204722
0
LINE
8
BLACK
6
CONTINUOUS
10
5.6998031496062991
20
-5.0556102362204722
11
5.6998031496062991
21
-5.0290354330708658
0
LINE
8
BLACK
6
CONTINUOUS
10
5.6998031496062991
20
-5.0290354330708658
11
5.7005523622047241
21
-5.0252688582677161
0
LINE
8
BLACK
6
CONTINUOUS
10
5.7005523622047241
20
-5.0252688582677161
11
5.7026859448818898
21
-5.0220757086614176
0
LINE
8
BLACK
6
CONTINUOUS
10
5.7026859448818898
20
-5.0220757086614176
11
5.7058790944881892
21
-5.0199421259842518
0
LINE
8
BLACK
6
CONTINUOUS
10
5.7058790944881892
20
-5.0199421259842518
11
5.7096456692913389
21
-5.0191929133858268
0
LINE
8
BLACK
6
CONTINUOUS
10
5.7096456692913389
20
-5.0191929133858268
11
5.747047244094488
21
-5.0191929133858268
0
LINE
8
BLACK
6
CONTINUOUS
10
5.747047244094488
20
-5.0191929133858268
11
5.7508138188976377
21
-5.0199421259842518
0
LINE
8
BLACK
6
CONTINUOUS
10
5.927979173228346
20
-5.0199421259842518
11
5.9311723228346453
21
-5.0220757086614176
0
LINE
8
BLACK
6
CONTINUOUS
10
5.9311723228346453
20
-5.0220757086614176
11
5.9333059055118111
21
-5.0252688582677161
0
LINE
8
BLACK
6
CONTINUOUS
10
5.9333059055118111
20
-5.0252688582677161
11
5.9340551181102361
21
-5.0290354330708658
0
LINE
8
BLACK
6
CONTINUOUS
10
5.9340551181102361
20
-5.0290354330708658
11
5.9340551181102361
21
-5.0556102362204722
0
LINE
8
BLACK
6
CONTINUOUS
10
5.9340551181102361
20
-5.0556102362204722
11
5.9333059055118111
21
-5.0593768110236219
0
LINE
8
BLACK
6
CONTINUOUS
10
5.9333059055118111
20
-5.0593768110236219
11
5.9311723228346453
21
-5.0625699606299213
0
LINE
8
BLACK
6
CONTINUOUS
10
5.9311723228346453
20
-5.0625699606299213
11
5.927979173228346
21
-5.0647035433070862
0
LINE
8
BLACK
6
CONTINUOUS
10
5.927979173228346
20
-5.0647035433070862
11
5.9242125984251963
21
-5.065452755905512
0
LINE
8
BLACK
6
CONTINUOUS
10
5.9242125984251963
20
-5.065452755905512
11
5.8868110236220472
21
-5.065452755905512
0
LINE
8
BLACK
6
CONTINUOUS
10
5.8868110236220472
20
-5.065452755905512
11
5.8830444488188975
21
-5.0647035433070862
0
LINE
8
BLACK
6
CONTINUOUS
10
5.8830444488188975
20
-5.0647035433070862
11
5.8798512992125982
21
-5.0625699606299213
0
LINE
8
BLACK
6
CONTINUOUS
10
5.8798512992125982
20
-5.0625699606299213
11
5.8777177165354333
21
-5.0593768110236219
0
LINE
8
BLACK
6
CONTINUOUS
10
5.8777177165354333
20
-5.0593768110236219
11
5.8769685039370074
21
-5.0556102362204722
0
LINE
8
BLACK
6
CONTINUOUS
10
5.8769685039370074
20
-5.0556102362204722
11
5.8769685039370074
21
-5.0290354330708658
0
LINE
8
BLACK
6
CONTINUOUS
10
5.8769685039370074
20
-5.0290354330708658
11
5.8777177165354333
21
-5.0252688582677161
0
LINE
8
BLACK
6
CONTINUOUS
10
5.8777177165354333
20
-5.0252688582677161
11
5.8798512992125982
21
-5.0220757086614176
0
LINE
8
BLACK
6
CONTINUOUS
10
5.8798512992125982
20
-5.0220757086614176
11
5.8830444488188975
21
-5.0199421259842518
0
LINE
8
BLACK
6
CONTINUOUS
10
5.8830444488188975
20
-5.0199421259842518
11
5.8868110236220472
21
-5.0191929133858268
0
LINE
8
BLACK
6
CONTINUOUS
10
5.8868110236220472
20
-5.0191929133858268
11
5.9242125984251963
21
-5.0191929133858268
0
LINE
8
BLACK
6
CONTINUOUS
10
5.9242125984251963
20
-5.0191929133858268
11
5.927979173228346
21
-5.0199421259842518
0
LINE
8
BLACK
6
CONTINUOUS
10
7.7515748031496061
20
-5.0468503937007876
11
7.6944881889763774
21
-5.0468503937007876
0
LINE
8
BLACK
6
CONTINUOUS
10
7.6944881889763774
20
-5.0468503937007876
11
7.6944881889763774
21
-5.0291338582677163
0
LINE
8
BLACK
6
CONTINUOUS
10
7.6944881889763774
20
-5.0291338582677163
11
7.7515748031496061
21
-5.0291338582677163
0
LINE
8
BLACK
6
CONTINUOUS
10
7.7515748031496061
20
-5.0291338582677163
11
7.7515748031496061
21
-5.0468503937007876
0
LINE
8
BLACK
6
CONTINUOUS
10
7.9818897637795274
20
-5.0468503937007876
11
7.9248031496062987
21
-5.0468503937007876
0
LINE
8
BLACK
6
CONTINUOUS
10
7.9248031496062987
20
-5.0468503937007876
11
7.9248031496062987
21
-5.0291338582677163
0
LINE
8
BLACK
6
CONTINUOUS
10
7.9248031496062987
20
-5.0291338582677163
11
7.9818897637795274
21
-5.0291338582677163
0
LINE
8
BLACK
6
CONTINUOUS
10
7.9818897637795274
20
-5.0291338582677163
11
7.9818897637795274
21
-5.0468503937007876
0
LINE
8
BLACK
6
CONTINUOUS
10
2.4950787401574801
20
-5.0405511811023622
11
2.481299212598425
21
-5.0405511811023622
0
LINE
8
BLACK
6
CONTINUOUS
10
2.481299212598425
20
-5.0405511811023622
11
2.481299212598425
21
-5.0031496062992122
0
LINE
8
BLACK
6
CONTINUOUS
10
2.481299212598425
20
-5.0031496062992122
11
2.4950787401574801
21
-5.0031496062992122
0
LINE
8
BLACK
6
CONTINUOUS
10
2.4950787401574801
20
-5.0031496062992122
11
2.4950787401574801
21
-5.0405511811023622
0
LINE
8
BLACK
6
CONTINUOUS
10
2.5206692913385824
20
-5.0405511811023622
11
2.5068897637795273
21
-5.0405511811023622
0
LINE
8
BLACK
6
CONTINUOUS
10
2.5068897637795273
20
-5.0405511811023622
11
2.5068897637795273
21
-5.0031496062992122
0
LINE
8
BLACK
6
CONTINUOUS
10
2.5068897637795273
20
-5.0031496062992122
11
2.5206692913385824
21
-5.0031496062992122
0
LINE
8
BLACK
6
CONTINUOUS
10
2.5206692913385824
20
-5.0031496062992122
11
2.5206692913385824
21
-5.0405511811023622
0
LINE
8
BLACK
6
CONTINUOUS
10
2.5462598425196852
20
-5.0405511811023622
11
2.5324803149606301
21
-5.0405511811023622
0
LINE
8
BLACK
6
CONTINUOUS
10
2.5324803149606301
20
-5.0405511811023622
11
2.5324803149606301
21
-5.0031496062992122
0
LINE
8
BLACK
6
CONTINUOUS
10
2.5324803149606301
20
-5.0031496062992122
11
2.5462598425196852
21
-5.0031496062992122
0
LINE
8
BLACK
6
CONTINUOUS
10
2.5462598425196852
20
-5.0031496062992122
11
2.5462598425196852
21
-5.0405511811023622
0
LINE
8
BLACK
6
CONTINUOUS
10
7.9001968503937006
20
-5.0340551181102358
11
7.7761811023622043
21
-5.0340551181102358
0
LINE
8
BLACK
6
CONTINUOUS
10
7.7761811023622043
20
-5.0340551181102358
11
7.7761811023622043
21
-4.8627952755905515
0
LINE
8
BLACK
6
CONTINUOUS
10
7.7761811023622043
20
-4.8627952755905515
11
7.9001968503937006
21
-4.8627952755905515
0
LINE
8
BLACK
6
CONTINUOUS
10
7.9001968503937006
20
-4.8627952755905515
11
7.9001968503937006
21
-5.0340551181102358
0
LINE
8
BLACK
6
CONTINUOUS
10
7.7515748031496061
20
-5.0212598425196848
11
7.6944881889763774
21
-5.0212598425196848
0
LINE
8
BLACK
6
CONTINUOUS
10
7.6944881889763774
20
-5.0212598425196848
11
7.6944881889763774
21
-5.0035433070866144
0
LINE
8
BLACK
6
CONTINUOUS
10
7.6944881889763774
20
-5.0035433070866144
11
7.7515748031496061
21
-5.0035433070866144
0
LINE
8
BLACK
6
CONTINUOUS
10
7.7515748031496061
20
-5.0035433070866144
11
7.7515748031496061
21
-5.0212598425196848
0
LINE
8
BLACK
6
CONTINUOUS
10
7.9818897637795274
20
-5.0212598425196848
11
7.9248031496062987
21
-5.0212598425196848
0
LINE
8
BLACK
6
CONTINUOUS
10
7.9248031496062987
20
-5.0212598425196848
11
7.9248031496062987
21
-5.0035433070866144
0
LINE
8
BLACK
6
CONTINUOUS
10
7.9248031496062987
20
-5.0035433070866144
11
7.9818897637795274
21
-5.0035433070866144
0
LINE
8
BLACK
6
CONTINUOUS
10
7.9818897637795274
20
-5.0035433070866144
11
7.9818897637795274
21
-5.0212598425196848
0
LINE
8
BLACK
6
CONTINUOUS
10
4.2349673622047241
20
-4.9607885826771652
11
4.2381605118110235
21
-4.962922165354331
0
LINE
8
BLACK
6
CONTINUOUS
10
4.2381605118110235
20
-4.962922165354331
11
4.2402940944881893
21
-4.9661153149606294
0
LINE
8
BLACK
6
CONTINUOUS
10
4.2402940944881893
20
-4.9661153149606294
11
4.2410433070866143
21
-4.9698818897637791
0
LINE
8
BLACK
6
CONTINUOUS
10
4.2410433070866143
20
-4.9698818897637791
11
4.2410433070866143
21
-5.0072834645669291
0
LINE
8
BLACK
6
CONTINUOUS
10
4.2410433070866143
20
-5.0072834645669291
11
4.2402940944881893
21
-5.0110500393700788
0
LINE
8
BLACK
6
CONTINUOUS
10
4.2402940944881893
20
-5.0110500393700788
11
4.2381605118110235
21
-5.0142431889763781
0
LINE
8
BLACK
6
CONTINUOUS
10
4.2381605118110235
20
-5.0142431889763781
11
4.2349673622047241
21
-5.016376771653543
0
LINE
8
BLACK
6
CONTINUOUS
10
4.2349673622047241
20
-5.016376771653543
11
4.2312007874015745
21
-5.017125984251968
0
LINE
8
BLACK
6
CONTINUOUS
10
4.2312007874015745
20
-5.017125984251968
11
4.204625984251968
21
-5.017125984251968
0
LINE
8
BLACK
6
CONTINUOUS
10
4.204625984251968
20
-5.017125984251968
11
4.2008594094488192
21
-5.016376771653543
0
LINE
8
BLACK
6
CONTINUOUS
10
4.2008594094488192
20
-5.016376771653543
11
4.1976662598425198
21
-5.0142431889763781
0
LINE
8
BLACK
6
CONTINUOUS
10
4.1976662598425198
20
-5.0142431889763781
11
4.1955326771653541
21
-5.0110500393700788
0
LINE
8
BLACK
6
CONTINUOUS
10
4.1955326771653541
20
-5.0110500393700788
11
4.1947834645669291
21
-5.0072834645669291
0
LINE
8
BLACK
6
CONTINUOUS
10
4.1947834645669291
20
-5.0072834645669291
11
4.1947834645669291
21
-4.9698818897637791
0
LINE
8
BLACK
6
CONTINUOUS
10
4.1947834645669291
20
-4.9698818897637791
11
4.1955326771653541
21
-4.9661153149606294
0
LINE
8
BLACK
6
CONTINUOUS
10
4.1955326771653541
20
-4.9661153149606294
11
4.1976662598425198
21
-4.962922165354331
0
LINE
8
BLACK
6
CONTINUOUS
10
4.1976662598425198
20
-4.962922165354331
11
4.2008594094488192
21
-4.9607885826771652
0
LINE
8
BLACK
6
CONTINUOUS
10
4.2008594094488192
20
-4.9607885826771652
11
4.204625984251968
21
-4.9600393700787402
0
LINE
8
BLACK
6
CONTINUOUS
10
4.204625984251968
20
-4.9600393700787402
11
4.2312007874015745
21
-4.9600393700787402
0
LINE
8
BLACK
6
CONTINUOUS
10
4.2312007874015745
20
-4.9600393700787402
11
4.2349673622047241
21
-4.9607885826771652
0
LINE
8
BLACK
6
CONTINUOUS
10
4.316660275590551
20
-4.9607885826771652
11
4.3198534251968503
21
-4.962922165354331
0
LINE
8
BLACK
6
CONTINUOUS
10
4.3198534251968503
20
-4.962922165354331
11
4.3219870078740152
21
-4.9661153149606294
0
LINE
8
BLACK
6
CONTINUOUS
10
4.3219870078740152
20
-4.9661153149606294
11
4.3227362204724411
21
-4.9698818897637791
0
LINE
8
BLACK
6
CONTINUOUS
10
4.3227362204724411
20
-4.9698818897637791
11
4.3227362204724411
21
-5.0072834645669291
0
LINE
8
BLACK
6
CONTINUOUS
10
4.3227362204724411
20
-5.0072834645669291
11
4.3219870078740152
21
-5.0110500393700788
0
LINE
8
BLACK
6
CONTINUOUS
10
4.3219870078740152
20
-5.0110500393700788
11
4.3198534251968503
21
-5.0142431889763781
0
LINE
8
BLACK
6
CONTINUOUS
10
4.3198534251968503
20
-5.0142431889763781
11
4.316660275590551
21
-5.016376771653543
0
LINE
8
BLACK
6
CONTINUOUS
10
4.316660275590551
20
-5.016376771653543
11
4.3128937007874013
21
-5.017125984251968
0
LINE
8
BLACK
6
CONTINUOUS
10
4.3128937007874013
20
-5.017125984251968
11
4.2863188976377948
21
-5.017125984251968
0
LINE
8
BLACK
6
CONTINUOUS
10
4.2863188976377948
20
-5.017125984251968
11
4.2825523228346452
21
-5.016376771653543
0
LINE
8
BLACK
6
CONTINUOUS
10
4.2825523228346452
20
-5.016376771653543
11
4.2793591732283467
21
-5.0142431889763781
0
LINE
8
BLACK
6
CONTINUOUS
10
4.2793591732283467
20
-5.0142431889763781
11
4.2772255905511809
21
-5.0110500393700788
0
LINE
8
BLACK
6
CONTINUOUS
10
4.2772255905511809
20
-5.0110500393700788
11
4.2764763779527559
21
-5.0072834645669291
0
LINE
8
BLACK
6
CONTINUOUS
10
4.2764763779527559
20
-5.0072834645669291
11
4.2764763779527559
21
-4.9698818897637791
0
LINE
8
BLACK
6
CONTINUOUS
10
4.2764763779527559
20
-4.9698818897637791
11
4.2772255905511809
21
-4.9661153149606294
0
LINE
8
BLACK
6
CONTINUOUS
10
4.2772255905511809
20
-4.9661153149606294
11
4.2793591732283467
21
-4.962922165354331
0
LINE
8
BLACK
6
CONTINUOUS
10
4.2793591732283467
20
-4.962922165354331
11
4.2825523228346452
21
-4.9607885826771652
0
LINE
8
BLACK
6
CONTINUOUS
10
4.2825523228346452
20
-4.9607885826771652
11
4.2863188976377948
21
-4.9600393700787402
0
LINE
8
BLACK
6
CONTINUOUS
10
4.2863188976377948
20
-4.9600393700787402
11
4.3128937007874013
21
-4.9600393700787402
0
LINE
8
BLACK
6
CONTINUOUS
10
4.3128937007874013
20
-4.9600393700787402
11
4.316660275590551
21
-4.9607885826771652
0
LINE
8
BLACK
6
CONTINUOUS
10
8.5553149606299215
20
-5.0049212598425195
11
8.4596456692913389
21
-5.0049212598425195
0
LINE
8
BLACK
6
CONTINUOUS
10
8.4596456692913389
20
-5.0049212598425195
11
8.4596456692913389
21
-4.9116141732283465
0
LINE
8
BLACK
6
CONTINUOUS
10
8.4596456692913389
20
-4.9116141732283465
11
8.5553149606299215
21
-4.9116141732283465
0
LINE
8
BLACK
6
CONTINUOUS
10
8.5553149606299215
20
-4.9116141732283465
11
8.5553149606299215
21
-5.0049212598425195
0
LINE
8
BLACK
6
CONTINUOUS
10
8.1559319291338586
20
-4.9555720472440941
11
8.159125078740157
21
-4.9577056299212598
0
LINE
8
BLACK
6
CONTINUOUS
10
8.159125078740157
20
-4.9577056299212598
11
8.1612586614173228
21
-4.9608987795275592
0
LINE
8
BLACK
6
CONTINUOUS
10
8.1612586614173228
20
-4.9608987795275592
11
8.1620078740157478
21
-4.9646653543307089
0
LINE
8
BLACK
6
CONTINUOUS
10
8.1620078740157478
20
-4.9646653543307089
11
8.1620078740157478
21
-4.9912401574803145
0
LINE
8
BLACK
6
CONTINUOUS
10
8.1620078740157478
20
-4.9912401574803145
11
8.1612586614173228
21
-4.9950067322834641
0
LINE
8
BLACK
6
CONTINUOUS
10
8.1612586614173228
20
-4.9950067322834641
11
8.159125078740157
21
-4.9981998818897635
0
LINE
8
BLACK
6
CONTINUOUS
10
8.159125078740157
20
-4.9981998818897635
11
8.1559319291338586
21
-5.0003334645669293
0
LINE
8
BLACK
6
CONTINUOUS
10
8.1559319291338586
20
-5.0003334645669293
11
8.1521653543307089
21
-5.0010826771653543
0
LINE
8
BLACK
6
CONTINUOUS
10
8.1521653543307089
20
-5.0010826771653543
11
8.1147637795275589
21
-5.0010826771653543
0
LINE
8
BLACK
6
CONTINUOUS
10
8.1147637795275589
20
-5.0010826771653543
11
8.1109972047244092
21
-5.0003334645669293
0
LINE
8
BLACK
6
CONTINUOUS
10
8.1109972047244092
20
-5.0003334645669293
11
8.1078040551181108
21
-4.9981998818897635
0
LINE
8
BLACK
6
CONTINUOUS
10
8.1078040551181108
20
-4.9981998818897635
11
8.105670472440945
21
-4.9950067322834641
0
LINE
8
BLACK
6
CONTINUOUS
10
8.105670472440945
20
-4.9950067322834641
11
8.10492125984252
21
-4.9912401574803145
0
LINE
8
BLACK
6
CONTINUOUS
10
8.10492125984252
20
-4.9912401574803145
11
8.10492125984252
21
-4.9646653543307089
0
LINE
8
BLACK
6
CONTINUOUS
10
8.10492125984252
20
-4.9646653543307089
11
8.105670472440945
21
-4.9608987795275592
0
LINE
8
BLACK
6
CONTINUOUS
10
8.105670472440945
20
-4.9608987795275592
11
8.1078040551181108
21
-4.9577056299212598
0
LINE
8
BLACK
6
CONTINUOUS
10
8.1078040551181108
20
-4.9577056299212598
11
8.1109972047244092
21
-4.9555720472440941
0
LINE
8
BLACK
6
CONTINUOUS
10
8.1109972047244092
20
-4.9555720472440941
11
8.1147637795275589
21
-4.9548228346456691
0
LINE
8
BLACK
6
CONTINUOUS
10
8.1147637795275589
20
-4.9548228346456691
11
8.1521653543307089
21
-4.9548228346456691
0
LINE
8
BLACK
6
CONTINUOUS
10
8.1521653543307089
20
-4.9548228346456691
11
8.1559319291338586
21
-4.9555720472440941
0
LINE
8
BLACK
6
CONTINUOUS
10
8.333097283464566
20
-4.9555720472440941
11
8.3362904330708663
21
-4.9577056299212598
0
LINE
8
BLACK
6
CONTINUOUS
10
8.3362904330708663
20
-4.9577056299212598
11
8.338424015748032
21
-4.9608987795275592
0
LINE
8
BLACK
6
CONTINUOUS
10
8.338424015748032
20
-4.9608987795275592
11
8.339173228346457
21
-4.9646653543307089
0
LINE
8
BLACK
6
CONTINUOUS
10
8.339173228346457
20
-4.9646653543307089
11
8.339173228346457
21
-4.9912401574803145
0
LINE
8
BLACK
6
CONTINUOUS
10
8.339173228346457
20
-4.9912401574803145
11
8.338424015748032
21
-4.9950067322834641
0
LINE
8
BLACK
6
CONTINUOUS
10
8.338424015748032
20
-4.9950067322834641
11
8.3362904330708663
21
-4.9981998818897635
0
LINE
8
BLACK
6
CONTINUOUS
10
8.3362904330708663
20
-4.9981998818897635
11
8.333097283464566
21
-5.0003334645669293
0
LINE
8
BLACK
6
CONTINUOUS
10
8.333097283464566
20
-5.0003334645669293
11
8.3293307086614163
21
-5.0010826771653543
0
LINE
8
BLACK
6
CONTINUOUS
10
8.3293307086614163
20
-5.0010826771653543
11
8.2919291338582681
21
-5.0010826771653543
0
LINE
8
BLACK
6
CONTINUOUS
10
8.2919291338582681
20
-5.0010826771653543
11
8.2881625590551185
21
-5.0003334645669293
0
LINE
8
BLACK
6
CONTINUOUS
10
8.2881625590551185
20
-5.0003334645669293
11
8.2849694094488182
21
-4.9981998818897635
0
LINE
8
BLACK
6
CONTINUOUS
10
8.2849694094488182
20
-4.9981998818897635
11
8.2828358267716542
21
-4.9950067322834641
0
LINE
8
BLACK
6
CONTINUOUS
10
8.2828358267716542
20
-4.9950067322834641
11
8.2820866141732274
21
-4.9912401574803145
0
LINE
8
BLACK
6
CONTINUOUS
10
8.2820866141732274
20
-4.9912401574803145
11
8.2820866141732274
21
-4.9646653543307089
0
LINE
8
BLACK
6
CONTINUOUS
10
8.2820866141732274
20
-4.9646653543307089
11
8.2828358267716542
21
-4.9608987795275592
0
LINE
8
BLACK
6
CONTINUOUS
10
8.2828358267716542
20
-4.9608987795275592
11
8.2849694094488182
21
-4.9577056299212598
0
LINE
8
BLACK
6
CONTINUOUS
10
8.2849694094488182
20
-4.9577056299212598
11
8.2881625590551185
21
-4.9555720472440941
0
LINE
8
BLACK
6
CONTINUOUS
10
8.2881625590551185
20
-4.9555720472440941
11
8.2919291338582681
21
-4.9548228346456691
0
LINE
8
BLACK
6
CONTINUOUS
10
8.2919291338582681
20
-4.9548228346456691
11
8.3293307086614163
21
-4.9548228346456691
0
LINE
8
BLACK
6
CONTINUOUS
10
8.3293307086614163
20
-4.9548228346456691
11
8.333097283464566
21
-4.9555720472440941
0
LINE
8
BLACK
6
CONTINUOUS
10
2.4773622047244093
20
-4.9992125984251965
11
2.4399606299212597
21
-4.9992125984251965
0
LINE
8
BLACK
6
CONTINUOUS
10
2.4399606299212597
20
-4.9992125984251965
11
2.4399606299212597
21
-4.9854330708661418
0
LINE
8
BLACK
6
CONTINUOUS
10
2.4399606299212597
20
-4.9854330708661418
11
2.4773622047244093
21
-4.9854330708661418
0
LINE
8
BLACK
6
CONTINUOUS
10
2.4773622047244093
20
-4.9854330708661418
11
2.4773622047244093
21
-4.9992125984251965
0
LINE
8
BLACK
6
CONTINUOUS
10
2.5875984251968505
20
-4.9992125984251965
11
2.5501968503937009
21
-4.9992125984251965
0
LINE
8
BLACK
6
CONTINUOUS
10
2.5501968503937009
20
-4.9992125984251965
11
2.5501968503937009
21
-4.9854330708661418
0
LINE
8
BLACK
6
CONTINUOUS
10
2.5501968503937009
20
-4.9854330708661418
11
2.5875984251968505
21
-4.9854330708661418
0
LINE
8
BLACK
6
CONTINUOUS
10
2.5875984251968505
20
-4.9854330708661418
11
2.5875984251968505
21
-4.9992125984251965
0
LINE
8
BLACK
6
CONTINUOUS
10
7.7515748031496061
20
-4.995669291338583
11
7.6944881889763774
21
-4.995669291338583
0
LINE
8
BLACK
6
CONTINUOUS
10
7.6944881889763774
20
-4.995669291338583
11
7.6944881889763774
21
-4.9779527559055117
0
LINE
8
BLACK
6
CONTINUOUS
10
7.6944881889763774
20
-4.9779527559055117
11
7.7515748031496061
21
-4.9779527559055117
0
LINE
8
BLACK
6
CONTINUOUS
10
7.7515748031496061
20
-4.9779527559055117
11
7.7515748031496061
21
-4.995669291338583
0
LINE
8
BLACK
6
CONTINUOUS
10
7.9818897637795274
20
-4.995669291338583
11
7.9248031496062987
21
-4.995669291338583
0
LINE
8
BLACK
6
CONTINUOUS
10
7.9248031496062987
20
-4.995669291338583
11
7.9248031496062987
21
-4.9779527559055117
0
LINE
8
BLACK
6
CONTINUOUS
10
7.9248031496062987
20
-4.9779527559055117
11
7.9818897637795274
21
-4.9779527559055117
0
LINE
8
BLACK
6
CONTINUOUS
10
7.9818897637795274
20
-4.9779527559055117
11
7.9818897637795274
21
-4.995669291338583
0
LINE
8
BLACK
6
CONTINUOUS
10
5.7508138188976377
20
-4.938249212598425
11
5.754006968503937
21
-4.9403827952755908
0
LINE
8
BLACK
6
CONTINUOUS
10
5.754006968503937
20
-4.9403827952755908
11
5.7561405511811019
21
-4.9435759448818892
0
LINE
8
BLACK
6
CONTINUOUS
10
5.7561405511811019
20
-4.9435759448818892
11
5.7568897637795278
21
-4.9473425196850389
0
LINE
8
BLACK
6
CONTINUOUS
10
5.7568897637795278
20
-4.9473425196850389
11
5.7568897637795278
21
-4.9739173228346454
0
LINE
8
BLACK
6
CONTINUOUS
10
5.7568897637795278
20
-4.9739173228346454
11
5.7561405511811019
21
-4.9776838976377951
0
LINE
8
BLACK
6
CONTINUOUS
10
5.7561405511811019
20
-4.9776838976377951
11
5.754006968503937
21
-4.9808770472440944
0
LINE
8
BLACK
6
CONTINUOUS
10
5.754006968503937
20
-4.9808770472440944
11
5.7508138188976377
21
-4.9830106299212593
0
LINE
8
BLACK
6
CONTINUOUS
10
5.7508138188976377
20
-4.9830106299212593
11
5.747047244094488
21
-4.9837598425196852
0
LINE
8
BLACK
6
CONTINUOUS
10
5.747047244094488
20
-4.9837598425196852
11
5.7096456692913389
21
-4.9837598425196852
0
LINE
8
BLACK
6
CONTINUOUS
10
5.7096456692913389
20
-4.9837598425196852
11
5.7058790944881892
21
-4.9830106299212593
0
LINE
8
BLACK
6
CONTINUOUS
10
5.7058790944881892
20
-4.9830106299212593
11
5.7026859448818898
21
-4.9808770472440944
0
LINE
8
BLACK
6
CONTINUOUS
10
5.7026859448818898
20
-4.9808770472440944
11
5.7005523622047241
21
-4.9776838976377951
0
LINE
8
BLACK
6
CONTINUOUS
10
5.7005523622047241
20
-4.9776838976377951
11
5.6998031496062991
21
-4.9739173228346454
0
LINE
8
BLACK
6
CONTINUOUS
10
5.6998031496062991
20
-4.9739173228346454
11
5.6998031496062991
21
-4.9473425196850389
0
LINE
8
BLACK
6
CONTINUOUS
10
5.6998031496062991
20
-4.9473425196850389
11
5.7005523622047241
21
-4.9435759448818892
0
LINE
8
BLACK
6
CONTINUOUS
10
5.7005523622047241
20
-4.9435759448818892
11
5.7026859448818898
21
-4.9403827952755908
0
LINE
8
BLACK
6
CONTINUOUS
10
5.7026859448818898
20
-4.9403827952755908
11
5.7058790944881892
21
-4.938249212598425
0
LINE
8
BLACK
6
CONTINUOUS
10
5.7058790944881892
20
-4.938249212598425
11
5.7096456692913389
21
-4.9375
0
LINE
8
BLACK
6
CONTINUOUS
10
5.7096456692913389
20
-4.9375
11
5.747047244094488
21
-4.9375
0
LINE
8
BLACK
6
CONTINUOUS
10
5.747047244094488
20
-4.9375
11
5.7508138188976377
21
-4.938249212598425
0
LINE
8
BLACK
6
CONTINUOUS
10
5.927979173228346
20
-4.938249212598425
11
5.9311723228346453
21
-4.9403827952755908
0
LINE
8
BLACK
6
CONTINUOUS
10
5.9311723228346453
20
-4.9403827952755908
11
5.9333059055118111
21
-4.9435759448818892
0
LINE
8
BLACK
6
CONTINUOUS
10
5.9333059055118111
20
-4.9435759448818892
11
5.9340551181102361
21
-4.9473425196850389
0
LINE
8
BLACK
6
CONTINUOUS
10
5.9340551181102361
20
-4.9473425196850389
11
5.9340551181102361
21
-4.9739173228346454
0
LINE
8
BLACK
6
CONTINUOUS
10
5.9340551181102361
20
-4.9739173228346454
11
5.9333059055118111
21
-4.9776838976377951
0
LINE
8
BLACK
6
CONTINUOUS
10
5.9333059055118111
20
-4.9776838976377951
11
5.9311723228346453
21
-4.9808770472440944
0
LINE
8
BLACK
6
CONTINUOUS
10
5.9311723228346453
20
-4.9808770472440944
11
5.927979173228346
21
-4.9830106299212593
0
LINE
8
BLACK
6
CONTINUOUS
10
5.927979173228346
20
-4.9830106299212593
11
5.9242125984251963
21
-4.9837598425196852
0
LINE
8
BLACK
6
CONTINUOUS
10
5.9242125984251963
20
-4.9837598425196852
11
5.8868110236220472
21
-4.9837598425196852
0
LINE
8
BLACK
6
CONTINUOUS
10
5.8868110236220472
20
-4.9837598425196852
11
5.8830444488188975
21
-4.9830106299212593
0
LINE
8
BLACK
6
CONTINUOUS
10
5.8830444488188975
20
-4.9830106299212593
11
5.8798512992125982
21
-4.9808770472440944
0
LINE
8
BLACK
6
CONTINUOUS
10
5.8798512992125982
20
-4.9808770472440944
11
5.8777177165354333
21
-4.9776838976377951
0
LINE
8
BLACK
6
CONTINUOUS
10
5.8777177165354333
20
-4.9776838976377951
11
5.8769685039370074
21
-4.9739173228346454
0
LINE
8
BLACK
6
CONTINUOUS
10
5.8769685039370074
20
-4.9739173228346454
11
5.8769685039370074
21
-4.9473425196850389
0
LINE
8
BLACK
6
CONTINUOUS
10
5.8769685039370074
20
-4.9473425196850389
11
5.8777177165354333
21
-4.9435759448818892
0
LINE
8
BLACK
6
CONTINUOUS
10
5.8777177165354333
20
-4.9435759448818892
11
5.8798512992125982
21
-4.9403827952755908
0
LINE
8
BLACK
6
CONTINUOUS
10
5.8798512992125982
20
-4.9403827952755908
11
5.8830444488188975
21
-4.938249212598425
0
LINE
8
BLACK
6
CONTINUOUS
10
5.8830444488188975
20
-4.938249212598425
11
5.8868110236220472
21
-4.9375
0
LINE
8
BLACK
6
CONTINUOUS
10
5.8868110236220472
20
-4.9375
11
5.9242125984251963
21
-4.9375
0
LINE
8
BLACK
6
CONTINUOUS
10
5.9242125984251963
20
-4.9375
11
5.927979173228346
21
-4.938249212598425
0
LINE
8
BLACK
6
CONTINUOUS
10
2.4773622047244093
20
-4.9736220472440946
11
2.4399606299212597
21
-4.9736220472440946
0
LINE
8
BLACK
6
CONTINUOUS
10
2.4399606299212597
20
-4.9736220472440946
11
2.4399606299212597
21
-4.9598425196850391
0
LINE
8
BLACK
6
CONTINUOUS
10
2.4399606299212597
20
-4.9598425196850391
11
2.4773622047244093
21
-4.9598425196850391
0
LINE
8
BLACK
6
CONTINUOUS
10
2.4773622047244093
20
-4.9598425196850391
11
2.4773622047244093
21
-4.9736220472440946
0
LINE
8
BLACK
6
CONTINUOUS
10
2.5875984251968505
20
-4.9736220472440946
11
2.5501968503937009
21
-4.9736220472440946
0
LINE
8
BLACK
6
CONTINUOUS
10
2.5501968503937009
20
-4.9736220472440946
11
2.5501968503937009
21
-4.9598425196850391
0
LINE
8
BLACK
6
CONTINUOUS
10
2.5501968503937009
20
-4.9598425196850391
11
2.5875984251968505
21
-4.9598425196850391
0
LINE
8
BLACK
6
CONTINUOUS
10
2.5875984251968505
20
-4.9598425196850391
11
2.5875984251968505
21
-4.9736220472440946
0
LINE
8
BLACK
6
CONTINUOUS
10
7.7515748031496061
20
-4.9700787401574802
11
7.6944881889763774
21
-4.9700787401574802
0
LINE
8
BLACK
6
CONTINUOUS
10
7.6944881889763774
20
-4.9700787401574802
11
7.6944881889763774
21
-4.9523622047244089
0
LINE
8
BLACK
6
CONTINUOUS
10
7.6944881889763774
20
-4.9523622047244089
11
7.7515748031496061
21
-4.9523622047244089
0
LINE
8
BLACK
6
CONTINUOUS
10
7.7515748031496061
20
-4.9523622047244089
11
7.7515748031496061
21
-4.9700787401574802
0
LINE
8
BLACK
6
CONTINUOUS
10
7.9818897637795274
20
-4.9700787401574802
11
7.9248031496062987
21
-4.9700787401574802
0
LINE
8
BLACK
6
CONTINUOUS
10
7.9248031496062987
20
-4.9700787401574802
11
7.9248031496062987
21
-4.9523622047244089
0
LINE
8
BLACK
6
CONTINUOUS
10
7.9248031496062987
20
-4.9523622047244089
11
7.9818897637795274
21
-4.9523622047244089
0
LINE
8
BLACK
6
CONTINUOUS
10
7.9818897637795274
20
-4.9523622047244089
11
7.9818897637795274
21
-4.9700787401574802
0
LINE
8
BLACK
6
CONTINUOUS
10
4.8300461023622043
20
-4.9033082677165352
11
4.8332392519685037
21
-4.905441850393701
0
LINE
8
BLACK
6
CONTINUOUS
10
4.8332392519685037
20
-4.905441850393701
11
4.8353728346456695
21
-4.9086350000000003
0
LINE
8
BLACK
6
CONTINUOUS
10
4.8353728346456695
20
-4.9086350000000003
11
4.8361220472440944
21
-4.9124015748031491
0
LINE
8
BLACK
6
CONTINUOUS
10
4.8361220472440944
20
-4.9124015748031491
11
4.8361220472440944
21
-4.9498031496062991
0
LINE
8
BLACK
6
CONTINUOUS
10
4.8361220472440944
20
-4.9498031496062991
11
4.8353728346456695
21
-4.9535697244094488
0
LINE
8
BLACK
6
CONTINUOUS
10
4.8353728346456695
20
-4.9535697244094488
11
4.8332392519685037
21
-4.9567628740157481
0
LINE
8
BLACK
6
CONTINUOUS
10
4.8332392519685037
20
-4.9567628740157481
11
4.8300461023622043
21
-4.958896456692913
0
LINE
8
BLACK
6
CONTINUOUS
10
4.8300461023622043
20
-4.958896456692913
11
4.8262795275590546
21
-4.9596456692913389
0
LINE
8
BLACK
6
CONTINUOUS
10
4.8262795275590546
20
-4.9596456692913389
11
4.7997047244094491
21
-4.9596456692913389
0
LINE
8
BLACK
6
CONTINUOUS
10
4.7997047244094491
20
-4.9596456692913389
11
4.7959381496062994
21
-4.958896456692913
0
LINE
8
BLACK
6
CONTINUOUS
10
4.7959381496062994
20
-4.958896456692913
11
4.792745
21
-4.9567628740157481
0
LINE
8
BLACK
6
CONTINUOUS
10
4.792745
20
-4.9567628740157481
11
4.7906114173228342
21
-4.9535697244094488
0
LINE
8
BLACK
6
CONTINUOUS
10
4.7906114173228342
20
-4.9535697244094488
11
4.7898622047244093
21
-4.9498031496062991
0
LINE
8
BLACK
6
CONTINUOUS
10
4.7898622047244093
20
-4.9498031496062991
11
4.7898622047244093
21
-4.9124015748031491
0
LINE
8
BLACK
6
CONTINUOUS
10
4.7898622047244093
20
-4.9124015748031491
11
4.7906114173228342
21
-4.9086350000000003
0
LINE
8
BLACK
6
CONTINUOUS
10
4.7906114173228342
20
-4.9086350000000003
11
4.792745
21
-4.905441850393701
0
LINE
8
BLACK
6
CONTINUOUS
10
4.792745
20
-4.905441850393701
11
4.7959381496062994
21
-4.9033082677165352
0
LINE
8
BLACK
6
CONTINUOUS
10
4.7959381496062994
20
-4.9033082677165352
11
4.7997047244094491
21
-4.9025590551181102
0
LINE
8
BLACK
6
CONTINUOUS
10
4.7997047244094491
20
-4.9025590551181102
11
4.8262795275590546
21
-4.9025590551181102
0
LINE
8
BLACK
6
CONTINUOUS
10
4.8262795275590546
20
-4.9025590551181102
11
4.8300461023622043
21
-4.9033082677165352
0
LINE
8
BLACK
6
CONTINUOUS
10
4.9117390157480312
20
-4.9033082677165352
11
4.9149321653543305
21
-4.905441850393701
0
LINE
8
BLACK
6
CONTINUOUS
10
4.9149321653543305
20
-4.905441850393701
11
4.9170657480314963
21
-4.9086350000000003
0
LINE
8
BLACK
6
CONTINUOUS
10
4.9170657480314963
20
-4.9086350000000003
11
4.9178149606299213
21
-4.9124015748031491
0
LINE
8
BLACK
6
CONTINUOUS
10
4.9178149606299213
20
-4.9124015748031491
11
4.9178149606299213
21
-4.9498031496062991
0
LINE
8
BLACK
6
CONTINUOUS
10
4.9178149606299213
20
-4.9498031496062991
11
4.9170657480314963
21
-4.9535697244094488
0
LINE
8
BLACK
6
CONTINUOUS
10
4.9170657480314963
20
-4.9535697244094488
11
4.9149321653543305
21
-4.9567628740157481
0
LINE
8
BLACK
6
CONTINUOUS
10
4.9149321653543305
20
-4.9567628740157481
11
4.9117390157480312
21
-4.958896456692913
0
LINE
8
BLACK
6
CONTINUOUS
10
4.9117390157480312
20
-4.958896456692913
11
4.9079724409448815
21
-4.9596456692913389
0
LINE
8
BLACK
6
CONTINUOUS
10
4.9079724409448815
20
-4.9596456692913389
11
4.8813976377952759
21
-4.9596456692913389
0
LINE
8
BLACK
6
CONTINUOUS
10
4.8813976377952759
20
-4.9596456692913389
11
4.8776310629921262
21
-4.958896456692913
0
LINE
8
BLACK
6
CONTINUOUS
10
4.8776310629921262
20
-4.958896456692913
11
4.8744379133858269
21
-4.9567628740157481
0
LINE
8
BLACK
6
CONTINUOUS
10
4.8744379133858269
20
-4.9567628740157481
11
4.8723043307086611
21
-4.9535697244094488
0
LINE
8
BLACK
6
CONTINUOUS
10
4.8723043307086611
20
-4.9535697244094488
11
4.8715551181102361
21
-4.9498031496062991
0
LINE
8
BLACK
6
CONTINUOUS
10
4.8715551181102361
20
-4.9498031496062991
11
4.8715551181102361
21
-4.9124015748031491
0
LINE
8
BLACK
6
CONTINUOUS
10
4.8715551181102361
20
-4.9124015748031491
11
4.8723043307086611
21
-4.9086350000000003
0
LINE
8
BLACK
6
CONTINUOUS
10
4.8723043307086611
20
-4.9086350000000003
11
4.8744379133858269
21
-4.905441850393701
0
LINE
8
BLACK
6
CONTINUOUS
10
4.8744379133858269
20
-4.905441850393701
11
4.8776310629921262
21
-4.9033082677165352
0
LINE
8
BLACK
6
CONTINUOUS
10
4.8776310629921262
20
-4.9033082677165352
11
4.8813976377952759
21
-4.9025590551181102
0
LINE
8
BLACK
6
CONTINUOUS
10
4.8813976377952759
20
-4.9025590551181102
11
4.9079724409448815
21
-4.9025590551181102
0
LINE
8
BLACK
6
CONTINUOUS
10
4.9079724409448815
20
-4.9025590551181102
11
4.9117390157480312
21
-4.9033082677165352
0
LINE
8
BLACK
6
CONTINUOUS
10
2.4773622047244093
20
-4.9480314960629919
11
2.4399606299212597
21
-4.9480314960629919
0
LINE
8
BLACK
6
CONTINUOUS
10
2.4399606299212597
20
-4.9480314960629919
11
2.4399606299212597
21
-4.9342519685039372
0
LINE
8
BLACK
6
CONTINUOUS
10
2.4399606299212597
20
-4.9342519685039372
11
2.4773622047244093
21
-4.9342519685039372
0
LINE
8
BLACK
6
CONTINUOUS
10
2.4773622047244093
20
-4.9342519685039372
11
2.4773622047244093
21
-4.9480314960629919
0
LINE
8
BLACK
6
CONTINUOUS
10
2.5875984251968505
20
-4.9480314960629919
11
2.5501968503937009
21
-4.9480314960629919
0
LINE
8
BLACK
6
CONTINUOUS
10
2.5501968503937009
20
-4.9480314960629919
11
2.5501968503937009
21
-4.9342519685039372
0
LINE
8
BLACK
6
CONTINUOUS
10
2.5501968503937009
20
-4.9342519685039372
11
2.5875984251968505
21
-4.9342519685039372
0
LINE
8
BLACK
6
CONTINUOUS
10
2.5875984251968505
20
-4.9342519685039372
11
2.5875984251968505
21
-4.9480314960629919
0
LINE
8
BLACK
6
CONTINUOUS
10
4.4409448818897639
20
-4.9478543307086609
11
4.4232283464566926
21
-4.9478543307086609
0
LINE
8
BLACK
6
CONTINUOUS
10
4.4232283464566926
20
-4.9478543307086609
11
4.4232283464566926
21
-4.8897834645669294
0
LINE
8
BLACK
6
CONTINUOUS
10
4.4232283464566926
20
-4.8897834645669294
11
4.4409448818897639
21
-4.8897834645669294
0
LINE
8
BLACK
6
CONTINUOUS
10
4.4409448818897639
20
-4.8897834645669294
11
4.4409448818897639
21
-4.9478543307086609
0
LINE
8
BLACK
6
CONTINUOUS
10
4.4665354330708658
20
-4.9478543307086609
11
4.4488188976377954
21
-4.9478543307086609
0
LINE
8
BLACK
6
CONTINUOUS
10
4.4488188976377954
20
-4.9478543307086609
11
4.4488188976377954
21
-4.8897834645669294
0
LINE
8
BLACK
6
CONTINUOUS
10
4.4488188976377954
20
-4.8897834645669294
11
4.4665354330708658
21
-4.8897834645669294
0
LINE
8
BLACK
6
CONTINUOUS
10
4.4665354330708658
20
-4.8897834645669294
11
4.4665354330708658
21
-4.9478543307086609
0
LINE
8
BLACK
6
CONTINUOUS
10
4.4921259842519685
20
-4.9478543307086609
11
4.4744094488188972
21
-4.9478543307086609
0
LINE
8
BLACK
6
CONTINUOUS
10
4.4744094488188972
20
-4.9478543307086609
11
4.4744094488188972
21
-4.8897834645669294
0
LINE
8
BLACK
6
CONTINUOUS
10
4.4744094488188972
20
-4.8897834645669294
11
4.4921259842519685
21
-4.8897834645669294
0
LINE
8
BLACK
6
CONTINUOUS
10
4.4921259842519685
20
-4.8897834645669294
11
4.4921259842519685
21
-4.9478543307086609
0
LINE
8
BLACK
6
CONTINUOUS
10
4.5177165354330704
20
-4.9478543307086609
11
4.5
21
-4.9478543307086609
0
LINE
8
BLACK
6
CONTINUOUS
10
4.5
20
-4.9478543307086609
11
4.5
21
-4.8897834645669294
0
LINE
8
BLACK
6
CONTINUOUS
10
4.5
20
-4.8897834645669294
11
4.5177165354330704
21
-4.8897834645669294
0
LINE
8
BLACK
6
CONTINUOUS
10
4.5177165354330704
20
-4.8897834645669294
11
4.5177165354330704
21
-4.9478543307086609
0
LINE
8
BLACK
6
CONTINUOUS
10
4.5433070866141732
20
-4.9478543307086609
11
4.5255905511811019
21
-4.9478543307086609
0
LINE
8
BLACK
6
CONTINUOUS
10
4.5255905511811019
20
-4.9478543307086609
11
4.5255905511811019
21
-4.8897834645669294
0
LINE
8
BLACK
6
CONTINUOUS
10
4.5255905511811019
20
-4.8897834645669294
11
4.5433070866141732
21
-4.8897834645669294
0
LINE
8
BLACK
6
CONTINUOUS
10
4.5433070866141732
20
-4.8897834645669294
11
4.5433070866141732
21
-4.9478543307086609
0
LINE
8
BLACK
6
CONTINUOUS
10
4.5688976377952759
20
-4.9478543307086609
11
4.5511811023622046
21
-4.9478543307086609
0
LINE
8
BLACK
6
CONTINUOUS
10
4.5511811023622046
20
-4.9478543307086609
11
4.5511811023622046
21
-4.8897834645669294
0
LINE
8
BLACK
6
CONTINUOUS
10
4.5511811023622046
20
-4.8897834645669294
11
4.5688976377952759
21
-4.8897834645669294
0
LINE
8
BLACK
6
CONTINUOUS
10
4.5688976377952759
20
-4.8897834645669294
11
4.5688976377952759
21
-4.9478543307086609
0
LINE
8
BLACK
6
CONTINUOUS
10
4.5944881889763778
20
-4.9478543307086609
11
4.5767716535433074
21
-4.9478543307086609
0
LINE
8
BLACK
6
CONTINUOUS
10
4.5767716535433074
20
-4.9478543307086609
11
4.5767716535433074
21
-4.8897834645669294
0
LINE
8
BLACK
6
CONTINUOUS
10
4.5767716535433074
20
-4.8897834645669294
11
4.5944881889763778
21
-4.8897834645669294
0
LINE
8
BLACK
6
CONTINUOUS
10
4.5944881889763778
20
-4.8897834645669294
11
4.5944881889763778
21
-4.9478543307086609
0
LINE
8
BLACK
6
CONTINUOUS
10
4.6200787401574805
20
-4.9478543307086609
11
4.6023622047244093
21
-4.9478543307086609
0
LINE
8
BLACK
6
CONTINUOUS
10
4.6023622047244093
20
-4.9478543307086609
11
4.6023622047244093
21
-4.8897834645669294
0
LINE
8
BLACK
6
CONTINUOUS
10
4.6023622047244093
20
-4.8897834645669294
11
4.6200787401574805
21
-4.8897834645669294
0
LINE
8
BLACK
6
CONTINUOUS
10
4.6200787401574805
20
-4.8897834645669294
11
4.6200787401574805
21
-4.9478543307086609
0
LINE
8
BLACK
6
CONTINUOUS
10
4.6456692913385824
20
-4.9478543307086609
11
4.627952755905512
21
-4.9478543307086609
0
LINE
8
BLACK
6
CONTINUOUS
10
4.627952755905512
20
-4.9478543307086609
11
4.627952755905512
21
-4.8897834645669294
0
LINE
8
BLACK
6
CONTINUOUS
10
4.627952755905512
20
-4.8897834645669294
11
4.6456692913385824
21
-4.8897834645669294
0
LINE
8
BLACK
6
CONTINUOUS
10
4.6456692913385824
20
-4.8897834645669294
11
4.6456692913385824
21
-4.9478543307086609
0
LINE
8
BLACK
6
CONTINUOUS
10
4.6712598425196852
20
-4.9478543307086609
11
4.6535433070866139
21
-4.9478543307086609
0
LINE
8
BLACK
6
CONTINUOUS
10
4.6535433070866139
20
-4.9478543307086609
11
4.6535433070866139
21
-4.8897834645669294
0
LINE
8
BLACK
6
CONTINUOUS
10
4.6535433070866139
20
-4.8897834645669294
11
4.6712598425196852
21
-4.8897834645669294
0
LINE
8
BLACK
6
CONTINUOUS
10
4.6712598425196852
20
-4.8897834645669294
11
4.6712598425196852
21
-4.9478543307086609
0
LINE
8
BLACK
6
CONTINUOUS
10
7.7515748031496061
20
-4.9444881889763774
11
7.6944881889763774
21
-4.9444881889763774
0
LINE
8
BLACK
6
CONTINUOUS
10
7.6944881889763774
20
-4.9444881889763774
11
7.6944881889763774
21
-4.926771653543307
0
LINE
8
BLACK
6
CONTINUOUS
10
7.6944881889763774
20
-4.926771653543307
11
7.7515748031496061
21
-4.926771653543307
0
LINE
8
BLACK
6
CONTINUOUS
10
7.7515748031496061
20
-4.926771653543307
11
7.7515748031496061
21
-4.9444881889763774
0
LINE
8
BLACK
6
CONTINUOUS
10
7.9818897637795274
20
-4.9444881889763774
11
7.9248031496062987
21
-4.9444881889763774
0
LINE
8
BLACK
6
CONTINUOUS
10
7.9248031496062987
20
-4.9444881889763774
11
7.9248031496062987
21
-4.926771653543307
0
LINE
8
BLACK
6
CONTINUOUS
10
7.9248031496062987
20
-4.926771653543307
11
7.9818897637795274
21
-4.926771653543307
0
LINE
8
BLACK
6
CONTINUOUS
10
7.9818897637795274
20
-4.926771653543307
11
7.9818897637795274
21
-4.9444881889763774
0
LINE
8
BLACK
6
CONTINUOUS
10
3.4503216929133855
20
-4.8808673228346455
11
3.4535148425196849
21
-4.8830009055118113
0
LINE
8
BLACK
6
CONTINUOUS
10
3.4535148425196849
20
-4.8830009055118113
11
3.4556484251968502
21
-4.8861940551181098
0
LINE
8
BLACK
6
CONTINUOUS
10
3.4556484251968502
20
-4.8861940551181098
11
3.4563976377952756
21
-4.8899606299212595
0
LINE
8
BLACK
6
CONTINUOUS
10
3.4563976377952756
20
-4.8899606299212595
11
3.4563976377952756
21
-4.9273622047244094
0
LINE
8
BLACK
6
CONTINUOUS
10
3.4563976377952756
20
-4.9273622047244094
11
3.4556484251968502
21
-4.9311287795275591
0
LINE
8
BLACK
6
CONTINUOUS
10
3.4556484251968502
20
-4.9311287795275591
11
3.4535148425196849
21
-4.9343219291338585
0
LINE
8
BLACK
6
CONTINUOUS
10
3.4535148425196849
20
-4.9343219291338585
11
3.4503216929133855
21
-4.9364555118110234
0
LINE
8
BLACK
6
CONTINUOUS
10
3.4503216929133855
20
-4.9364555118110234
11
3.4465551181102363
21
-4.9372047244094484
0
LINE
8
BLACK
6
CONTINUOUS
10
3.4465551181102363
20
-4.9372047244094484
11
3.4199803149606298
21
-4.9372047244094484
0
LINE
8
BLACK
6
CONTINUOUS
10
3.4199803149606298
20
-4.9372047244094484
11
3.4162137401574801
21
-4.9364555118110234
0
LINE
8
BLACK
6
CONTINUOUS
10
3.4162137401574801
20
-4.9364555118110234
11
3.4130205905511812
21
-4.9343219291338585
0
LINE
8
BLACK
6
CONTINUOUS
10
3.4130205905511812
20
-4.9343219291338585
11
3.4108870078740159
21
-4.9311287795275591
0
LINE
8
BLACK
6
CONTINUOUS
10
3.4108870078740159
20
-4.9311287795275591
11
3.4101377952755905
21
-4.9273622047244094
0
LINE
8
BLACK
6
CONTINUOUS
10
3.4101377952755905
20
-4.9273622047244094
11
3.4101377952755905
21
-4.8899606299212595
0
LINE
8
BLACK
6
CONTINUOUS
10
3.4101377952755905
20
-4.8899606299212595
11
3.4108870078740159
21
-4.8861940551181098
0
LINE
8
BLACK
6
CONTINUOUS
10
3.4108870078740159
20
-4.8861940551181098
11
3.4130205905511812
21
-4.8830009055118113
0
LINE
8
BLACK
6
CONTINUOUS
10
3.4130205905511812
20
-4.8830009055118113
11
3.4162137401574801
21
-4.8808673228346455
0
LINE
8
BLACK
6
CONTINUOUS
10
3.4162137401574801
20
-4.8808673228346455
11
3.4199803149606298
21
-4.8801181102362206
0
LINE
8
BLACK
6
CONTINUOUS
10
3.4199803149606298
20
-4.8801181102362206
11
3.4465551181102363
21
-4.8801181102362206
0
LINE
8
BLACK
6
CONTINUOUS
10
3.4465551181102363
20
-4.8801181102362206
11
3.4503216929133855
21
-4.8808673228346455
0
LINE
8
BLACK
6
CONTINUOUS
10
3.5320146062992124
20
-4.8808673228346455
11
3.5352077559055117
21
-4.8830009055118113
0
LINE
8
BLACK
6
CONTINUOUS
10
3.5352077559055117
20
-4.8830009055118113
11
3.5373413385826771
21
-4.8861940551181098
0
LINE
8
BLACK
6
CONTINUOUS
10
3.5373413385826771
20
-4.8861940551181098
11
3.5380905511811025
21
-4.8899606299212595
0
LINE
8
BLACK
6
CONTINUOUS
10
3.5380905511811025
20
-4.8899606299212595
11
3.5380905511811025
21
-4.9273622047244094
0
LINE
8
BLACK
6
CONTINUOUS
10
3.5380905511811025
20
-4.9273622047244094
11
3.5373413385826771
21
-4.9311287795275591
0
LINE
8
BLACK
6
CONTINUOUS
10
3.5373413385826771
20
-4.9311287795275591
11
3.5352077559055117
21
-4.9343219291338585
0
LINE
8
BLACK
6
CONTINUOUS
10
3.5352077559055117
20
-4.9343219291338585
11
3.5320146062992124
21
-4.9364555118110234
0
LINE
8
BLACK
6
CONTINUOUS
10
3.5320146062992124
20
-4.9364555118110234
11
3.5282480314960627
21
-4.9372047244094484
0
LINE
8
BLACK
6
CONTINUOUS
10
3.5282480314960627
20
-4.9372047244094484
11
3.5016732283464567
21
-4.9372047244094484
0
LINE
8
BLACK
6
CONTINUOUS
10
3.5016732283464567
20
-4.9372047244094484
11
3.497906653543307
21
-4.9364555118110234
0
LINE
8
BLACK
6
CONTINUOUS
10
3.497906653543307
20
-4.9364555118110234
11
3.4947135039370076
21
-4.9343219291338585
0
LINE
8
BLACK
6
CONTINUOUS
10
3.4947135039370076
20
-4.9343219291338585
11
3.4925799212598423
21
-4.9311287795275591
0
LINE
8
BLACK
6
CONTINUOUS
10
3.4925799212598423
20
-4.9311287795275591
11
3.4918307086614173
21
-4.9273622047244094
0
LINE
8
BLACK
6
CONTINUOUS
10
3.4918307086614173
20
-4.9273622047244094
11
3.4918307086614173
21
-4.8899606299212595
0
LINE
8
BLACK
6
CONTINUOUS
10
3.4918307086614173
20
-4.8899606299212595
11
3.4925799212598423
21
-4.8861940551181098
0
LINE
8
BLACK
6
CONTINUOUS
10
3.4925799212598423
20
-4.8861940551181098
11
3.4947135039370076
21
-4.8830009055118113
0
LINE
8
BLACK
6
CONTINUOUS
10
3.4947135039370076
20
-4.8830009055118113
11
3.497906653543307
21
-4.8808673228346455
0
LINE
8
BLACK
6
CONTINUOUS
10
3.497906653543307
20
-4.8808673228346455
11
3.5016732283464567
21
-4.8801181102362206
0
LINE
8
BLACK
6
CONTINUOUS
10
3.5016732283464567
20
-4.8801181102362206
11
3.5282480314960627
21
-4.8801181102362206
0
LINE
8
BLACK
6
CONTINUOUS
10
3.5282480314960627
20
-4.8801181102362206
11
3.5320146062992124
21
-4.8808673228346455
0
LINE
8
BLACK
6
CONTINUOUS
10
2.4950787401574801
20
-4.9303149606299215
11
2.481299212598425
21
-4.9303149606299215
0
LINE
8
BLACK
6
CONTINUOUS
10
2.481299212598425
20
-4.9303149606299215
11
2.481299212598425
21
-4.8929133858267715
0
LINE
8
BLACK
6
CONTINUOUS
10
2.481299212598425
20
-4.8929133858267715
11
2.4950787401574801
21
-4.8929133858267715
0
LINE
8
BLACK
6
CONTINUOUS
10
2.4950787401574801
20
-4.8929133858267715
11
2.4950787401574801
21
-4.9303149606299215
0
LINE
8
BLACK
6
CONTINUOUS
10
2.5206692913385824
20
-4.9303149606299215
11
2.5068897637795273
21
-4.9303149606299215
0
LINE
8
BLACK
6
CONTINUOUS
10
2.5068897637795273
20
-4.9303149606299215
11
2.5068897637795273
21
-4.8929133858267715
0
LINE
8
BLACK
6
CONTINUOUS
10
2.5068897637795273
20
-4.8929133858267715
11
2.5206692913385824
21
-4.8929133858267715
0
LINE
8
BLACK
6
CONTINUOUS
10
2.5206692913385824
20
-4.8929133858267715
11
2.5206692913385824
21
-4.9303149606299215
0
LINE
8
BLACK
6
CONTINUOUS
10
2.5462598425196852
20
-4.9303149606299215
11
2.5324803149606301
21
-4.9303149606299215
0
LINE
8
BLACK
6
CONTINUOUS
10
2.5324803149606301
20
-4.9303149606299215
11
2.5324803149606301
21
-4.8929133858267715
0
LINE
8
BLACK
6
CONTINUOUS
10
2.5324803149606301
20
-4.8929133858267715
11
2.5462598425196852
21
-4.8929133858267715
0
LINE
8
BLACK
6
CONTINUOUS
10
2.5462598425196852
20
-4.8929133858267715
11
2.5462598425196852
21
-4.9303149606299215
0
LINE
8
BLACK
6
CONTINUOUS
10
7.2362204724409445
20
-4.9212598425196852
11
7.1259842519685037
21
-4.9212598425196852
0
LINE
8
BLACK
6
CONTINUOUS
10
7.1259842519685037
20
-4.9212598425196852
11
7.1259842519685037
21
-4.8267716535433074
0
LINE
8
BLACK
6
CONTINUOUS
10
7.1259842519685037
20
-4.8267716535433074
11
7.2362204724409445
21
-4.8267716535433074
0
LINE
8
BLACK
6
CONTINUOUS
10
7.2362204724409445
20
-4.8267716535433074
11
7.2362204724409445
21
-4.9212598425196852
0
LINE
8
BLACK
6
CONTINUOUS
10
8.1559319291338586
20
-4.8738791338582672
11
8.159125078740157
21
-4.876012716535433
0
LINE
8
BLACK
6
CONTINUOUS
10
8.159125078740157
20
-4.876012716535433
11
8.1612586614173228
21
-4.8792058661417324
0
LINE
8
BLACK
6
CONTINUOUS
10
8.1612586614173228
20
-4.8792058661417324
11
8.1620078740157478
21
-4.882972440944882
0
LINE
8
BLACK
6
CONTINUOUS
10
8.1620078740157478
20
-4.882972440944882
11
8.1620078740157478
21
-4.9095472440944885
0
LINE
8
BLACK
6
CONTINUOUS
10
8.1620078740157478
20
-4.9095472440944885
11
8.1612586614173228
21
-4.9133138188976373
0
LINE
8
BLACK
6
CONTINUOUS
10
8.1612586614173228
20
-4.9133138188976373
11
8.159125078740157
21
-4.9165069685039366
0
LINE
8
BLACK
6
CONTINUOUS
10
8.159125078740157
20
-4.9165069685039366
11
8.1559319291338586
21
-4.9186405511811024
0
LINE
8
BLACK
6
CONTINUOUS
10
8.1559319291338586
20
-4.9186405511811024
11
8.1521653543307089
21
-4.9193897637795274
0
LINE
8
BLACK
6
CONTINUOUS
10
8.1521653543307089
20
-4.9193897637795274
11
8.1147637795275589
21
-4.9193897637795274
0
LINE
8
BLACK
6
CONTINUOUS
10
8.1147637795275589
20
-4.9193897637795274
11
8.1109972047244092
21
-4.9186405511811024
0
LINE
8
BLACK
6
CONTINUOUS
10
8.1109972047244092
20
-4.9186405511811024
11
8.1078040551181108
21
-4.9165069685039366
0
LINE
8
BLACK
6
CONTINUOUS
10
8.1078040551181108
20
-4.9165069685039366
11
8.105670472440945
21
-4.9133138188976373
0
LINE
8
BLACK
6
CONTINUOUS
10
8.105670472440945
20
-4.9133138188976373
11
8.10492125984252
21
-4.9095472440944885
0
LINE
8
BLACK
6
CONTINUOUS
10
8.10492125984252
20
-4.9095472440944885
11
8.10492125984252
21
-4.882972440944882
0
LINE
8
BLACK
6
CONTINUOUS
10
8.10492125984252
20
-4.882972440944882
11
8.105670472440945
21
-4.8792058661417324
0
LINE
8
BLACK
6
CONTINUOUS
10
8.105670472440945
20
-4.8792058661417324
11
8.1078040551181108
21
-4.876012716535433
0
LINE
8
BLACK
6
CONTINUOUS
10
8.1078040551181108
20
-4.876012716535433
11
8.1109972047244092
21
-4.8738791338582672
0
LINE
8
BLACK
6
CONTINUOUS
10
8.1109972047244092
20
-4.8738791338582672
11
8.1147637795275589
21
-4.8731299212598422
0
LINE
8
BLACK
6
CONTINUOUS
10
8.1147637795275589
20
-4.8731299212598422
11
8.1521653543307089
21
-4.8731299212598422
0
LINE
8
BLACK
6
CONTINUOUS
10
8.1521653543307089
20
-4.8731299212598422
11
8.1559319291338586
21
-4.8738791338582672
0
LINE
8
BLACK
6
CONTINUOUS
10
8.333097283464566
20
-4.8738791338582672
11
8.3362904330708663
21
-4.876012716535433
0
LINE
8
BLACK
6
CONTINUOUS
10
8.3362904330708663
20
-4.876012716535433
11
8.338424015748032
21
-4.8792058661417324
0
LINE
8
BLACK
6
CONTINUOUS
10
8.338424015748032
20
-4.8792058661417324
11
8.339173228346457
21
-4.882972440944882
0
LINE
8
BLACK
6
CONTINUOUS
10
8.339173228346457
20
-4.882972440944882
11
8.339173228346457
21
-4.9095472440944885
0
LINE
8
BLACK
6
CONTINUOUS
10
8.339173228346457
20
-4.9095472440944885
11
8.338424015748032
21
-4.9133138188976373
0
LINE
8
BLACK
6
CONTINUOUS
10
8.338424015748032
20
-4.9133138188976373
11
8.3362904330708663
21
-4.9165069685039366
0
LINE
8
BLACK
6
CONTINUOUS
10
8.3362904330708663
20
-4.9165069685039366
11
8.333097283464566
21
-4.9186405511811024
0
LINE
8
BLACK
6
CONTINUOUS
10
8.333097283464566
20
-4.9186405511811024
11
8.3293307086614163
21
-4.9193897637795274
0
LINE
8
BLACK
6
CONTINUOUS
10
8.3293307086614163
20
-4.9193897637795274
11
8.2919291338582681
21
-4.9193897637795274
0
LINE
8
BLACK
6
CONTINUOUS
10
8.2919291338582681
20
-4.9193897637795274
11
8.2881625590551185
21
-4.9186405511811024
0
LINE
8
BLACK
6
CONTINUOUS
10
8.2881625590551185
20
-4.9186405511811024
11
8.2849694094488182
21
-4.9165069685039366
0
LINE
8
BLACK
6
CONTINUOUS
10
8.2849694094488182
20
-4.9165069685039366
11
8.2828358267716542
21
-4.9133138188976373
0
LINE
8
BLACK
6
CONTINUOUS
10
8.2828358267716542
20
-4.9133138188976373
11
8.2820866141732274
21
-4.9095472440944885
0
LINE
8
BLACK
6
CONTINUOUS
10
8.2820866141732274
20
-4.9095472440944885
11
8.2820866141732274
21
-4.882972440944882
0
LINE
8
BLACK
6
CONTINUOUS
10
8.2820866141732274
20
-4.882972440944882
11
8.2828358267716542
21
-4.8792058661417324
0
LINE
8
BLACK
6
CONTINUOUS
10
8.2828358267716542
20
-4.8792058661417324
11
8.2849694094488182
21
-4.876012716535433
0
LINE
8
BLACK
6
CONTINUOUS
10
8.2849694094488182
20
-4.876012716535433
11
8.2881625590551185
21
-4.8738791338582672
0
LINE
8
BLACK
6
CONTINUOUS
10
8.2881625590551185
20
-4.8738791338582672
11
8.2919291338582681
21
-4.8731299212598422
0
LINE
8
BLACK
6
CONTINUOUS
10
8.2919291338582681
20
-4.8731299212598422
11
8.3293307086614163
21
-4.8731299212598422
0
LINE
8
BLACK
6
CONTINUOUS
10
8.3293307086614163
20
-4.8731299212598422
11
8.333097283464566
21
-4.8738791338582672
0
LINE
8
BLACK
6
CONTINUOUS
10
7.7515748031496061
20
-4.9188976377952756
11
7.6944881889763774
21
-4.9188976377952756
0
LINE
8
BLACK
6
CONTINUOUS
10
7.6944881889763774
20
-4.9188976377952756
11
7.6944881889763774
21
-4.9011811023622043
0
LINE
8
BLACK
6
CONTINUOUS
10
7.6944881889763774
20
-4.9011811023622043
11
7.7515748031496061
21
-4.9011811023622043
0
LINE
8
BLACK
6
CONTINUOUS
10
7.7515748031496061
20
-4.9011811023622043
11
7.7515748031496061
21
-4.9188976377952756
0
LINE
8
BLACK
6
CONTINUOUS
10
7.9818897637795274
20
-4.9188976377952756
11
7.9248031496062987
21
-4.9188976377952756
0
LINE
8
BLACK
6
CONTINUOUS
10
7.9248031496062987
20
-4.9188976377952756
11
7.9248031496062987
21
-4.9011811023622043
0
LINE
8
BLACK
6
CONTINUOUS
10
7.9248031496062987
20
-4.9011811023622043
11
7.9818897637795274
21
-4.9011811023622043
0
LINE
8
BLACK
6
CONTINUOUS
10
7.9818897637795274
20
-4.9011811023622043
11
7.9818897637795274
21
-4.9188976377952756
0
LINE
8
BLACK
6
CONTINUOUS
10
7.7515748031496061
20
-4.8933070866141728
11
7.6944881889763774
21
-4.8933070866141728
0
LINE
8
BLACK
6
CONTINUOUS
10
7.6944881889763774
20
-4.8933070866141728
11
7.6944881889763774
21
-4.8755905511811024
0
LINE
8
BLACK
6
CONTINUOUS
10
7.6944881889763774
20
-4.8755905511811024
11
7.7515748031496061
21
-4.8755905511811024
0
LINE
8
BLACK
6
CONTINUOUS
10
7.7515748031496061
20
-4.8755905511811024
11
7.7515748031496061
21
-4.8933070866141728
0
LINE
8
BLACK
6
CONTINUOUS
10
7.9818897637795274
20
-4.8933070866141728
11
7.9248031496062987
21
-4.8933070866141728
0
LINE
8
BLACK
6
CONTINUOUS
10
7.9248031496062987
20
-4.8933070866141728
11
7.9248031496062987
21
-4.8755905511811024
0
LINE
8
BLACK
6
CONTINUOUS
10
7.9248031496062987
20
-4.8755905511811024
11
7.9818897637795274
21
-4.8755905511811024
0
LINE
8
BLACK
6
CONTINUOUS
10
7.9818897637795274
20
-4.8755905511811024
11
7.9818897637795274
21
-4.8933070866141728
0
LINE
8
BLACK
6
CONTINUOUS
10
6.7311287795275589
20
-4.8358870078740157
11
6.7343219291338583
21
-4.8380205905511806
0
LINE
8
BLACK
6
CONTINUOUS
10
6.7343219291338583
20
-4.8380205905511806
11
6.7364555118110232
21
-4.84121374015748
0
LINE
8
BLACK
6
CONTINUOUS
10
6.7364555118110232
20
-4.84121374015748
11
6.7372047244094491
21
-4.8449803149606296
0
LINE
8
BLACK
6
CONTINUOUS
10
6.7372047244094491
20
-4.8449803149606296
11
6.7372047244094491
21
-4.8715551181102361
0
LINE
8
BLACK
6
CONTINUOUS
10
6.7372047244094491
20
-4.8715551181102361
11
6.7364555118110232
21
-4.8753216929133858
0
LINE
8
BLACK
6
CONTINUOUS
10
6.7364555118110232
20
-4.8753216929133858
11
6.7343219291338583
21
-4.8785148425196851
0
LINE
8
BLACK
6
CONTINUOUS
10
6.7343219291338583
20
-4.8785148425196851
11
6.7311287795275589
21
-4.88064842519685
0
LINE
8
BLACK
6
CONTINUOUS
10
6.7311287795275589
20
-4.88064842519685
11
6.7273622047244093
21
-4.8813976377952759
0
LINE
8
BLACK
6
CONTINUOUS
10
6.7273622047244093
20
-4.8813976377952759
11
6.6899606299212593
21
-4.8813976377952759
0
LINE
8
BLACK
6
CONTINUOUS
10
6.6899606299212593
20
-4.8813976377952759
11
6.6861940551181105
21
-4.88064842519685
0
LINE
8
BLACK
6
CONTINUOUS
10
6.6861940551181105
20
-4.88064842519685
11
6.6830009055118111
21
-4.8785148425196851
0
LINE
8
BLACK
6
CONTINUOUS
10
6.6830009055118111
20
-4.8785148425196851
11
6.6808673228346453
21
-4.8753216929133858
0
LINE
8
BLACK
6
CONTINUOUS
10
6.6808673228346453
20
-4.8753216929133858
11
6.6801181102362204
21
-4.8715551181102361
0
LINE
8
BLACK
6
CONTINUOUS
10
6.6801181102362204
20
-4.8715551181102361
11
6.6801181102362204
21
-4.8449803149606296
0
LINE
8
BLACK
6
CONTINUOUS
10
6.6801181102362204
20
-4.8449803149606296
11
6.6808673228346453
21
-4.84121374015748
0
LINE
8
BLACK
6
CONTINUOUS
10
6.6808673228346453
20
-4.84121374015748
11
6.6830009055118111
21
-4.8380205905511806
0
LINE
8
BLACK
6
CONTINUOUS
10
6.6830009055118111
20
-4.8380205905511806
11
6.6861940551181105
21
-4.8358870078740157
0
LINE
8
BLACK
6
CONTINUOUS
10
6.6861940551181105
20
-4.8358870078740157
11
6.6899606299212593
21
-4.8351377952755907
0
LINE
8
BLACK
6
CONTINUOUS
10
6.6899606299212593
20
-4.8351377952755907
11
6.7273622047244093
21
-4.8351377952755907
0
LINE
8
BLACK
6
CONTINUOUS
10
6.7273622047244093
20
-4.8351377952755907
11
6.7311287795275589
21
-4.8358870078740157
0
LINE
8
BLACK
6
CONTINUOUS
10
6.9476642125984247
20
-4.8358870078740157
11
6.9508573622047241
21
-4.8380205905511806
0
LINE
8
BLACK
6
CONTINUOUS
10
6.9508573622047241
20
-4.8380205905511806
11
6.9529909448818898
21
-4.84121374015748
0
LINE
8
BLACK
6
CONTINUOUS
10
6.9529909448818898
20
-4.84121374015748
11
6.9537401574803148
21
-4.8449803149606296
0
LINE
8
BLACK
6
CONTINUOUS
10
6.9537401574803148
20
-4.8449803149606296
11
6.9537401574803148
21
-4.8715551181102361
0
LINE
8
BLACK
6
CONTINUOUS
10
6.9537401574803148
20
-4.8715551181102361
11
6.9529909448818898
21
-4.8753216929133858
0
LINE
8
BLACK
6
CONTINUOUS
10
6.9529909448818898
20
-4.8753216929133858
11
6.9508573622047241
21
-4.8785148425196851
0
LINE
8
BLACK
6
CONTINUOUS
10
6.9508573622047241
20
-4.8785148425196851
11
6.9476642125984247
21
-4.88064842519685
0
LINE
8
BLACK
6
CONTINUOUS
10
6.9476642125984247
20
-4.88064842519685
11
6.943897637795275
21
-4.8813976377952759
0
LINE
8
BLACK
6
CONTINUOUS
10
6.943897637795275
20
-4.8813976377952759
11
6.9064960629921259
21
-4.8813976377952759
0
LINE
8
BLACK
6
CONTINUOUS
10
6.9064960629921259
20
-4.8813976377952759
11
6.9027294881889762
21
-4.88064842519685
0
LINE
8
BLACK
6
CONTINUOUS
10
6.9027294881889762
20
-4.88064842519685
11
6.8995363385826769
21
-4.8785148425196851
0
LINE
8
BLACK
6
CONTINUOUS
10
6.8995363385826769
20
-4.8785148425196851
11
6.897402755905512
21
-4.8753216929133858
0
LINE
8
BLACK
6
CONTINUOUS
10
6.897402755905512
20
-4.8753216929133858
11
6.8966535433070861
21
-4.8715551181102361
0
LINE
8
BLACK
6
CONTINUOUS
10
6.8966535433070861
20
-4.8715551181102361
11
6.8966535433070861
21
-4.8449803149606296
0
LINE
8
BLACK
6
CONTINUOUS
10
6.8966535433070861
20
-4.8449803149606296
11
6.897402755905512
21
-4.84121374015748
0
LINE
8
BLACK
6
CONTINUOUS
10
6.897402755905512
20
-4.84121374015748
11
6.8995363385826769
21
-4.8380205905511806
0
LINE
8
BLACK
6
CONTINUOUS
10
6.8995363385826769
20
-4.8380205905511806
11
6.9027294881889762
21
-4.8358870078740157
0
LINE
8
BLACK
6
CONTINUOUS
10
6.9027294881889762
20
-4.8358870078740157
11
6.9064960629921259
21
-4.8351377952755907
0
LINE
8
BLACK
6
CONTINUOUS
10
6.9064960629921259
20
-4.8351377952755907
11
6.943897637795275
21
-4.8351377952755907
0
LINE
8
BLACK
6
CONTINUOUS
10
6.943897637795275
20
-4.8351377952755907
11
6.9476642125984247
21
-4.8358870078740157
0
LINE
8
BLACK
6
CONTINUOUS
10
7.7515748031496061
20
-4.8677165354330709
11
7.6944881889763774
21
-4.8677165354330709
0
LINE
8
BLACK
6
CONTINUOUS
10
7.6944881889763774
20
-4.8677165354330709
11
7.6944881889763774
21
-4.8499999999999996
0
LINE
8
BLACK
6
CONTINUOUS
10
7.6944881889763774
20
-4.8499999999999996
11
7.7515748031496061
21
-4.8499999999999996
0
LINE
8
BLACK
6
CONTINUOUS
10
7.7515748031496061
20
-4.8499999999999996
11
7.7515748031496061
21
-4.8677165354330709
0
LINE
8
BLACK
6
CONTINUOUS
10
7.9818897637795274
20
-4.8677165354330709
11
7.9248031496062987
21
-4.8677165354330709
0
LINE
8
BLACK
6
CONTINUOUS
10
7.9248031496062987
20
-4.8677165354330709
11
7.9248031496062987
21
-4.8499999999999996
0
LINE
8
BLACK
6
CONTINUOUS
10
7.9248031496062987
20
-4.8499999999999996
11
7.9818897637795274
21
-4.8499999999999996
0
LINE
8
BLACK
6
CONTINUOUS
10
7.9818897637795274
20
-4.8499999999999996
11
7.9818897637795274
21
-4.8677165354330709
0
LINE
8
BLACK
6
CONTINUOUS
10
6.552979173228346
20
-4.8157098425196851
11
6.5561723228346453
21
-4.81784342519685
0
LINE
8
BLACK
6
CONTINUOUS
10
6.5561723228346453
20
-4.81784342519685
11
6.5583059055118111
21
-4.8210365748031494
0
LINE
8
BLACK
6
CONTINUOUS
10
6.5583059055118111
20
-4.8210365748031494
11
6.5590551181102361
21
-4.8248031496062991
0
LINE
8
BLACK
6
CONTINUOUS
10
6.5590551181102361
20
-4.8248031496062991
11
6.5590551181102361
21
-4.8523622047244093
0
LINE
8
BLACK
6
CONTINUOUS
10
6.5590551181102361
20
-4.8523622047244093
11
6.5583059055118111
21
-4.8561287795275589
0
LINE
8
BLACK
6
CONTINUOUS
10
6.5583059055118111
20
-4.8561287795275589
11
6.5561723228346453
21
-4.8593219291338583
0
LINE
8
BLACK
6
CONTINUOUS
10
6.5561723228346453
20
-4.8593219291338583
11
6.552979173228346
21
-4.8614555118110232
0
LINE
8
BLACK
6
CONTINUOUS
10
6.552979173228346
20
-4.8614555118110232
11
6.5492125984251963
21
-4.8622047244094491
0
LINE
8
BLACK
6
CONTINUOUS
10
6.5492125984251963
20
-4.8622047244094491
11
6.5137795275590546
21
-4.8622047244094491
0
LINE
8
BLACK
6
CONTINUOUS
10
6.5137795275590546
20
-4.8622047244094491
11
6.510012952755905
21
-4.8614555118110232
0
LINE
8
BLACK
6
CONTINUOUS
10
6.510012952755905
20
-4.8614555118110232
11
6.5068198031496065
21
-4.8593219291338583
0
LINE
8
BLACK
6
CONTINUOUS
10
6.5068198031496065
20
-4.8593219291338583
11
6.5046862204724407
21
-4.8561287795275589
0
LINE
8
BLACK
6
CONTINUOUS
10
6.5046862204724407
20
-4.8561287795275589
11
6.5039370078740157
21
-4.8523622047244093
0
LINE
8
BLACK
6
CONTINUOUS
10
6.5039370078740157
20
-4.8523622047244093
11
6.5039370078740157
21
-4.8248031496062991
0
LINE
8
BLACK
6
CONTINUOUS
10
6.5039370078740157
20
-4.8248031496062991
11
6.5046862204724407
21
-4.8210365748031494
0
LINE
8
BLACK
6
CONTINUOUS
10
6.5046862204724407
20
-4.8210365748031494
11
6.5068198031496065
21
-4.81784342519685
0
LINE
8
BLACK
6
CONTINUOUS
10
6.5068198031496065
20
-4.81784342519685
11
6.510012952755905
21
-4.8157098425196851
0
LINE
8
BLACK
6
CONTINUOUS
10
6.510012952755905
20
-4.8157098425196851
11
6.5137795275590546
21
-4.8149606299212602
0
LINE
8
BLACK
6
CONTINUOUS
10
6.5137795275590546
20
-4.8149606299212602
11
6.5492125984251963
21
-4.8149606299212602
0
LINE
8
BLACK
6
CONTINUOUS
10
6.5492125984251963
20
-4.8149606299212602
11
6.552979173228346
21
-4.8157098425196851
0
LINE
8
BLACK
6
CONTINUOUS
10
7.523031496062992
20
-4.8448818897637791
11
7.4029527559055115
21
-4.8448818897637791
0
LINE
8
BLACK
6
CONTINUOUS
10
7.4029527559055115
20
-4.8448818897637791
11
7.4029527559055115
21
-4.7661417322834643
0
LINE
8
BLACK
6
CONTINUOUS
10
7.4029527559055115
20
-4.7661417322834643
11
7.523031496062992
21
-4.7661417322834643
0
LINE
8
BLACK
6
CONTINUOUS
10
7.523031496062992
20
-4.7661417322834643
11
7.523031496062992
21
-4.8448818897637791
0
LINE
8
BLACK
6
CONTINUOUS
10
7.7515748031496061
20
-4.8421259842519682
11
7.6944881889763774
21
-4.8421259842519682
0
LINE
8
BLACK
6
CONTINUOUS
10
7.6944881889763774
20
-4.8421259842519682
11
7.6944881889763774
21
-4.8244094488188978
0
LINE
8
BLACK
6
CONTINUOUS
10
7.6944881889763774
20
-4.8244094488188978
11
7.7515748031496061
21
-4.8244094488188978
0
LINE
8
BLACK
6
CONTINUOUS
10
7.7515748031496061
20
-4.8244094488188978
11
7.7515748031496061
21
-4.8421259842519682
0
LINE
8
BLACK
6
CONTINUOUS
10
7.9818897637795274
20
-4.8421259842519682
11
7.9248031496062987
21
-4.8421259842519682
0
LINE
8
BLACK
6
CONTINUOUS
10
7.9248031496062987
20
-4.8421259842519682
11
7.9248031496062987
21
-4.8244094488188978
0
LINE
8
BLACK
6
CONTINUOUS
10
7.9248031496062987
20
-4.8244094488188978
11
7.9818897637795274
21
-4.8244094488188978
0
LINE
8
BLACK
6
CONTINUOUS
10
7.9818897637795274
20
-4.8244094488188978
11
7.9818897637795274
21
-4.8421259842519682
0
LINE
8
BLACK
6
CONTINUOUS
10
5.5708267716535431
20
-4.8380511811023617
11
5.5531102362204727
21
-4.8380511811023617
0
LINE
8
BLACK
6
CONTINUOUS
10
5.5531102362204727
20
-4.8380511811023617
11
5.5531102362204727
21
-4.7819488188976376
0
LINE
8
BLACK
6
CONTINUOUS
10
5.5531102362204727
20
-4.7819488188976376
11
5.5708267716535431
21
-4.7819488188976376
0
LINE
8
BLACK
6
CONTINUOUS
10
5.5708267716535431
20
-4.7819488188976376
11
5.5708267716535431
21
-4.8380511811023617
0
LINE
8
BLACK
6
CONTINUOUS
10
5.5964173228346459
20
-4.8380511811023617
11
5.5787007874015746
21
-4.8380511811023617
0
LINE
8
BLACK
6
CONTINUOUS
10
5.5787007874015746
20
-4.8380511811023617
11
5.5787007874015746
21
-4.7819488188976376
0
LINE
8
BLACK
6
CONTINUOUS
10
5.5787007874015746
20
-4.7819488188976376
11
5.5964173228346459
21
-4.7819488188976376
0
LINE
8
BLACK
6
CONTINUOUS
10
5.5964173228346459
20
-4.7819488188976376
11
5.5964173228346459
21
-4.8380511811023617
0
LINE
8
BLACK
6
CONTINUOUS
10
5.6220078740157478
20
-4.8380511811023617
11
5.6042913385826774
21
-4.8380511811023617
0
LINE
8
BLACK
6
CONTINUOUS
10
5.6042913385826774
20
-4.8380511811023617
11
5.6042913385826774
21
-4.7819488188976376
0
LINE
8
BLACK
6
CONTINUOUS
10
5.6042913385826774
20
-4.7819488188976376
11
5.6220078740157478
21
-4.7819488188976376
0
LINE
8
BLACK
6
CONTINUOUS
10
5.6220078740157478
20
-4.7819488188976376
11
5.6220078740157478
21
-4.8380511811023617
0
LINE
8
BLACK
6
CONTINUOUS
10
5.6475984251968505
20
-4.8380511811023617
11
5.6298818897637792
21
-4.8380511811023617
0
LINE
8
BLACK
6
CONTINUOUS
10
5.6298818897637792
20
-4.8380511811023617
11
5.6298818897637792
21
-4.7819488188976376
0
LINE
8
BLACK
6
CONTINUOUS
10
5.6298818897637792
20
-4.7819488188976376
11
5.6475984251968505
21
-4.7819488188976376
0
LINE
8
BLACK
6
CONTINUOUS
10
5.6475984251968505
20
-4.7819488188976376
11
5.6475984251968505
21
-4.8380511811023617
0
LINE
8
BLACK
6
CONTINUOUS
10
2.4156760236220474
20
-4.7676783464566928
11
2.4188691732283463
21
-4.7698119291338585
0
LINE
8
BLACK
6
CONTINUOUS
10
2.4188691732283463
20
-4.7698119291338585
11
2.4210027559055116
21
-4.773005078740157
0
LINE
8
BLACK
6
CONTINUOUS
10
2.4210027559055116
20
-4.773005078740157
11
2.421751968503937
21
-4.7767716535433067
0
LINE
8
BLACK
6
CONTINUOUS
10
2.421751968503937
20
-4.7767716535433067
11
2.421751968503937
21
-4.8141732283464567
0
LINE
8
BLACK
6
CONTINUOUS
10
2.421751968503937
20
-4.8141732283464567
11
2.4210027559055116
21
-4.8179398031496063
0
LINE
8
BLACK
6
CONTINUOUS
10
2.4210027559055116
20
-4.8179398031496063
11
2.4188691732283463
21
-4.8211329527559057
0
LINE
8
BLACK
6
CONTINUOUS
10
2.4188691732283463
20
-4.8211329527559057
11
2.4156760236220474
21
-4.8232665354330706
0
LINE
8
BLACK
6
CONTINUOUS
10
2.4156760236220474
20
-4.8232665354330706
11
2.4119094488188977
21
-4.8240157480314956
0
LINE
8
BLACK
6
CONTINUOUS
10
2.4119094488188977
20
-4.8240157480314956
11
2.3853346456692912
21
-4.8240157480314956
0
LINE
8
BLACK
6
CONTINUOUS
10
2.3853346456692912
20
-4.8240157480314956
11
2.3815680708661415
21
-4.8232665354330706
0
LINE
8
BLACK
6
CONTINUOUS
10
2.3815680708661415
20
-4.8232665354330706
11
2.3783749212598426
21
-4.8211329527559057
0
LINE
8
BLACK
6
CONTINUOUS
10
2.3783749212598426
20
-4.8211329527559057
11
2.3762413385826773
21
-4.8179398031496063
0
LINE
8
BLACK
6
CONTINUOUS
10
2.3762413385826773
20
-4.8179398031496063
11
2.3754921259842519
21
-4.8141732283464567
0
LINE
8
BLACK
6
CONTINUOUS
10
2.3754921259842519
20
-4.8141732283464567
11
2.3754921259842519
21
-4.7767716535433067
0
LINE
8
BLACK
6
CONTINUOUS
10
2.3754921259842519
20
-4.7767716535433067
11
2.3762413385826773
21
-4.773005078740157
0
LINE
8
BLACK
6
CONTINUOUS
10
2.3762413385826773
20
-4.773005078740157
11
2.3783749212598426
21
-4.7698119291338585
0
LINE
8
BLACK
6
CONTINUOUS
10
2.3783749212598426
20
-4.7698119291338585
11
2.3815680708661415
21
-4.7676783464566928
0
LINE
8
BLACK
6
CONTINUOUS
10
2.3815680708661415
20
-4.7676783464566928
11
2.3853346456692912
21
-4.7669291338582678
0
LINE
8
BLACK
6
CONTINUOUS
10
2.3853346456692912
20
-4.7669291338582678
11
2.4119094488188977
21
-4.7669291338582678
0
LINE
8
BLACK
6
CONTINUOUS
10
2.4119094488188977
20
-4.7669291338582678
11
2.4156760236220474
21
-4.7676783464566928
0
LINE
8
BLACK
6
CONTINUOUS
10
2.4973689370078738
20
-4.7676783464566928
11
2.5005620866141731
21
-4.7698119291338585
0
LINE
8
BLACK
6
CONTINUOUS
10
2.5005620866141731
20
-4.7698119291338585
11
2.5026956692913385
21
-4.773005078740157
0
LINE
8
BLACK
6
CONTINUOUS
10
2.5026956692913385
20
-4.773005078740157
11
2.5034448818897639
21
-4.7767716535433067
0
LINE
8
BLACK
6
CONTINUOUS
10
2.5034448818897639
20
-4.7767716535433067
11
2.5034448818897639
21
-4.8141732283464567
0
LINE
8
BLACK
6
CONTINUOUS
10
2.5034448818897639
20
-4.8141732283464567
11
2.5026956692913385
21
-4.8179398031496063
0
LINE
8
BLACK
6
CONTINUOUS
10
2.5026956692913385
20
-4.8179398031496063
11
2.5005620866141731
21
-4.8211329527559057
0
LINE
8
BLACK
6
CONTINUOUS
10
2.5005620866141731
20
-4.8211329527559057
11
2.4973689370078738
21
-4.8232665354330706
0
LINE
8
BLACK
6
CONTINUOUS
10
2.4973689370078738
20
-4.8232665354330706
11
2.4936023622047245
21
-4.8240157480314956
0
LINE
8
BLACK
6
CONTINUOUS
10
2.4936023622047245
20
-4.8240157480314956
11
2.4670275590551181
21
-4.8240157480314956
0
LINE
8
BLACK
6
CONTINUOUS
10
2.4670275590551181
20
-4.8240157480314956
11
2.4632609842519684
21
-4.8232665354330706
0
LINE
8
BLACK
6
CONTINUOUS
10
2.4632609842519684
20
-4.8232665354330706
11
2.460067834645669
21
-4.8211329527559057
0
LINE
8
BLACK
6
CONTINUOUS
10
2.460067834645669
20
-4.8211329527559057
11
2.4579342519685037
21
-4.8179398031496063
0
LINE
8
BLACK
6
CONTINUOUS
10
2.4579342519685037
20
-4.8179398031496063
11
2.4571850393700787
21
-4.8141732283464567
0
LINE
8
BLACK
6
CONTINUOUS
10
2.4571850393700787
20
-4.8141732283464567
11
2.4571850393700787
21
-4.7767716535433067
0
LINE
8
BLACK
6
CONTINUOUS
10
2.4571850393700787
20
-4.7767716535433067
11
2.4579342519685037
21
-4.773005078740157
0
LINE
8
BLACK
6
CONTINUOUS
10
2.4579342519685037
20
-4.773005078740157
11
2.460067834645669
21
-4.7698119291338585
0
LINE
8
BLACK
6
CONTINUOUS
10
2.460067834645669
20
-4.7698119291338585
11
2.4632609842519684
21
-4.7676783464566928
0
LINE
8
BLACK
6
CONTINUOUS
10
2.4632609842519684
20
-4.7676783464566928
11
2.4670275590551181
21
-4.7669291338582678
0
LINE
8
BLACK
6
CONTINUOUS
10
2.4670275590551181
20
-4.7669291338582678
11
2.4936023622047245
21
-4.7669291338582678
0
LINE
8
BLACK
6
CONTINUOUS
10
2.4936023622047245
20
-4.7669291338582678
11
2.4973689370078738
21
-4.7676783464566928
0
LINE
8
BLACK
6
CONTINUOUS
10
8.2140027952755901
20
-4.7582295275590551
11
8.2171959448818903
21
-4.7603631102362201
0
LINE
8
BLACK
6
CONTINUOUS
10
8.2171959448818903
20
-4.7603631102362201
11
8.2193295275590543
21
-4.7635562598425194
0
LINE
8
BLACK
6
CONTINUOUS
10
8.2193295275590543
20
-4.7635562598425194
11
8.2200787401574793
21
-4.7673228346456691
0
LINE
8
BLACK
6
CONTINUOUS
10
8.2200787401574793
20
-4.7673228346456691
11
8.2200787401574793
21
-4.7948818897637793
0
LINE
8
BLACK
6
CONTINUOUS
10
8.2200787401574793
20
-4.7948818897637793
11
8.2193295275590543
21
-4.798648464566929
0
LINE
8
BLACK
6
CONTINUOUS
10
8.2193295275590543
20
-4.798648464566929
11
8.2171959448818903
21
-4.8018416141732283
0
LINE
8
BLACK
6
CONTINUOUS
10
8.2171959448818903
20
-4.8018416141732283
11
8.2140027952755901
21
-4.8039751968503932
0
LINE
8
BLACK
6
CONTINUOUS
10
8.2140027952755901
20
-4.8039751968503932
11
8.2102362204724404
21
-4.8047244094488191
0
LINE
8
BLACK
6
CONTINUOUS
10
8.2102362204724404
20
-4.8047244094488191
11
8.1748031496062996
21
-4.8047244094488191
0
LINE
8
BLACK
6
CONTINUOUS
10
8.1748031496062996
20
-4.8047244094488191
11
8.1710365748031499
21
-4.8039751968503932
0
LINE
8
BLACK
6
CONTINUOUS
10
8.1710365748031499
20
-4.8039751968503932
11
8.1678434251968497
21
-4.8018416141732283
0
LINE
8
BLACK
6
CONTINUOUS
10
8.1678434251968497
20
-4.8018416141732283
11
8.1657098425196857
21
-4.798648464566929
0
LINE
8
BLACK
6
CONTINUOUS
10
8.1657098425196857
20
-4.798648464566929
11
8.1649606299212589
21
-4.7948818897637793
0
LINE
8
BLACK
6
CONTINUOUS
10
8.1649606299212589
20
-4.7948818897637793
11
8.1649606299212589
21
-4.7673228346456691
0
LINE
8
BLACK
6
CONTINUOUS
10
8.1649606299212589
20
-4.7673228346456691
11
8.1657098425196857
21
-4.7635562598425194
0
LINE
8
BLACK
6
CONTINUOUS
10
8.1657098425196857
20
-4.7635562598425194
11
8.1678434251968497
21
-4.7603631102362201
0
LINE
8
BLACK
6
CONTINUOUS
10
8.1678434251968497
20
-4.7603631102362201
11
8.1710365748031499
21
-4.7582295275590551
0
LINE
8
BLACK
6
CONTINUOUS
10
8.1710365748031499
20
-4.7582295275590551
11
8.1748031496062996
21
-4.7574803149606302
0
LINE
8
BLACK
6
CONTINUOUS
10
8.1748031496062996
20
-4.7574803149606302
11
8.2102362204724404
21
-4.7574803149606302
0
LINE
8
BLACK
6
CONTINUOUS
10
8.2102362204724404
20
-4.7574803149606302
11
8.2140027952755901
21
-4.7582295275590551
0
LINE
8
BLACK
6
CONTINUOUS
10
6.7311287795275589
20
-4.7541940944881889
11
6.7343219291338583
21
-4.7563276771653547
0
LINE
8
BLACK
6
CONTINUOUS
10
6.7343219291338583
20
-4.7563276771653547
11
6.7364555118110232
21
-4.7595208267716531
0
LINE
8
BLACK
6
CONTINUOUS
10
6.7364555118110232
20
-4.7595208267716531
11
6.7372047244094491
21
-4.7632874015748028
0
LINE
8
BLACK
6
CONTINUOUS
10
6.7372047244094491
20
-4.7632874015748028
11
6.7372047244094491
21
-4.7898622047244093
0
LINE
8
BLACK
6
CONTINUOUS
10
6.7372047244094491
20
-4.7898622047244093
11
6.7364555118110232
21
-4.7936287795275589
0
LINE
8
BLACK
6
CONTINUOUS
10
6.7364555118110232
20
-4.7936287795275589
11
6.7343219291338583
21
-4.7968219291338583
0
LINE
8
BLACK
6
CONTINUOUS
10
6.7343219291338583
20
-4.7968219291338583
11
6.7311287795275589
21
-4.7989555118110232
0
LINE
8
BLACK
6
CONTINUOUS
10
6.7311287795275589
20
-4.7989555118110232
11
6.7273622047244093
21
-4.7997047244094491
0
LINE
8
BLACK
6
CONTINUOUS
10
6.7273622047244093
20
-4.7997047244094491
11
6.6899606299212593
21
-4.7997047244094491
0
LINE
8
BLACK
6
CONTINUOUS
10
6.6899606299212593
20
-4.7997047244094491
11
6.6861940551181105
21
-4.7989555118110232
0
LINE
8
BLACK
6
CONTINUOUS
10
6.6861940551181105
20
-4.7989555118110232
11
6.6830009055118111
21
-4.7968219291338583
0
LINE
8
BLACK
6
CONTINUOUS
10
6.6830009055118111
20
-4.7968219291338583
11
6.6808673228346453
21
-4.7936287795275589
0
LINE
8
BLACK
6
CONTINUOUS
10
6.6808673228346453
20
-4.7936287795275589
11
6.6801181102362204
21
-4.7898622047244093
0
LINE
8
BLACK
6
CONTINUOUS
10
6.6801181102362204
20
-4.7898622047244093
11
6.6801181102362204
21
-4.7632874015748028
0
LINE
8
BLACK
6
CONTINUOUS
10
6.6801181102362204
20
-4.7632874015748028
11
6.6808673228346453
21
-4.7595208267716531
0
LINE
8
BLACK
6
CONTINUOUS
10
6.6808673228346453
20
-4.7595208267716531
11
6.6830009055118111
21
-4.7563276771653547
0
LINE
8
BLACK
6
CONTINUOUS
10
6.6830009055118111
20
-4.7563276771653547
11
6.6861940551181105
21
-4.7541940944881889
0
LINE
8
BLACK
6
CONTINUOUS
10
6.6861940551181105
20
-4.7541940944881889
11
6.6899606299212593
21
-4.7534448818897639
0
LINE
8
BLACK
6
CONTINUOUS
10
6.6899606299212593
20
-4.7534448818897639
11
6.7273622047244093
21
-4.7534448818897639
0
LINE
8
BLACK
6
CONTINUOUS
10
6.7273622047244093
20
-4.7534448818897639
11
6.7311287795275589
21
-4.7541940944881889
0
LINE
8
BLACK
6
CONTINUOUS
10
6.9476642125984247
20
-4.7541940944881889
11
6.9508573622047241
21
-4.7563276771653547
0
LINE
8
BLACK
6
CONTINUOUS
10
6.9508573622047241
20
-4.7563276771653547
11
6.9529909448818898
21
-4.7595208267716531
0
LINE
8
BLACK
6
CONTINUOUS
10
6.9529909448818898
20
-4.7595208267716531
11
6.9537401574803148
21
-4.7632874015748028
0
LINE
8
BLACK
6
CONTINUOUS
10
6.9537401574803148
20
-4.7632874015748028
11
6.9537401574803148
21
-4.7898622047244093
0
LINE
8
BLACK
6
CONTINUOUS
10
6.9537401574803148
20
-4.7898622047244093
11
6.9529909448818898
21
-4.7936287795275589
0
LINE
8
BLACK
6
CONTINUOUS
10
6.9529909448818898
20
-4.7936287795275589
11
6.9508573622047241
21
-4.7968219291338583
0
LINE
8
BLACK
6
CONTINUOUS
10
6.9508573622047241
20
-4.7968219291338583
11
6.9476642125984247
21
-4.7989555118110232
0
LINE
8
BLACK
6
CONTINUOUS
10
6.9476642125984247
20
-4.7989555118110232
11
6.943897637795275
21
-4.7997047244094491
0
LINE
8
BLACK
6
CONTINUOUS
10
6.943897637795275
20
-4.7997047244094491
11
6.9064960629921259
21
-4.7997047244094491
0
LINE
8
BLACK
6
CONTINUOUS
10
6.9064960629921259
20
-4.7997047244094491
11
6.9027294881889762
21
-4.7989555118110232
0
LINE
8
BLACK
6
CONTINUOUS
10
6.9027294881889762
20
-4.7989555118110232
11
6.8995363385826769
21
-4.7968219291338583
0
LINE
8
BLACK
6
CONTINUOUS
10
6.8995363385826769
20
-4.7968219291338583
11
6.897402755905512
21
-4.7936287795275589
0
LINE
8
BLACK
6
CONTINUOUS
10
6.897402755905512
20
-4.7936287795275589
11
6.8966535433070861
21
-4.7898622047244093
0
LINE
8
BLACK
6
CONTINUOUS
10
6.8966535433070861
20
-4.7898622047244093
11
6.8966535433070861
21
-4.7632874015748028
0
LINE
8
BLACK
6
CONTINUOUS
10
6.8966535433070861
20
-4.7632874015748028
11
6.897402755905512
21
-4.7595208267716531
0
LINE
8
BLACK
6
CONTINUOUS
10
6.897402755905512
20
-4.7595208267716531
11
6.8995363385826769
21
-4.7563276771653547
0
LINE
8
BLACK
6
CONTINUOUS
10
6.8995363385826769
20
-4.7563276771653547
11
6.9027294881889762
21
-4.7541940944881889
0
LINE
8
BLACK
6
CONTINUOUS
10
6.9027294881889762
20
-4.7541940944881889
11
6.9064960629921259
21
-4.7534448818897639
0
LINE
8
BLACK
6
CONTINUOUS
10
6.9064960629921259
20
-4.7534448818897639
11
6.943897637795275
21
-4.7534448818897639
0
LINE
8
BLACK
6
CONTINUOUS
10
6.943897637795275
20
-4.7534448818897639
11
6.9476642125984247
21
-4.7541940944881889
0
LINE
8
BLACK
6
CONTINUOUS
10
5.4279398031496058
20
-4.7503358267716536
11
5.4311329527559051
21
-4.7524694094488185
0
LINE
8
BLACK
6
CONTINUOUS
10
5.4311329527559051
20
-4.7524694094488185
11
5.4332665354330709
21
-4.7556625590551178
0
LINE
8
BLACK
6
CONTINUOUS
10
5.4332665354330709
20
-4.7556625590551178
11
5.4340157480314959
21
-4.7594291338582675
0
LINE
8
BLACK
6
CONTINUOUS
10
5.4340157480314959
20
-4.7594291338582675
11
5.4340157480314959
21
-4.786003937007874
0
LINE
8
BLACK
6
CONTINUOUS
10
5.4340157480314959
20
-4.786003937007874
11
5.4332665354330709
21
-4.7897705118110236
0
LINE
8
BLACK
6
CONTINUOUS
10
5.4332665354330709
20
-4.7897705118110236
11
5.4311329527559051
21
-4.792963661417323
0
LINE
8
BLACK
6
CONTINUOUS
10
5.4311329527559051
20
-4.792963661417323
11
5.4279398031496058
21
-4.7950972440944879
0
LINE
8
BLACK
6
CONTINUOUS
10
5.4279398031496058
20
-4.7950972440944879
11
5.424173228346457
21
-4.7958464566929129
0
LINE
8
BLACK
6
CONTINUOUS
10
5.424173228346457
20
-4.7958464566929129
11
5.386771653543307
21
-4.7958464566929129
0
LINE
8
BLACK
6
CONTINUOUS
10
5.386771653543307
20
-4.7958464566929129
11
5.3830050787401573
21
-4.7950972440944879
0
LINE
8
BLACK
6
CONTINUOUS
10
5.3830050787401573
20
-4.7950972440944879
11
5.379811929133858
21
-4.792963661417323
0
LINE
8
BLACK
6
CONTINUOUS
10
5.379811929133858
20
-4.792963661417323
11
5.3776783464566931
21
-4.7897705118110236
0
LINE
8
BLACK
6
CONTINUOUS
10
5.3776783464566931
20
-4.7897705118110236
11
5.3769291338582672
21
-4.786003937007874
0
LINE
8
BLACK
6
CONTINUOUS
10
5.3769291338582672
20
-4.786003937007874
11
5.3769291338582672
21
-4.7594291338582675
0
LINE
8
BLACK
6
CONTINUOUS
10
5.3769291338582672
20
-4.7594291338582675
11
5.3776783464566931
21
-4.7556625590551178
0
LINE
8
BLACK
6
CONTINUOUS
10
5.3776783464566931
20
-4.7556625590551178
11
5.379811929133858
21
-4.7524694094488185
0
LINE
8
BLACK
6
CONTINUOUS
10
5.379811929133858
20
-4.7524694094488185
11
5.3830050787401573
21
-4.7503358267716536
0
LINE
8
BLACK
6
CONTINUOUS
10
5.3830050787401573
20
-4.7503358267716536
11
5.386771653543307
21
-4.7495866141732286
0
LINE
8
BLACK
6
CONTINUOUS
10
5.386771653543307
20
-4.7495866141732286
11
5.424173228346457
21
-4.7495866141732286
0
LINE
8
BLACK
6
CONTINUOUS
10
5.424173228346457
20
-4.7495866141732286
11
5.4279398031496058
21
-4.7503358267716536
0
LINE
8
BLACK
6
CONTINUOUS
10
3.9427429527559053
20
-4.6936625984251972
11
3.9459361023622046
21
-4.6957961811023621
0
LINE
8
BLACK
6
CONTINUOUS
10
3.9459361023622046
20
-4.6957961811023621
11
3.9480696850393699
21
-4.6989893307086614
0
LINE
8
BLACK
6
CONTINUOUS
10
3.9480696850393699
20
-4.6989893307086614
11
3.9488188976377954
21
-4.7027559055118111
0
LINE
8
BLACK
6
CONTINUOUS
10
3.9488188976377954
20
-4.7027559055118111
11
3.9488188976377954
21
-4.7854330708661417
0
LINE
8
BLACK
6
CONTINUOUS
10
3.9488188976377954
20
-4.7854330708661417
11
3.9480696850393699
21
-4.7891996456692913
0
LINE
8
BLACK
6
CONTINUOUS
10
3.9480696850393699
20
-4.7891996456692913
11
3.9459361023622046
21
-4.7923927952755907
0
LINE
8
BLACK
6
CONTINUOUS
10
3.9459361023622046
20
-4.7923927952755907
11
3.9427429527559053
21
-4.7945263779527556
0
LINE
8
BLACK
6
CONTINUOUS
10
3.9427429527559053
20
-4.7945263779527556
11
3.938976377952756
21
-4.7952755905511806
0
LINE
8
BLACK
6
CONTINUOUS
10
3.938976377952756
20
-4.7952755905511806
11
3.8956692913385824
21
-4.7952755905511806
0
LINE
8
BLACK
6
CONTINUOUS
10
3.8956692913385824
20
-4.7952755905511806
11
3.8919027165354332
21
-4.7945263779527556
0
LINE
8
BLACK
6
CONTINUOUS
10
3.8919027165354332
20
-4.7945263779527556
11
3.8887095669291338
21
-4.7923927952755907
0
LINE
8
BLACK
6
CONTINUOUS
10
3.8887095669291338
20
-4.7923927952755907
11
3.8865759842519685
21
-4.7891996456692913
0
LINE
8
BLACK
6
CONTINUOUS
10
3.8865759842519685
20
-4.7891996456692913
11
3.8858267716535431
21
-4.7854330708661417
0
LINE
8
BLACK
6
CONTINUOUS
10
3.8858267716535431
20
-4.7854330708661417
11
3.8858267716535431
21
-4.7027559055118111
0
LINE
8
BLACK
6
CONTINUOUS
10
3.8858267716535431
20
-4.7027559055118111
11
3.8865759842519685
21
-4.6989893307086614
0
LINE
8
BLACK
6
CONTINUOUS
10
3.8865759842519685
20
-4.6989893307086614
11
3.8887095669291338
21
-4.6957961811023621
0
LINE
8
BLACK
6
CONTINUOUS
10
3.8887095669291338
20
-4.6957961811023621
11
3.8919027165354332
21
-4.6936625984251972
0
LINE
8
BLACK
6
CONTINUOUS
10
3.8919027165354332
20
-4.6936625984251972
11
3.8956692913385824
21
-4.6929133858267713
0
LINE
8
BLACK
6
CONTINUOUS
10
3.8956692913385824
20
-4.6929133858267713
11
3.938976377952756
21
-4.6929133858267713
0
LINE
8
BLACK
6
CONTINUOUS
10
3.938976377952756
20
-4.6929133858267713
11
3.9427429527559053
21
-4.6936625984251972
0
LINE
8
BLACK
6
CONTINUOUS
10
6.552979173228346
20
-4.7369696850393703
11
6.5561723228346453
21
-4.7391032677165352
0
LINE
8
BLACK
6
CONTINUOUS
10
6.5561723228346453
20
-4.7391032677165352
11
6.5583059055118111
21
-4.7422964173228346
0
LINE
8
BLACK
6
CONTINUOUS
10
6.5583059055118111
20
-4.7422964173228346
11
6.5590551181102361
21
-4.7460629921259843
0
LINE
8
BLACK
6
CONTINUOUS
10
6.5590551181102361
20
-4.7460629921259843
11
6.5590551181102361
21
-4.7736220472440944
0
LINE
8
BLACK
6
CONTINUOUS
10
6.5590551181102361
20
-4.7736220472440944
11
6.5583059055118111
21
-4.7773886220472441
0
LINE
8
BLACK
6
CONTINUOUS
10
6.5583059055118111
20
-4.7773886220472441
11
6.5561723228346453
21
-4.7805817716535435
0
LINE
8
BLACK
6
CONTINUOUS
10
6.5561723228346453
20
-4.7805817716535435
11
6.552979173228346
21
-4.7827153543307084
0
LINE
8
BLACK
6
CONTINUOUS
10
6.552979173228346
20
-4.7827153543307084
11
6.5492125984251963
21
-4.7834645669291334
0
LINE
8
BLACK
6
CONTINUOUS
10
6.5492125984251963
20
-4.7834645669291334
11
6.5137795275590546
21
-4.7834645669291334
0
LINE
8
BLACK
6
CONTINUOUS
10
6.5137795275590546
20
-4.7834645669291334
11
6.510012952755905
21
-4.7827153543307084
0
LINE
8
BLACK
6
CONTINUOUS
10
6.510012952755905
20
-4.7827153543307084
11
6.5068198031496065
21
-4.7805817716535435
0
LINE
8
BLACK
6
CONTINUOUS
10
6.5068198031496065
20
-4.7805817716535435
11
6.5046862204724407
21
-4.7773886220472441
0
LINE
8
BLACK
6
CONTINUOUS
10
6.5046862204724407
20
-4.7773886220472441
11
6.5039370078740157
21
-4.7736220472440944
0
LINE
8
BLACK
6
CONTINUOUS
10
6.5039370078740157
20
-4.7736220472440944
11
6.5039370078740157
21
-4.7460629921259843
0
LINE
8
BLACK
6
CONTINUOUS
10
6.5039370078740157
20
-4.7460629921259843
11
6.5046862204724407
21
-4.7422964173228346
0
LINE
8
BLACK
6
CONTINUOUS
10
6.5046862204724407
20
-4.7422964173228346
11
6.5068198031496065
21
-4.7391032677165352
0
LINE
8
BLACK
6
CONTINUOUS
10
6.5068198031496065
20
-4.7391032677165352
11
6.510012952755905
21
-4.7369696850393703
0
LINE
8
BLACK
6
CONTINUOUS
10
6.510012952755905
20
-4.7369696850393703
11
6.5137795275590546
21
-4.7362204724409445
0
LINE
8
BLACK
6
CONTINUOUS
10
6.5137795275590546
20
-4.7362204724409445
11
6.5492125984251963
21
-4.7362204724409445
0
LINE
8
BLACK
6
CONTINUOUS
10
6.5492125984251963
20
-4.7362204724409445
11
6.552979173228346
21
-4.7369696850393703
0
LINE
8
BLACK
6
CONTINUOUS
10
4.1661681496062988
20
-4.7217137795275592
11
4.1693612992125981
21
-4.7238473622047241
0
LINE
8
BLACK
6
CONTINUOUS
10
4.1693612992125981
20
-4.7238473622047241
11
4.1714948818897639
21
-4.7270405118110235
0
LINE
8
BLACK
6
CONTINUOUS
10
4.1714948818897639
20
-4.7270405118110235
11
4.1722440944881889
21
-4.7308070866141732
0
LINE
8
BLACK
6
CONTINUOUS
10
4.1722440944881889
20
-4.7308070866141732
11
4.1722440944881889
21
-4.7573818897637796
0
LINE
8
BLACK
6
CONTINUOUS
10
4.1722440944881889
20
-4.7573818897637796
11
4.1714948818897639
21
-4.7611484645669293
0
LINE
8
BLACK
6
CONTINUOUS
10
4.1714948818897639
20
-4.7611484645669293
11
4.1693612992125981
21
-4.7643416141732287
0
LINE
8
BLACK
6
CONTINUOUS
10
4.1693612992125981
20
-4.7643416141732287
11
4.1661681496062988
21
-4.7664751968503936
0
LINE
8
BLACK
6
CONTINUOUS
10
4.1661681496062988
20
-4.7664751968503936
11
4.1624015748031491
21
-4.7672244094488185
0
LINE
8
BLACK
6
CONTINUOUS
10
4.1624015748031491
20
-4.7672244094488185
11
4.125
21
-4.7672244094488185
0
LINE
8
BLACK
6
CONTINUOUS
10
4.125
20
-4.7672244094488185
11
4.1212334251968503
21
-4.7664751968503936
0
LINE
8
BLACK
6
CONTINUOUS
10
4.1212334251968503
20
-4.7664751968503936
11
4.118040275590551
21
-4.7643416141732287
0
LINE
8
BLACK
6
CONTINUOUS
10
4.118040275590551
20
-4.7643416141732287
11
4.1159066929133861
21
-4.7611484645669293
0
LINE
8
BLACK
6
CONTINUOUS
10
4.1159066929133861
20
-4.7611484645669293
11
4.1151574803149602
21
-4.7573818897637796
0
LINE
8
BLACK
6
CONTINUOUS
10
4.1151574803149602
20
-4.7573818897637796
11
4.1151574803149602
21
-4.7308070866141732
0
LINE
8
BLACK
6
CONTINUOUS
10
4.1151574803149602
20
-4.7308070866141732
11
4.1159066929133861
21
-4.7270405118110235
0
LINE
8
BLACK
6
CONTINUOUS
10
4.1159066929133861
20
-4.7270405118110235
11
4.118040275590551
21
-4.7238473622047241
0
LINE
8
BLACK
6
CONTINUOUS
10
4.118040275590551
20
-4.7238473622047241
11
4.1212334251968503
21
-4.7217137795275592
0
LINE
8
BLACK
6
CONTINUOUS
10
4.1212334251968503
20
-4.7217137795275592
11
4.125
21
-4.7209645669291334
0
LINE
8
BLACK
6
CONTINUOUS
10
4.125
20
-4.7209645669291334
11
4.1624015748031491
21
-4.7209645669291334
0
LINE
8
BLACK
6
CONTINUOUS
10
4.1624015748031491
20
-4.7209645669291334
11
4.1661681496062988
21
-4.7217137795275592
0
LINE
8
BLACK
6
CONTINUOUS
10
8.07620751968504
20
-4.7188594488188977
11
8.0794006692913385
21
-4.7209930314960626
0
LINE
8
BLACK
6
CONTINUOUS
10
8.0794006692913385
20
-4.7209930314960626
11
8.0815342519685043
21
-4.724186181102362
0
LINE
8
BLACK
6
CONTINUOUS
10
8.0815342519685043
20
-4.724186181102362
11
8.0822834645669293
21
-4.7279527559055117
0
LINE
8
BLACK
6
CONTINUOUS
10
8.0822834645669293
20
-4.7279527559055117
11
8.0822834645669293
21
-4.7555118110236219
0
LINE
8
BLACK
6
CONTINUOUS
10
8.0822834645669293
20
-4.7555118110236219
11
8.0815342519685043
21
-4.7592783858267715
0
LINE
8
BLACK
6
CONTINUOUS
10
8.0815342519685043
20
-4.7592783858267715
11
8.0794006692913385
21
-4.7624715354330709
0
LINE
8
BLACK
6
CONTINUOUS
10
8.0794006692913385
20
-4.7624715354330709
11
8.07620751968504
21
-4.7646051181102358
0
LINE
8
BLACK
6
CONTINUOUS
10
8.07620751968504
20
-4.7646051181102358
11
8.0724409448818903
21
-4.7653543307086617
0
LINE
8
BLACK
6
CONTINUOUS
10
8.0724409448818903
20
-4.7653543307086617
11
8.0370078740157478
21
-4.7653543307086617
0
LINE
8
BLACK
6
CONTINUOUS
10
8.0370078740157478
20
-4.7653543307086617
11
8.0332412992125981
21
-4.7646051181102358
0
LINE
8
BLACK
6
CONTINUOUS
10
8.0332412992125981
20
-4.7646051181102358
11
8.0300481496062996
21
-4.7624715354330709
0
LINE
8
BLACK
6
CONTINUOUS
10
8.0300481496062996
20
-4.7624715354330709
11
8.0279145669291339
21
-4.7592783858267715
0
LINE
8
BLACK
6
CONTINUOUS
10
8.0279145669291339
20
-4.7592783858267715
11
8.0271653543307089
21
-4.7555118110236219
0
LINE
8
BLACK
6
CONTINUOUS
10
8.0271653543307089
20
-4.7555118110236219
11
8.0271653543307089
21
-4.7279527559055117
0
LINE
8
BLACK
6
CONTINUOUS
10
8.0271653543307089
20
-4.7279527559055117
11
8.0279145669291339
21
-4.724186181102362
0
LINE
8
BLACK
6
CONTINUOUS
10
8.0279145669291339
20
-4.724186181102362
11
8.0300481496062996
21
-4.7209930314960626
0
LINE
8
BLACK
6
CONTINUOUS
10
8.0300481496062996
20
-4.7209930314960626
11
8.0332412992125981
21
-4.7188594488188977
0
LINE
8
BLACK
6
CONTINUOUS
10
8.0332412992125981
20
-4.7188594488188977
11
8.0370078740157478
21
-4.7181102362204728
0
LINE
8
BLACK
6
CONTINUOUS
10
8.0370078740157478
20
-4.7181102362204728
11
8.0724409448818903
21
-4.7181102362204728
0
LINE
8
BLACK
6
CONTINUOUS
10
8.0724409448818903
20
-4.7181102362204728
11
8.07620751968504
21
-4.7188594488188977
0
LINE
8
BLACK
6
CONTINUOUS
10
8.5553149606299215
20
-4.7592519685039365
11
8.4596456692913389
21
-4.7592519685039365
0
LINE
8
BLACK
6
CONTINUOUS
10
8.4596456692913389
20
-4.7592519685039365
11
8.4596456692913389
21
-4.6659448818897635
0
LINE
8
BLACK
6
CONTINUOUS
10
8.4596456692913389
20
-4.6659448818897635
11
8.5553149606299215
21
-4.6659448818897635
0
LINE
8
BLACK
6
CONTINUOUS
10
8.5553149606299215
20
-4.6659448818897635
11
8.5553149606299215
21
-4.7592519685039365
0
LINE
8
BLACK
6
CONTINUOUS
10
7.6485500393700789
20
-4.6942531496062987
11
7.6517431889763774
21
-4.6963867322834645
0
LINE
8
BLACK
6
CONTINUOUS
10
7.6517431889763774
20
-4.6963867322834645
11
7.6538767716535432
21
-4.6995798818897638
0
LINE
8
BLACK
6
CONTINUOUS
10
7.6538767716535432
20
-4.6995798818897638
11
7.6546259842519682
21
-4.7033464566929135
0
LINE
8
BLACK
6
CONTINUOUS
10
7.6546259842519682
20
-4.7033464566929135
11
7.6546259842519682
21
-4.7407480314960626
0
LINE
8
BLACK
6
CONTINUOUS
10
7.6546259842519682
20
-4.7407480314960626
11
7.6538767716535432
21
-4.7445146062992123
0
LINE
8
BLACK
6
CONTINUOUS
10
7.6538767716535432
20
-4.7445146062992123
11
7.6517431889763774
21
-4.7477077559055116
0
LINE
8
BLACK
6
CONTINUOUS
10
7.6517431889763774
20
-4.7477077559055116
11
7.6485500393700789
21
-4.7498413385826774
0
LINE
8
BLACK
6
CONTINUOUS
10
7.6485500393700789
20
-4.7498413385826774
11
7.6447834645669293
21
-4.7505905511811024
0
LINE
8
BLACK
6
CONTINUOUS
10
7.6447834645669293
20
-4.7505905511811024
11
7.6182086614173228
21
-4.7505905511811024
0
LINE
8
BLACK
6
CONTINUOUS
10
7.6182086614173228
20
-4.7505905511811024
11
7.6144420866141731
21
-4.7498413385826774
0
LINE
8
BLACK
6
CONTINUOUS
10
7.6144420866141731
20
-4.7498413385826774
11
7.6112489370078737
21
-4.7477077559055116
0
LINE
8
BLACK
6
CONTINUOUS
10
7.6112489370078737
20
-4.7477077559055116
11
7.6091153543307088
21
-4.7445146062992123
0
LINE
8
BLACK
6
CONTINUOUS
10
7.6091153543307088
20
-4.7445146062992123
11
7.608366141732283
21
-4.7407480314960626
0
LINE
8
BLACK
6
CONTINUOUS
10
7.608366141732283
20
-4.7407480314960626
11
7.608366141732283
21
-4.7033464566929135
0
LINE
8
BLACK
6
CONTINUOUS
10
7.608366141732283
20
-4.7033464566929135
11
7.6091153543307088
21
-4.6995798818897638
0
LINE
8
BLACK
6
CONTINUOUS
10
7.6091153543307088
20
-4.6995798818897638
11
7.6112489370078737
21
-4.6963867322834645
0
LINE
8
BLACK
6
CONTINUOUS
10
7.6112489370078737
20
-4.6963867322834645
11
7.6144420866141731
21
-4.6942531496062987
0
LINE
8
BLACK
6
CONTINUOUS
10
7.6144420866141731
20
-4.6942531496062987
11
7.6182086614173228
21
-4.6935039370078737
0
LINE
8
BLACK
6
CONTINUOUS
10
7.6182086614173228
20
-4.6935039370078737
11
7.6447834645669293
21
-4.6935039370078737
0
LINE
8
BLACK
6
CONTINUOUS
10
7.6447834645669293
20
-4.6935039370078737
11
7.6485500393700789
21
-4.6942531496062987
0
LINE
8
BLACK
6
CONTINUOUS
10
7.7302429527559049
20
-4.6942531496062987
11
7.7334361023622042
21
-4.6963867322834645
0
LINE
8
BLACK
6
CONTINUOUS
10
7.7334361023622042
20
-4.6963867322834645
11
7.73556968503937
21
-4.6995798818897638
0
LINE
8
BLACK
6
CONTINUOUS
10
7.73556968503937
20
-4.6995798818897638
11
7.736318897637795
21
-4.7033464566929135
0
LINE
8
BLACK
6
CONTINUOUS
10
7.736318897637795
20
-4.7033464566929135
11
7.736318897637795
21
-4.7407480314960626
0
LINE
8
BLACK
6
CONTINUOUS
10
7.736318897637795
20
-4.7407480314960626
11
7.73556968503937
21
-4.7445146062992123
0
LINE
8
BLACK
6
CONTINUOUS
10
7.73556968503937
20
-4.7445146062992123
11
7.7334361023622042
21
-4.7477077559055116
0
LINE
8
BLACK
6
CONTINUOUS
10
7.7334361023622042
20
-4.7477077559055116
11
7.7302429527559049
21
-4.7498413385826774
0
LINE
8
BLACK
6
CONTINUOUS
10
7.7302429527559049
20
-4.7498413385826774
11
7.7264763779527561
21
-4.7505905511811024
0
LINE
8
BLACK
6
CONTINUOUS
10
7.7264763779527561
20
-4.7505905511811024
11
7.6999015748031496
21
-4.7505905511811024
0
LINE
8
BLACK
6
CONTINUOUS
10
7.6999015748031496
20
-4.7505905511811024
11
7.6961349999999999
21
-4.7498413385826774
0
LINE
8
BLACK
6
CONTINUOUS
10
7.6961349999999999
20
-4.7498413385826774
11
7.6929418503937006
21
-4.7477077559055116
0
LINE
8
BLACK
6
CONTINUOUS
10
7.6929418503937006
20
-4.7477077559055116
11
7.6908082677165357
21
-4.7445146062992123
0
LINE
8
BLACK
6
CONTINUOUS
10
7.6908082677165357
20
-4.7445146062992123
11
7.6900590551181098
21
-4.7407480314960626
0
LINE
8
BLACK
6
CONTINUOUS
10
7.6900590551181098
20
-4.7407480314960626
11
7.6900590551181098
21
-4.7033464566929135
0
LINE
8
BLACK
6
CONTINUOUS
10
7.6900590551181098
20
-4.7033464566929135
11
7.6908082677165357
21
-4.6995798818897638
0
LINE
8
BLACK
6
CONTINUOUS
10
7.6908082677165357
20
-4.6995798818897638
11
7.6929418503937006
21
-4.6963867322834645
0
LINE
8
BLACK
6
CONTINUOUS
10
7.6929418503937006
20
-4.6963867322834645
11
7.6961349999999999
21
-4.6942531496062987
0
LINE
8
BLACK
6
CONTINUOUS
10
7.6961349999999999
20
-4.6942531496062987
11
7.6999015748031496
21
-4.6935039370078737
0
LINE
8
BLACK
6
CONTINUOUS
10
7.6999015748031496
20
-4.6935039370078737
11
7.7264763779527561
21
-4.6935039370078737
0
LINE
8
BLACK
6
CONTINUOUS
10
7.7264763779527561
20
-4.6935039370078737
11
7.7302429527559049
21
-4.6942531496062987
0
LINE
8
BLACK
6
CONTINUOUS
10
7.9393964960629919
20
-4.6996665354330709
11
7.9425896456692913
21
-4.7018001181102358
0
LINE
8
BLACK
6
CONTINUOUS
10
7.9425896456692913
20
-4.7018001181102358
11
7.9447232283464562
21
-4.7049932677165351
0
LINE
8
BLACK
6
CONTINUOUS
10
7.9447232283464562
20
-4.7049932677165351
11
7.945472440944882
21
-4.7087598425196848
0
LINE
8
BLACK
6
CONTINUOUS
10
7.945472440944882
20
-4.7087598425196848
11
7.945472440944882
21
-4.7353346456692913
0
LINE
8
BLACK
6
CONTINUOUS
10
7.945472440944882
20
-4.7353346456692913
11
7.9447232283464562
21
-4.739101220472441
0
LINE
8
BLACK
6
CONTINUOUS
10
7.9447232283464562
20
-4.739101220472441
11
7.9425896456692913
21
-4.7422943700787403
0
LINE
8
BLACK
6
CONTINUOUS
10
7.9425896456692913
20
-4.7422943700787403
11
7.9393964960629919
21
-4.7444279527559052
0
LINE
8
BLACK
6
CONTINUOUS
10
7.9393964960629919
20
-4.7444279527559052
11
7.9356299212598422
21
-4.7451771653543302
0
LINE
8
BLACK
6
CONTINUOUS
10
7.9356299212598422
20
-4.7451771653543302
11
7.8982283464566931
21
-4.7451771653543302
0
LINE
8
BLACK
6
CONTINUOUS
10
7.8982283464566931
20
-4.7451771653543302
11
7.8944617716535435
21
-4.7444279527559052
0
LINE
8
BLACK
6
CONTINUOUS
10
7.8944617716535435
20
-4.7444279527559052
11
7.8912686220472441
21
-4.7422943700787403
0
LINE
8
BLACK
6
CONTINUOUS
10
7.8912686220472441
20
-4.7422943700787403
11
7.8891350393700783
21
-4.739101220472441
0
LINE
8
BLACK
6
CONTINUOUS
10
7.8891350393700783
20
-4.739101220472441
11
7.8883858267716533
21
-4.7353346456692913
0
LINE
8
BLACK
6
CONTINUOUS
10
7.8883858267716533
20
-4.7353346456692913
11
7.8883858267716533
21
-4.7087598425196848
0
LINE
8
BLACK
6
CONTINUOUS
10
7.8883858267716533
20
-4.7087598425196848
11
7.8891350393700783
21
-4.7049932677165351
0
LINE
8
BLACK
6
CONTINUOUS
10
7.8891350393700783
20
-4.7049932677165351
11
7.8912686220472441
21
-4.7018001181102358
0
LINE
8
BLACK
6
CONTINUOUS
10
7.8912686220472441
20
-4.7018001181102358
11
7.8944617716535435
21
-4.6996665354330709
0
LINE
8
BLACK
6
CONTINUOUS
10
7.8944617716535435
20
-4.6996665354330709
11
7.8982283464566931
21
-4.6989173228346459
0
LINE
8
BLACK
6
CONTINUOUS
10
7.8982283464566931
20
-4.6989173228346459
11
7.9356299212598422
21
-4.6989173228346459
0
LINE
8
BLACK
6
CONTINUOUS
10
7.9356299212598422
20
-4.6989173228346459
11
7.9393964960629919
21
-4.6996665354330709
0
LINE
8
BLACK
6
CONTINUOUS
10
3.4281496062992125
20
-4.7359251968503937
11
3.4104330708661417
21
-4.7359251968503937
0
LINE
8
BLACK
6
CONTINUOUS
10
3.4104330708661417
20
-4.7359251968503937
11
3.4104330708661417
21
-4.6798228346456696
0
LINE
8
BLACK
6
CONTINUOUS
10
3.4104330708661417
20
-4.6798228346456696
11
3.4281496062992125
21
-4.6798228346456696
0
LINE
8
BLACK
6
CONTINUOUS
10
3.4281496062992125
20
-4.6798228346456696
11
3.4281496062992125
21
-4.7359251968503937
0
LINE
8
BLACK
6
CONTINUOUS
10
3.4537401574803148
20
-4.7359251968503937
11
3.436023622047244
21
-4.7359251968503937
0
LINE
8
BLACK
6
CONTINUOUS
10
3.436023622047244
20
-4.7359251968503937
11
3.436023622047244
21
-4.6798228346456696
0
LINE
8
BLACK
6
CONTINUOUS
10
3.436023622047244
20
-4.6798228346456696
11
3.4537401574803148
21
-4.6798228346456696
0
LINE
8
BLACK
6
CONTINUOUS
10
3.4537401574803148
20
-4.6798228346456696
11
3.4537401574803148
21
-4.7359251968503937
0
LINE
8
BLACK
6
CONTINUOUS
10
3.4793307086614171
20
-4.7359251968503937
11
3.4616141732283463
21
-4.7359251968503937
0
LINE
8
BLACK
6
CONTINUOUS
10
3.4616141732283463
20
-4.7359251968503937
11
3.4616141732283463
21
-4.6798228346456696
0
LINE
8
BLACK
6
CONTINUOUS
10
3.4616141732283463
20
-4.6798228346456696
11
3.4793307086614171
21
-4.6798228346456696
0
LINE
8
BLACK
6
CONTINUOUS
10
3.4793307086614171
20
-4.6798228346456696
11
3.4793307086614171
21
-4.7359251968503937
0
LINE
8
BLACK
6
CONTINUOUS
10
3.5049212598425195
20
-4.7359251968503937
11
3.4872047244094486
21
-4.7359251968503937
0
LINE
8
BLACK
6
CONTINUOUS
10
3.4872047244094486
20
-4.7359251968503937
11
3.4872047244094486
21
-4.6798228346456696
0
LINE
8
BLACK
6
CONTINUOUS
10
3.4872047244094486
20
-4.6798228346456696
11
3.5049212598425195
21
-4.6798228346456696
0
LINE
8
BLACK
6
CONTINUOUS
10
3.5049212598425195
20
-4.6798228346456696
11
3.5049212598425195
21
-4.7359251968503937
0
LINE
8
BLACK
6
CONTINUOUS
10
8.2140027952755901
20
-4.6794893700787403
11
8.2171959448818903
21
-4.6816229527559052
0
LINE
8
BLACK
6
CONTINUOUS
10
8.2171959448818903
20
-4.6816229527559052
11
8.2193295275590543
21
-4.6848161023622046
0
LINE
8
BLACK
6
CONTINUOUS
10
8.2193295275590543
20
-4.6848161023622046
11
8.2200787401574793
21
-4.6885826771653543
0
LINE
8
BLACK
6
CONTINUOUS
10
8.2200787401574793
20
-4.6885826771653543
11
8.2200787401574793
21
-4.7161417322834644
0
LINE
8
BLACK
6
CONTINUOUS
10
8.2200787401574793
20
-4.7161417322834644
11
8.2193295275590543
21
-4.7199083070866141
0
LINE
8
BLACK
6
CONTINUOUS
10
8.2193295275590543
20
-4.7199083070866141
11
8.2171959448818903
21
-4.7231014566929135
0
LINE
8
BLACK
6
CONTINUOUS
10
8.2171959448818903
20
-4.7231014566929135
11
8.2140027952755901
21
-4.7252350393700784
0
LINE
8
BLACK
6
CONTINUOUS
10
8.2140027952755901
20
-4.7252350393700784
11
8.2102362204724404
21
-4.7259842519685042
0
LINE
8
BLACK
6
CONTINUOUS
10
8.2102362204724404
20
-4.7259842519685042
11
8.1748031496062996
21
-4.7259842519685042
0
LINE
8
BLACK
6
CONTINUOUS
10
8.1748031496062996
20
-4.7259842519685042
11
8.1710365748031499
21
-4.7252350393700784
0
LINE
8
BLACK
6
CONTINUOUS
10
8.1710365748031499
20
-4.7252350393700784
11
8.1678434251968497
21
-4.7231014566929135
0
LINE
8
BLACK
6
CONTINUOUS
10
8.1678434251968497
20
-4.7231014566929135
11
8.1657098425196857
21
-4.7199083070866141
0
LINE
8
BLACK
6
CONTINUOUS
10
8.1657098425196857
20
-4.7199083070866141
11
8.1649606299212589
21
-4.7161417322834644
0
LINE
8
BLACK
6
CONTINUOUS
10
8.1649606299212589
20
-4.7161417322834644
11
8.1649606299212589
21
-4.6885826771653543
0
LINE
8
BLACK
6
CONTINUOUS
10
8.1649606299212589
20
-4.6885826771653543
11
8.1657098425196857
21
-4.6848161023622046
0
LINE
8
BLACK
6
CONTINUOUS
10
8.1657098425196857
20
-4.6848161023622046
11
8.1678434251968497
21
-4.6816229527559052
0
LINE
8
BLACK
6
CONTINUOUS
10
8.1678434251968497
20
-4.6816229527559052
11
8.1710365748031499
21
-4.6794893700787403
0
LINE
8
BLACK
6
CONTINUOUS
10
8.1710365748031499
20
-4.6794893700787403
11
8.1748031496062996
21
-4.6787401574803145
0
LINE
8
BLACK
6
CONTINUOUS
10
8.1748031496062996
20
-4.6787401574803145
11
8.2102362204724404
21
-4.6787401574803145
0
LINE
8
BLACK
6
CONTINUOUS
10
8.2102362204724404
20
-4.6787401574803145
11
8.2140027952755901
21
-4.6794893700787403
0
LINE
8
BLACK
6
CONTINUOUS
10
2.7980579133858265
20
-4.6776192913385826
11
2.8012510629921259
21
-4.6797528740157484
0
LINE
8
BLACK
6
CONTINUOUS
10
2.8012510629921259
20
-4.6797528740157484
11
2.8033846456692912
21
-4.6829460236220468
0
LINE
8
BLACK
6
CONTINUOUS
10
2.8033846456692912
20
-4.6829460236220468
11
2.8041338582677167
21
-4.6867125984251965
0
LINE
8
BLACK
6
CONTINUOUS
10
2.8041338582677167
20
-4.6867125984251965
11
2.8041338582677167
21
-4.713287401574803
0
LINE
8
BLACK
6
CONTINUOUS
10
2.8041338582677167
20
-4.713287401574803
11
2.8033846456692912
21
-4.7170539763779527
0
LINE
8
BLACK
6
CONTINUOUS
10
2.8033846456692912
20
-4.7170539763779527
11
2.8012510629921259
21
-4.720247125984252
0
LINE
8
BLACK
6
CONTINUOUS
10
2.8012510629921259
20
-4.720247125984252
11
2.7980579133858265
21
-4.7223807086614169
0
LINE
8
BLACK
6
CONTINUOUS
10
2.7980579133858265
20
-4.7223807086614169
11
2.7942913385826773
21
-4.7231299212598428
0
LINE
8
BLACK
6
CONTINUOUS
10
2.7942913385826773
20
-4.7231299212598428
11
2.7568897637795273
21
-4.7231299212598428
0
LINE
8
BLACK
6
CONTINUOUS
10
2.7568897637795273
20
-4.7231299212598428
11
2.7531231889763781
21
-4.7223807086614169
0
LINE
8
BLACK
6
CONTINUOUS
10
2.7531231889763781
20
-4.7223807086614169
11
2.7499300393700787
21
-4.720247125984252
0
LINE
8
BLACK
6
CONTINUOUS
10
2.7499300393700787
20
-4.720247125984252
11
2.7477964566929134
21
-4.7170539763779527
0
LINE
8
BLACK
6
CONTINUOUS
10
2.7477964566929134
20
-4.7170539763779527
11
2.747047244094488
21
-4.713287401574803
0
LINE
8
BLACK
6
CONTINUOUS
10
2.747047244094488
20
-4.713287401574803
11
2.747047244094488
21
-4.6867125984251965
0
LINE
8
BLACK
6
CONTINUOUS
10
2.747047244094488
20
-4.6867125984251965
11
2.7477964566929134
21
-4.6829460236220468
0
LINE
8
BLACK
6
CONTINUOUS
10
2.7477964566929134
20
-4.6829460236220468
11
2.7499300393700787
21
-4.6797528740157484
0
LINE
8
BLACK
6
CONTINUOUS
10
2.7499300393700787
20
-4.6797528740157484
11
2.7531231889763781
21
-4.6776192913385826
0
LINE
8
BLACK
6
CONTINUOUS
10
2.7531231889763781
20
-4.6776192913385826
11
2.7568897637795273
21
-4.6768700787401576
0
LINE
8
BLACK
6
CONTINUOUS
10
2.7568897637795273
20
-4.6768700787401576
11
2.7942913385826773
21
-4.6768700787401576
0
LINE
8
BLACK
6
CONTINUOUS
10
2.7942913385826773
20
-4.6768700787401576
11
2.7980579133858265
21
-4.6776192913385826
0
LINE
8
BLACK
6
CONTINUOUS
10
4.4409448818897639
20
-4.7165157480314956
11
4.4232283464566926
21
-4.7165157480314956
0
LINE
8
BLACK
6
CONTINUOUS
10
4.4232283464566926
20
-4.7165157480314956
11
4.4232283464566926
21
-4.6584448818897632
0
LINE
8
BLACK
6
CONTINUOUS
10
4.4232283464566926
20
-4.6584448818897632
11
4.4409448818897639
21
-4.6584448818897632
0
LINE
8
BLACK
6
CONTINUOUS
10
4.4409448818897639
20
-4.6584448818897632
11
4.4409448818897639
21
-4.7165157480314956
0
LINE
8
BLACK
6
CONTINUOUS
10
4.4665354330708658
20
-4.7165157480314956
11
4.4488188976377954
21
-4.7165157480314956
0
LINE
8
BLACK
6
CONTINUOUS
10
4.4488188976377954
20
-4.7165157480314956
11
4.4488188976377954
21
-4.6584448818897632
0
LINE
8
BLACK
6
CONTINUOUS
10
4.4488188976377954
20
-4.6584448818897632
11
4.4665354330708658
21
-4.6584448818897632
0
LINE
8
BLACK
6
CONTINUOUS
10
4.4665354330708658
20
-4.6584448818897632
11
4.4665354330708658
21
-4.7165157480314956
0
LINE
8
BLACK
6
CONTINUOUS
10
4.4921259842519685
20
-4.7165157480314956
11
4.4744094488188972
21
-4.7165157480314956
0
LINE
8
BLACK
6
CONTINUOUS
10
4.4744094488188972
20
-4.7165157480314956
11
4.4744094488188972
21
-4.6584448818897632
0
LINE
8
BLACK
6
CONTINUOUS
10
4.4744094488188972
20
-4.6584448818897632
11
4.4921259842519685
21
-4.6584448818897632
0
LINE
8
BLACK
6
CONTINUOUS
10
4.4921259842519685
20
-4.6584448818897632
11
4.4921259842519685
21
-4.7165157480314956
0
LINE
8
BLACK
6
CONTINUOUS
10
4.5177165354330704
20
-4.7165157480314956
11
4.5
21
-4.7165157480314956
0
LINE
8
BLACK
6
CONTINUOUS
10
4.5
20
-4.7165157480314956
11
4.5
21
-4.6584448818897632
0
LINE
8
BLACK
6
CONTINUOUS
10
4.5
20
-4.6584448818897632
11
4.5177165354330704
21
-4.6584448818897632
0
LINE
8
BLACK
6
CONTINUOUS
10
4.5177165354330704
20
-4.6584448818897632
11
4.5177165354330704
21
-4.7165157480314956
0
LINE
8
BLACK
6
CONTINUOUS
10
4.5433070866141732
20
-4.7165157480314956
11
4.5255905511811019
21
-4.7165157480314956
0
LINE
8
BLACK
6
CONTINUOUS
10
4.5255905511811019
20
-4.7165157480314956
11
4.5255905511811019
21
-4.6584448818897632
0
LINE
8
BLACK
6
CONTINUOUS
10
4.5255905511811019
20
-4.6584448818897632
11
4.5433070866141732
21
-4.6584448818897632
0
LINE
8
BLACK
6
CONTINUOUS
10
4.5433070866141732
20
-4.6584448818897632
11
4.5433070866141732
21
-4.7165157480314956
0
LINE
8
BLACK
6
CONTINUOUS
10
4.5688976377952759
20
-4.7165157480314956
11
4.5511811023622046
21
-4.7165157480314956
0
LINE
8
BLACK
6
CONTINUOUS
10
4.5511811023622046
20
-4.7165157480314956
11
4.5511811023622046
21
-4.6584448818897632
0
LINE
8
BLACK
6
CONTINUOUS
10
4.5511811023622046
20
-4.6584448818897632
11
4.5688976377952759
21
-4.6584448818897632
0
LINE
8
BLACK
6
CONTINUOUS
10
4.5688976377952759
20
-4.6584448818897632
11
4.5688976377952759
21
-4.7165157480314956
0
LINE
8
BLACK
6
CONTINUOUS
10
4.5944881889763778
20
-4.7165157480314956
11
4.5767716535433074
21
-4.7165157480314956
0
LINE
8
BLACK
6
CONTINUOUS
10
4.5767716535433074
20
-4.7165157480314956
11
4.5767716535433074
21
-4.6584448818897632
0
LINE
8
BLACK
6
CONTINUOUS
10
4.5767716535433074
20
-4.6584448818897632
11
4.5944881889763778
21
-4.6584448818897632
0
LINE
8
BLACK
6
CONTINUOUS
10
4.5944881889763778
20
-4.6584448818897632
11
4.5944881889763778
21
-4.7165157480314956
0
LINE
8
BLACK
6
CONTINUOUS
10
4.6200787401574805
20
-4.7165157480314956
11
4.6023622047244093
21
-4.7165157480314956
0
LINE
8
BLACK
6
CONTINUOUS
10
4.6023622047244093
20
-4.7165157480314956
11
4.6023622047244093
21
-4.6584448818897632
0
LINE
8
BLACK
6
CONTINUOUS
10
4.6023622047244093
20
-4.6584448818897632
11
4.6200787401574805
21
-4.6584448818897632
0
LINE
8
BLACK
6
CONTINUOUS
10
4.6200787401574805
20
-4.6584448818897632
11
4.6200787401574805
21
-4.7165157480314956
0
LINE
8
BLACK
6
CONTINUOUS
10
4.6456692913385824
20
-4.7165157480314956
11
4.627952755905512
21
-4.7165157480314956
0
LINE
8
BLACK
6
CONTINUOUS
10
4.627952755905512
20
-4.7165157480314956
11
4.627952755905512
21
-4.6584448818897632
0
LINE
8
BLACK
6
CONTINUOUS
10
4.627952755905512
20
-4.6584448818897632
11
4.6456692913385824
21
-4.6584448818897632
0
LINE
8
BLACK
6
CONTINUOUS
10
4.6456692913385824
20
-4.6584448818897632
11
4.6456692913385824
21
-4.7165157480314956
0
LINE
8
BLACK
6
CONTINUOUS
10
4.6712598425196852
20
-4.7165157480314956
11
4.6535433070866139
21
-4.7165157480314956
0
LINE
8
BLACK
6
CONTINUOUS
10
4.6535433070866139
20
-4.7165157480314956
11
4.6535433070866139
21
-4.6584448818897632
0
LINE
8
BLACK
6
CONTINUOUS
10
4.6535433070866139
20
-4.6584448818897632
11
4.6712598425196852
21
-4.6584448818897632
0
LINE
8
BLACK
6
CONTINUOUS
10
4.6712598425196852
20
-4.6584448818897632
11
4.6712598425196852
21
-4.7165157480314956
0
LINE
8
BLACK
6
CONTINUOUS
10
5.4279398031496058
20
-4.6686429133858267
11
5.4311329527559051
21
-4.6707764960629916
0
LINE
8
BLACK
6
CONTINUOUS
10
5.4311329527559051
20
-4.6707764960629916
11
5.4332665354330709
21
-4.673969645669291
0
LINE
8
BLACK
6
CONTINUOUS
10
5.4332665354330709
20
-4.673969645669291
11
5.4340157480314959
21
-4.6777362204724406
0
LINE
8
BLACK
6
CONTINUOUS
10
5.4340157480314959
20
-4.6777362204724406
11
5.4340157480314959
21
-4.7043110236220471
0
LINE
8
BLACK
6
CONTINUOUS
10
5.4340157480314959
20
-4.7043110236220471
11
5.4332665354330709
21
-4.7080775984251968
0
LINE
8
BLACK
6
CONTINUOUS
10
5.4332665354330709
20
-4.7080775984251968
11
5.4311329527559051
21
-4.7112707480314961
0
LINE
8
BLACK
6
CONTINUOUS
10
5.4311329527559051
20
-4.7112707480314961
11
5.4279398031496058
21
-4.713404330708661
0
LINE
8
BLACK
6
CONTINUOUS
10
5.4279398031496058
20
-4.713404330708661
11
5.424173228346457
21
-4.7141535433070869
0
LINE
8
BLACK
6
CONTINUOUS
10
5.424173228346457
20
-4.7141535433070869
11
5.386771653543307
21
-4.7141535433070869
0
LINE
8
BLACK
6
CONTINUOUS
10
5.386771653543307
20
-4.7141535433070869
11
5.3830050787401573
21
-4.713404330708661
0
LINE
8
BLACK
6
CONTINUOUS
10
5.3830050787401573
20
-4.713404330708661
11
5.379811929133858
21
-4.7112707480314961
0
LINE
8
BLACK
6
CONTINUOUS
10
5.379811929133858
20
-4.7112707480314961
11
5.3776783464566931
21
-4.7080775984251968
0
LINE
8
BLACK
6
CONTINUOUS
10
5.3776783464566931
20
-4.7080775984251968
11
5.3769291338582672
21
-4.7043110236220471
0
LINE
8
BLACK
6
CONTINUOUS
10
5.3769291338582672
20
-4.7043110236220471
11
5.3769291338582672
21
-4.6777362204724406
0
LINE
8
BLACK
6
CONTINUOUS
10
5.3769291338582672
20
-4.6777362204724406
11
5.3776783464566931
21
-4.673969645669291
0
LINE
8
BLACK
6
CONTINUOUS
10
5.3776783464566931
20
-4.673969645669291
11
5.379811929133858
21
-4.6707764960629916
0
LINE
8
BLACK
6
CONTINUOUS
10
5.379811929133858
20
-4.6707764960629916
11
5.3830050787401573
21
-4.6686429133858267
0
LINE
8
BLACK
6
CONTINUOUS
10
5.3830050787401573
20
-4.6686429133858267
11
5.386771653543307
21
-4.6678937007874017
0
LINE
8
BLACK
6
CONTINUOUS
10
5.386771653543307
20
-4.6678937007874017
11
5.424173228346457
21
-4.6678937007874017
0
LINE
8
BLACK
6
CONTINUOUS
10
5.424173228346457
20
-4.6678937007874017
11
5.4279398031496058
21
-4.6686429133858267
0
LINE
8
BLACK
6
CONTINUOUS
10
3.2618374409448818
20
-4.6543909448818894
11
3.2650305905511812
21
-4.6565245275590552
0
LINE
8
BLACK
6
CONTINUOUS
10
3.2650305905511812
20
-4.6565245275590552
11
3.2671641732283465
21
-4.6597176771653546
0
LINE
8
BLACK
6
CONTINUOUS
10
3.2671641732283465
20
-4.6597176771653546
11
3.2679133858267715
21
-4.6634842519685042
0
LINE
8
BLACK
6
CONTINUOUS
10
3.2679133858267715
20
-4.6634842519685042
11
3.2679133858267715
21
-4.6900590551181098
0
LINE
8
BLACK
6
CONTINUOUS
10
3.2679133858267715
20
-4.6900590551181098
11
3.2671641732283465
21
-4.6938256299212595
0
LINE
8
BLACK
6
CONTINUOUS
10
3.2671641732283465
20
-4.6938256299212595
11
3.2650305905511812
21
-4.6970187795275589
0
LINE
8
BLACK
6
CONTINUOUS
10
3.2650305905511812
20
-4.6970187795275589
11
3.2618374409448818
21
-4.6991523622047247
0
LINE
8
BLACK
6
CONTINUOUS
10
3.2618374409448818
20
-4.6991523622047247
11
3.2580708661417321
21
-4.6999015748031496
0
LINE
8
BLACK
6
CONTINUOUS
10
3.2580708661417321
20
-4.6999015748031496
11
3.2206692913385826
21
-4.6999015748031496
0
LINE
8
BLACK
6
CONTINUOUS
10
3.2206692913385826
20
-4.6999015748031496
11
3.2169027165354329
21
-4.6991523622047247
0
LINE
8
BLACK
6
CONTINUOUS
10
3.2169027165354329
20
-4.6991523622047247
11
3.2137095669291336
21
-4.6970187795275589
0
LINE
8
BLACK
6
CONTINUOUS
10
3.2137095669291336
20
-4.6970187795275589
11
3.2115759842519682
21
-4.6938256299212595
0
LINE
8
BLACK
6
CONTINUOUS
10
3.2115759842519682
20
-4.6938256299212595
11
3.2108267716535432
21
-4.6900590551181098
0
LINE
8
BLACK
6
CONTINUOUS
10
3.2108267716535432
20
-4.6900590551181098
11
3.2108267716535432
21
-4.6634842519685042
0
LINE
8
BLACK
6
CONTINUOUS
10
3.2108267716535432
20
-4.6634842519685042
11
3.2115759842519682
21
-4.6597176771653546
0
LINE
8
BLACK
6
CONTINUOUS
10
3.2115759842519682
20
-4.6597176771653546
11
3.2137095669291336
21
-4.6565245275590552
0
LINE
8
BLACK
6
CONTINUOUS
10
3.2137095669291336
20
-4.6565245275590552
11
3.2169027165354329
21
-4.6543909448818894
0
LINE
8
BLACK
6
CONTINUOUS
10
3.2169027165354329
20
-4.6543909448818894
11
3.2206692913385826
21
-4.6536417322834644
0
LINE
8
BLACK
6
CONTINUOUS
10
3.2206692913385826
20
-4.6536417322834644
11
3.2580708661417321
21
-4.6536417322834644
0
LINE
8
BLACK
6
CONTINUOUS
10
3.2580708661417321
20
-4.6536417322834644
11
3.2618374409448818
21
-4.6543909448818894
0
LINE
8
BLACK
6
CONTINUOUS
10
2.6012075196850395
20
-4.6480917322834641
11
2.6044006692913384
21
-4.6502253149606299
0
LINE
8
BLACK
6
CONTINUOUS
10
2.6044006692913384
20
-4.6502253149606299
11
2.6065342519685037
21
-4.6534184645669292
0
LINE
8
BLACK
6
CONTINUOUS
10
2.6065342519685037
20
-4.6534184645669292
11
2.6072834645669292
21
-4.6571850393700789
0
LINE
8
BLACK
6
CONTINUOUS
10
2.6072834645669292
20
-4.6571850393700789
11
2.6072834645669292
21
-4.6837598425196854
0
LINE
8
BLACK
6
CONTINUOUS
10
2.6072834645669292
20
-4.6837598425196854
11
2.6065342519685037
21
-4.6875264173228341
0
LINE
8
BLACK
6
CONTINUOUS
10
2.6065342519685037
20
-4.6875264173228341
11
2.6044006692913384
21
-4.6907195669291335
0
LINE
8
BLACK
6
CONTINUOUS
10
2.6044006692913384
20
-4.6907195669291335
11
2.6012075196850395
21
-4.6928531496062993
0
LINE
8
BLACK
6
CONTINUOUS
10
2.6012075196850395
20
-4.6928531496062993
11
2.5974409448818898
21
-4.6936023622047243
0
LINE
8
BLACK
6
CONTINUOUS
10
2.5974409448818898
20
-4.6936023622047243
11
2.5600393700787403
21
-4.6936023622047243
0
LINE
8
BLACK
6
CONTINUOUS
10
2.5600393700787403
20
-4.6936023622047243
11
2.5562727952755906
21
-4.6928531496062993
0
LINE
8
BLACK
6
CONTINUOUS
10
2.5562727952755906
20
-4.6928531496062993
11
2.5530796456692912
21
-4.6907195669291335
0
LINE
8
BLACK
6
CONTINUOUS
10
2.5530796456692912
20
-4.6907195669291335
11
2.5509460629921259
21
-4.6875264173228341
0
LINE
8
BLACK
6
CONTINUOUS
10
2.5509460629921259
20
-4.6875264173228341
11
2.5501968503937009
21
-4.6837598425196854
0
LINE
8
BLACK
6
CONTINUOUS
10
2.5501968503937009
20
-4.6837598425196854
11
2.5501968503937009
21
-4.6571850393700789
0
LINE
8
BLACK
6
CONTINUOUS
10
2.5501968503937009
20
-4.6571850393700789
11
2.5509460629921259
21
-4.6534184645669292
0
LINE
8
BLACK
6
CONTINUOUS
10
2.5509460629921259
20
-4.6534184645669292
11
2.5530796456692912
21
-4.6502253149606299
0
LINE
8
BLACK
6
CONTINUOUS
10
2.5530796456692912
20
-4.6502253149606299
11
2.5562727952755906
21
-4.6480917322834641
0
LINE
8
BLACK
6
CONTINUOUS
10
2.5562727952755906
20
-4.6480917322834641
11
2.5600393700787403
21
-4.6473425196850391
0
LINE
8
BLACK
6
CONTINUOUS
10
2.5600393700787403
20
-4.6473425196850391
11
2.5974409448818898
21
-4.6473425196850391
0
LINE
8
BLACK
6
CONTINUOUS
10
2.5974409448818898
20
-4.6473425196850391
11
2.6012075196850395
21
-4.6480917322834641
0
LINE
8
BLACK
6
CONTINUOUS
10
4.8210894094488186
20
-4.6298830708661418
11
4.8242825590551179
21
-4.6320166535433067
0
LINE
8
BLACK
6
CONTINUOUS
10
4.8242825590551179
20
-4.6320166535433067
11
4.8264161417322837
21
-4.6352098031496061
0
LINE
8
BLACK
6
CONTINUOUS
10
4.8264161417322837
20
-4.6352098031496061
11
4.8271653543307087
21
-4.6389763779527557
0
LINE
8
BLACK
6
CONTINUOUS
10
4.8271653543307087
20
-4.6389763779527557
11
4.8271653543307087
21
-4.6822834645669289
0
LINE
8
BLACK
6
CONTINUOUS
10
4.8271653543307087
20
-4.6822834645669289
11
4.8264161417322837
21
-4.6860500393700786
0
LINE
8
BLACK
6
CONTINUOUS
10
4.8264161417322837
20
-4.6860500393700786
11
4.8242825590551179
21
-4.6892431889763779
0
LINE
8
BLACK
6
CONTINUOUS
10
4.8242825590551179
20
-4.6892431889763779
11
4.8210894094488186
21
-4.6913767716535428
0
LINE
8
BLACK
6
CONTINUOUS
10
4.8210894094488186
20
-4.6913767716535428
11
4.8173228346456689
21
-4.6921259842519687
0
LINE
8
BLACK
6
CONTINUOUS
10
4.8173228346456689
20
-4.6921259842519687
11
4.7346456692913383
21
-4.6921259842519687
0
LINE
8
BLACK
6
CONTINUOUS
10
4.7346456692913383
20
-4.6921259842519687
11
4.7308790944881887
21
-4.6913767716535428
0
LINE
8
BLACK
6
CONTINUOUS
10
4.7308790944881887
20
-4.6913767716535428
11
4.7276859448818893
21
-4.6892431889763779
0
LINE
8
BLACK
6
CONTINUOUS
10
4.7276859448818893
20
-4.6892431889763779
11
4.7255523622047244
21
-4.6860500393700786
0
LINE
8
BLACK
6
CONTINUOUS
10
4.7255523622047244
20
-4.6860500393700786
11
4.7248031496062994
21
-4.6822834645669289
0
LINE
8
BLACK
6
CONTINUOUS
10
4.7248031496062994
20
-4.6822834645669289
11
4.7248031496062994
21
-4.6389763779527557
0
LINE
8
BLACK
6
CONTINUOUS
10
4.7248031496062994
20
-4.6389763779527557
11
4.7255523622047244
21
-4.6352098031496061
0
LINE
8
BLACK
6
CONTINUOUS
10
4.7255523622047244
20
-4.6352098031496061
11
4.7276859448818893
21
-4.6320166535433067
0
LINE
8
BLACK
6
CONTINUOUS
10
4.7276859448818893
20
-4.6320166535433067
11
4.7308790944881887
21
-4.6298830708661418
0
LINE
8
BLACK
6
CONTINUOUS
10
4.7308790944881887
20
-4.6298830708661418
11
4.7346456692913383
21
-4.6291338582677168
0
LINE
8
BLACK
6
CONTINUOUS
10
4.7346456692913383
20
-4.6291338582677168
11
4.8173228346456689
21
-4.6291338582677168
0
LINE
8
BLACK
6
CONTINUOUS
10
4.8173228346456689
20
-4.6291338582677168
11
4.8210894094488186
21
-4.6298830708661418
0
LINE
8
BLACK
6
CONTINUOUS
10
4.9628216929133862
20
-4.6298830708661418
11
4.9660148425196846
21
-4.6320166535433067
0
LINE
8
BLACK
6
CONTINUOUS
10
4.9660148425196846
20
-4.6320166535433067
11
4.9681484251968504
21
-4.6352098031496061
0
LINE
8
BLACK
6
CONTINUOUS
10
4.9681484251968504
20
-4.6352098031496061
11
4.9688976377952754
21
-4.6389763779527557
0
LINE
8
BLACK
6
CONTINUOUS
10
4.9688976377952754
20
-4.6389763779527557
11
4.9688976377952754
21
-4.6822834645669289
0
LINE
8
BLACK
6
CONTINUOUS
10
4.9688976377952754
20
-4.6822834645669289
11
4.9681484251968504
21
-4.6860500393700786
0
LINE
8
BLACK
6
CONTINUOUS
10
4.9681484251968504
20
-4.6860500393700786
11
4.9660148425196846
21
-4.6892431889763779
0
LINE
8
BLACK
6
CONTINUOUS
10
4.9660148425196846
20
-4.6892431889763779
11
4.9628216929133862
21
-4.6913767716535428
0
LINE
8
BLACK
6
CONTINUOUS
10
4.9628216929133862
20
-4.6913767716535428
11
4.9590551181102365
21
-4.6921259842519687
0
LINE
8
BLACK
6
CONTINUOUS
10
4.9590551181102365
20
-4.6921259842519687
11
4.876377952755905
21
-4.6921259842519687
0
LINE
8
BLACK
6
CONTINUOUS
10
4.876377952755905
20
-4.6921259842519687
11
4.8726113779527562
21
-4.6913767716535428
0
LINE
8
BLACK
6
CONTINUOUS
10
4.8726113779527562
20
-4.6913767716535428
11
4.8694182283464569
21
-4.6892431889763779
0
LINE
8
BLACK
6
CONTINUOUS
10
4.8694182283464569
20
-4.6892431889763779
11
4.8672846456692911
21
-4.6860500393700786
0
LINE
8
BLACK
6
CONTINUOUS
10
4.8672846456692911
20
-4.6860500393700786
11
4.8665354330708661
21
-4.6822834645669289
0
LINE
8
BLACK
6
CONTINUOUS
10
4.8665354330708661
20
-4.6822834645669289
11
4.8665354330708661
21
-4.6389763779527557
0
LINE
8
BLACK
6
CONTINUOUS
10
4.8665354330708661
20
-4.6389763779527557
11
4.8672846456692911
21
-4.6352098031496061
0
LINE
8
BLACK
6
CONTINUOUS
10
4.8672846456692911
20
-4.6352098031496061
11
4.8694182283464569
21
-4.6320166535433067
0
LINE
8
BLACK
6
CONTINUOUS
10
4.8694182283464569
20
-4.6320166535433067
11
4.8726113779527562
21
-4.6298830708661418
0
LINE
8
BLACK
6
CONTINUOUS
10
4.8726113779527562
20
-4.6298830708661418
11
4.876377952755905
21
-4.6291338582677168
0
LINE
8
BLACK
6
CONTINUOUS
10
4.876377952755905
20
-4.6291338582677168
11
4.9590551181102365
21
-4.6291338582677168
0
LINE
8
BLACK
6
CONTINUOUS
10
4.9590551181102365
20
-4.6291338582677168
11
4.9628216929133862
21
-4.6298830708661418
0
LINE
8
BLACK
6
CONTINUOUS
10
8.07620751968504
20
-4.6401192913385829
11
8.0794006692913385
21
-4.6422528740157478
0
LINE
8
BLACK
6
CONTINUOUS
10
8.0794006692913385
20
-4.6422528740157478
11
8.0815342519685043
21
-4.6454460236220472
0
LINE
8
BLACK
6
CONTINUOUS
10
8.0815342519685043
20
-4.6454460236220472
11
8.0822834645669293
21
-4.6492125984251969
0
LINE
8
BLACK
6
CONTINUOUS
10
8.0822834645669293
20
-4.6492125984251969
11
8.0822834645669293
21
-4.676771653543307
0
LINE
8
BLACK
6
CONTINUOUS
10
8.0822834645669293
20
-4.676771653543307
11
8.0815342519685043
21
-4.6805382283464567
0
LINE
8
BLACK
6
CONTINUOUS
10
8.0815342519685043
20
-4.6805382283464567
11
8.0794006692913385
21
-4.6837313779527561
0
LINE
8
BLACK
6
CONTINUOUS
10
8.0794006692913385
20
-4.6837313779527561
11
8.07620751968504
21
-4.685864960629921
0
LINE
8
BLACK
6
CONTINUOUS
10
8.07620751968504
20
-4.685864960629921
11
8.0724409448818903
21
-4.6866141732283459
0
LINE
8
BLACK
6
CONTINUOUS
10
8.0724409448818903
20
-4.6866141732283459
11
8.0370078740157478
21
-4.6866141732283459
0
LINE
8
BLACK
6
CONTINUOUS
10
8.0370078740157478
20
-4.6866141732283459
11
8.0332412992125981
21
-4.685864960629921
0
LINE
8
BLACK
6
CONTINUOUS
10
8.0332412992125981
20
-4.685864960629921
11
8.0300481496062996
21
-4.6837313779527561
0
LINE
8
BLACK
6
CONTINUOUS
10
8.0300481496062996
20
-4.6837313779527561
11
8.0279145669291339
21
-4.6805382283464567
0
LINE
8
BLACK
6
CONTINUOUS
10
8.0279145669291339
20
-4.6805382283464567
11
8.0271653543307089
21
-4.676771653543307
0
LINE
8
BLACK
6
CONTINUOUS
10
8.0271653543307089
20
-4.676771653543307
11
8.0271653543307089
21
-4.6492125984251969
0
LINE
8
BLACK
6
CONTINUOUS
10
8.0271653543307089
20
-4.6492125984251969
11
8.0279145669291339
21
-4.6454460236220472
0
LINE
8
BLACK
6
CONTINUOUS
10
8.0279145669291339
20
-4.6454460236220472
11
8.0300481496062996
21
-4.6422528740157478
0
LINE
8
BLACK
6
CONTINUOUS
10
8.0300481496062996
20
-4.6422528740157478
11
8.0332412992125981
21
-4.6401192913385829
0
LINE
8
BLACK
6
CONTINUOUS
10
8.0332412992125981
20
-4.6401192913385829
11
8.0370078740157478
21
-4.6393700787401571
0
LINE
8
BLACK
6
CONTINUOUS
10
8.0370078740157478
20
-4.6393700787401571
11
8.0724409448818903
21
-4.6393700787401571
0
LINE
8
BLACK
6
CONTINUOUS
10
8.0724409448818903
20
-4.6393700787401571
11
8.07620751968504
21
-4.6401192913385829
0
LINE
8
BLACK
6
CONTINUOUS
10
4.1661681496062988
20
-4.6400208661417324
11
4.1693612992125981
21
-4.6421544488188973
0
LINE
8
BLACK
6
CONTINUOUS
10
4.1693612992125981
20
-4.6421544488188973
11
4.1714948818897639
21
-4.6453475984251966
0
LINE
8
BLACK
6
CONTINUOUS
10
4.1714948818897639
20
-4.6453475984251966
11
4.1722440944881889
21
-4.6491141732283463
0
LINE
8
BLACK
6
CONTINUOUS
10
4.1722440944881889
20
-4.6491141732283463
11
4.1722440944881889
21
-4.6756889763779528
0
LINE
8
BLACK
6
CONTINUOUS
10
4.1722440944881889
20
-4.6756889763779528
11
4.1714948818897639
21
-4.6794555511811025
0
LINE
8
BLACK
6
CONTINUOUS
10
4.1714948818897639
20
-4.6794555511811025
11
4.1693612992125981
21
-4.6826487007874018
0
LINE
8
BLACK
6
CONTINUOUS
10
4.1693612992125981
20
-4.6826487007874018
11
4.1661681496062988
21
-4.6847822834645667
0
LINE
8
BLACK
6
CONTINUOUS
10
4.1661681496062988
20
-4.6847822834645667
11
4.1624015748031491
21
-4.6855314960629917
0
LINE
8
BLACK
6
CONTINUOUS
10
4.1624015748031491
20
-4.6855314960629917
11
4.125
21
-4.6855314960629917
0
LINE
8
BLACK
6
CONTINUOUS
10
4.125
20
-4.6855314960629917
11
4.1212334251968503
21
-4.6847822834645667
0
LINE
8
BLACK
6
CONTINUOUS
10
4.1212334251968503
20
-4.6847822834645667
11
4.118040275590551
21
-4.6826487007874018
0
LINE
8
BLACK
6
CONTINUOUS
10
4.118040275590551
20
-4.6826487007874018
11
4.1159066929133861
21
-4.6794555511811025
0
LINE
8
BLACK
6
CONTINUOUS
10
4.1159066929133861
20
-4.6794555511811025
11
4.1151574803149602
21
-4.6756889763779528
0
LINE
8
BLACK
6
CONTINUOUS
10
4.1151574803149602
20
-4.6756889763779528
11
4.1151574803149602
21
-4.6491141732283463
0
LINE
8
BLACK
6
CONTINUOUS
10
4.1151574803149602
20
-4.6491141732283463
11
4.1159066929133861
21
-4.6453475984251966
0
LINE
8
BLACK
6
CONTINUOUS
10
4.1159066929133861
20
-4.6453475984251966
11
4.118040275590551
21
-4.6421544488188973
0
LINE
8
BLACK
6
CONTINUOUS
10
4.118040275590551
20
-4.6421544488188973
11
4.1212334251968503
21
-4.6400208661417324
0
LINE
8
BLACK
6
CONTINUOUS
10
4.1212334251968503
20
-4.6400208661417324
11
4.125
21
-4.6392716535433074
0
LINE
8
BLACK
6
CONTINUOUS
10
4.125
20
-4.6392716535433074
11
4.1624015748031491
21
-4.6392716535433074
0
LINE
8
BLACK
6
CONTINUOUS
10
4.1624015748031491
20
-4.6392716535433074
11
4.1661681496062988
21
-4.6400208661417324
0
LINE
8
BLACK
6
CONTINUOUS
10
6.552979173228346
20
-4.6385444881889759
11
6.5561723228346453
21
-4.6406780708661417
0
LINE
8
BLACK
6
CONTINUOUS
10
6.5561723228346453
20
-4.6406780708661417
11
6.5583059055118111
21
-4.6438712204724411
0
LINE
8
BLACK
6
CONTINUOUS
10
6.5583059055118111
20
-4.6438712204724411
11
6.5590551181102361
21
-4.6476377952755907
0
LINE
8
BLACK
6
CONTINUOUS
10
6.5590551181102361
20
-4.6476377952755907
11
6.5590551181102361
21
-4.6751968503937009
0
LINE
8
BLACK
6
CONTINUOUS
10
6.5590551181102361
20
-4.6751968503937009
11
6.5583059055118111
21
-4.6789634251968506
0
LINE
8
BLACK
6
CONTINUOUS
10
6.5583059055118111
20
-4.6789634251968506
11
6.5561723228346453
21
-4.6821565748031491
0
LINE
8
BLACK
6
CONTINUOUS
10
6.5561723228346453
20
-4.6821565748031491
11
6.552979173228346
21
-4.6842901574803149
0
LINE
8
BLACK
6
CONTINUOUS
10
6.552979173228346
20
-4.6842901574803149
11
6.5492125984251963
21
-4.6850393700787398
0
LINE
8
BLACK
6
CONTINUOUS
10
6.5492125984251963
20
-4.6850393700787398
11
6.5137795275590546
21
-4.6850393700787398
0
LINE
8
BLACK
6
CONTINUOUS
10
6.5137795275590546
20
-4.6850393700787398
11
6.510012952755905
21
-4.6842901574803149
0
LINE
8
BLACK
6
CONTINUOUS
10
6.510012952755905
20
-4.6842901574803149
11
6.5068198031496065
21
-4.6821565748031491
0
LINE
8
BLACK
6
CONTINUOUS
10
6.5068198031496065
20
-4.6821565748031491
11
6.5046862204724407
21
-4.6789634251968506
0
LINE
8
BLACK
6
CONTINUOUS
10
6.5046862204724407
20
-4.6789634251968506
11
6.5039370078740157
21
-4.6751968503937009
0
LINE
8
BLACK
6
CONTINUOUS
10
6.5039370078740157
20
-4.6751968503937009
11
6.5039370078740157
21
-4.6476377952755907
0
LINE
8
BLACK
6
CONTINUOUS
10
6.5039370078740157
20
-4.6476377952755907
11
6.5046862204724407
21
-4.6438712204724411
0
LINE
8
BLACK
6
CONTINUOUS
10
6.5046862204724407
20
-4.6438712204724411
11
6.5068198031496065
21
-4.6406780708661417
0
LINE
8
BLACK
6
CONTINUOUS
10
6.5068198031496065
20
-4.6406780708661417
11
6.510012952755905
21
-4.6385444881889759
0
LINE
8
BLACK
6
CONTINUOUS
10
6.510012952755905
20
-4.6385444881889759
11
6.5137795275590546
21
-4.6377952755905509
0
LINE
8
BLACK
6
CONTINUOUS
10
6.5137795275590546
20
-4.6377952755905509
11
6.5492125984251963
21
-4.6377952755905509
0
LINE
8
BLACK
6
CONTINUOUS
10
6.5492125984251963
20
-4.6377952755905509
11
6.552979173228346
21
-4.6385444881889759
0
LINE
8
BLACK
6
CONTINUOUS
10
2.3369358661417321
20
-4.620040551181102
11
2.3401290157480314
21
-4.6221741338582678
0
LINE
8
BLACK
6
CONTINUOUS
10
2.3401290157480314
20
-4.6221741338582678
11
2.3422625984251968
21
-4.6253672834645672
0
LINE
8
BLACK
6
CONTINUOUS
10
2.3422625984251968
20
-4.6253672834645672
11
2.3430118110236222
21
-4.6291338582677168
0
LINE
8
BLACK
6
CONTINUOUS
10
2.3430118110236222
20
-4.6291338582677168
11
2.3430118110236222
21
-4.6665354330708659
0
LINE
8
BLACK
6
CONTINUOUS
10
2.3430118110236222
20
-4.6665354330708659
11
2.3422625984251968
21
-4.6703020078740156
0
LINE
8
BLACK
6
CONTINUOUS
10
2.3422625984251968
20
-4.6703020078740156
11
2.3401290157480314
21
-4.673495157480315
0
LINE
8
BLACK
6
CONTINUOUS
10
2.3401290157480314
20
-4.673495157480315
11
2.3369358661417321
21
-4.6756287401574799
0
LINE
8
BLACK
6
CONTINUOUS
10
2.3369358661417321
20
-4.6756287401574799
11
2.3331692913385824
21
-4.6763779527559057
0
LINE
8
BLACK
6
CONTINUOUS
10
2.3331692913385824
20
-4.6763779527559057
11
2.3065944881889764
21
-4.6763779527559057
0
LINE
8
BLACK
6
CONTINUOUS
10
2.3065944881889764
20
-4.6763779527559057
11
2.3028279133858267
21
-4.6756287401574799
0
LINE
8
BLACK
6
CONTINUOUS
10
2.3028279133858267
20
-4.6756287401574799
11
2.2996347637795274
21
-4.673495157480315
0
LINE
8
BLACK
6
CONTINUOUS
10
2.2996347637795274
20
-4.673495157480315
11
2.297501181102362
21
-4.6703020078740156
0
LINE
8
BLACK
6
CONTINUOUS
10
2.297501181102362
20
-4.6703020078740156
11
2.296751968503937
21
-4.6665354330708659
0
LINE
8
BLACK
6
CONTINUOUS
10
2.296751968503937
20
-4.6665354330708659
11
2.296751968503937
21
-4.6291338582677168
0
LINE
8
BLACK
6
CONTINUOUS
10
2.296751968503937
20
-4.6291338582677168
11
2.297501181102362
21
-4.6253672834645672
0
LINE
8
BLACK
6
CONTINUOUS
10
2.297501181102362
20
-4.6253672834645672
11
2.2996347637795274
21
-4.6221741338582678
0
LINE
8
BLACK
6
CONTINUOUS
10
2.2996347637795274
20
-4.6221741338582678
11
2.3028279133858267
21
-4.620040551181102
0
LINE
8
BLACK
6
CONTINUOUS
10
2.3028279133858267
20
-4.620040551181102
11
2.3065944881889764
21
-4.619291338582677
0
LINE
8
BLACK
6
CONTINUOUS
10
2.3065944881889764
20
-4.619291338582677
11
2.3331692913385824
21
-4.619291338582677
0
LINE
8
BLACK
6
CONTINUOUS
10
2.3331692913385824
20
-4.619291338582677
11
2.3369358661417321
21
-4.620040551181102
0
LINE
8
BLACK
6
CONTINUOUS
10
2.4186287795275589
20
-4.620040551181102
11
2.4218219291338583
21
-4.6221741338582678
0
LINE
8
BLACK
6
CONTINUOUS
10
2.4218219291338583
20
-4.6221741338582678
11
2.4239555118110236
21
-4.6253672834645672
0
LINE
8
BLACK
6
CONTINUOUS
10
2.4239555118110236
20
-4.6253672834645672
11
2.4247047244094486
21
-4.6291338582677168
0
LINE
8
BLACK
6
CONTINUOUS
10
2.4247047244094486
20
-4.6291338582677168
11
2.4247047244094486
21
-4.6665354330708659
0
LINE
8
BLACK
6
CONTINUOUS
10
2.4247047244094486
20
-4.6665354330708659
11
2.4239555118110236
21
-4.6703020078740156
0
LINE
8
BLACK
6
CONTINUOUS
10
2.4239555118110236
20
-4.6703020078740156
11
2.4218219291338583
21
-4.673495157480315
0
LINE
8
BLACK
6
CONTINUOUS
10
2.4218219291338583
20
-4.673495157480315
11
2.4186287795275589
21
-4.6756287401574799
0
LINE
8
BLACK
6
CONTINUOUS
10
2.4186287795275589
20
-4.6756287401574799
11
2.4148622047244093
21
-4.6763779527559057
0
LINE
8
BLACK
6
CONTINUOUS
10
2.4148622047244093
20
-4.6763779527559057
11
2.3882874015748032
21
-4.6763779527559057
0
LINE
8
BLACK
6
CONTINUOUS
10
2.3882874015748032
20
-4.6763779527559057
11
2.3845208267716536
21
-4.6756287401574799
0
LINE
8
BLACK
6
CONTINUOUS
10
2.3845208267716536
20
-4.6756287401574799
11
2.3813276771653542
21
-4.673495157480315
0
LINE
8
BLACK
6
CONTINUOUS
10
2.3813276771653542
20
-4.673495157480315
11
2.3791940944881889
21
-4.6703020078740156
0
LINE
8
BLACK
6
CONTINUOUS
10
2.3791940944881889
20
-4.6703020078740156
11
2.3784448818897639
21
-4.6665354330708659
0
LINE
8
BLACK
6
CONTINUOUS
10
2.3784448818897639
20
-4.6665354330708659
11
2.3784448818897639
21
-4.6291338582677168
0
LINE
8
BLACK
6
CONTINUOUS
10
2.3784448818897639
20
-4.6291338582677168
11
2.3791940944881889
21
-4.6253672834645672
0
LINE
8
BLACK
6
CONTINUOUS
10
2.3791940944881889
20
-4.6253672834645672
11
2.3813276771653542
21
-4.6221741338582678
0
LINE
8
BLACK
6
CONTINUOUS
10
2.3813276771653542
20
-4.6221741338582678
11
2.3845208267716536
21
-4.620040551181102
0
LINE
8
BLACK
6
CONTINUOUS
10
2.3845208267716536
20
-4.620040551181102
11
2.3882874015748032
21
-4.619291338582677
0
LINE
8
BLACK
6
CONTINUOUS
10
2.3882874015748032
20
-4.619291338582677
11
2.4148622047244093
21
-4.619291338582677
0
LINE
8
BLACK
6
CONTINUOUS
10
2.4148622047244093
20
-4.619291338582677
11
2.4186287795275589
21
-4.620040551181102
0
LINE
8
BLACK
6
CONTINUOUS
10
7.2362204724409445
20
-4.6692913385826769
11
7.1259842519685037
21
-4.6692913385826769
0
LINE
8
BLACK
6
CONTINUOUS
10
7.1259842519685037
20
-4.6692913385826769
11
7.1259842519685037
21
-4.5748031496062991
0
LINE
8
BLACK
6
CONTINUOUS
10
7.1259842519685037
20
-4.5748031496062991
11
7.2362204724409445
21
-4.5748031496062991
0
LINE
8
BLACK
6
CONTINUOUS
10
7.2362204724409445
20
-4.5748031496062991
11
7.2362204724409445
21
-4.6692913385826769
0
LINE
8
BLACK
6
CONTINUOUS
10
5.5708267716535431
20
-4.6638779527559056
11
5.5531102362204727
21
-4.6638779527559056
0
LINE
8
BLACK
6
CONTINUOUS
10
5.5531102362204727
20
-4.6638779527559056
11
5.5531102362204727
21
-4.6077755905511806
0
LINE
8
BLACK
6
CONTINUOUS
10
5.5531102362204727
20
-4.6077755905511806
11
5.5708267716535431
21
-4.6077755905511806
0
LINE
8
BLACK
6
CONTINUOUS
10
5.5708267716535431
20
-4.6077755905511806
11
5.5708267716535431
21
-4.6638779527559056
0
LINE
8
BLACK
6
CONTINUOUS
10
5.5964173228346459
20
-4.6638779527559056
11
5.5787007874015746
21
-4.6638779527559056
0
LINE
8
BLACK
6
CONTINUOUS
10
5.5787007874015746
20
-4.6638779527559056
11
5.5787007874015746
21
-4.6077755905511806
0
LINE
8
BLACK
6
CONTINUOUS
10
5.5787007874015746
20
-4.6077755905511806
11
5.5964173228346459
21
-4.6077755905511806
0
LINE
8
BLACK
6
CONTINUOUS
10
5.5964173228346459
20
-4.6077755905511806
11
5.5964173228346459
21
-4.6638779527559056
0
LINE
8
BLACK
6
CONTINUOUS
10
5.6220078740157478
20
-4.6638779527559056
11
5.6042913385826774
21
-4.6638779527559056
0
LINE
8
BLACK
6
CONTINUOUS
10
5.6042913385826774
20
-4.6638779527559056
11
5.6042913385826774
21
-4.6077755905511806
0
LINE
8
BLACK
6
CONTINUOUS
10
5.6042913385826774
20
-4.6077755905511806
11
5.6220078740157478
21
-4.6077755905511806
0
LINE
8
BLACK
6
CONTINUOUS
10
5.6220078740157478
20
-4.6077755905511806
11
5.6220078740157478
21
-4.6638779527559056
0
LINE
8
BLACK
6
CONTINUOUS
10
5.6475984251968505
20
-4.6638779527559056
11
5.6298818897637792
21
-4.6638779527559056
0
LINE
8
BLACK
6
CONTINUOUS
10
5.6298818897637792
20
-4.6638779527559056
11
5.6298818897637792
21
-4.6077755905511806
0
LINE
8
BLACK
6
CONTINUOUS
10
5.6298818897637792
20
-4.6077755905511806
11
5.6475984251968505
21
-4.6077755905511806
0
LINE
8
BLACK
6
CONTINUOUS
10
5.6475984251968505
20
-4.6077755905511806
11
5.6475984251968505
21
-4.6638779527559056
0
LINE
8
BLACK
6
CONTINUOUS
10
7.9393964960629919
20
-4.617973622047244
11
7.9425896456692913
21
-4.6201072047244089
0
LINE
8
BLACK
6
CONTINUOUS
10
7.9425896456692913
20
-4.6201072047244089
11
7.9447232283464562
21
-4.6233003543307083
0
LINE
8
BLACK
6
CONTINUOUS
10
7.9447232283464562
20
-4.6233003543307083
11
7.945472440944882
21
-4.627066929133858
0
LINE
8
BLACK
6
CONTINUOUS
10
7.945472440944882
20
-4.627066929133858
11
7.945472440944882
21
-4.6536417322834644
0
LINE
8
BLACK
6
CONTINUOUS
10
7.945472440944882
20
-4.6536417322834644
11
7.9447232283464562
21
-4.6574083070866141
0
LINE
8
BLACK
6
CONTINUOUS
10
7.9447232283464562
20
-4.6574083070866141
11
7.9425896456692913
21
-4.6606014566929135
0
LINE
8
BLACK
6
CONTINUOUS
10
7.9425896456692913
20
-4.6606014566929135
11
7.9393964960629919
21
-4.6627350393700784
0
LINE
8
BLACK
6
CONTINUOUS
10
7.9393964960629919
20
-4.6627350393700784
11
7.9356299212598422
21
-4.6634842519685042
0
LINE
8
BLACK
6
CONTINUOUS
10
7.9356299212598422
20
-4.6634842519685042
11
7.8982283464566931
21
-4.6634842519685042
0
LINE
8
BLACK
6
CONTINUOUS
10
7.8982283464566931
20
-4.6634842519685042
11
7.8944617716535435
21
-4.6627350393700784
0
LINE
8
BLACK
6
CONTINUOUS
10
7.8944617716535435
20
-4.6627350393700784
11
7.8912686220472441
21
-4.6606014566929135
0
LINE
8
BLACK
6
CONTINUOUS
10
7.8912686220472441
20
-4.6606014566929135
11
7.8891350393700783
21
-4.6574083070866141
0
LINE
8
BLACK
6
CONTINUOUS
10
7.8891350393700783
20
-4.6574083070866141
11
7.8883858267716533
21
-4.6536417322834644
0
LINE
8
BLACK
6
CONTINUOUS
10
7.8883858267716533
20
-4.6536417322834644
11
7.8883858267716533
21
-4.627066929133858
0
LINE
8
BLACK
6
CONTINUOUS
10
7.8883858267716533
20
-4.627066929133858
11
7.8891350393700783
21
-4.6233003543307083
0
LINE
8
BLACK
6
CONTINUOUS
10
7.8891350393700783
20
-4.6233003543307083
11
7.8912686220472441
21
-4.6201072047244089
0
LINE
8
BLACK
6
CONTINUOUS
10
7.8912686220472441
20
-4.6201072047244089
11
7.8944617716535435
21
-4.617973622047244
0
LINE
8
BLACK
6
CONTINUOUS
10
7.8944617716535435
20
-4.617973622047244
11
7.8982283464566931
21
-4.6172244094488191
0
LINE
8
BLACK
6
CONTINUOUS
10
7.8982283464566931
20
-4.6172244094488191
11
7.9356299212598422
21
-4.6172244094488191
0
LINE
8
BLACK
6
CONTINUOUS
10
7.9356299212598422
20
-4.6172244094488191
11
7.9393964960629919
21
-4.617973622047244
0
LINE
8
BLACK
6
CONTINUOUS
10
3.9427429527559053
20
-4.5519303149606296
11
3.9459361023622046
21
-4.5540638976377954
0
LINE
8
BLACK
6
CONTINUOUS
10
3.9459361023622046
20
-4.5540638976377954
11
3.9480696850393699
21
-4.5572570472440947
0
LINE
8
BLACK
6
CONTINUOUS
10
3.9480696850393699
20
-4.5572570472440947
11
3.9488188976377954
21
-4.5610236220472444
0
LINE
8
BLACK
6
CONTINUOUS
10
3.9488188976377954
20
-4.5610236220472444
11
3.9488188976377954
21
-4.643700787401575
0
LINE
8
BLACK
6
CONTINUOUS
10
3.9488188976377954
20
-4.643700787401575
11
3.9480696850393699
21
-4.6474673622047247
0
LINE
8
BLACK
6
CONTINUOUS
10
3.9480696850393699
20
-4.6474673622047247
11
3.9459361023622046
21
-4.6506605118110231
0
LINE
8
BLACK
6
CONTINUOUS
10
3.9459361023622046
20
-4.6506605118110231
11
3.9427429527559053
21
-4.6527940944881889
0
LINE
8
BLACK
6
CONTINUOUS
10
3.9427429527559053
20
-4.6527940944881889
11
3.938976377952756
21
-4.6535433070866139
0
LINE
8
BLACK
6
CONTINUOUS
10
3.938976377952756
20
-4.6535433070866139
11
3.8956692913385824
21
-4.6535433070866139
0
LINE
8
BLACK
6
CONTINUOUS
10
3.8956692913385824
20
-4.6535433070866139
11
3.8919027165354332
21
-4.6527940944881889
0
LINE
8
BLACK
6
CONTINUOUS
10
3.8919027165354332
20
-4.6527940944881889
11
3.8887095669291338
21
-4.6506605118110231
0
LINE
8
BLACK
6
CONTINUOUS
10
3.8887095669291338
20
-4.6506605118110231
11
3.8865759842519685
21
-4.6474673622047247
0
LINE
8
BLACK
6
CONTINUOUS
10
3.8865759842519685
20
-4.6474673622047247
11
3.8858267716535431
21
-4.643700787401575
0
LINE
8
BLACK
6
CONTINUOUS
10
3.8858267716535431
20
-4.643700787401575
11
3.8858267716535431
21
-4.5610236220472444
0
LINE
8
BLACK
6
CONTINUOUS
10
3.8858267716535431
20
-4.5610236220472444
11
3.8865759842519685
21
-4.5572570472440947
0
LINE
8
BLACK
6
CONTINUOUS
10
3.8865759842519685
20
-4.5572570472440947
11
3.8887095669291338
21
-4.5540638976377954
0
LINE
8
BLACK
6
CONTINUOUS
10
3.8887095669291338
20
-4.5540638976377954
11
3.8919027165354332
21
-4.5519303149606296
0
LINE
8
BLACK
6
CONTINUOUS
10
3.8919027165354332
20
-4.5519303149606296
11
3.8956692913385824
21
-4.5511811023622046
0
LINE
8
BLACK
6
CONTINUOUS
10
3.8956692913385824
20
-4.5511811023622046
11
3.938976377952756
21
-4.5511811023622046
0
LINE
8
BLACK
6
CONTINUOUS
10
3.938976377952756
20
-4.5511811023622046
11
3.9427429527559053
21
-4.5519303149606296
0
LINE
8
BLACK
6
CONTINUOUS
10
2.7980579133858265
20
-4.5959263779527557
11
2.8012510629921259
21
-4.5980599606299215
0
LINE
8
BLACK
6
CONTINUOUS
10
2.8012510629921259
20
-4.5980599606299215
11
2.8033846456692912
21
-4.60125311023622
0
LINE
8
BLACK
6
CONTINUOUS
10
2.8033846456692912
20
-4.60125311023622
11
2.8041338582677167
21
-4.6050196850393696
0
LINE
8
BLACK
6
CONTINUOUS
10
2.8041338582677167
20
-4.6050196850393696
11
2.8041338582677167
21
-4.6315944881889761
0
LINE
8
BLACK
6
CONTINUOUS
10
2.8041338582677167
20
-4.6315944881889761
11
2.8033846456692912
21
-4.6353610629921258
0
LINE
8
BLACK
6
CONTINUOUS
10
2.8033846456692912
20
-4.6353610629921258
11
2.8012510629921259
21
-4.6385542125984252
0
LINE
8
BLACK
6
CONTINUOUS
10
2.8012510629921259
20
-4.6385542125984252
11
2.7980579133858265
21
-4.6406877952755901
0
LINE
8
BLACK
6
CONTINUOUS
10
2.7980579133858265
20
-4.6406877952755901
11
2.7942913385826773
21
-4.6414370078740159
0
LINE
8
BLACK
6
CONTINUOUS
10
2.7942913385826773
20
-4.6414370078740159
11
2.7568897637795273
21
-4.6414370078740159
0
LINE
8
BLACK
6
CONTINUOUS
10
2.7568897637795273
20
-4.6414370078740159
11
2.7531231889763781
21
-4.6406877952755901
0
LINE
8
BLACK
6
CONTINUOUS
10
2.7531231889763781
20
-4.6406877952755901
11
2.7499300393700787
21
-4.6385542125984252
0
LINE
8
BLACK
6
CONTINUOUS
10
2.7499300393700787
20
-4.6385542125984252
11
2.7477964566929134
21
-4.6353610629921258
0
LINE
8
BLACK
6
CONTINUOUS
10
2.7477964566929134
20
-4.6353610629921258
11
2.747047244094488
21
-4.6315944881889761
0
LINE
8
BLACK
6
CONTINUOUS
10
2.747047244094488
20
-4.6315944881889761
11
2.747047244094488
21
-4.6050196850393696
0
LINE
8
BLACK
6
CONTINUOUS
10
2.747047244094488
20
-4.6050196850393696
11
2.7477964566929134
21
-4.60125311023622
0
LINE
8
BLACK
6
CONTINUOUS
10
2.7477964566929134
20
-4.60125311023622
11
2.7499300393700787
21
-4.5980599606299215
0
LINE
8
BLACK
6
CONTINUOUS
10
2.7499300393700787
20
-4.5980599606299215
11
2.7531231889763781
21
-4.5959263779527557
0
LINE
8
BLACK
6
CONTINUOUS
10
2.7531231889763781
20
-4.5959263779527557
11
2.7568897637795273
21
-4.5951771653543307
0
LINE
8
BLACK
6
CONTINUOUS
10
2.7568897637795273
20
-4.5951771653543307
11
2.7942913385826773
21
-4.5951771653543307
0
LINE
8
BLACK
6
CONTINUOUS
10
2.7942913385826773
20
-4.5951771653543307
11
2.7980579133858265
21
-4.5959263779527557
0
LINE
8
BLACK
6
CONTINUOUS
10
8.2149870472440938
20
-4.5815562992125987
11
8.218180196850394
21
-4.5836898818897636
0
LINE
8
BLACK
6
CONTINUOUS
10
8.218180196850394
20
-4.5836898818897636
11
8.220313779527558
21
-4.5868830314960629
0
LINE
8
BLACK
6
CONTINUOUS
10
8.220313779527558
20
-4.5868830314960629
11
8.2210629921259848
21
-4.5906496062992126
0
LINE
8
BLACK
6
CONTINUOUS
10
8.2210629921259848
20
-4.5906496062992126
11
8.2210629921259848
21
-4.6172244094488191
0
LINE
8
BLACK
6
CONTINUOUS
10
8.2210629921259848
20
-4.6172244094488191
11
8.220313779527558
21
-4.6209909842519687
0
LINE
8
BLACK
6
CONTINUOUS
10
8.220313779527558
20
-4.6209909842519687
11
8.218180196850394
21
-4.6241841338582672
0
LINE
8
BLACK
6
CONTINUOUS
10
8.218180196850394
20
-4.6241841338582672
11
8.2149870472440938
21
-4.626317716535433
0
LINE
8
BLACK
6
CONTINUOUS
10
8.2149870472440938
20
-4.626317716535433
11
8.2112204724409441
21
-4.627066929133858
0
LINE
8
BLACK
6
CONTINUOUS
10
8.2112204724409441
20
-4.627066929133858
11
8.1738188976377959
21
-4.627066929133858
0
LINE
8
BLACK
6
CONTINUOUS
10
8.1738188976377959
20
-4.627066929133858
11
8.1700523228346462
21
-4.626317716535433
0
LINE
8
BLACK
6
CONTINUOUS
10
8.1700523228346462
20
-4.626317716535433
11
8.166859173228346
21
-4.6241841338582672
0
LINE
8
BLACK
6
CONTINUOUS
10
8.166859173228346
20
-4.6241841338582672
11
8.1647255905511802
21
-4.6209909842519687
0
LINE
8
BLACK
6
CONTINUOUS
10
8.1647255905511802
20
-4.6209909842519687
11
8.1639763779527552
21
-4.6172244094488191
0
LINE
8
BLACK
6
CONTINUOUS
10
8.1639763779527552
20
-4.6172244094488191
11
8.1639763779527552
21
-4.5906496062992126
0
LINE
8
BLACK
6
CONTINUOUS
10
8.1639763779527552
20
-4.5906496062992126
11
8.1647255905511802
21
-4.5868830314960629
0
LINE
8
BLACK
6
CONTINUOUS
10
8.1647255905511802
20
-4.5868830314960629
11
8.166859173228346
21
-4.5836898818897636
0
LINE
8
BLACK
6
CONTINUOUS
10
8.166859173228346
20
-4.5836898818897636
11
8.1700523228346462
21
-4.5815562992125987
0
LINE
8
BLACK
6
CONTINUOUS
10
8.1700523228346462
20
-4.5815562992125987
11
8.1738188976377959
21
-4.5808070866141728
0
LINE
8
BLACK
6
CONTINUOUS
10
8.1738188976377959
20
-4.5808070866141728
11
8.2112204724409441
21
-4.5808070866141728
0
LINE
8
BLACK
6
CONTINUOUS
10
8.2112204724409441
20
-4.5808070866141728
11
8.2149870472440938
21
-4.5815562992125987
0
LINE
8
BLACK
6
CONTINUOUS
10
3.2618374409448818
20
-4.5726980314960626
11
3.2650305905511812
21
-4.5748316141732284
0
LINE
8
BLACK
6
CONTINUOUS
10
3.2650305905511812
20
-4.5748316141732284
11
3.2671641732283465
21
-4.5780247637795277
0
LINE
8
BLACK
6
CONTINUOUS
10
3.2671641732283465
20
-4.5780247637795277
11
3.2679133858267715
21
-4.5817913385826774
0
LINE
8
BLACK
6
CONTINUOUS
10
3.2679133858267715
20
-4.5817913385826774
11
3.2679133858267715
21
-4.608366141732283
0
LINE
8
BLACK
6
CONTINUOUS
10
3.2679133858267715
20
-4.608366141732283
11
3.2671641732283465
21
-4.6121327165354327
0
LINE
8
BLACK
6
CONTINUOUS
10
3.2671641732283465
20
-4.6121327165354327
11
3.2650305905511812
21
-4.615325866141732
0
LINE
8
BLACK
6
CONTINUOUS
10
3.2650305905511812
20
-4.615325866141732
11
3.2618374409448818
21
-4.6174594488188978
0
LINE
8
BLACK
6
CONTINUOUS
10
3.2618374409448818
20
-4.6174594488188978
11
3.2580708661417321
21
-4.6182086614173228
0
LINE
8
BLACK
6
CONTINUOUS
10
3.2580708661417321
20
-4.6182086614173228
11
3.2206692913385826
21
-4.6182086614173228
0
LINE
8
BLACK
6
CONTINUOUS
10
3.2206692913385826
20
-4.6182086614173228
11
3.2169027165354329
21
-4.6174594488188978
0
LINE
8
BLACK
6
CONTINUOUS
10
3.2169027165354329
20
-4.6174594488188978
11
3.2137095669291336
21
-4.615325866141732
0
LINE
8
BLACK
6
CONTINUOUS
10
3.2137095669291336
20
-4.615325866141732
11
3.2115759842519682
21
-4.6121327165354327
0
LINE
8
BLACK
6
CONTINUOUS
10
3.2115759842519682
20
-4.6121327165354327
11
3.2108267716535432
21
-4.608366141732283
0
LINE
8
BLACK
6
CONTINUOUS
10
3.2108267716535432
20
-4.608366141732283
11
3.2108267716535432
21
-4.5817913385826774
0
LINE
8
BLACK
6
CONTINUOUS
10
3.2108267716535432
20
-4.5817913385826774
11
3.2115759842519682
21
-4.5780247637795277
0
LINE
8
BLACK
6
CONTINUOUS
10
3.2115759842519682
20
-4.5780247637795277
11
3.2137095669291336
21
-4.5748316141732284
0
LINE
8
BLACK
6
CONTINUOUS
10
3.2137095669291336
20
-4.5748316141732284
11
3.2169027165354329
21
-4.5726980314960626
0
LINE
8
BLACK
6
CONTINUOUS
10
3.2169027165354329
20
-4.5726980314960626
11
3.2206692913385826
21
-4.5719488188976376
0
LINE
8
BLACK
6
CONTINUOUS
10
3.2206692913385826
20
-4.5719488188976376
11
3.2580708661417321
21
-4.5719488188976376
0
LINE
8
BLACK
6
CONTINUOUS
10
3.2580708661417321
20
-4.5719488188976376
11
3.2618374409448818
21
-4.5726980314960626
0
LINE
8
BLACK
6
CONTINUOUS
10
2.6012075196850395
20
-4.5663988188976381
11
2.6044006692913384
21
-4.568532401574803
0
LINE
8
BLACK
6
CONTINUOUS
10
2.6044006692913384
20
-4.568532401574803
11
2.6065342519685037
21
-4.5717255511811024
0
LINE
8
BLACK
6
CONTINUOUS
10
2.6065342519685037
20
-4.5717255511811024
11
2.6072834645669292
21
-4.575492125984252
0
LINE
8
BLACK
6
CONTINUOUS
10
2.6072834645669292
20
-4.575492125984252
11
2.6072834645669292
21
-4.6020669291338585
0
LINE
8
BLACK
6
CONTINUOUS
10
2.6072834645669292
20
-4.6020669291338585
11
2.6065342519685037
21
-4.6058335039370082
0
LINE
8
BLACK
6
CONTINUOUS
10
2.6065342519685037
20
-4.6058335039370082
11
2.6044006692913384
21
-4.6090266535433067
0
LINE
8
BLACK
6
CONTINUOUS
10
2.6044006692913384
20
-4.6090266535433067
11
2.6012075196850395
21
-4.6111602362204724
0
LINE
8
BLACK
6
CONTINUOUS
10
2.6012075196850395
20
-4.6111602362204724
11
2.5974409448818898
21
-4.6119094488188974
0
LINE
8
BLACK
6
CONTINUOUS
10
2.5974409448818898
20
-4.6119094488188974
11
2.5600393700787403
21
-4.6119094488188974
0
LINE
8
BLACK
6
CONTINUOUS
10
2.5600393700787403
20
-4.6119094488188974
11
2.5562727952755906
21
-4.6111602362204724
0
LINE
8
BLACK
6
CONTINUOUS
10
2.5562727952755906
20
-4.6111602362204724
11
2.5530796456692912
21
-4.6090266535433067
0
LINE
8
BLACK
6
CONTINUOUS
10
2.5530796456692912
20
-4.6090266535433067
11
2.5509460629921259
21
-4.6058335039370082
0
LINE
8
BLACK
6
CONTINUOUS
10
2.5509460629921259
20
-4.6058335039370082
11
2.5501968503937009
21
-4.6020669291338585
0
LINE
8
BLACK
6
CONTINUOUS
10
2.5501968503937009
20
-4.6020669291338585
11
2.5501968503937009
21
-4.575492125984252
0
LINE
8
BLACK
6
CONTINUOUS
10
2.5501968503937009
20
-4.575492125984252
11
2.5509460629921259
21
-4.5717255511811024
0
LINE
8
BLACK
6
CONTINUOUS
10
2.5509460629921259
20
-4.5717255511811024
11
2.5530796456692912
21
-4.568532401574803
0
LINE
8
BLACK
6
CONTINUOUS
10
2.5530796456692912
20
-4.568532401574803
11
2.5562727952755906
21
-4.5663988188976381
0
LINE
8
BLACK
6
CONTINUOUS
10
2.5562727952755906
20
-4.5663988188976381
11
2.5600393700787403
21
-4.5656496062992122
0
LINE
8
BLACK
6
CONTINUOUS
10
2.5600393700787403
20
-4.5656496062992122
11
2.5974409448818898
21
-4.5656496062992122
0
LINE
8
BLACK
6
CONTINUOUS
10
2.5974409448818898
20
-4.5656496062992122
11
2.6012075196850395
21
-4.5663988188976381
0
LINE
8
BLACK
6
CONTINUOUS
10
6.552979173228346
20
-4.5598043307086611
11
6.5561723228346453
21
-4.5619379133858269
0
LINE
8
BLACK
6
CONTINUOUS
10
6.5561723228346453
20
-4.5619379133858269
11
6.5583059055118111
21
-4.5651310629921262
0
LINE
8
BLACK
6
CONTINUOUS
10
6.5583059055118111
20
-4.5651310629921262
11
6.5590551181102361
21
-4.5688976377952759
0
LINE
8
BLACK
6
CONTINUOUS
10
6.5590551181102361
20
-4.5688976377952759
11
6.5590551181102361
21
-4.5964566929133861
0
LINE
8
BLACK
6
CONTINUOUS
10
6.5590551181102361
20
-4.5964566929133861
11
6.5583059055118111
21
-4.6002232677165349
0
LINE
8
BLACK
6
CONTINUOUS
10
6.5583059055118111
20
-4.6002232677165349
11
6.5561723228346453
21
-4.6034164173228342
0
LINE
8
BLACK
6
CONTINUOUS
10
6.5561723228346453
20
-4.6034164173228342
11
6.552979173228346
21
-4.60555
0
LINE
8
BLACK
6
CONTINUOUS
10
6.552979173228346
20
-4.60555
11
6.5492125984251963
21
-4.606299212598425
0
LINE
8
BLACK
6
CONTINUOUS
10
6.5492125984251963
20
-4.606299212598425
11
6.5137795275590546
21
-4.606299212598425
0
LINE
8
BLACK
6
CONTINUOUS
10
6.5137795275590546
20
-4.606299212598425
11
6.510012952755905
21
-4.60555
0
LINE
8
BLACK
6
CONTINUOUS
10
6.510012952755905
20
-4.60555
11
6.5068198031496065
21
-4.6034164173228342
0
LINE
8
BLACK
6
CONTINUOUS
10
6.5068198031496065
20
-4.6034164173228342
11
6.5046862204724407
21
-4.6002232677165349
0
LINE
8
BLACK
6
CONTINUOUS
10
6.5046862204724407
20
-4.6002232677165349
11
6.5039370078740157
21
-4.5964566929133861
0
LINE
8
BLACK
6
CONTINUOUS
10
6.5039370078740157
20
-4.5964566929133861
11
6.5039370078740157
21
-4.5688976377952759
0
LINE
8
BLACK
6
CONTINUOUS
10
6.5039370078740157
20
-4.5688976377952759
11
6.5046862204724407
21
-4.5651310629921262
0
LINE
8
BLACK
6
CONTINUOUS
10
6.5046862204724407
20
-4.5651310629921262
11
6.5068198031496065
21
-4.5619379133858269
0
LINE
8
BLACK
6
CONTINUOUS
10
6.5068198031496065
20
-4.5619379133858269
11
6.510012952755905
21
-4.5598043307086611
0
LINE
8
BLACK
6
CONTINUOUS
10
6.510012952755905
20
-4.5598043307086611
11
6.5137795275590546
21
-4.5590551181102361
0
LINE
8
BLACK
6
CONTINUOUS
10
6.5137795275590546
20
-4.5590551181102361
11
6.5492125984251963
21
-4.5590551181102361
0
LINE
8
BLACK
6
CONTINUOUS
10
6.5492125984251963
20
-4.5590551181102361
11
6.552979173228346
21
-4.5598043307086611
0
LINE
8
BLACK
6
CONTINUOUS
10
5.4194752362204719
20
-4.53193031496063
11
5.4226683858267712
21
-4.5340638976377949
0
LINE
8
BLACK
6
CONTINUOUS
10
5.4226683858267712
20
-4.5340638976377949
11
5.424801968503937
21
-4.5372570472440943
0
LINE
8
BLACK
6
CONTINUOUS
10
5.424801968503937
20
-4.5372570472440943
11
5.425551181102362
21
-4.541023622047244
0
LINE
8
BLACK
6
CONTINUOUS
10
5.425551181102362
20
-4.541023622047244
11
5.425551181102362
21
-4.5764566929133856
0
LINE
8
BLACK
6
CONTINUOUS
10
5.425551181102362
20
-4.5764566929133856
11
5.424801968503937
21
-4.5802232677165353
0
LINE
8
BLACK
6
CONTINUOUS
10
5.424801968503937
20
-4.5802232677165353
11
5.4226683858267712
21
-4.5834164173228347
0
LINE
8
BLACK
6
CONTINUOUS
10
5.4226683858267712
20
-4.5834164173228347
11
5.4194752362204719
21
-4.5855499999999996
0
LINE
8
BLACK
6
CONTINUOUS
10
5.4194752362204719
20
-4.5855499999999996
11
5.4157086614173231
21
-4.5862992125984254
0
LINE
8
BLACK
6
CONTINUOUS
10
5.4157086614173231
20
-4.5862992125984254
11
5.3881496062992129
21
-4.5862992125984254
0
LINE
8
BLACK
6
CONTINUOUS
10
5.3881496062992129
20
-4.5862992125984254
11
5.3843830314960632
21
-4.5855499999999996
0
LINE
8
BLACK
6
CONTINUOUS
10
5.3843830314960632
20
-4.5855499999999996
11
5.3811898818897639
21
-4.5834164173228347
0
LINE
8
BLACK
6
CONTINUOUS
10
5.3811898818897639
20
-4.5834164173228347
11
5.3790562992125981
21
-4.5802232677165353
0
LINE
8
BLACK
6
CONTINUOUS
10
5.3790562992125981
20
-4.5802232677165353
11
5.3783070866141731
21
-4.5764566929133856
0
LINE
8
BLACK
6
CONTINUOUS
10
5.3783070866141731
20
-4.5764566929133856
11
5.3783070866141731
21
-4.541023622047244
0
LINE
8
BLACK
6
CONTINUOUS
10
5.3783070866141731
20
-4.541023622047244
11
5.3790562992125981
21
-4.5372570472440943
0
LINE
8
BLACK
6
CONTINUOUS
10
5.3790562992125981
20
-4.5372570472440943
11
5.3811898818897639
21
-4.5340638976377949
0
LINE
8
BLACK
6
CONTINUOUS
10
5.3811898818897639
20
-4.5340638976377949
11
5.3843830314960632
21
-4.53193031496063
0
LINE
8
BLACK
6
CONTINUOUS
10
5.3843830314960632
20
-4.53193031496063
11
5.3881496062992129
21
-4.5311811023622051
0
LINE
8
BLACK
6
CONTINUOUS
10
5.3881496062992129
20
-4.5311811023622051
11
5.4157086614173231
21
-4.5311811023622051
0
LINE
8
BLACK
6
CONTINUOUS
10
5.4157086614173231
20
-4.5311811023622051
11
5.4194752362204719
21
-4.53193031496063
0
LINE
8
BLACK
6
CONTINUOUS
10
5.4982153937007876
20
-4.53193031496063
11
5.5014085433070861
21
-4.5340638976377949
0
LINE
8
BLACK
6
CONTINUOUS
10
5.5014085433070861
20
-4.5340638976377949
11
5.5035421259842519
21
-4.5372570472440943
0
LINE
8
BLACK
6
CONTINUOUS
10
5.5035421259842519
20
-4.5372570472440943
11
5.5042913385826768
21
-4.541023622047244
0
LINE
8
BLACK
6
CONTINUOUS
10
5.5042913385826768
20
-4.541023622047244
11
5.5042913385826768
21
-4.5764566929133856
0
LINE
8
BLACK
6
CONTINUOUS
10
5.5042913385826768
20
-4.5764566929133856
11
5.5035421259842519
21
-4.5802232677165353
0
LINE
8
BLACK
6
CONTINUOUS
10
5.5035421259842519
20
-4.5802232677165353
11
5.5014085433070861
21
-4.5834164173228347
0
LINE
8
BLACK
6
CONTINUOUS
10
5.5014085433070861
20
-4.5834164173228347
11
5.4982153937007876
21
-4.5855499999999996
0
LINE
8
BLACK
6
CONTINUOUS
10
5.4982153937007876
20
-4.5855499999999996
11
5.4944488188976379
21
-4.5862992125984254
0
LINE
8
BLACK
6
CONTINUOUS
10
5.4944488188976379
20
-4.5862992125984254
11
5.4668897637795277
21
-4.5862992125984254
0
LINE
8
BLACK
6
CONTINUOUS
10
5.4668897637795277
20
-4.5862992125984254
11
5.4631231889763781
21
-4.5855499999999996
0
LINE
8
BLACK
6
CONTINUOUS
10
5.4631231889763781
20
-4.5855499999999996
11
5.4599300393700787
21
-4.5834164173228347
0
LINE
8
BLACK
6
CONTINUOUS
10
5.4599300393700787
20
-4.5834164173228347
11
5.4577964566929129
21
-4.5802232677165353
0
LINE
8
BLACK
6
CONTINUOUS
10
5.4577964566929129
20
-4.5802232677165353
11
5.4570472440944879
21
-4.5764566929133856
0
LINE
8
BLACK
6
CONTINUOUS
10
5.4570472440944879
20
-4.5764566929133856
11
5.4570472440944879
21
-4.541023622047244
0
LINE
8
BLACK
6
CONTINUOUS
10
5.4570472440944879
20
-4.541023622047244
11
5.4577964566929129
21
-4.5372570472440943
0
LINE
8
BLACK
6
CONTINUOUS
10
5.4577964566929129
20
-4.5372570472440943
11
5.4599300393700787
21
-4.5340638976377949
0
LINE
8
BLACK
6
CONTINUOUS
10
5.4599300393700787
20
-4.5340638976377949
11
5.4631231889763781
21
-4.53193031496063
0
LINE
8
BLACK
6
CONTINUOUS
10
5.4631231889763781
20
-4.53193031496063
11
5.4668897637795277
21
-4.5311811023622051
0
LINE
8
BLACK
6
CONTINUOUS
10
5.4668897637795277
20
-4.5311811023622051
11
5.4944488188976379
21
-4.5311811023622051
0
LINE
8
BLACK
6
CONTINUOUS
10
5.4944488188976379
20
-4.5311811023622051
11
5.4982153937007876
21
-4.53193031496063
0
LINE
8
BLACK
6
CONTINUOUS
10
7.9931366535433073
20
-4.5290956692913387
11
7.9963298031496057
21
-4.5312292519685036
0
LINE
8
BLACK
6
CONTINUOUS
10
7.9963298031496057
20
-4.5312292519685036
11
7.9984633858267715
21
-4.5344224015748029
0
LINE
8
BLACK
6
CONTINUOUS
10
7.9984633858267715
20
-4.5344224015748029
11
7.9992125984251965
21
-4.5381889763779526
0
LINE
8
BLACK
6
CONTINUOUS
10
7.9992125984251965
20
-4.5381889763779526
11
7.9992125984251965
21
-4.5736220472440943
0
LINE
8
BLACK
6
CONTINUOUS
10
7.9992125984251965
20
-4.5736220472440943
11
7.9984633858267715
21
-4.5773886220472439
0
LINE
8
BLACK
6
CONTINUOUS
10
7.9984633858267715
20
-4.5773886220472439
11
7.9963298031496057
21
-4.5805817716535433
0
LINE
8
BLACK
6
CONTINUOUS
10
7.9963298031496057
20
-4.5805817716535433
11
7.9931366535433073
21
-4.5827153543307082
0
LINE
8
BLACK
6
CONTINUOUS
10
7.9931366535433073
20
-4.5827153543307082
11
7.9893700787401576
21
-4.5834645669291341
0
LINE
8
BLACK
6
CONTINUOUS
10
7.9893700787401576
20
-4.5834645669291341
11
7.9618110236220474
21
-4.5834645669291341
0
LINE
8
BLACK
6
CONTINUOUS
10
7.9618110236220474
20
-4.5834645669291341
11
7.9580444488188977
21
-4.5827153543307082
0
LINE
8
BLACK
6
CONTINUOUS
10
7.9580444488188977
20
-4.5827153543307082
11
7.9548512992125984
21
-4.5805817716535433
0
LINE
8
BLACK
6
CONTINUOUS
10
7.9548512992125984
20
-4.5805817716535433
11
7.9527177165354326
21
-4.5773886220472439
0
LINE
8
BLACK
6
CONTINUOUS
10
7.9527177165354326
20
-4.5773886220472439
11
7.9519685039370076
21
-4.5736220472440943
0
LINE
8
BLACK
6
CONTINUOUS
10
7.9519685039370076
20
-4.5736220472440943
11
7.9519685039370076
21
-4.5381889763779526
0
LINE
8
BLACK
6
CONTINUOUS
10
7.9519685039370076
20
-4.5381889763779526
11
7.9527177165354326
21
-4.5344224015748029
0
LINE
8
BLACK
6
CONTINUOUS
10
7.9527177165354326
20
-4.5344224015748029
11
7.9548512992125984
21
-4.5312292519685036
0
LINE
8
BLACK
6
CONTINUOUS
10
7.9548512992125984
20
-4.5312292519685036
11
7.9580444488188977
21
-4.5290956692913387
0
LINE
8
BLACK
6
CONTINUOUS
10
7.9580444488188977
20
-4.5290956692913387
11
7.9618110236220474
21
-4.5283464566929137
0
LINE
8
BLACK
6
CONTINUOUS
10
7.9618110236220474
20
-4.5283464566929137
11
7.9893700787401576
21
-4.5283464566929137
0
LINE
8
BLACK
6
CONTINUOUS
10
7.9893700787401576
20
-4.5283464566929137
11
7.9931366535433073
21
-4.5290956692913387
0
LINE
8
BLACK
6
CONTINUOUS
10
8.0718768110236212
20
-4.5290956692913387
11
8.0750699606299214
21
-4.5312292519685036
0
LINE
8
BLACK
6
CONTINUOUS
10
8.0750699606299214
20
-4.5312292519685036
11
8.0772035433070872
21
-4.5344224015748029
0
LINE
8
BLACK
6
CONTINUOUS
10
8.0772035433070872
20
-4.5344224015748029
11
8.0779527559055122
21
-4.5381889763779526
0
LINE
8
BLACK
6
CONTINUOUS
10
8.0779527559055122
20
-4.5381889763779526
11
8.0779527559055122
21
-4.5736220472440943
0
LINE
8
BLACK
6
CONTINUOUS
10
8.0779527559055122
20
-4.5736220472440943
11
8.0772035433070872
21
-4.5773886220472439
0
LINE
8
BLACK
6
CONTINUOUS
10
8.0772035433070872
20
-4.5773886220472439
11
8.0750699606299214
21
-4.5805817716535433
0
LINE
8
BLACK
6
CONTINUOUS
10
8.0750699606299214
20
-4.5805817716535433
11
8.0718768110236212
21
-4.5827153543307082
0
LINE
8
BLACK
6
CONTINUOUS
10
8.0718768110236212
20
-4.5827153543307082
11
8.0681102362204715
21
-4.5834645669291341
0
LINE
8
BLACK
6
CONTINUOUS
10
8.0681102362204715
20
-4.5834645669291341
11
8.0405511811023622
21
-4.5834645669291341
0
LINE
8
BLACK
6
CONTINUOUS
10
8.0405511811023622
20
-4.5834645669291341
11
8.0367846062992125
21
-4.5827153543307082
0
LINE
8
BLACK
6
CONTINUOUS
10
8.0367846062992125
20
-4.5827153543307082
11
8.0335914566929141
21
-4.5805817716535433
0
LINE
8
BLACK
6
CONTINUOUS
10
8.0335914566929141
20
-4.5805817716535433
11
8.0314578740157483
21
-4.5773886220472439
0
LINE
8
BLACK
6
CONTINUOUS
10
8.0314578740157483
20
-4.5773886220472439
11
8.0307086614173233
21
-4.5736220472440943
0
LINE
8
BLACK
6
CONTINUOUS
10
8.0307086614173233
20
-4.5736220472440943
11
8.0307086614173233
21
-4.5381889763779526
0
LINE
8
BLACK
6
CONTINUOUS
10
8.0307086614173233
20
-4.5381889763779526
11
8.0314578740157483
21
-4.5344224015748029
0
LINE
8
BLACK
6
CONTINUOUS
10
8.0314578740157483
20
-4.5344224015748029
11
8.0335914566929141
21
-4.5312292519685036
0
LINE
8
BLACK
6
CONTINUOUS
10
8.0335914566929141
20
-4.5312292519685036
11
8.0367846062992125
21
-4.5290956692913387
0
LINE
8
BLACK
6
CONTINUOUS
10
8.0367846062992125
20
-4.5290956692913387
11
8.0405511811023622
21
-4.5283464566929137
0
LINE
8
BLACK
6
CONTINUOUS
10
8.0405511811023622
20
-4.5283464566929137
11
8.0681102362204715
21
-4.5283464566929137
0
LINE
8
BLACK
6
CONTINUOUS
10
8.0681102362204715
20
-4.5283464566929137
11
8.0718768110236212
21
-4.5290956692913387
0
LINE
8
BLACK
6
CONTINUOUS
10
6.680931929133858
20
-4.5204342519685037
11
6.6841250787401574
21
-4.5225678346456695
0
LINE
8
BLACK
6
CONTINUOUS
10
6.6841250787401574
20
-4.5225678346456695
11
6.6862586614173223
21
-4.5257609842519688
0
LINE
8
BLACK
6
CONTINUOUS
10
6.6862586614173223
20
-4.5257609842519688
11
6.6870078740157481
21
-4.5295275590551176
0
LINE
8
BLACK
6
CONTINUOUS
10
6.6870078740157481
20
-4.5295275590551176
11
6.6870078740157481
21
-4.5649606299212602
0
LINE
8
BLACK
6
CONTINUOUS
10
6.6870078740157481
20
-4.5649606299212602
11
6.6862586614173223
21
-4.568727204724409
0
LINE
8
BLACK
6
CONTINUOUS
10
6.6862586614173223
20
-4.568727204724409
11
6.6841250787401574
21
-4.5719203543307083
0
LINE
8
BLACK
6
CONTINUOUS
10
6.6841250787401574
20
-4.5719203543307083
11
6.680931929133858
21
-4.5740539370078741
0
LINE
8
BLACK
6
CONTINUOUS
10
6.680931929133858
20
-4.5740539370078741
11
6.6771653543307083
21
-4.5748031496062991
0
LINE
8
BLACK
6
CONTINUOUS
10
6.6771653543307083
20
-4.5748031496062991
11
6.6496062992125982
21
-4.5748031496062991
0
LINE
8
BLACK
6
CONTINUOUS
10
6.6496062992125982
20
-4.5748031496062991
11
6.6458397244094485
21
-4.5740539370078741
0
LINE
8
BLACK
6
CONTINUOUS
10
6.6458397244094485
20
-4.5740539370078741
11
6.6426465748031491
21
-4.5719203543307083
0
LINE
8
BLACK
6
CONTINUOUS
10
6.6426465748031491
20
-4.5719203543307083
11
6.6405129921259842
21
-4.568727204724409
0
LINE
8
BLACK
6
CONTINUOUS
10
6.6405129921259842
20
-4.568727204724409
11
6.6397637795275593
21
-4.5649606299212602
0
LINE
8
BLACK
6
CONTINUOUS
10
6.6397637795275593
20
-4.5649606299212602
11
6.6397637795275593
21
-4.5295275590551176
0
LINE
8
BLACK
6
CONTINUOUS
10
6.6397637795275593
20
-4.5295275590551176
11
6.6405129921259842
21
-4.5257609842519688
0
LINE
8
BLACK
6
CONTINUOUS
10
6.6405129921259842
20
-4.5257609842519688
11
6.6426465748031491
21
-4.5225678346456695
0
LINE
8
BLACK
6
CONTINUOUS
10
6.6426465748031491
20
-4.5225678346456695
11
6.6458397244094485
21
-4.5204342519685037
0
LINE
8
BLACK
6
CONTINUOUS
10
6.6458397244094485
20
-4.5204342519685037
11
6.6496062992125982
21
-4.5196850393700787
0
LINE
8
BLACK
6
CONTINUOUS
10
6.6496062992125982
20
-4.5196850393700787
11
6.6771653543307083
21
-4.5196850393700787
0
LINE
8
BLACK
6
CONTINUOUS
10
6.6771653543307083
20
-4.5196850393700787
11
6.680931929133858
21
-4.5204342519685037
0
LINE
8
BLACK
6
CONTINUOUS
10
6.7596720866141728
20
-4.5204342519685037
11
6.7628652362204722
21
-4.5225678346456695
0
LINE
8
BLACK
6
CONTINUOUS
10
6.7628652362204722
20
-4.5225678346456695
11
6.764998818897638
21
-4.5257609842519688
0
LINE
8
BLACK
6
CONTINUOUS
10
6.764998818897638
20
-4.5257609842519688
11
6.765748031496063
21
-4.5295275590551176
0
LINE
8
BLACK
6
CONTINUOUS
10
6.765748031496063
20
-4.5295275590551176
11
6.765748031496063
21
-4.5649606299212602
0
LINE
8
BLACK
6
CONTINUOUS
10
6.765748031496063
20
-4.5649606299212602
11
6.764998818897638
21
-4.568727204724409
0
LINE
8
BLACK
6
CONTINUOUS
10
6.764998818897638
20
-4.568727204724409
11
6.7628652362204722
21
-4.5719203543307083
0
LINE
8
BLACK
6
CONTINUOUS
10
6.7628652362204722
20
-4.5719203543307083
11
6.7596720866141728
21
-4.5740539370078741
0
LINE
8
BLACK
6
CONTINUOUS
10
6.7596720866141728
20
-4.5740539370078741
11
6.7559055118110232
21
-4.5748031496062991
0
LINE
8
BLACK
6
CONTINUOUS
10
6.7559055118110232
20
-4.5748031496062991
11
6.728346456692913
21
-4.5748031496062991
0
LINE
8
BLACK
6
CONTINUOUS
10
6.728346456692913
20
-4.5748031496062991
11
6.7245798818897633
21
-4.5740539370078741
0
LINE
8
BLACK
6
CONTINUOUS
10
6.7245798818897633
20
-4.5740539370078741
11
6.7213867322834648
21
-4.5719203543307083
0
LINE
8
BLACK
6
CONTINUOUS
10
6.7213867322834648
20
-4.5719203543307083
11
6.719253149606299
21
-4.568727204724409
0
LINE
8
BLACK
6
CONTINUOUS
10
6.719253149606299
20
-4.568727204724409
11
6.7185039370078741
21
-4.5649606299212602
0
LINE
8
BLACK
6
CONTINUOUS
10
6.7185039370078741
20
-4.5649606299212602
11
6.7185039370078741
21
-4.5295275590551176
0
LINE
8
BLACK
6
CONTINUOUS
10
6.7185039370078741
20
-4.5295275590551176
11
6.719253149606299
21
-4.5257609842519688
0
LINE
8
BLACK
6
CONTINUOUS
10
6.719253149606299
20
-4.5257609842519688
11
6.7213867322834648
21
-4.5225678346456695
0
LINE
8
BLACK
6
CONTINUOUS
10
6.7213867322834648
20
-4.5225678346456695
11
6.7245798818897633
21
-4.5204342519685037
0
LINE
8
BLACK
6
CONTINUOUS
10
6.7245798818897633
20
-4.5204342519685037
11
6.728346456692913
21
-4.5196850393700787
0
LINE
8
BLACK
6
CONTINUOUS
10
6.728346456692913
20
-4.5196850393700787
11
6.7559055118110232
21
-4.5196850393700787
0
LINE
8
BLACK
6
CONTINUOUS
10
6.7559055118110232
20
-4.5196850393700787
11
6.7596720866141728
21
-4.5204342519685037
0
LINE
8
BLACK
6
CONTINUOUS
10
5.7399476771653539
20
-4.5094893700787404
11
5.7431408267716533
21
-4.5116229527559053
0
LINE
8
BLACK
6
CONTINUOUS
10
5.7431408267716533
20
-4.5116229527559053
11
5.7452744094488191
21
-4.5148161023622047
0
LINE
8
BLACK
6
CONTINUOUS
10
5.7452744094488191
20
-4.5148161023622047
11
5.746023622047244
21
-4.5185826771653543
0
LINE
8
BLACK
6
CONTINUOUS
10
5.746023622047244
20
-4.5185826771653543
11
5.746023622047244
21
-4.554015748031496
0
LINE
8
BLACK
6
CONTINUOUS
10
5.746023622047244
20
-4.554015748031496
11
5.7452744094488191
21
-4.5577823228346457
0
LINE
8
BLACK
6
CONTINUOUS
10
5.7452744094488191
20
-4.5577823228346457
11
5.7431408267716533
21
-4.560975472440945
0
LINE
8
BLACK
6
CONTINUOUS
10
5.7431408267716533
20
-4.560975472440945
11
5.7399476771653539
21
-4.5631090551181099
0
LINE
8
BLACK
6
CONTINUOUS
10
5.7399476771653539
20
-4.5631090551181099
11
5.7361811023622042
21
-4.5638582677165349
0
LINE
8
BLACK
6
CONTINUOUS
10
5.7361811023622042
20
-4.5638582677165349
11
5.7086220472440941
21
-4.5638582677165349
0
LINE
8
BLACK
6
CONTINUOUS
10
5.7086220472440941
20
-4.5638582677165349
11
5.7048554724409444
21
-4.5631090551181099
0
LINE
8
BLACK
6
CONTINUOUS
10
5.7048554724409444
20
-4.5631090551181099
11
5.7016623228346459
21
-4.560975472440945
0
LINE
8
BLACK
6
CONTINUOUS
10
5.7016623228346459
20
-4.560975472440945
11
5.6995287401574801
21
-4.5577823228346457
0
LINE
8
BLACK
6
CONTINUOUS
10
5.6995287401574801
20
-4.5577823228346457
11
5.6987795275590551
21
-4.554015748031496
0
LINE
8
BLACK
6
CONTINUOUS
10
5.6987795275590551
20
-4.554015748031496
11
5.6987795275590551
21
-4.5185826771653543
0
LINE
8
BLACK
6
CONTINUOUS
10
5.6987795275590551
20
-4.5185826771653543
11
5.6995287401574801
21
-4.5148161023622047
0
LINE
8
BLACK
6
CONTINUOUS
10
5.6995287401574801
20
-4.5148161023622047
11
5.7016623228346459
21
-4.5116229527559053
0
LINE
8
BLACK
6
CONTINUOUS
10
5.7016623228346459
20
-4.5116229527559053
11
5.7048554724409444
21
-4.5094893700787404
0
LINE
8
BLACK
6
CONTINUOUS
10
5.7048554724409444
20
-4.5094893700787404
11
5.7086220472440941
21
-4.5087401574803145
0
LINE
8
BLACK
6
CONTINUOUS
10
5.7086220472440941
20
-4.5087401574803145
11
5.7361811023622042
21
-4.5087401574803145
0
LINE
8
BLACK
6
CONTINUOUS
10
5.7361811023622042
20
-4.5087401574803145
11
5.7399476771653539
21
-4.5094893700787404
0
LINE
8
BLACK
6
CONTINUOUS
10
5.8186878346456687
20
-4.5094893700787404
11
5.8218809842519681
21
-4.5116229527559053
0
LINE
8
BLACK
6
CONTINUOUS
10
5.8218809842519681
20
-4.5116229527559053
11
5.8240145669291339
21
-4.5148161023622047
0
LINE
8
BLACK
6
CONTINUOUS
10
5.8240145669291339
20
-4.5148161023622047
11
5.8247637795275589
21
-4.5185826771653543
0
LINE
8
BLACK
6
CONTINUOUS
10
5.8247637795275589
20
-4.5185826771653543
11
5.8247637795275589
21
-4.554015748031496
0
LINE
8
BLACK
6
CONTINUOUS
10
5.8247637795275589
20
-4.554015748031496
11
5.8240145669291339
21
-4.5577823228346457
0
LINE
8
BLACK
6
CONTINUOUS
10
5.8240145669291339
20
-4.5577823228346457
11
5.8218809842519681
21
-4.560975472440945
0
LINE
8
BLACK
6
CONTINUOUS
10
5.8218809842519681
20
-4.560975472440945
11
5.8186878346456687
21
-4.5631090551181099
0
LINE
8
BLACK
6
CONTINUOUS
10
5.8186878346456687
20
-4.5631090551181099
11
5.81492125984252
21
-4.5638582677165349
0
LINE
8
BLACK
6
CONTINUOUS
10
5.81492125984252
20
-4.5638582677165349
11
5.7873622047244089
21
-4.5638582677165349
0
LINE
8
BLACK
6
CONTINUOUS
10
5.7873622047244089
20
-4.5638582677165349
11
5.7835956299212601
21
-4.5631090551181099
0
LINE
8
BLACK
6
CONTINUOUS
10
5.7835956299212601
20
-4.5631090551181099
11
5.7804024803149607
21
-4.560975472440945
0
LINE
8
BLACK
6
CONTINUOUS
10
5.7804024803149607
20
-4.560975472440945
11
5.7782688976377949
21
-4.5577823228346457
0
LINE
8
BLACK
6
CONTINUOUS
10
5.7782688976377949
20
-4.5577823228346457
11
5.77751968503937
21
-4.554015748031496
0
LINE
8
BLACK
6
CONTINUOUS
10
5.77751968503937
20
-4.554015748031496
11
5.77751968503937
21
-4.5185826771653543
0
LINE
8
BLACK
6
CONTINUOUS
10
5.77751968503937
20
-4.5185826771653543
11
5.7782688976377949
21
-4.5148161023622047
0
LINE
8
BLACK
6
CONTINUOUS
10
5.7782688976377949
20
-4.5148161023622047
11
5.7804024803149607
21
-4.5116229527559053
0
LINE
8
BLACK
6
CONTINUOUS
10
5.7804024803149607
20
-4.5116229527559053
11
5.7835956299212601
21
-4.5094893700787404
0
LINE
8
BLACK
6
CONTINUOUS
10
5.7835956299212601
20
-4.5094893700787404
11
5.7873622047244089
21
-4.5087401574803145
0
LINE
8
BLACK
6
CONTINUOUS
10
5.7873622047244089
20
-4.5087401574803145
11
5.81492125984252
21
-4.5087401574803145
0
LINE
8
BLACK
6
CONTINUOUS
10
5.81492125984252
20
-4.5087401574803145
11
5.8186878346456687
21
-4.5094893700787404
0
LINE
8
BLACK
6
CONTINUOUS
10
3.4281496062992125
20
-4.5617519685039367
11
3.4104330708661417
21
-4.5617519685039367
0
LINE
8
BLACK
6
CONTINUOUS
10
3.4104330708661417
20
-4.5617519685039367
11
3.4104330708661417
21
-4.5056496062992126
0
LINE
8
BLACK
6
CONTINUOUS
10
3.4104330708661417
20
-4.5056496062992126
11
3.4281496062992125
21
-4.5056496062992126
0
LINE
8
BLACK
6
CONTINUOUS
10
3.4281496062992125
20
-4.5056496062992126
11
3.4281496062992125
21
-4.5617519685039367
0
LINE
8
BLACK
6
CONTINUOUS
10
3.4537401574803148
20
-4.5617519685039367
11
3.436023622047244
21
-4.5617519685039367
0
LINE
8
BLACK
6
CONTINUOUS
10
3.436023622047244
20
-4.5617519685039367
11
3.436023622047244
21
-4.5056496062992126
0
LINE
8
BLACK
6
CONTINUOUS
10
3.436023622047244
20
-4.5056496062992126
11
3.4537401574803148
21
-4.5056496062992126
0
LINE
8
BLACK
6
CONTINUOUS
10
3.4537401574803148
20
-4.5056496062992126
11
3.4537401574803148
21
-4.5617519685039367
0
LINE
8
BLACK
6
CONTINUOUS
10
3.4793307086614171
20
-4.5617519685039367
11
3.4616141732283463
21
-4.5617519685039367
0
LINE
8
BLACK
6
CONTINUOUS
10
3.4616141732283463
20
-4.5617519685039367
11
3.4616141732283463
21
-4.5056496062992126
0
LINE
8
BLACK
6
CONTINUOUS
10
3.4616141732283463
20
-4.5056496062992126
11
3.4793307086614171
21
-4.5056496062992126
0
LINE
8
BLACK
6
CONTINUOUS
10
3.4793307086614171
20
-4.5056496062992126
11
3.4793307086614171
21
-4.5617519685039367
0
LINE
8
BLACK
6
CONTINUOUS
10
3.5049212598425195
20
-4.5617519685039367
11
3.4872047244094486
21
-4.5617519685039367
0
LINE
8
BLACK
6
CONTINUOUS
10
3.4872047244094486
20
-4.5617519685039367
11
3.4872047244094486
21
-4.5056496062992126
0
LINE
8
BLACK
6
CONTINUOUS
10
3.4872047244094486
20
-4.5056496062992126
11
3.5049212598425195
21
-4.5056496062992126
0
LINE
8
BLACK
6
CONTINUOUS
10
3.5049212598425195
20
-4.5056496062992126
11
3.5049212598425195
21
-4.5617519685039367
0
LINE
8
BLACK
6
CONTINUOUS
10
8.2149870472440938
20
-4.4998633858267718
11
8.218180196850394
21
-4.5019969685039367
0
LINE
8
BLACK
6
CONTINUOUS
10
8.218180196850394
20
-4.5019969685039367
11
8.220313779527558
21
-4.5051901181102361
0
LINE
8
BLACK
6
CONTINUOUS
10
8.220313779527558
20
-4.5051901181102361
11
8.2210629921259848
21
-4.5089566929133857
0
LINE
8
BLACK
6
CONTINUOUS
10
8.2210629921259848
20
-4.5089566929133857
11
8.2210629921259848
21
-4.5355314960629922
0
LINE
8
BLACK
6
CONTINUOUS
10
8.2210629921259848
20
-4.5355314960629922
11
8.220313779527558
21
-4.5392980708661419
0
LINE
8
BLACK
6
CONTINUOUS
10
8.220313779527558
20
-4.5392980708661419
11
8.218180196850394
21
-4.5424912204724412
0
LINE
8
BLACK
6
CONTINUOUS
10
8.218180196850394
20
-4.5424912204724412
11
8.2149870472440938
21
-4.5446248031496062
0
LINE
8
BLACK
6
CONTINUOUS
10
8.2149870472440938
20
-4.5446248031496062
11
8.2112204724409441
21
-4.5453740157480311
0
LINE
8
BLACK
6
CONTINUOUS
10
8.2112204724409441
20
-4.5453740157480311
11
8.1738188976377959
21
-4.5453740157480311
0
LINE
8
BLACK
6
CONTINUOUS
10
8.1738188976377959
20
-4.5453740157480311
11
8.1700523228346462
21
-4.5446248031496062
0
LINE
8
BLACK
6
CONTINUOUS
10
8.1700523228346462
20
-4.5446248031496062
11
8.166859173228346
21
-4.5424912204724412
0
LINE
8
BLACK
6
CONTINUOUS
10
8.166859173228346
20
-4.5424912204724412
11
8.1647255905511802
21
-4.5392980708661419
0
LINE
8
BLACK
6
CONTINUOUS
10
8.1647255905511802
20
-4.5392980708661419
11
8.1639763779527552
21
-4.5355314960629922
0
LINE
8
BLACK
6
CONTINUOUS
10
8.1639763779527552
20
-4.5355314960629922
11
8.1639763779527552
21
-4.5089566929133857
0
LINE
8
BLACK
6
CONTINUOUS
10
8.1639763779527552
20
-4.5089566929133857
11
8.1647255905511802
21
-4.5051901181102361
0
LINE
8
BLACK
6
CONTINUOUS
10
8.1647255905511802
20
-4.5051901181102361
11
8.166859173228346
21
-4.5019969685039367
0
LINE
8
BLACK
6
CONTINUOUS
10
8.166859173228346
20
-4.5019969685039367
11
8.1700523228346462
21
-4.4998633858267718
0
LINE
8
BLACK
6
CONTINUOUS
10
8.1700523228346462
20
-4.4998633858267718
11
8.1738188976377959
21
-4.4991141732283459
0
LINE
8
BLACK
6
CONTINUOUS
10
8.1738188976377959
20
-4.4991141732283459
11
8.2112204724409441
21
-4.4991141732283459
0
LINE
8
BLACK
6
CONTINUOUS
10
8.2112204724409441
20
-4.4991141732283459
11
8.2149870472440938
21
-4.4998633858267718
0
LINE
8
BLACK
6
CONTINUOUS
10
2.4852362204724407
20
-4.5307086614173224
11
2.4714566929133857
21
-4.5307086614173224
0
LINE
8
BLACK
6
CONTINUOUS
10
2.4714566929133857
20
-4.5307086614173224
11
2.4714566929133857
21
-4.4933070866141733
0
LINE
8
BLACK
6
CONTINUOUS
10
2.4714566929133857
20
-4.4933070866141733
11
2.4852362204724407
21
-4.4933070866141733
0
LINE
8
BLACK
6
CONTINUOUS
10
2.4852362204724407
20
-4.4933070866141733
11
2.4852362204724407
21
-4.5307086614173224
0
LINE
8
BLACK
6
CONTINUOUS
10
2.5108267716535431
20
-4.5307086614173224
11
2.497047244094488
21
-4.5307086614173224
0
LINE
8
BLACK
6
CONTINUOUS
10
2.497047244094488
20
-4.5307086614173224
11
2.497047244094488
21
-4.4933070866141733
0
LINE
8
BLACK
6
CONTINUOUS
10
2.497047244094488
20
-4.4933070866141733
11
2.5108267716535431
21
-4.4933070866141733
0
LINE
8
BLACK
6
CONTINUOUS
10
2.5108267716535431
20
-4.4933070866141733
11
2.5108267716535431
21
-4.5307086614173224
0
LINE
8
BLACK
6
CONTINUOUS
10
2.5364173228346458
20
-4.5307086614173224
11
2.5226377952755903
21
-4.5307086614173224
0
LINE
8
BLACK
6
CONTINUOUS
10
2.5226377952755903
20
-4.5307086614173224
11
2.5226377952755903
21
-4.4933070866141733
0
LINE
8
BLACK
6
CONTINUOUS
10
2.5226377952755903
20
-4.4933070866141733
11
2.5364173228346458
21
-4.4933070866141733
0
LINE
8
BLACK
6
CONTINUOUS
10
2.5364173228346458
20
-4.4933070866141733
11
2.5364173228346458
21
-4.5307086614173224
0
LINE
8
BLACK
6
CONTINUOUS
10
3.9525854724409446
20
-4.3885444881889759
11
3.955778622047244
21
-4.3906780708661417
0
LINE
8
BLACK
6
CONTINUOUS
10
3.955778622047244
20
-4.3906780708661417
11
3.9579122047244093
21
-4.3938712204724411
0
LINE
8
BLACK
6
CONTINUOUS
10
3.9579122047244093
20
-4.3938712204724411
11
3.9586614173228347
21
-4.3976377952755907
0
LINE
8
BLACK
6
CONTINUOUS
10
3.9586614173228347
20
-4.3976377952755907
11
3.9586614173228347
21
-4.4803149606299213
0
LINE
8
BLACK
6
CONTINUOUS
10
3.9586614173228347
20
-4.4803149606299213
11
3.9579122047244093
21
-4.484081535433071
0
LINE
8
BLACK
6
CONTINUOUS
10
3.9579122047244093
20
-4.484081535433071
11
3.955778622047244
21
-4.4872746850393703
0
LINE
8
BLACK
6
CONTINUOUS
10
3.955778622047244
20
-4.4872746850393703
11
3.9525854724409446
21
-4.4894082677165352
0
LINE
8
BLACK
6
CONTINUOUS
10
3.9525854724409446
20
-4.4894082677165352
11
3.9488188976377954
21
-4.4901574803149602
0
LINE
8
BLACK
6
CONTINUOUS
10
3.9488188976377954
20
-4.4901574803149602
11
3.9055118110236218
21
-4.4901574803149602
0
LINE
8
BLACK
6
CONTINUOUS
10
3.9055118110236218
20
-4.4901574803149602
11
3.9017452362204725
21
-4.4894082677165352
0
LINE
8
BLACK
6
CONTINUOUS
10
3.9017452362204725
20
-4.4894082677165352
11
3.8985520866141732
21
-4.4872746850393703
0
LINE
8
BLACK
6
CONTINUOUS
10
3.8985520866141732
20
-4.4872746850393703
11
3.8964185039370078
21
-4.484081535433071
0
LINE
8
BLACK
6
CONTINUOUS
10
3.8964185039370078
20
-4.484081535433071
11
3.8956692913385824
21
-4.4803149606299213
0
LINE
8
BLACK
6
CONTINUOUS
10
3.8956692913385824
20
-4.4803149606299213
11
3.8956692913385824
21
-4.3976377952755907
0
LINE
8
BLACK
6
CONTINUOUS
10
3.8956692913385824
20
-4.3976377952755907
11
3.8964185039370078
21
-4.3938712204724411
0
LINE
8
BLACK
6
CONTINUOUS
10
3.8964185039370078
20
-4.3938712204724411
11
3.8985520866141732
21
-4.3906780708661417
0
LINE
8
BLACK
6
CONTINUOUS
10
3.8985520866141732
20
-4.3906780708661417
11
3.9017452362204725
21
-4.3885444881889759
0
LINE
8
BLACK
6
CONTINUOUS
10
3.9017452362204725
20
-4.3885444881889759
11
3.9055118110236218
21
-4.3877952755905509
0
LINE
8
BLACK
6
CONTINUOUS
10
3.9055118110236218
20
-4.3877952755905509
11
3.9488188976377954
21
-4.3877952755905509
0
LINE
8
BLACK
6
CONTINUOUS
10
3.9488188976377954
20
-4.3877952755905509
11
3.9525854724409446
21
-4.3885444881889759
0
LINE
8
BLACK
6
CONTINUOUS
10
2.4675196850393699
20
-4.4893700787401576
11
2.4301181102362204
21
-4.4893700787401576
0
LINE
8
BLACK
6
CONTINUOUS
10
2.4301181102362204
20
-4.4893700787401576
11
2.4301181102362204
21
-4.4755905511811021
0
LINE
8
BLACK
6
CONTINUOUS
10
2.4301181102362204
20
-4.4755905511811021
11
2.4675196850393699
21
-4.4755905511811021
0
LINE
8
BLACK
6
CONTINUOUS
10
2.4675196850393699
20
-4.4755905511811021
11
2.4675196850393699
21
-4.4893700787401576
0
LINE
8
BLACK
6
CONTINUOUS
10
2.5777559055118111
20
-4.4893700787401576
11
2.5403543307086616
21
-4.4893700787401576
0
LINE
8
BLACK
6
CONTINUOUS
10
2.5403543307086616
20
-4.4893700787401576
11
2.5403543307086616
21
-4.4755905511811021
0
LINE
8
BLACK
6
CONTINUOUS
10
2.5403543307086616
20
-4.4755905511811021
11
2.5777559055118111
21
-4.4755905511811021
0
LINE
8
BLACK
6
CONTINUOUS
10
2.5777559055118111
20
-4.4755905511811021
11
2.5777559055118111
21
-4.4893700787401576
0
LINE
8
BLACK
6
CONTINUOUS
10
3.2750264173228345
20
-4.4314578740157478
11
3.2782195669291339
21
-4.4335914566929135
0
LINE
8
BLACK
6
CONTINUOUS
10
3.2782195669291339
20
-4.4335914566929135
11
3.2803531496062992
21
-4.4367846062992129
0
LINE
8
BLACK
6
CONTINUOUS
10
3.2803531496062992
20
-4.4367846062992129
11
3.2811023622047242
21
-4.4405511811023617
0
LINE
8
BLACK
6
CONTINUOUS
10
3.2811023622047242
20
-4.4405511811023617
11
3.2811023622047242
21
-4.4759842519685042
0
LINE
8
BLACK
6
CONTINUOUS
10
3.2811023622047242
20
-4.4759842519685042
11
3.2803531496062992
21
-4.479750826771653
0
LINE
8
BLACK
6
CONTINUOUS
10
3.2803531496062992
20
-4.479750826771653
11
3.2782195669291339
21
-4.4829439763779524
0
LINE
8
BLACK
6
CONTINUOUS
10
3.2782195669291339
20
-4.4829439763779524
11
3.2750264173228345
21
-4.4850775590551182
0
LINE
8
BLACK
6
CONTINUOUS
10
3.2750264173228345
20
-4.4850775590551182
11
3.2712598425196848
21
-4.4858267716535432
0
LINE
8
BLACK
6
CONTINUOUS
10
3.2712598425196848
20
-4.4858267716535432
11
3.2437007874015746
21
-4.4858267716535432
0
LINE
8
BLACK
6
CONTINUOUS
10
3.2437007874015746
20
-4.4858267716535432
11
3.239934212598425
21
-4.4850775590551182
0
LINE
8
BLACK
6
CONTINUOUS
10
3.239934212598425
20
-4.4850775590551182
11
3.2367410629921261
21
-4.4829439763779524
0
LINE
8
BLACK
6
CONTINUOUS
10
3.2367410629921261
20
-4.4829439763779524
11
3.2346074803149607
21
-4.479750826771653
0
LINE
8
BLACK
6
CONTINUOUS
10
3.2346074803149607
20
-4.479750826771653
11
3.2338582677165353
21
-4.4759842519685042
0
LINE
8
BLACK
6
CONTINUOUS
10
3.2338582677165353
20
-4.4759842519685042
11
3.2338582677165353
21
-4.4405511811023617
0
LINE
8
BLACK
6
CONTINUOUS
10
3.2338582677165353
20
-4.4405511811023617
11
3.2346074803149607
21
-4.4367846062992129
0
LINE
8
BLACK
6
CONTINUOUS
10
3.2346074803149607
20
-4.4367846062992129
11
3.2367410629921261
21
-4.4335914566929135
0
LINE
8
BLACK
6
CONTINUOUS
10
3.2367410629921261
20
-4.4335914566929135
11
3.239934212598425
21
-4.4314578740157478
0
LINE
8
BLACK
6
CONTINUOUS
10
3.239934212598425
20
-4.4314578740157478
11
3.2437007874015746
21
-4.4307086614173228
0
LINE
8
BLACK
6
CONTINUOUS
10
3.2437007874015746
20
-4.4307086614173228
11
3.2712598425196848
21
-4.4307086614173228
0
LINE
8
BLACK
6
CONTINUOUS
10
3.2712598425196848
20
-4.4307086614173228
11
3.2750264173228345
21
-4.4314578740157478
0
LINE
8
BLACK
6
CONTINUOUS
10
3.3537665748031493
20
-4.4314578740157478
11
3.3569597244094487
21
-4.4335914566929135
0
LINE
8
BLACK
6
CONTINUOUS
10
3.3569597244094487
20
-4.4335914566929135
11
3.359093307086614
21
-4.4367846062992129
0
LINE
8
BLACK
6
CONTINUOUS
10
3.359093307086614
20
-4.4367846062992129
11
3.3598425196850394
21
-4.4405511811023617
0
LINE
8
BLACK
6
CONTINUOUS
10
3.3598425196850394
20
-4.4405511811023617
11
3.3598425196850394
21
-4.4759842519685042
0
LINE
8
BLACK
6
CONTINUOUS
10
3.3598425196850394
20
-4.4759842519685042
11
3.359093307086614
21
-4.479750826771653
0
LINE
8
BLACK
6
CONTINUOUS
10
3.359093307086614
20
-4.479750826771653
11
3.3569597244094487
21
-4.4829439763779524
0
LINE
8
BLACK
6
CONTINUOUS
10
3.3569597244094487
20
-4.4829439763779524
11
3.3537665748031493
21
-4.4850775590551182
0
LINE
8
BLACK
6
CONTINUOUS
10
3.3537665748031493
20
-4.4850775590551182
11
3.3500000000000001
21
-4.4858267716535432
0
LINE
8
BLACK
6
CONTINUOUS
10
3.3500000000000001
20
-4.4858267716535432
11
3.3224409448818899
21
-4.4858267716535432
0
LINE
8
BLACK
6
CONTINUOUS
10
3.3224409448818899
20
-4.4858267716535432
11
3.3186743700787402
21
-4.4850775590551182
0
LINE
8
BLACK
6
CONTINUOUS
10
3.3186743700787402
20
-4.4850775590551182
11
3.3154812204724409
21
-4.4829439763779524
0
LINE
8
BLACK
6
CONTINUOUS
10
3.3154812204724409
20
-4.4829439763779524
11
3.3133476377952755
21
-4.479750826771653
0
LINE
8
BLACK
6
CONTINUOUS
10
3.3133476377952755
20
-4.479750826771653
11
3.3125984251968501
21
-4.4759842519685042
0
LINE
8
BLACK
6
CONTINUOUS
10
3.3125984251968501
20
-4.4759842519685042
11
3.3125984251968501
21
-4.4405511811023617
0
LINE
8
BLACK
6
CONTINUOUS
10
3.3125984251968501
20
-4.4405511811023617
11
3.3133476377952755
21
-4.4367846062992129
0
LINE
8
BLACK
6
CONTINUOUS
10
3.3133476377952755
20
-4.4367846062992129
11
3.3154812204724409
21
-4.4335914566929135
0
LINE
8
BLACK
6
CONTINUOUS
10
3.3154812204724409
20
-4.4335914566929135
11
3.3186743700787402
21
-4.4314578740157478
0
LINE
8
BLACK
6
CONTINUOUS
10
3.3186743700787402
20
-4.4314578740157478
11
3.3224409448818899
21
-4.4307086614173228
0
LINE
8
BLACK
6
CONTINUOUS
10
3.3224409448818899
20
-4.4307086614173228
11
3.3500000000000001
21
-4.4307086614173228
0
LINE
8
BLACK
6
CONTINUOUS
10
3.3500000000000001
20
-4.4307086614173228
11
3.3537665748031493
21
-4.4314578740157478
0
LINE
8
BLACK
6
CONTINUOUS
10
4.1858531889763775
20
-4.4264381889763778
11
4.1890463385826768
21
-4.4285717716535435
0
LINE
8
BLACK
6
CONTINUOUS
10
4.1890463385826768
20
-4.4285717716535435
11
4.1911799212598426
21
-4.431764921259842
0
LINE
8
BLACK
6
CONTINUOUS
10
4.1911799212598426
20
-4.431764921259842
11
4.1919291338582676
21
-4.4355314960629917
0
LINE
8
BLACK
6
CONTINUOUS
10
4.1919291338582676
20
-4.4355314960629917
11
4.1919291338582676
21
-4.4621062992125982
0
LINE
8
BLACK
6
CONTINUOUS
10
4.1919291338582676
20
-4.4621062992125982
11
4.1911799212598426
21
-4.4658728740157478
0
LINE
8
BLACK
6
CONTINUOUS
10
4.1911799212598426
20
-4.4658728740157478
11
4.1890463385826768
21
-4.4690660236220472
0
LINE
8
BLACK
6
CONTINUOUS
10
4.1890463385826768
20
-4.4690660236220472
11
4.1858531889763775
21
-4.4711996062992121
0
LINE
8
BLACK
6
CONTINUOUS
10
4.1858531889763775
20
-4.4711996062992121
11
4.1820866141732287
21
-4.471948818897638
0
LINE
8
BLACK
6
CONTINUOUS
10
4.1820866141732287
20
-4.471948818897638
11
4.1446850393700787
21
-4.471948818897638
0
LINE
8
BLACK
6
CONTINUOUS
10
4.1446850393700787
20
-4.471948818897638
11
4.140918464566929
21
-4.4711996062992121
0
LINE
8
BLACK
6
CONTINUOUS
10
4.140918464566929
20
-4.4711996062992121
11
4.1377253149606297
21
-4.4690660236220472
0
LINE
8
BLACK
6
CONTINUOUS
10
4.1377253149606297
20
-4.4690660236220472
11
4.1355917322834648
21
-4.4658728740157478
0
LINE
8
BLACK
6
CONTINUOUS
10
4.1355917322834648
20
-4.4658728740157478
11
4.1348425196850389
21
-4.4621062992125982
0
LINE
8
BLACK
6
CONTINUOUS
10
4.1348425196850389
20
-4.4621062992125982
11
4.1348425196850389
21
-4.4355314960629917
0
LINE
8
BLACK
6
CONTINUOUS
10
4.1348425196850389
20
-4.4355314960629917
11
4.1355917322834648
21
-4.431764921259842
0
LINE
8
BLACK
6
CONTINUOUS
10
4.1355917322834648
20
-4.431764921259842
11
4.1377253149606297
21
-4.4285717716535435
0
LINE
8
BLACK
6
CONTINUOUS
10
4.1377253149606297
20
-4.4285717716535435
11
4.140918464566929
21
-4.4264381889763778
0
LINE
8
BLACK
6
CONTINUOUS
10
4.140918464566929
20
-4.4264381889763778
11
4.1446850393700787
21
-4.4256889763779528
0
LINE
8
BLACK
6
CONTINUOUS
10
4.1446850393700787
20
-4.4256889763779528
11
4.1820866141732287
21
-4.4256889763779528
0
LINE
8
BLACK
6
CONTINUOUS
10
4.1820866141732287
20
-4.4256889763779528
11
4.1858531889763775
21
-4.4264381889763778
0
LINE
8
BLACK
6
CONTINUOUS
10
5.602152401574803
20
-4.4216940944881893
11
5.6053455511811023
21
-4.4238276771653542
0
LINE
8
BLACK
6
CONTINUOUS
10
5.6053455511811023
20
-4.4238276771653542
11
5.6074791338582672
21
-4.4270208267716535
0
LINE
8
BLACK
6
CONTINUOUS
10
5.6074791338582672
20
-4.4270208267716535
11
5.6082283464566931
21
-4.4307874015748032
0
LINE
8
BLACK
6
CONTINUOUS
10
5.6082283464566931
20
-4.4307874015748032
11
5.6082283464566931
21
-4.4583464566929134
0
LINE
8
BLACK
6
CONTINUOUS
10
5.6082283464566931
20
-4.4583464566929134
11
5.6074791338582672
21
-4.4621130314960631
0
LINE
8
BLACK
6
CONTINUOUS
10
5.6074791338582672
20
-4.4621130314960631
11
5.6053455511811023
21
-4.4653061811023624
0
LINE
8
BLACK
6
CONTINUOUS
10
5.6053455511811023
20
-4.4653061811023624
11
5.602152401574803
21
-4.4674397637795273
0
LINE
8
BLACK
6
CONTINUOUS
10
5.602152401574803
20
-4.4674397637795273
11
5.5983858267716533
21
-4.4681889763779523
0
LINE
8
BLACK
6
CONTINUOUS
10
5.5983858267716533
20
-4.4681889763779523
11
5.5629527559055116
21
-4.4681889763779523
0
LINE
8
BLACK
6
CONTINUOUS
10
5.5629527559055116
20
-4.4681889763779523
11
5.559186181102362
21
-4.4674397637795273
0
LINE
8
BLACK
6
CONTINUOUS
10
5.559186181102362
20
-4.4674397637795273
11
5.5559930314960626
21
-4.4653061811023624
0
LINE
8
BLACK
6
CONTINUOUS
10
5.5559930314960626
20
-4.4653061811023624
11
5.5538594488188977
21
-4.4621130314960631
0
LINE
8
BLACK
6
CONTINUOUS
10
5.5538594488188977
20
-4.4621130314960631
11
5.5531102362204727
21
-4.4583464566929134
0
LINE
8
BLACK
6
CONTINUOUS
10
5.5531102362204727
20
-4.4583464566929134
11
5.5531102362204727
21
-4.4307874015748032
0
LINE
8
BLACK
6
CONTINUOUS
10
5.5531102362204727
20
-4.4307874015748032
11
5.5538594488188977
21
-4.4270208267716535
0
LINE
8
BLACK
6
CONTINUOUS
10
5.5538594488188977
20
-4.4270208267716535
11
5.5559930314960626
21
-4.4238276771653542
0
LINE
8
BLACK
6
CONTINUOUS
10
5.5559930314960626
20
-4.4238276771653542
11
5.559186181102362
21
-4.4216940944881893
0
LINE
8
BLACK
6
CONTINUOUS
10
5.559186181102362
20
-4.4216940944881893
11
5.5629527559055116
21
-4.4209448818897634
0
LINE
8
BLACK
6
CONTINUOUS
10
5.5629527559055116
20
-4.4209448818897634
11
5.5983858267716533
21
-4.4209448818897634
0
LINE
8
BLACK
6
CONTINUOUS
10
5.5983858267716533
20
-4.4209448818897634
11
5.602152401574803
21
-4.4216940944881893
0
LINE
8
BLACK
6
CONTINUOUS
10
2.4675196850393699
20
-4.4637795275590548
11
2.4301181102362204
21
-4.4637795275590548
0
LINE
8
BLACK
6
CONTINUOUS
10
2.4301181102362204
20
-4.4637795275590548
11
2.4301181102362204
21
-4.4500000000000002
0
LINE
8
BLACK
6
CONTINUOUS
10
2.4301181102362204
20
-4.4500000000000002
11
2.4675196850393699
21
-4.4500000000000002
0
LINE
8
BLACK
6
CONTINUOUS
10
2.4675196850393699
20
-4.4500000000000002
11
2.4675196850393699
21
-4.4637795275590548
0
LINE
8
BLACK
6
CONTINUOUS
10
2.5777559055118111
20
-4.4637795275590548
11
2.5403543307086616
21
-4.4637795275590548
0
LINE
8
BLACK
6
CONTINUOUS
10
2.5403543307086616
20
-4.4637795275590548
11
2.5403543307086616
21
-4.4500000000000002
0
LINE
8
BLACK
6
CONTINUOUS
10
2.5403543307086616
20
-4.4500000000000002
11
2.5777559055118111
21
-4.4500000000000002
0
LINE
8
BLACK
6
CONTINUOUS
10
2.5777559055118111
20
-4.4500000000000002
11
2.5777559055118111
21
-4.4637795275590548
0
LINE
8
BLACK
6
CONTINUOUS
10
2.4675196850393699
20
-4.438188976377953
11
2.4301181102362204
21
-4.438188976377953
0
LINE
8
BLACK
6
CONTINUOUS
10
2.4301181102362204
20
-4.438188976377953
11
2.4301181102362204
21
-4.4244094488188974
0
LINE
8
BLACK
6
CONTINUOUS
10
2.4301181102362204
20
-4.4244094488188974
11
2.4675196850393699
21
-4.4244094488188974
0
LINE
8
BLACK
6
CONTINUOUS
10
2.4675196850393699
20
-4.4244094488188974
11
2.4675196850393699
21
-4.438188976377953
0
LINE
8
BLACK
6
CONTINUOUS
10
2.5777559055118111
20
-4.438188976377953
11
2.5403543307086616
21
-4.438188976377953
0
LINE
8
BLACK
6
CONTINUOUS
10
2.5403543307086616
20
-4.438188976377953
11
2.5403543307086616
21
-4.4244094488188974
0
LINE
8
BLACK
6
CONTINUOUS
10
2.5403543307086616
20
-4.4244094488188974
11
2.5777559055118111
21
-4.4244094488188974
0
LINE
8
BLACK
6
CONTINUOUS
10
2.5777559055118111
20
-4.4244094488188974
11
2.5777559055118111
21
-4.438188976377953
0
LINE
8
BLACK
6
CONTINUOUS
10
2.4852362204724407
20
-4.4204724409448817
11
2.4714566929133857
21
-4.4204724409448817
0
LINE
8
BLACK
6
CONTINUOUS
10
2.4714566929133857
20
-4.4204724409448817
11
2.4714566929133857
21
-4.3830708661417326
0
LINE
8
BLACK
6
CONTINUOUS
10
2.4714566929133857
20
-4.3830708661417326
11
2.4852362204724407
21
-4.3830708661417326
0
LINE
8
BLACK
6
CONTINUOUS
10
2.4852362204724407
20
-4.3830708661417326
11
2.4852362204724407
21
-4.4204724409448817
0
LINE
8
BLACK
6
CONTINUOUS
10
2.5108267716535431
20
-4.4204724409448817
11
2.497047244094488
21
-4.4204724409448817
0
LINE
8
BLACK
6
CONTINUOUS
10
2.497047244094488
20
-4.4204724409448817
11
2.497047244094488
21
-4.3830708661417326
0
LINE
8
BLACK
6
CONTINUOUS
10
2.497047244094488
20
-4.3830708661417326
11
2.5108267716535431
21
-4.3830708661417326
0
LINE
8
BLACK
6
CONTINUOUS
10
2.5108267716535431
20
-4.3830708661417326
11
2.5108267716535431
21
-4.4204724409448817
0
LINE
8
BLACK
6
CONTINUOUS
10
2.5364173228346458
20
-4.4204724409448817
11
2.5226377952755903
21
-4.4204724409448817
0
LINE
8
BLACK
6
CONTINUOUS
10
2.5226377952755903
20
-4.4204724409448817
11
2.5226377952755903
21
-4.3830708661417326
0
LINE
8
BLACK
6
CONTINUOUS
10
2.5226377952755903
20
-4.3830708661417326
11
2.5364173228346458
21
-4.3830708661417326
0
LINE
8
BLACK
6
CONTINUOUS
10
2.5364173228346458
20
-4.3830708661417326
11
2.5364173228346458
21
-4.4204724409448817
0
LINE
8
BLACK
6
CONTINUOUS
10
3.590380748031496
20
-4.362953937007874
11
3.5935738976377953
21
-4.3650875196850389
0
LINE
8
BLACK
6
CONTINUOUS
10
3.5935738976377953
20
-4.3650875196850389
11
3.5957074803149607
21
-4.3682806692913383
0
LINE
8
BLACK
6
CONTINUOUS
10
3.5957074803149607
20
-4.3682806692913383
11
3.5964566929133857
21
-4.372047244094488
0
LINE
8
BLACK
6
CONTINUOUS
10
3.5964566929133857
20
-4.372047244094488
11
3.5964566929133857
21
-4.4074803149606296
0
LINE
8
BLACK
6
CONTINUOUS
10
3.5964566929133857
20
-4.4074803149606296
11
3.5957074803149607
21
-4.4112468897637793
0
LINE
8
BLACK
6
CONTINUOUS
10
3.5957074803149607
20
-4.4112468897637793
11
3.5935738976377953
21
-4.4144400393700787
0
LINE
8
BLACK
6
CONTINUOUS
10
3.5935738976377953
20
-4.4144400393700787
11
3.590380748031496
21
-4.4165736220472436
0
LINE
8
BLACK
6
CONTINUOUS
10
3.590380748031496
20
-4.4165736220472436
11
3.5866141732283463
21
-4.4173228346456694
0
LINE
8
BLACK
6
CONTINUOUS
10
3.5866141732283463
20
-4.4173228346456694
11
3.5590551181102361
21
-4.4173228346456694
0
LINE
8
BLACK
6
CONTINUOUS
10
3.5590551181102361
20
-4.4173228346456694
11
3.5552885433070864
21
-4.4165736220472436
0
LINE
8
BLACK
6
CONTINUOUS
10
3.5552885433070864
20
-4.4165736220472436
11
3.5520953937007875
21
-4.4144400393700787
0
LINE
8
BLACK
6
CONTINUOUS
10
3.5520953937007875
20
-4.4144400393700787
11
3.5499618110236222
21
-4.4112468897637793
0
LINE
8
BLACK
6
CONTINUOUS
10
3.5499618110236222
20
-4.4112468897637793
11
3.5492125984251968
21
-4.4074803149606296
0
LINE
8
BLACK
6
CONTINUOUS
10
3.5492125984251968
20
-4.4074803149606296
11
3.5492125984251968
21
-4.372047244094488
0
LINE
8
BLACK
6
CONTINUOUS
10
3.5492125984251968
20
-4.372047244094488
11
3.5499618110236222
21
-4.3682806692913383
0
LINE
8
BLACK
6
CONTINUOUS
10
3.5499618110236222
20
-4.3682806692913383
11
3.5520953937007875
21
-4.3650875196850389
0
LINE
8
BLACK
6
CONTINUOUS
10
3.5520953937007875
20
-4.3650875196850389
11
3.5552885433070864
21
-4.362953937007874
0
LINE
8
BLACK
6
CONTINUOUS
10
3.5552885433070864
20
-4.362953937007874
11
3.5590551181102361
21
-4.3622047244094491
0
LINE
8
BLACK
6
CONTINUOUS
10
3.5590551181102361
20
-4.3622047244094491
11
3.5866141732283463
21
-4.3622047244094491
0
LINE
8
BLACK
6
CONTINUOUS
10
3.5866141732283463
20
-4.3622047244094491
11
3.590380748031496
21
-4.362953937007874
0
LINE
8
BLACK
6
CONTINUOUS
10
3.6691209055118108
20
-4.362953937007874
11
3.6723140551181102
21
-4.3650875196850389
0
LINE
8
BLACK
6
CONTINUOUS
10
3.6723140551181102
20
-4.3650875196850389
11
3.6744476377952755
21
-4.3682806692913383
0
LINE
8
BLACK
6
CONTINUOUS
10
3.6744476377952755
20
-4.3682806692913383
11
3.6751968503937009
21
-4.372047244094488
0
LINE
8
BLACK
6
CONTINUOUS
10
3.6751968503937009
20
-4.372047244094488
11
3.6751968503937009
21
-4.4074803149606296
0
LINE
8
BLACK
6
CONTINUOUS
10
3.6751968503937009
20
-4.4074803149606296
11
3.6744476377952755
21
-4.4112468897637793
0
LINE
8
BLACK
6
CONTINUOUS
10
3.6744476377952755
20
-4.4112468897637793
11
3.6723140551181102
21
-4.4144400393700787
0
LINE
8
BLACK
6
CONTINUOUS
10
3.6723140551181102
20
-4.4144400393700787
11
3.6691209055118108
21
-4.4165736220472436
0
LINE
8
BLACK
6
CONTINUOUS
10
3.6691209055118108
20
-4.4165736220472436
11
3.6653543307086611
21
-4.4173228346456694
0
LINE
8
BLACK
6
CONTINUOUS
10
3.6653543307086611
20
-4.4173228346456694
11
3.6377952755905509
21
-4.4173228346456694
0
LINE
8
BLACK
6
CONTINUOUS
10
3.6377952755905509
20
-4.4173228346456694
11
3.6340287007874017
21
-4.4165736220472436
0
LINE
8
BLACK
6
CONTINUOUS
10
3.6340287007874017
20
-4.4165736220472436
11
3.6308355511811023
21
-4.4144400393700787
0
LINE
8
BLACK
6
CONTINUOUS
10
3.6308355511811023
20
-4.4144400393700787
11
3.628701968503937
21
-4.4112468897637793
0
LINE
8
BLACK
6
CONTINUOUS
10
3.628701968503937
20
-4.4112468897637793
11
3.6279527559055116
21
-4.4074803149606296
0
LINE
8
BLACK
6
CONTINUOUS
10
3.6279527559055116
20
-4.4074803149606296
11
3.6279527559055116
21
-4.372047244094488
0
LINE
8
BLACK
6
CONTINUOUS
10
3.6279527559055116
20
-4.372047244094488
11
3.628701968503937
21
-4.3682806692913383
0
LINE
8
BLACK
6
CONTINUOUS
10
3.628701968503937
20
-4.3682806692913383
11
3.6308355511811023
21
-4.3650875196850389
0
LINE
8
BLACK
6
CONTINUOUS
10
3.6308355511811023
20
-4.3650875196850389
11
3.6340287007874017
21
-4.362953937007874
0
LINE
8
BLACK
6
CONTINUOUS
10
3.6340287007874017
20
-4.362953937007874
11
3.6377952755905509
21
-4.3622047244094491
0
LINE
8
BLACK
6
CONTINUOUS
10
3.6377952755905509
20
-4.3622047244094491
11
3.6653543307086611
21
-4.3622047244094491
0
LINE
8
BLACK
6
CONTINUOUS
10
3.6653543307086611
20
-4.3622047244094491
11
3.6691209055118108
21
-4.362953937007874
0
LINE
8
BLACK
6
CONTINUOUS
10
3.468333503937008
20
-4.3472059055118111
11
3.4715266535433069
21
-4.349339488188976
0
LINE
8
BLACK
6
CONTINUOUS
10
3.4715266535433069
20
-4.349339488188976
11
3.4736602362204723
21
-4.3525326377952753
0
LINE
8
BLACK
6
CONTINUOUS
10
3.4736602362204723
20
-4.3525326377952753
11
3.4744094488188977
21
-4.356299212598425
0
LINE
8
BLACK
6
CONTINUOUS
10
3.4744094488188977
20
-4.356299212598425
11
3.4744094488188977
21
-4.3838582677165352
0
LINE
8
BLACK
6
CONTINUOUS
10
3.4744094488188977
20
-4.3838582677165352
11
3.4736602362204723
21
-4.3876248425196849
0
LINE
8
BLACK
6
CONTINUOUS
10
3.4736602362204723
20
-4.3876248425196849
11
3.4715266535433069
21
-4.3908179921259842
0
LINE
8
BLACK
6
CONTINUOUS
10
3.4715266535433069
20
-4.3908179921259842
11
3.468333503937008
21
-4.3929515748031491
0
LINE
8
BLACK
6
CONTINUOUS
10
3.468333503937008
20
-4.3929515748031491
11
3.4645669291338583
21
-4.393700787401575
0
LINE
8
BLACK
6
CONTINUOUS
10
3.4645669291338583
20
-4.393700787401575
11
3.4291338582677167
21
-4.393700787401575
0
LINE
8
BLACK
6
CONTINUOUS
10
3.4291338582677167
20
-4.393700787401575
11
3.425367283464567
21
-4.3929515748031491
0
LINE
8
BLACK
6
CONTINUOUS
10
3.425367283464567
20
-4.3929515748031491
11
3.4221741338582676
21
-4.3908179921259842
0
LINE
8
BLACK
6
CONTINUOUS
10
3.4221741338582676
20
-4.3908179921259842
11
3.4200405511811023
21
-4.3876248425196849
0
LINE
8
BLACK
6
CONTINUOUS
10
3.4200405511811023
20
-4.3876248425196849
11
3.4192913385826773
21
-4.3838582677165352
0
LINE
8
BLACK
6
CONTINUOUS
10
3.4192913385826773
20
-4.3838582677165352
11
3.4192913385826773
21
-4.356299212598425
0
LINE
8
BLACK
6
CONTINUOUS
10
3.4192913385826773
20
-4.356299212598425
11
3.4200405511811023
21
-4.3525326377952753
0
LINE
8
BLACK
6
CONTINUOUS
10
3.4200405511811023
20
-4.3525326377952753
11
3.4221741338582676
21
-4.349339488188976
0
LINE
8
BLACK
6
CONTINUOUS
10
3.4221741338582676
20
-4.349339488188976
11
3.425367283464567
21
-4.3472059055118111
0
LINE
8
BLACK
6
CONTINUOUS
10
3.425367283464567
20
-4.3472059055118111
11
3.4291338582677167
21
-4.3464566929133861
0
LINE
8
BLACK
6
CONTINUOUS
10
3.4291338582677167
20
-4.3464566929133861
11
3.4645669291338583
21
-4.3464566929133861
0
LINE
8
BLACK
6
CONTINUOUS
10
3.4645669291338583
20
-4.3464566929133861
11
3.468333503937008
21
-4.3472059055118111
0
LINE
8
BLACK
6
CONTINUOUS
10
4.1858531889763775
20
-4.3447452755905509
11
4.1890463385826768
21
-4.3468788582677167
0
LINE
8
BLACK
6
CONTINUOUS
10
4.1890463385826768
20
-4.3468788582677167
11
4.1911799212598426
21
-4.350072007874016
0
LINE
8
BLACK
6
CONTINUOUS
10
4.1911799212598426
20
-4.350072007874016
11
4.1919291338582676
21
-4.3538385826771648
0
LINE
8
BLACK
6
CONTINUOUS
10
4.1919291338582676
20
-4.3538385826771648
11
4.1919291338582676
21
-4.3804133858267713
0
LINE
8
BLACK
6
CONTINUOUS
10
4.1919291338582676
20
-4.3804133858267713
11
4.1911799212598426
21
-4.384179960629921
0
LINE
8
BLACK
6
CONTINUOUS
10
4.1911799212598426
20
-4.384179960629921
11
4.1890463385826768
21
-4.3873731102362203
0
LINE
8
BLACK
6
CONTINUOUS
10
4.1890463385826768
20
-4.3873731102362203
11
4.1858531889763775
21
-4.3895066929133861
0
LINE
8
BLACK
6
CONTINUOUS
10
4.1858531889763775
20
-4.3895066929133861
11
4.1820866141732287
21
-4.3902559055118111
0
LINE
8
BLACK
6
CONTINUOUS
10
4.1820866141732287
20
-4.3902559055118111
11
4.1446850393700787
21
-4.3902559055118111
0
LINE
8
BLACK
6
CONTINUOUS
10
4.1446850393700787
20
-4.3902559055118111
11
4.140918464566929
21
-4.3895066929133861
0
LINE
8
BLACK
6
CONTINUOUS
10
4.140918464566929
20
-4.3895066929133861
11
4.1377253149606297
21
-4.3873731102362203
0
LINE
8
BLACK
6
CONTINUOUS
10
4.1377253149606297
20
-4.3873731102362203
11
4.1355917322834648
21
-4.384179960629921
0
LINE
8
BLACK
6
CONTINUOUS
10
4.1355917322834648
20
-4.384179960629921
11
4.1348425196850389
21
-4.3804133858267713
0
LINE
8
BLACK
6
CONTINUOUS
10
4.1348425196850389
20
-4.3804133858267713
11
4.1348425196850389
21
-4.3538385826771648
0
LINE
8
BLACK
6
CONTINUOUS
10
4.1348425196850389
20
-4.3538385826771648
11
4.1355917322834648
21
-4.350072007874016
0
LINE
8
BLACK
6
CONTINUOUS
10
4.1355917322834648
20
-4.350072007874016
11
4.1377253149606297
21
-4.3468788582677167
0
LINE
8
BLACK
6
CONTINUOUS
10
4.1377253149606297
20
-4.3468788582677167
11
4.140918464566929
21
-4.3447452755905509
0
LINE
8
BLACK
6
CONTINUOUS
10
4.140918464566929
20
-4.3447452755905509
11
4.1446850393700787
21
-4.3439960629921259
0
LINE
8
BLACK
6
CONTINUOUS
10
4.1446850393700787
20
-4.3439960629921259
11
4.1820866141732287
21
-4.3439960629921259
0
LINE
8
BLACK
6
CONTINUOUS
10
4.1820866141732287
20
-4.3439960629921259
11
4.1858531889763775
21
-4.3447452755905509
0
LINE
8
BLACK
6
CONTINUOUS
10
5.602152401574803
20
-4.3429539370078736
11
5.6053455511811023
21
-4.3450875196850394
0
LINE
8
BLACK
6
CONTINUOUS
10
5.6053455511811023
20
-4.3450875196850394
11
5.6074791338582672
21
-4.3482806692913387
0
LINE
8
BLACK
6
CONTINUOUS
10
5.6074791338582672
20
-4.3482806692913387
11
5.6082283464566931
21
-4.3520472440944884
0
LINE
8
BLACK
6
CONTINUOUS
10
5.6082283464566931
20
-4.3520472440944884
11
5.6082283464566931
21
-4.3796062992125986
0
LINE
8
BLACK
6
CONTINUOUS
10
5.6082283464566931
20
-4.3796062992125986
11
5.6074791338582672
21
-4.3833728740157483
0
LINE
8
BLACK
6
CONTINUOUS
10
5.6074791338582672
20
-4.3833728740157483
11
5.6053455511811023
21
-4.3865660236220467
0
LINE
8
BLACK
6
CONTINUOUS
10
5.6053455511811023
20
-4.3865660236220467
11
5.602152401574803
21
-4.3886996062992125
0
LINE
8
BLACK
6
CONTINUOUS
10
5.602152401574803
20
-4.3886996062992125
11
5.5983858267716533
21
-4.3894488188976375
0
LINE
8
BLACK
6
CONTINUOUS
10
5.5983858267716533
20
-4.3894488188976375
11
5.5629527559055116
21
-4.3894488188976375
0
LINE
8
BLACK
6
CONTINUOUS
10
5.5629527559055116
20
-4.3894488188976375
11
5.559186181102362
21
-4.3886996062992125
0
LINE
8
BLACK
6
CONTINUOUS
10
5.559186181102362
20
-4.3886996062992125
11
5.5559930314960626
21
-4.3865660236220467
0
LINE
8
BLACK
6
CONTINUOUS
10
5.5559930314960626
20
-4.3865660236220467
11
5.5538594488188977
21
-4.3833728740157483
0
LINE
8
BLACK
6
CONTINUOUS
10
5.5538594488188977
20
-4.3833728740157483
11
5.5531102362204727
21
-4.3796062992125986
0
LINE
8
BLACK
6
CONTINUOUS
10
5.5531102362204727
20
-4.3796062992125986
11
5.5531102362204727
21
-4.3520472440944884
0
LINE
8
BLACK
6
CONTINUOUS
10
5.5531102362204727
20
-4.3520472440944884
11
5.5538594488188977
21
-4.3482806692913387
0
LINE
8
BLACK
6
CONTINUOUS
10
5.5538594488188977
20
-4.3482806692913387
11
5.5559930314960626
21
-4.3450875196850394
0
LINE
8
BLACK
6
CONTINUOUS
10
5.5559930314960626
20
-4.3450875196850394
11
5.559186181102362
21
-4.3429539370078736
0
LINE
8
BLACK
6
CONTINUOUS
10
5.559186181102362
20
-4.3429539370078736
11
5.5629527559055116
21
-4.3422047244094486
0
LINE
8
BLACK
6
CONTINUOUS
10
5.5629527559055116
20
-4.3422047244094486
11
5.5983858267716533
21
-4.3422047244094486
0
LINE
8
BLACK
6
CONTINUOUS
10
5.5983858267716533
20
-4.3422047244094486
11
5.602152401574803
21
-4.3429539370078736
0
LINE
8
BLACK
6
CONTINUOUS
10
2.5224673622047242
20
-4.310493307086614
11
2.5256605118110236
21
-4.3126268897637798
0
LINE
8
BLACK
6
CONTINUOUS
10
2.5256605118110236
20
-4.3126268897637798
11
2.5277940944881889
21
-4.3158200393700783
0
LINE
8
BLACK
6
CONTINUOUS
10
2.5277940944881889
20
-4.3158200393700783
11
2.5285433070866139
21
-4.319586614173228
0
LINE
8
BLACK
6
CONTINUOUS
10
2.5285433070866139
20
-4.319586614173228
11
2.5285433070866139
21
-4.3461614173228345
0
LINE
8
BLACK
6
CONTINUOUS
10
2.5285433070866139
20
-4.3461614173228345
11
2.5277940944881889
21
-4.3499279921259841
0
LINE
8
BLACK
6
CONTINUOUS
10
2.5277940944881889
20
-4.3499279921259841
11
2.5256605118110236
21
-4.3531211417322835
0
LINE
8
BLACK
6
CONTINUOUS
10
2.5256605118110236
20
-4.3531211417322835
11
2.5224673622047242
21
-4.3552547244094484
0
LINE
8
BLACK
6
CONTINUOUS
10
2.5224673622047242
20
-4.3552547244094484
11
2.5187007874015745
21
-4.3560039370078742
0
LINE
8
BLACK
6
CONTINUOUS
10
2.5187007874015745
20
-4.3560039370078742
11
2.481299212598425
21
-4.3560039370078742
0
LINE
8
BLACK
6
CONTINUOUS
10
2.481299212598425
20
-4.3560039370078742
11
2.4775326377952753
21
-4.3552547244094484
0
LINE
8
BLACK
6
CONTINUOUS
10
2.4775326377952753
20
-4.3552547244094484
11
2.4743394881889764
21
-4.3531211417322835
0
LINE
8
BLACK
6
CONTINUOUS
10
2.4743394881889764
20
-4.3531211417322835
11
2.4722059055118111
21
-4.3499279921259841
0
LINE
8
BLACK
6
CONTINUOUS
10
2.4722059055118111
20
-4.3499279921259841
11
2.4714566929133857
21
-4.3461614173228345
0
LINE
8
BLACK
6
CONTINUOUS
10
2.4714566929133857
20
-4.3461614173228345
11
2.4714566929133857
21
-4.319586614173228
0
LINE
8
BLACK
6
CONTINUOUS
10
2.4714566929133857
20
-4.319586614173228
11
2.4722059055118111
21
-4.3158200393700783
0
LINE
8
BLACK
6
CONTINUOUS
10
2.4722059055118111
20
-4.3158200393700783
11
2.4743394881889764
21
-4.3126268897637798
0
LINE
8
BLACK
6
CONTINUOUS
10
2.4743394881889764
20
-4.3126268897637798
11
2.4775326377952753
21
-4.310493307086614
0
LINE
8
BLACK
6
CONTINUOUS
10
2.4775326377952753
20
-4.310493307086614
11
2.481299212598425
21
-4.3097440944881891
0
LINE
8
BLACK
6
CONTINUOUS
10
2.481299212598425
20
-4.3097440944881891
11
2.5187007874015745
21
-4.3097440944881891
0
LINE
8
BLACK
6
CONTINUOUS
10
2.5187007874015745
20
-4.3097440944881891
11
2.5224673622047242
21
-4.310493307086614
0
LINE
8
BLACK
6
CONTINUOUS
10
4.824632716535433
20
-4.3078358267716537
11
4.8278258661417324
21
-4.3099694094488186
0
LINE
8
BLACK
6
CONTINUOUS
10
4.8278258661417324
20
-4.3099694094488186
11
4.8299594488188973
21
-4.3131625590551179
0
LINE
8
BLACK
6
CONTINUOUS
10
4.8299594488188973
20
-4.3131625590551179
11
4.8307086614173231
21
-4.3169291338582676
0
LINE
8
BLACK
6
CONTINUOUS
10
4.8307086614173231
20
-4.3169291338582676
11
4.8307086614173231
21
-4.3444881889763778
0
LINE
8
BLACK
6
CONTINUOUS
10
4.8307086614173231
20
-4.3444881889763778
11
4.8299594488188973
21
-4.3482547637795275
0
LINE
8
BLACK
6
CONTINUOUS
10
4.8299594488188973
20
-4.3482547637795275
11
4.8278258661417324
21
-4.3514479133858268
0
LINE
8
BLACK
6
CONTINUOUS
10
4.8278258661417324
20
-4.3514479133858268
11
4.824632716535433
21
-4.3535814960629917
0
LINE
8
BLACK
6
CONTINUOUS
10
4.824632716535433
20
-4.3535814960629917
11
4.8208661417322833
21
-4.3543307086614176
0
LINE
8
BLACK
6
CONTINUOUS
10
4.8208661417322833
20
-4.3543307086614176
11
4.7854330708661417
21
-4.3543307086614176
0
LINE
8
BLACK
6
CONTINUOUS
10
4.7854330708661417
20
-4.3543307086614176
11
4.781666496062992
21
-4.3535814960629917
0
LINE
8
BLACK
6
CONTINUOUS
10
4.781666496062992
20
-4.3535814960629917
11
4.7784733464566926
21
-4.3514479133858268
0
LINE
8
BLACK
6
CONTINUOUS
10
4.7784733464566926
20
-4.3514479133858268
11
4.7763397637795277
21
-4.3482547637795275
0
LINE
8
BLACK
6
CONTINUOUS
10
4.7763397637795277
20
-4.3482547637795275
11
4.7755905511811019
21
-4.3444881889763778
0
LINE
8
BLACK
6
CONTINUOUS
10
4.7755905511811019
20
-4.3444881889763778
11
4.7755905511811019
21
-4.3169291338582676
0
LINE
8
BLACK
6
CONTINUOUS
10
4.7755905511811019
20
-4.3169291338582676
11
4.7763397637795277
21
-4.3131625590551179
0
LINE
8
BLACK
6
CONTINUOUS
10
4.7763397637795277
20
-4.3131625590551179
11
4.7784733464566926
21
-4.3099694094488186
0
LINE
8
BLACK
6
CONTINUOUS
10
4.7784733464566926
20
-4.3099694094488186
11
4.781666496062992
21
-4.3078358267716537
0
LINE
8
BLACK
6
CONTINUOUS
10
4.781666496062992
20
-4.3078358267716537
11
4.7854330708661417
21
-4.3070866141732287
0
LINE
8
BLACK
6
CONTINUOUS
10
4.7854330708661417
20
-4.3070866141732287
11
4.8208661417322833
21
-4.3070866141732287
0
LINE
8
BLACK
6
CONTINUOUS
10
4.8208661417322833
20
-4.3070866141732287
11
4.824632716535433
21
-4.3078358267716537
0
LINE
8
BLACK
6
CONTINUOUS
10
5.0116405905511812
20
-4.3078358267716537
11
5.0148337401574805
21
-4.3099694094488186
0
LINE
8
BLACK
6
CONTINUOUS
10
5.0148337401574805
20
-4.3099694094488186
11
5.0169673228346454
21
-4.3131625590551179
0
LINE
8
BLACK
6
CONTINUOUS
10
5.0169673228346454
20
-4.3131625590551179
11
5.0177165354330704
21
-4.3169291338582676
0
LINE
8
BLACK
6
CONTINUOUS
10
5.0177165354330704
20
-4.3169291338582676
11
5.0177165354330704
21
-4.3444881889763778
0
LINE
8
BLACK
6
CONTINUOUS
10
5.0177165354330704
20
-4.3444881889763778
11
5.0169673228346454
21
-4.3482547637795275
0
LINE
8
BLACK
6
CONTINUOUS
10
5.0169673228346454
20
-4.3482547637795275
11
5.0148337401574805
21
-4.3514479133858268
0
LINE
8
BLACK
6
CONTINUOUS
10
5.0148337401574805
20
-4.3514479133858268
11
5.0116405905511812
21
-4.3535814960629917
0
LINE
8
BLACK
6
CONTINUOUS
10
5.0116405905511812
20
-4.3535814960629917
11
5.0078740157480315
21
-4.3543307086614176
0
LINE
8
BLACK
6
CONTINUOUS
10
5.0078740157480315
20
-4.3543307086614176
11
4.9724409448818898
21
-4.3543307086614176
0
LINE
8
BLACK
6
CONTINUOUS
10
4.9724409448818898
20
-4.3543307086614176
11
4.9686743700787401
21
-4.3535814960629917
0
LINE
8
BLACK
6
CONTINUOUS
10
4.9686743700787401
20
-4.3535814960629917
11
4.9654812204724408
21
-4.3514479133858268
0
LINE
8
BLACK
6
CONTINUOUS
10
4.9654812204724408
20
-4.3514479133858268
11
4.9633476377952759
21
-4.3482547637795275
0
LINE
8
BLACK
6
CONTINUOUS
10
4.9633476377952759
20
-4.3482547637795275
11
4.96259842519685
21
-4.3444881889763778
0
LINE
8
BLACK
6
CONTINUOUS
10
4.96259842519685
20
-4.3444881889763778
11
4.96259842519685
21
-4.3169291338582676
0
LINE
8
BLACK
6
CONTINUOUS
10
4.96259842519685
20
-4.3169291338582676
11
4.9633476377952759
21
-4.3131625590551179
0
LINE
8
BLACK
6
CONTINUOUS
10
4.9633476377952759
20
-4.3131625590551179
11
4.9654812204724408
21
-4.3099694094488186
0
LINE
8
BLACK
6
CONTINUOUS
10
4.9654812204724408
20
-4.3099694094488186
11
4.9686743700787401
21
-4.3078358267716537
0
LINE
8
BLACK
6
CONTINUOUS
10
4.9686743700787401
20
-4.3078358267716537
11
4.9724409448818898
21
-4.3070866141732287
0
LINE
8
BLACK
6
CONTINUOUS
10
4.9724409448818898
20
-4.3070866141732287
11
5.0078740157480315
21
-4.3070866141732287
0
LINE
8
BLACK
6
CONTINUOUS
10
5.0078740157480315
20
-4.3070866141732287
11
5.0116405905511812
21
-4.3078358267716537
0
LINE
8
BLACK
6
CONTINUOUS
10
5.1888059448818895
20
-4.3078358267716537
11
5.1919990944881889
21
-4.3099694094488186
0
LINE
8
BLACK
6
CONTINUOUS
10
5.1919990944881889
20
-4.3099694094488186
11
5.1941326771653547
21
-4.3131625590551179
0
LINE
8
BLACK
6
CONTINUOUS
10
5.1941326771653547
20
-4.3131625590551179
11
5.1948818897637796
21
-4.3169291338582676
0
LINE
8
BLACK
6
CONTINUOUS
10
5.1948818897637796
20
-4.3169291338582676
11
5.1948818897637796
21
-4.3444881889763778
0
LINE
8
BLACK
6
CONTINUOUS
10
5.1948818897637796
20
-4.3444881889763778
11
5.1941326771653547
21
-4.3482547637795275
0
LINE
8
BLACK
6
CONTINUOUS
10
5.1941326771653547
20
-4.3482547637795275
11
5.1919990944881889
21
-4.3514479133858268
0
LINE
8
BLACK
6
CONTINUOUS
10
5.1919990944881889
20
-4.3514479133858268
11
5.1888059448818895
21
-4.3535814960629917
0
LINE
8
BLACK
6
CONTINUOUS
10
5.1888059448818895
20
-4.3535814960629917
11
5.1850393700787398
21
-4.3543307086614176
0
LINE
8
BLACK
6
CONTINUOUS
10
5.1850393700787398
20
-4.3543307086614176
11
5.1496062992125982
21
-4.3543307086614176
0
LINE
8
BLACK
6
CONTINUOUS
10
5.1496062992125982
20
-4.3543307086614176
11
5.1458397244094485
21
-4.3535814960629917
0
LINE
8
BLACK
6
CONTINUOUS
10
5.1458397244094485
20
-4.3535814960629917
11
5.1426465748031491
21
-4.3514479133858268
0
LINE
8
BLACK
6
CONTINUOUS
10
5.1426465748031491
20
-4.3514479133858268
11
5.1405129921259842
21
-4.3482547637795275
0
LINE
8
BLACK
6
CONTINUOUS
10
5.1405129921259842
20
-4.3482547637795275
11
5.1397637795275593
21
-4.3444881889763778
0
LINE
8
BLACK
6
CONTINUOUS
10
5.1397637795275593
20
-4.3444881889763778
11
5.1397637795275593
21
-4.3169291338582676
0
LINE
8
BLACK
6
CONTINUOUS
10
5.1397637795275593
20
-4.3169291338582676
11
5.1405129921259842
21
-4.3131625590551179
0
LINE
8
BLACK
6
CONTINUOUS
10
5.1405129921259842
20
-4.3131625590551179
11
5.1426465748031491
21
-4.3099694094488186
0
LINE
8
BLACK
6
CONTINUOUS
10
5.1426465748031491
20
-4.3099694094488186
11
5.1458397244094485
21
-4.3078358267716537
0
LINE
8
BLACK
6
CONTINUOUS
10
5.1458397244094485
20
-4.3078358267716537
11
5.1496062992125982
21
-4.3070866141732287
0
LINE
8
BLACK
6
CONTINUOUS
10
5.1496062992125982
20
-4.3070866141732287
11
5.1850393700787398
21
-4.3070866141732287
0
LINE
8
BLACK
6
CONTINUOUS
10
5.1850393700787398
20
-4.3070866141732287
11
5.1888059448818895
21
-4.3078358267716537
0
LINE
8
BLACK
6
CONTINUOUS
10
2.6405775984251969
20
-4.3036035433070863
11
2.6437707480314958
21
-4.3057371259842521
0
LINE
8
BLACK
6
CONTINUOUS
10
2.6437707480314958
20
-4.3057371259842521
11
2.6459043307086612
21
-4.3089302755905514
0
LINE
8
BLACK
6
CONTINUOUS
10
2.6459043307086612
20
-4.3089302755905514
11
2.6466535433070866
21
-4.3126968503937011
0
LINE
8
BLACK
6
CONTINUOUS
10
2.6466535433070866
20
-4.3126968503937011
11
2.6466535433070866
21
-4.3392716535433067
0
LINE
8
BLACK
6
CONTINUOUS
10
2.6466535433070866
20
-4.3392716535433067
11
2.6459043307086612
21
-4.3430382283464564
0
LINE
8
BLACK
6
CONTINUOUS
10
2.6459043307086612
20
-4.3430382283464564
11
2.6437707480314958
21
-4.3462313779527557
0
LINE
8
BLACK
6
CONTINUOUS
10
2.6437707480314958
20
-4.3462313779527557
11
2.6405775984251969
21
-4.3483649606299215
0
LINE
8
BLACK
6
CONTINUOUS
10
2.6405775984251969
20
-4.3483649606299215
11
2.6368110236220472
21
-4.3491141732283465
0
LINE
8
BLACK
6
CONTINUOUS
10
2.6368110236220472
20
-4.3491141732283465
11
2.5994094488188977
21
-4.3491141732283465
0
LINE
8
BLACK
6
CONTINUOUS
10
2.5994094488188977
20
-4.3491141732283465
11
2.595642874015748
21
-4.3483649606299215
0
LINE
8
BLACK
6
CONTINUOUS
10
2.595642874015748
20
-4.3483649606299215
11
2.5924497244094487
21
-4.3462313779527557
0
LINE
8
BLACK
6
CONTINUOUS
10
2.5924497244094487
20
-4.3462313779527557
11
2.5903161417322833
21
-4.3430382283464564
0
LINE
8
BLACK
6
CONTINUOUS
10
2.5903161417322833
20
-4.3430382283464564
11
2.5895669291338583
21
-4.3392716535433067
0
LINE
8
BLACK
6
CONTINUOUS
10
2.5895669291338583
20
-4.3392716535433067
11
2.5895669291338583
21
-4.3126968503937011
0
LINE
8
BLACK
6
CONTINUOUS
10
2.5895669291338583
20
-4.3126968503937011
11
2.5903161417322833
21
-4.3089302755905514
0
LINE
8
BLACK
6
CONTINUOUS
10
2.5903161417322833
20
-4.3089302755905514
11
2.5924497244094487
21
-4.3057371259842521
0
LINE
8
BLACK
6
CONTINUOUS
10
2.5924497244094487
20
-4.3057371259842521
11
2.595642874015748
21
-4.3036035433070863
0
LINE
8
BLACK
6
CONTINUOUS
10
2.595642874015748
20
-4.3036035433070863
11
2.5994094488188977
21
-4.3028543307086613
0
LINE
8
BLACK
6
CONTINUOUS
10
2.5994094488188977
20
-4.3028543307086613
11
2.6368110236220472
21
-4.3028543307086613
0
LINE
8
BLACK
6
CONTINUOUS
10
2.6368110236220472
20
-4.3028543307086613
11
2.6405775984251969
21
-4.3036035433070863
0
LINE
8
BLACK
6
CONTINUOUS
10
3.9525854724409446
20
-4.2468122047244092
11
3.955778622047244
21
-4.248945787401575
0
LINE
8
BLACK
6
CONTINUOUS
10
3.955778622047244
20
-4.248945787401575
11
3.9579122047244093
21
-4.2521389370078735
0
LINE
8
BLACK
6
CONTINUOUS
10
3.9579122047244093
20
-4.2521389370078735
11
3.9586614173228347
21
-4.2559055118110232
0
LINE
8
BLACK
6
CONTINUOUS
10
3.9586614173228347
20
-4.2559055118110232
11
3.9586614173228347
21
-4.3385826771653546
0
LINE
8
BLACK
6
CONTINUOUS
10
3.9586614173228347
20
-4.3385826771653546
11
3.9579122047244093
21
-4.3423492519685034
0
LINE
8
BLACK
6
CONTINUOUS
10
3.9579122047244093
20
-4.3423492519685034
11
3.955778622047244
21
-4.3455424015748028
0
LINE
8
BLACK
6
CONTINUOUS
10
3.955778622047244
20
-4.3455424015748028
11
3.9525854724409446
21
-4.3476759842519686
0
LINE
8
BLACK
6
CONTINUOUS
10
3.9525854724409446
20
-4.3476759842519686
11
3.9488188976377954
21
-4.3484251968503935
0
LINE
8
BLACK
6
CONTINUOUS
10
3.9488188976377954
20
-4.3484251968503935
11
3.9055118110236218
21
-4.3484251968503935
0
LINE
8
BLACK
6
CONTINUOUS
10
3.9055118110236218
20
-4.3484251968503935
11
3.9017452362204725
21
-4.3476759842519686
0
LINE
8
BLACK
6
CONTINUOUS
10
3.9017452362204725
20
-4.3476759842519686
11
3.8985520866141732
21
-4.3455424015748028
0
LINE
8
BLACK
6
CONTINUOUS
10
3.8985520866141732
20
-4.3455424015748028
11
3.8964185039370078
21
-4.3423492519685034
0
LINE
8
BLACK
6
CONTINUOUS
10
3.8964185039370078
20
-4.3423492519685034
11
3.8956692913385824
21
-4.3385826771653546
0
LINE
8
BLACK
6
CONTINUOUS
10
3.8956692913385824
20
-4.3385826771653546
11
3.8956692913385824
21
-4.2559055118110232
0
LINE
8
BLACK
6
CONTINUOUS
10
3.8956692913385824
20
-4.2559055118110232
11
3.8964185039370078
21
-4.2521389370078735
0
LINE
8
BLACK
6
CONTINUOUS
10
3.8964185039370078
20
-4.2521389370078735
11
3.8985520866141732
21
-4.248945787401575
0
LINE
8
BLACK
6
CONTINUOUS
10
3.8985520866141732
20
-4.248945787401575
11
3.9017452362204725
21
-4.2468122047244092
0
LINE
8
BLACK
6
CONTINUOUS
10
3.9017452362204725
20
-4.2468122047244092
11
3.9055118110236218
21
-4.2460629921259843
0
LINE
8
BLACK
6
CONTINUOUS
10
3.9055118110236218
20
-4.2460629921259843
11
3.9488188976377954
21
-4.2460629921259843
0
LINE
8
BLACK
6
CONTINUOUS
10
3.9488188976377954
20
-4.2460629921259843
11
3.9525854724409446
21
-4.2468122047244092
0
LINE
8
BLACK
6
CONTINUOUS
10
3.468333503937008
20
-4.2684657480314963
11
3.4715266535433069
21
-4.2705993307086612
0
LINE
8
BLACK
6
CONTINUOUS
10
3.4715266535433069
20
-4.2705993307086612
11
3.4736602362204723
21
-4.2737924803149605
0
LINE
8
BLACK
6
CONTINUOUS
10
3.4736602362204723
20
-4.2737924803149605
11
3.4744094488188977
21
-4.2775590551181102
0
LINE
8
BLACK
6
CONTINUOUS
10
3.4744094488188977
20
-4.2775590551181102
11
3.4744094488188977
21
-4.3051181102362204
0
LINE
8
BLACK
6
CONTINUOUS
10
3.4744094488188977
20
-4.3051181102362204
11
3.4736602362204723
21
-4.3088846850393701
0
LINE
8
BLACK
6
CONTINUOUS
10
3.4736602362204723
20
-4.3088846850393701
11
3.4715266535433069
21
-4.3120778346456694
0
LINE
8
BLACK
6
CONTINUOUS
10
3.4715266535433069
20
-4.3120778346456694
11
3.468333503937008
21
-4.3142114173228343
0
LINE
8
BLACK
6
CONTINUOUS
10
3.468333503937008
20
-4.3142114173228343
11
3.4645669291338583
21
-4.3149606299212602
0
LINE
8
BLACK
6
CONTINUOUS
10
3.4645669291338583
20
-4.3149606299212602
11
3.4291338582677167
21
-4.3149606299212602
0
LINE
8
BLACK
6
CONTINUOUS
10
3.4291338582677167
20
-4.3149606299212602
11
3.425367283464567
21
-4.3142114173228343
0
LINE
8
BLACK
6
CONTINUOUS
10
3.425367283464567
20
-4.3142114173228343
11
3.4221741338582676
21
-4.3120778346456694
0
LINE
8
BLACK
6
CONTINUOUS
10
3.4221741338582676
20
-4.3120778346456694
11
3.4200405511811023
21
-4.3088846850393701
0
LINE
8
BLACK
6
CONTINUOUS
10
3.4200405511811023
20
-4.3088846850393701
11
3.4192913385826773
21
-4.3051181102362204
0
LINE
8
BLACK
6
CONTINUOUS
10
3.4192913385826773
20
-4.3051181102362204
11
3.4192913385826773
21
-4.2775590551181102
0
LINE
8
BLACK
6
CONTINUOUS
10
3.4192913385826773
20
-4.2775590551181102
11
3.4200405511811023
21
-4.2737924803149605
0
LINE
8
BLACK
6
CONTINUOUS
10
3.4200405511811023
20
-4.2737924803149605
11
3.4221741338582676
21
-4.2705993307086612
0
LINE
8
BLACK
6
CONTINUOUS
10
3.4221741338582676
20
-4.2705993307086612
11
3.425367283464567
21
-4.2684657480314963
0
LINE
8
BLACK
6
CONTINUOUS
10
3.425367283464567
20
-4.2684657480314963
11
3.4291338582677167
21
-4.2677165354330704
0
LINE
8
BLACK
6
CONTINUOUS
10
3.4291338582677167
20
-4.2677165354330704
11
3.4645669291338583
21
-4.2677165354330704
0
LINE
8
BLACK
6
CONTINUOUS
10
3.4645669291338583
20
-4.2677165354330704
11
3.468333503937008
21
-4.2684657480314963
0
LINE
8
BLACK
6
CONTINUOUS
10
4.3974673622047247
20
-4.2546862204724407
11
4.4006605118110231
21
-4.2568198031496065
0
LINE
8
BLACK
6
CONTINUOUS
10
4.4006605118110231
20
-4.2568198031496065
11
4.4027940944881889
21
-4.2600129527559059
0
LINE
8
BLACK
6
CONTINUOUS
10
4.4027940944881889
20
-4.2600129527559059
11
4.4035433070866139
21
-4.2637795275590546
0
LINE
8
BLACK
6
CONTINUOUS
10
4.4035433070866139
20
-4.2637795275590546
11
4.4035433070866139
21
-4.2992125984251963
0
LINE
8
BLACK
6
CONTINUOUS
10
4.4035433070866139
20
-4.2992125984251963
11
4.4027940944881889
21
-4.302979173228346
0
LINE
8
BLACK
6
CONTINUOUS
10
4.4027940944881889
20
-4.302979173228346
11
4.4006605118110231
21
-4.3061723228346453
0
LINE
8
BLACK
6
CONTINUOUS
10
4.4006605118110231
20
-4.3061723228346453
11
4.3974673622047247
21
-4.3083059055118111
0
LINE
8
BLACK
6
CONTINUOUS
10
4.3974673622047247
20
-4.3083059055118111
11
4.393700787401575
21
-4.3090551181102361
0
LINE
8
BLACK
6
CONTINUOUS
10
4.393700787401575
20
-4.3090551181102361
11
4.3661417322834648
21
-4.3090551181102361
0
LINE
8
BLACK
6
CONTINUOUS
10
4.3661417322834648
20
-4.3090551181102361
11
4.3623751574803151
21
-4.3083059055118111
0
LINE
8
BLACK
6
CONTINUOUS
10
4.3623751574803151
20
-4.3083059055118111
11
4.3591820078740158
21
-4.3061723228346453
0
LINE
8
BLACK
6
CONTINUOUS
10
4.3591820078740158
20
-4.3061723228346453
11
4.35704842519685
21
-4.302979173228346
0
LINE
8
BLACK
6
CONTINUOUS
10
4.35704842519685
20
-4.302979173228346
11
4.356299212598425
21
-4.2992125984251963
0
LINE
8
BLACK
6
CONTINUOUS
10
4.356299212598425
20
-4.2992125984251963
11
4.356299212598425
21
-4.2637795275590546
0
LINE
8
BLACK
6
CONTINUOUS
10
4.356299212598425
20
-4.2637795275590546
11
4.35704842519685
21
-4.2600129527559059
0
LINE
8
BLACK
6
CONTINUOUS
10
4.35704842519685
20
-4.2600129527559059
11
4.3591820078740158
21
-4.2568198031496065
0
LINE
8
BLACK
6
CONTINUOUS
10
4.3591820078740158
20
-4.2568198031496065
11
4.3623751574803151
21
-4.2546862204724407
0
LINE
8
BLACK
6
CONTINUOUS
10
4.3623751574803151
20
-4.2546862204724407
11
4.3661417322834648
21
-4.2539370078740157
0
LINE
8
BLACK
6
CONTINUOUS
10
4.3661417322834648
20
-4.2539370078740157
11
4.393700787401575
21
-4.2539370078740157
0
LINE
8
BLACK
6
CONTINUOUS
10
4.393700787401575
20
-4.2539370078740157
11
4.3974673622047247
21
-4.2546862204724407
0
LINE
8
BLACK
6
CONTINUOUS
10
4.4762075196850395
20
-4.2546862204724407
11
4.4794006692913388
21
-4.2568198031496065
0
LINE
8
BLACK
6
CONTINUOUS
10
4.4794006692913388
20
-4.2568198031496065
11
4.4815342519685037
21
-4.2600129527559059
0
LINE
8
BLACK
6
CONTINUOUS
10
4.4815342519685037
20
-4.2600129527559059
11
4.4822834645669287
21
-4.2637795275590546
0
LINE
8
BLACK
6
CONTINUOUS
10
4.4822834645669287
20
-4.2637795275590546
11
4.4822834645669287
21
-4.2992125984251963
0
LINE
8
BLACK
6
CONTINUOUS
10
4.4822834645669287
20
-4.2992125984251963
11
4.4815342519685037
21
-4.302979173228346
0
LINE
8
BLACK
6
CONTINUOUS
10
4.4815342519685037
20
-4.302979173228346
11
4.4794006692913388
21
-4.3061723228346453
0
LINE
8
BLACK
6
CONTINUOUS
10
4.4794006692913388
20
-4.3061723228346453
11
4.4762075196850395
21
-4.3083059055118111
0
LINE
8
BLACK
6
CONTINUOUS
10
4.4762075196850395
20
-4.3083059055118111
11
4.4724409448818898
21
-4.3090551181102361
0
LINE
8
BLACK
6
CONTINUOUS
10
4.4724409448818898
20
-4.3090551181102361
11
4.4448818897637796
21
-4.3090551181102361
0
LINE
8
BLACK
6
CONTINUOUS
10
4.4448818897637796
20
-4.3090551181102361
11
4.4411153149606299
21
-4.3083059055118111
0
LINE
8
BLACK
6
CONTINUOUS
10
4.4411153149606299
20
-4.3083059055118111
11
4.4379221653543306
21
-4.3061723228346453
0
LINE
8
BLACK
6
CONTINUOUS
10
4.4379221653543306
20
-4.3061723228346453
11
4.4357885826771657
21
-4.302979173228346
0
LINE
8
BLACK
6
CONTINUOUS
10
4.4357885826771657
20
-4.302979173228346
11
4.4350393700787398
21
-4.2992125984251963
0
LINE
8
BLACK
6
CONTINUOUS
10
4.4350393700787398
20
-4.2992125984251963
11
4.4350393700787398
21
-4.2637795275590546
0
LINE
8
BLACK
6
CONTINUOUS
10
4.4350393700787398
20
-4.2637795275590546
11
4.4357885826771657
21
-4.2600129527559059
0
LINE
8
BLACK
6
CONTINUOUS
10
4.4357885826771657
20
-4.2600129527559059
11
4.4379221653543306
21
-4.2568198031496065
0
LINE
8
BLACK
6
CONTINUOUS
10
4.4379221653543306
20
-4.2568198031496065
11
4.4411153149606299
21
-4.2546862204724407
0
LINE
8
BLACK
6
CONTINUOUS
10
4.4411153149606299
20
-4.2546862204724407
11
4.4448818897637796
21
-4.2539370078740157
0
LINE
8
BLACK
6
CONTINUOUS
10
4.4448818897637796
20
-4.2539370078740157
11
4.4724409448818898
21
-4.2539370078740157
0
LINE
8
BLACK
6
CONTINUOUS
10
4.4724409448818898
20
-4.2539370078740157
11
4.4762075196850395
21
-4.2546862204724407
0
LINE
8
BLACK
6
CONTINUOUS
10
4.5844752362204719
20
-4.2546862204724407
11
4.5876683858267713
21
-4.2568198031496065
0
LINE
8
BLACK
6
CONTINUOUS
10
4.5876683858267713
20
-4.2568198031496065
11
4.5898019685039371
21
-4.2600129527559059
0
LINE
8
BLACK
6
CONTINUOUS
10
4.5898019685039371
20
-4.2600129527559059
11
4.590551181102362
21
-4.2637795275590546
0
LINE
8
BLACK
6
CONTINUOUS
10
4.590551181102362
20
-4.2637795275590546
11
4.590551181102362
21
-4.2992125984251963
0
LINE
8
BLACK
6
CONTINUOUS
10
4.590551181102362
20
-4.2992125984251963
11
4.5898019685039371
21
-4.302979173228346
0
LINE
8
BLACK
6
CONTINUOUS
10
4.5898019685039371
20
-4.302979173228346
11
4.5876683858267713
21
-4.3061723228346453
0
LINE
8
BLACK
6
CONTINUOUS
10
4.5876683858267713
20
-4.3061723228346453
11
4.5844752362204719
21
-4.3083059055118111
0
LINE
8
BLACK
6
CONTINUOUS
10
4.5844752362204719
20
-4.3083059055118111
11
4.5807086614173231
21
-4.3090551181102361
0
LINE
8
BLACK
6
CONTINUOUS
10
4.5807086614173231
20
-4.3090551181102361
11
4.5531496062992121
21
-4.3090551181102361
0
LINE
8
BLACK
6
CONTINUOUS
10
4.5531496062992121
20
-4.3090551181102361
11
4.5493830314960633
21
-4.3083059055118111
0
LINE
8
BLACK
6
CONTINUOUS
10
4.5493830314960633
20
-4.3083059055118111
11
4.5461898818897639
21
-4.3061723228346453
0
LINE
8
BLACK
6
CONTINUOUS
10
4.5461898818897639
20
-4.3061723228346453
11
4.5440562992125981
21
-4.302979173228346
0
LINE
8
BLACK
6
CONTINUOUS
10
4.5440562992125981
20
-4.302979173228346
11
4.5433070866141732
21
-4.2992125984251963
0
LINE
8
BLACK
6
CONTINUOUS
10
4.5433070866141732
20
-4.2992125984251963
11
4.5433070866141732
21
-4.2637795275590546
0
LINE
8
BLACK
6
CONTINUOUS
10
4.5433070866141732
20
-4.2637795275590546
11
4.5440562992125981
21
-4.2600129527559059
0
LINE
8
BLACK
6
CONTINUOUS
10
4.5440562992125981
20
-4.2600129527559059
11
4.5461898818897639
21
-4.2568198031496065
0
LINE
8
BLACK
6
CONTINUOUS
10
4.5461898818897639
20
-4.2568198031496065
11
4.5493830314960633
21
-4.2546862204724407
0
LINE
8
BLACK
6
CONTINUOUS
10
4.5493830314960633
20
-4.2546862204724407
11
4.5531496062992121
21
-4.2539370078740157
0
LINE
8
BLACK
6
CONTINUOUS
10
4.5531496062992121
20
-4.2539370078740157
11
4.5807086614173231
21
-4.2539370078740157
0
LINE
8
BLACK
6
CONTINUOUS
10
4.5807086614173231
20
-4.2539370078740157
11
4.5844752362204719
21
-4.2546862204724407
0
LINE
8
BLACK
6
CONTINUOUS
10
4.6632153937007876
20
-4.2546862204724407
11
4.6664085433070861
21
-4.2568198031496065
0
LINE
8
BLACK
6
CONTINUOUS
10
4.6664085433070861
20
-4.2568198031496065
11
4.6685421259842519
21
-4.2600129527559059
0
LINE
8
BLACK
6
CONTINUOUS
10
4.6685421259842519
20
-4.2600129527559059
11
4.6692913385826769
21
-4.2637795275590546
0
LINE
8
BLACK
6
CONTINUOUS
10
4.6692913385826769
20
-4.2637795275590546
11
4.6692913385826769
21
-4.2992125984251963
0
LINE
8
BLACK
6
CONTINUOUS
10
4.6692913385826769
20
-4.2992125984251963
11
4.6685421259842519
21
-4.302979173228346
0
LINE
8
BLACK
6
CONTINUOUS
10
4.6685421259842519
20
-4.302979173228346
11
4.6664085433070861
21
-4.3061723228346453
0
LINE
8
BLACK
6
CONTINUOUS
10
4.6664085433070861
20
-4.3061723228346453
11
4.6632153937007876
21
-4.3083059055118111
0
LINE
8
BLACK
6
CONTINUOUS
10
4.6632153937007876
20
-4.3083059055118111
11
4.659448818897638
21
-4.3090551181102361
0
LINE
8
BLACK
6
CONTINUOUS
10
4.659448818897638
20
-4.3090551181102361
11
4.6318897637795278
21
-4.3090551181102361
0
LINE
8
BLACK
6
CONTINUOUS
10
4.6318897637795278
20
-4.3090551181102361
11
4.6281231889763781
21
-4.3083059055118111
0
LINE
8
BLACK
6
CONTINUOUS
10
4.6281231889763781
20
-4.3083059055118111
11
4.6249300393700787
21
-4.3061723228346453
0
LINE
8
BLACK
6
CONTINUOUS
10
4.6249300393700787
20
-4.3061723228346453
11
4.6227964566929129
21
-4.302979173228346
0
LINE
8
BLACK
6
CONTINUOUS
10
4.6227964566929129
20
-4.302979173228346
11
4.622047244094488
21
-4.2992125984251963
0
LINE
8
BLACK
6
CONTINUOUS
10
4.622047244094488
20
-4.2992125984251963
11
4.622047244094488
21
-4.2637795275590546
0
LINE
8
BLACK
6
CONTINUOUS
10
4.622047244094488
20
-4.2637795275590546
11
4.6227964566929129
21
-4.2600129527559059
0
LINE
8
BLACK
6
CONTINUOUS
10
4.6227964566929129
20
-4.2600129527559059
11
4.6249300393700787
21
-4.2568198031496065
0
LINE
8
BLACK
6
CONTINUOUS
10
4.6249300393700787
20
-4.2568198031496065
11
4.6281231889763781
21
-4.2546862204724407
0
LINE
8
BLACK
6
CONTINUOUS
10
4.6281231889763781
20
-4.2546862204724407
11
4.6318897637795278
21
-4.2539370078740157
0
LINE
8
BLACK
6
CONTINUOUS
10
4.6318897637795278
20
-4.2539370078740157
11
4.659448818897638
21
-4.2539370078740157
0
LINE
8
BLACK
6
CONTINUOUS
10
4.659448818897638
20
-4.2539370078740157
11
4.6632153937007876
21
-4.2546862204724407
0
LINE
8
BLACK
6
CONTINUOUS
10
6.1122047244094491
20
-4.2992125984251963
11
5.9980314960629917
21
-4.2992125984251963
0
LINE
8
BLACK
6
CONTINUOUS
10
5.9980314960629917
20
-4.2992125984251963
11
5.9980314960629917
21
-4.0866141732283463
0
LINE
8
BLACK
6
CONTINUOUS
10
5.9980314960629917
20
-4.0866141732283463
11
6.1122047244094491
21
-4.0866141732283463
0
LINE
8
BLACK
6
CONTINUOUS
10
6.1122047244094491
20
-4.0866141732283463
11
6.1122047244094491
21
-4.2992125984251963
0
LINE
8
BLACK
6
CONTINUOUS
10
6.5019685039370074
20
-4.2992125984251963
11
6.3877952755905509
21
-4.2992125984251963
0
LINE
8
BLACK
6
CONTINUOUS
10
6.3877952755905509
20
-4.2992125984251963
11
6.3877952755905509
21
-4.0866141732283463
0
LINE
8
BLACK
6
CONTINUOUS
10
6.3877952755905509
20
-4.0866141732283463
11
6.5019685039370074
21
-4.0866141732283463
0
LINE
8
BLACK
6
CONTINUOUS
10
6.5019685039370074
20
-4.0866141732283463
11
6.5019685039370074
21
-4.2992125984251963
0
LINE
8
BLACK
6
CONTINUOUS
10
4.2744358661417321
20
-4.2492728346456694
11
4.2776290157480314
21
-4.2514064173228343
0
LINE
8
BLACK
6
CONTINUOUS
10
4.2776290157480314
20
-4.2514064173228343
11
4.2797625984251964
21
-4.2545995669291337
0
LINE
8
BLACK
6
CONTINUOUS
10
4.2797625984251964
20
-4.2545995669291337
11
4.2805118110236222
21
-4.2583661417322833
0
LINE
8
BLACK
6
CONTINUOUS
10
4.2805118110236222
20
-4.2583661417322833
11
4.2805118110236222
21
-4.2849409448818898
0
LINE
8
BLACK
6
CONTINUOUS
10
4.2805118110236222
20
-4.2849409448818898
11
4.2797625984251964
21
-4.2887075196850395
0
LINE
8
BLACK
6
CONTINUOUS
10
4.2797625984251964
20
-4.2887075196850395
11
4.2776290157480314
21
-4.2919006692913388
0
LINE
8
BLACK
6
CONTINUOUS
10
4.2776290157480314
20
-4.2919006692913388
11
4.2744358661417321
21
-4.2940342519685037
0
LINE
8
BLACK
6
CONTINUOUS
10
4.2744358661417321
20
-4.2940342519685037
11
4.2706692913385824
21
-4.2947834645669287
0
LINE
8
BLACK
6
CONTINUOUS
10
4.2706692913385824
20
-4.2947834645669287
11
4.2332677165354333
21
-4.2947834645669287
0
LINE
8
BLACK
6
CONTINUOUS
10
4.2332677165354333
20
-4.2947834645669287
11
4.2295011417322836
21
-4.2940342519685037
0
LINE
8
BLACK
6
CONTINUOUS
10
4.2295011417322836
20
-4.2940342519685037
11
4.2263079921259843
21
-4.2919006692913388
0
LINE
8
BLACK
6
CONTINUOUS
10
4.2263079921259843
20
-4.2919006692913388
11
4.2241744094488185
21
-4.2887075196850395
0
LINE
8
BLACK
6
CONTINUOUS
10
4.2241744094488185
20
-4.2887075196850395
11
4.2234251968503935
21
-4.2849409448818898
0
LINE
8
BLACK
6
CONTINUOUS
10
4.2234251968503935
20
-4.2849409448818898
11
4.2234251968503935
21
-4.2583661417322833
0
LINE
8
BLACK
6
CONTINUOUS
10
4.2234251968503935
20
-4.2583661417322833
11
4.2241744094488185
21
-4.2545995669291337
0
LINE
8
BLACK
6
CONTINUOUS
10
4.2241744094488185
20
-4.2545995669291337
11
4.2263079921259843
21
-4.2514064173228343
0
LINE
8
BLACK
6
CONTINUOUS
10
4.2263079921259843
20
-4.2514064173228343
11
4.2295011417322836
21
-4.2492728346456694
0
LINE
8
BLACK
6
CONTINUOUS
10
4.2295011417322836
20
-4.2492728346456694
11
4.2332677165354333
21
-4.2485236220472444
0
LINE
8
BLACK
6
CONTINUOUS
10
4.2332677165354333
20
-4.2485236220472444
11
4.2706692913385824
21
-4.2485236220472444
0
LINE
8
BLACK
6
CONTINUOUS
10
4.2706692913385824
20
-4.2485236220472444
11
4.2744358661417321
21
-4.2492728346456694
0
LINE
8
BLACK
6
CONTINUOUS
10
4.824632716535433
20
-4.2290956692913388
11
4.8278258661417324
21
-4.2312292519685037
0
LINE
8
BLACK
6
CONTINUOUS
10
4.8278258661417324
20
-4.2312292519685037
11
4.8299594488188973
21
-4.2344224015748031
0
LINE
8
BLACK
6
CONTINUOUS
10
4.8299594488188973
20
-4.2344224015748031
11
4.8307086614173231
21
-4.2381889763779528
0
LINE
8
BLACK
6
CONTINUOUS
10
4.8307086614173231
20
-4.2381889763779528
11
4.8307086614173231
21
-4.265748031496063
0
LINE
8
BLACK
6
CONTINUOUS
10
4.8307086614173231
20
-4.265748031496063
11
4.8299594488188973
21
-4.2695146062992126
0
LINE
8
BLACK
6
CONTINUOUS
10
4.8299594488188973
20
-4.2695146062992126
11
4.8278258661417324
21
-4.272707755905512
0
LINE
8
BLACK
6
CONTINUOUS
10
4.8278258661417324
20
-4.272707755905512
11
4.824632716535433
21
-4.2748413385826769
0
LINE
8
BLACK
6
CONTINUOUS
10
4.824632716535433
20
-4.2748413385826769
11
4.8208661417322833
21
-4.2755905511811019
0
LINE
8
BLACK
6
CONTINUOUS
10
4.8208661417322833
20
-4.2755905511811019
11
4.7854330708661417
21
-4.2755905511811019
0
LINE
8
BLACK
6
CONTINUOUS
10
4.7854330708661417
20
-4.2755905511811019
11
4.781666496062992
21
-4.2748413385826769
0
LINE
8
BLACK
6
CONTINUOUS
10
4.781666496062992
20
-4.2748413385826769
11
4.7784733464566926
21
-4.272707755905512
0
LINE
8
BLACK
6
CONTINUOUS
10
4.7784733464566926
20
-4.272707755905512
11
4.7763397637795277
21
-4.2695146062992126
0
LINE
8
BLACK
6
CONTINUOUS
10
4.7763397637795277
20
-4.2695146062992126
11
4.7755905511811019
21
-4.265748031496063
0
LINE
8
BLACK
6
CONTINUOUS
10
4.7755905511811019
20
-4.265748031496063
11
4.7755905511811019
21
-4.2381889763779528
0
LINE
8
BLACK
6
CONTINUOUS
10
4.7755905511811019
20
-4.2381889763779528
11
4.7763397637795277
21
-4.2344224015748031
0
LINE
8
BLACK
6
CONTINUOUS
10
4.7763397637795277
20
-4.2344224015748031
11
4.7784733464566926
21
-4.2312292519685037
0
LINE
8
BLACK
6
CONTINUOUS
10
4.7784733464566926
20
-4.2312292519685037
11
4.781666496062992
21
-4.2290956692913388
0
LINE
8
BLACK
6
CONTINUOUS
10
4.781666496062992
20
-4.2290956692913388
11
4.7854330708661417
21
-4.228346456692913
0
LINE
8
BLACK
6
CONTINUOUS
10
4.7854330708661417
20
-4.228346456692913
11
4.8208661417322833
21
-4.228346456692913
0
LINE
8
BLACK
6
CONTINUOUS
10
4.8208661417322833
20
-4.228346456692913
11
4.824632716535433
21
-4.2290956692913388
0
LINE
8
BLACK
6
CONTINUOUS
10
5.0116405905511812
20
-4.2290956692913388
11
5.0148337401574805
21
-4.2312292519685037
0
LINE
8
BLACK
6
CONTINUOUS
10
5.0148337401574805
20
-4.2312292519685037
11
5.0169673228346454
21
-4.2344224015748031
0
LINE
8
BLACK
6
CONTINUOUS
10
5.0169673228346454
20
-4.2344224015748031
11
5.0177165354330704
21
-4.2381889763779528
0
LINE
8
BLACK
6
CONTINUOUS
10
5.0177165354330704
20
-4.2381889763779528
11
5.0177165354330704
21
-4.265748031496063
0
LINE
8
BLACK
6
CONTINUOUS
10
5.0177165354330704
20
-4.265748031496063
11
5.0169673228346454
21
-4.2695146062992126
0
LINE
8
BLACK
6
CONTINUOUS
10
5.0169673228346454
20
-4.2695146062992126
11
5.0148337401574805
21
-4.272707755905512
0
LINE
8
BLACK
6
CONTINUOUS
10
5.0148337401574805
20
-4.272707755905512
11
5.0116405905511812
21
-4.2748413385826769
0
LINE
8
BLACK
6
CONTINUOUS
10
5.0116405905511812
20
-4.2748413385826769
11
5.0078740157480315
21
-4.2755905511811019
0
LINE
8
BLACK
6
CONTINUOUS
10
5.0078740157480315
20
-4.2755905511811019
11
4.9724409448818898
21
-4.2755905511811019
0
LINE
8
BLACK
6
CONTINUOUS
10
4.9724409448818898
20
-4.2755905511811019
11
4.9686743700787401
21
-4.2748413385826769
0
LINE
8
BLACK
6
CONTINUOUS
10
4.9686743700787401
20
-4.2748413385826769
11
4.9654812204724408
21
-4.272707755905512
0
LINE
8
BLACK
6
CONTINUOUS
10
4.9654812204724408
20
-4.272707755905512
11
4.9633476377952759
21
-4.2695146062992126
0
LINE
8
BLACK
6
CONTINUOUS
10
4.9633476377952759
20
-4.2695146062992126
11
4.96259842519685
21
-4.265748031496063
0
LINE
8
BLACK
6
CONTINUOUS
10
4.96259842519685
20
-4.265748031496063
11
4.96259842519685
21
-4.2381889763779528
0
LINE
8
BLACK
6
CONTINUOUS
10
4.96259842519685
20
-4.2381889763779528
11
4.9633476377952759
21
-4.2344224015748031
0
LINE
8
BLACK
6
CONTINUOUS
10
4.9633476377952759
20
-4.2344224015748031
11
4.9654812204724408
21
-4.2312292519685037
0
LINE
8
BLACK
6
CONTINUOUS
10
4.9654812204724408
20
-4.2312292519685037
11
4.9686743700787401
21
-4.2290956692913388
0
LINE
8
BLACK
6
CONTINUOUS
10
4.9686743700787401
20
-4.2290956692913388
11
4.9724409448818898
21
-4.228346456692913
0
LINE
8
BLACK
6
CONTINUOUS
10
4.9724409448818898
20
-4.228346456692913
11
5.0078740157480315
21
-4.228346456692913
0
LINE
8
BLACK
6
CONTINUOUS
10
5.0078740157480315
20
-4.228346456692913
11
5.0116405905511812
21
-4.2290956692913388
0
LINE
8
BLACK
6
CONTINUOUS
10
5.1888059448818895
20
-4.2290956692913388
11
5.1919990944881889
21
-4.2312292519685037
0
LINE
8
BLACK
6
CONTINUOUS
10
5.1919990944881889
20
-4.2312292519685037
11
5.1941326771653547
21
-4.2344224015748031
0
LINE
8
BLACK
6
CONTINUOUS
10
5.1941326771653547
20
-4.2344224015748031
11
5.1948818897637796
21
-4.2381889763779528
0
LINE
8
BLACK
6
CONTINUOUS
10
5.1948818897637796
20
-4.2381889763779528
11
5.1948818897637796
21
-4.265748031496063
0
LINE
8
BLACK
6
CONTINUOUS
10
5.1948818897637796
20
-4.265748031496063
11
5.1941326771653547
21
-4.2695146062992126
0
LINE
8
BLACK
6
CONTINUOUS
10
5.1941326771653547
20
-4.2695146062992126
11
5.1919990944881889
21
-4.272707755905512
0
LINE
8
BLACK
6
CONTINUOUS
10
5.1919990944881889
20
-4.272707755905512
11
5.1888059448818895
21
-4.2748413385826769
0
LINE
8
BLACK
6
CONTINUOUS
10
5.1888059448818895
20
-4.2748413385826769
11
5.1850393700787398
21
-4.2755905511811019
0
LINE
8
BLACK
6
CONTINUOUS
10
5.1850393700787398
20
-4.2755905511811019
11
5.1496062992125982
21
-4.2755905511811019
0
LINE
8
BLACK
6
CONTINUOUS
10
5.1496062992125982
20
-4.2755905511811019
11
5.1458397244094485
21
-4.2748413385826769
0
LINE
8
BLACK
6
CONTINUOUS
10
5.1458397244094485
20
-4.2748413385826769
11
5.1426465748031491
21
-4.272707755905512
0
LINE
8
BLACK
6
CONTINUOUS
10
5.1426465748031491
20
-4.272707755905512
11
5.1405129921259842
21
-4.2695146062992126
0
LINE
8
BLACK
6
CONTINUOUS
10
5.1405129921259842
20
-4.2695146062992126
11
5.1397637795275593
21
-4.265748031496063
0
LINE
8
BLACK
6
CONTINUOUS
10
5.1397637795275593
20
-4.265748031496063
11
5.1397637795275593
21
-4.2381889763779528
0
LINE
8
BLACK
6
CONTINUOUS
10
5.1397637795275593
20
-4.2381889763779528
11
5.1405129921259842
21
-4.2344224015748031
0
LINE
8
BLACK
6
CONTINUOUS
10
5.1405129921259842
20
-4.2344224015748031
11
5.1426465748031491
21
-4.2312292519685037
0
LINE
8
BLACK
6
CONTINUOUS
10
5.1426465748031491
20
-4.2312292519685037
11
5.1458397244094485
21
-4.2290956692913388
0
LINE
8
BLACK
6
CONTINUOUS
10
5.1458397244094485
20
-4.2290956692913388
11
5.1496062992125982
21
-4.228346456692913
0
LINE
8
BLACK
6
CONTINUOUS
10
5.1496062992125982
20
-4.228346456692913
11
5.1850393700787398
21
-4.228346456692913
0
LINE
8
BLACK
6
CONTINUOUS
10
5.1850393700787398
20
-4.228346456692913
11
5.1888059448818895
21
-4.2290956692913388
0
LINE
8
BLACK
6
CONTINUOUS
10
7.6691209055118108
20
-4.2290956692913388
11
7.6723140551181102
21
-4.2312292519685037
0
LINE
8
BLACK
6
CONTINUOUS
10
7.6723140551181102
20
-4.2312292519685037
11
7.6744476377952751
21
-4.2344224015748031
0
LINE
8
BLACK
6
CONTINUOUS
10
7.6744476377952751
20
-4.2344224015748031
11
7.6751968503937009
21
-4.2381889763779528
0
LINE
8
BLACK
6
CONTINUOUS
10
7.6751968503937009
20
-4.2381889763779528
11
7.6751968503937009
21
-4.265748031496063
0
LINE
8
BLACK
6
CONTINUOUS
10
7.6751968503937009
20
-4.265748031496063
11
7.6744476377952751
21
-4.2695146062992126
0
LINE
8
BLACK
6
CONTINUOUS
10
7.6744476377952751
20
-4.2695146062992126
11
7.6723140551181102
21
-4.272707755905512
0
LINE
8
BLACK
6
CONTINUOUS
10
7.6723140551181102
20
-4.272707755905512
11
7.6691209055118108
21
-4.2748413385826769
0
LINE
8
BLACK
6
CONTINUOUS
10
7.6691209055118108
20
-4.2748413385826769
11
7.6653543307086611
21
-4.2755905511811019
0
LINE
8
BLACK
6
CONTINUOUS
10
7.6653543307086611
20
-4.2755905511811019
11
7.6299212598425195
21
-4.2755905511811019
0
LINE
8
BLACK
6
CONTINUOUS
10
7.6299212598425195
20
-4.2755905511811019
11
7.6261546850393698
21
-4.2748413385826769
0
LINE
8
BLACK
6
CONTINUOUS
10
7.6261546850393698
20
-4.2748413385826769
11
7.6229615354330704
21
-4.272707755905512
0
LINE
8
BLACK
6
CONTINUOUS
10
7.6229615354330704
20
-4.272707755905512
11
7.6208279527559055
21
-4.2695146062992126
0
LINE
8
BLACK
6
CONTINUOUS
10
7.6208279527559055
20
-4.2695146062992126
11
7.6200787401574805
21
-4.265748031496063
0
LINE
8
BLACK
6
CONTINUOUS
10
7.6200787401574805
20
-4.265748031496063
11
7.6200787401574805
21
-4.2381889763779528
0
LINE
8
BLACK
6
CONTINUOUS
10
7.6200787401574805
20
-4.2381889763779528
11
7.6208279527559055
21
-4.2344224015748031
0
LINE
8
BLACK
6
CONTINUOUS
10
7.6208279527559055
20
-4.2344224015748031
11
7.6229615354330704
21
-4.2312292519685037
0
LINE
8
BLACK
6
CONTINUOUS
10
7.6229615354330704
20
-4.2312292519685037
11
7.6261546850393698
21
-4.2290956692913388
0
LINE
8
BLACK
6
CONTINUOUS
10
7.6261546850393698
20
-4.2290956692913388
11
7.6299212598425195
21
-4.228346456692913
0
LINE
8
BLACK
6
CONTINUOUS
10
7.6299212598425195
20
-4.228346456692913
11
7.6653543307086611
21
-4.228346456692913
0
LINE
8
BLACK
6
CONTINUOUS
10
7.6653543307086611
20
-4.228346456692913
11
7.6691209055118108
21
-4.2290956692913388
0
LINE
8
BLACK
6
CONTINUOUS
10
7.7675461023622043
20
-4.2290956692913388
11
7.7707392519685037
21
-4.2312292519685037
0
LINE
8
BLACK
6
CONTINUOUS
10
7.7707392519685037
20
-4.2312292519685037
11
7.7728728346456695
21
-4.2344224015748031
0
LINE
8
BLACK
6
CONTINUOUS
10
7.7728728346456695
20
-4.2344224015748031
11
7.7736220472440944
21
-4.2381889763779528
0
LINE
8
BLACK
6
CONTINUOUS
10
7.7736220472440944
20
-4.2381889763779528
11
7.7736220472440944
21
-4.265748031496063
0
LINE
8
BLACK
6
CONTINUOUS
10
7.7736220472440944
20
-4.265748031496063
11
7.7728728346456695
21
-4.2695146062992126
0
LINE
8
BLACK
6
CONTINUOUS
10
7.7728728346456695
20
-4.2695146062992126
11
7.7707392519685037
21
-4.272707755905512
0
LINE
8
BLACK
6
CONTINUOUS
10
7.7707392519685037
20
-4.272707755905512
11
7.7675461023622043
21
-4.2748413385826769
0
LINE
8
BLACK
6
CONTINUOUS
10
7.7675461023622043
20
-4.2748413385826769
11
7.7637795275590546
21
-4.2755905511811019
0
LINE
8
BLACK
6
CONTINUOUS
10
7.7637795275590546
20
-4.2755905511811019
11
7.728346456692913
21
-4.2755905511811019
0
LINE
8
BLACK
6
CONTINUOUS
10
7.728346456692913
20
-4.2755905511811019
11
7.7245798818897633
21
-4.2748413385826769
0
LINE
8
BLACK
6
CONTINUOUS
10
7.7245798818897633
20
-4.2748413385826769
11
7.7213867322834639
21
-4.272707755905512
0
LINE
8
BLACK
6
CONTINUOUS
10
7.7213867322834639
20
-4.272707755905512
11
7.719253149606299
21
-4.2695146062992126
0
LINE
8
BLACK
6
CONTINUOUS
10
7.719253149606299
20
-4.2695146062992126
11
7.7185039370078741
21
-4.265748031496063
0
LINE
8
BLACK
6
CONTINUOUS
10
7.7185039370078741
20
-4.265748031496063
11
7.7185039370078741
21
-4.2381889763779528
0
LINE
8
BLACK
6
CONTINUOUS
10
7.7185039370078741
20
-4.2381889763779528
11
7.719253149606299
21
-4.2344224015748031
0
LINE
8
BLACK
6
CONTINUOUS
10
7.719253149606299
20
-4.2344224015748031
11
7.7213867322834639
21
-4.2312292519685037
0
LINE
8
BLACK
6
CONTINUOUS
10
7.7213867322834639
20
-4.2312292519685037
11
7.7245798818897633
21
-4.2290956692913388
0
LINE
8
BLACK
6
CONTINUOUS
10
7.7245798818897633
20
-4.2290956692913388
11
7.728346456692913
21
-4.228346456692913
0
LINE
8
BLACK
6
CONTINUOUS
10
7.728346456692913
20
-4.228346456692913
11
7.7637795275590546
21
-4.228346456692913
0
LINE
8
BLACK
6
CONTINUOUS
10
7.7637795275590546
20
-4.228346456692913
11
7.7675461023622043
21
-4.2290956692913388
0
LINE
8
BLACK
6
CONTINUOUS
10
8.2533728740157475
20
-4.2204342519685039
11
8.2565660236220477
21
-4.2225678346456688
0
LINE
8
BLACK
6
CONTINUOUS
10
8.2565660236220477
20
-4.2225678346456688
11
8.2586996062992117
21
-4.2257609842519681
0
LINE
8
BLACK
6
CONTINUOUS
10
8.2586996062992117
20
-4.2257609842519681
11
8.2594488188976385
21
-4.2295275590551178
0
LINE
8
BLACK
6
CONTINUOUS
10
8.2594488188976385
20
-4.2295275590551178
11
8.2594488188976385
21
-4.2649606299212595
0
LINE
8
BLACK
6
CONTINUOUS
10
8.2594488188976385
20
-4.2649606299212595
11
8.2586996062992117
21
-4.2687272047244091
0
LINE
8
BLACK
6
CONTINUOUS
10
8.2586996062992117
20
-4.2687272047244091
11
8.2565660236220477
21
-4.2719203543307085
0
LINE
8
BLACK
6
CONTINUOUS
10
8.2565660236220477
20
-4.2719203543307085
11
8.2533728740157475
21
-4.2740539370078743
0
LINE
8
BLACK
6
CONTINUOUS
10
8.2533728740157475
20
-4.2740539370078743
11
8.2496062992125978
21
-4.2748031496062993
0
LINE
8
BLACK
6
CONTINUOUS
10
8.2496062992125978
20
-4.2748031496062993
11
8.2220472440944885
21
-4.2748031496062993
0
LINE
8
BLACK
6
CONTINUOUS
10
8.2220472440944885
20
-4.2748031496062993
11
8.2182806692913388
21
-4.2740539370078743
0
LINE
8
BLACK
6
CONTINUOUS
10
8.2182806692913388
20
-4.2740539370078743
11
8.2150875196850386
21
-4.2719203543307085
0
LINE
8
BLACK
6
CONTINUOUS
10
8.2150875196850386
20
-4.2719203543307085
11
8.2129539370078746
21
-4.2687272047244091
0
LINE
8
BLACK
6
CONTINUOUS
10
8.2129539370078746
20
-4.2687272047244091
11
8.2122047244094478
21
-4.2649606299212595
0
LINE
8
BLACK
6
CONTINUOUS
10
8.2122047244094478
20
-4.2649606299212595
11
8.2122047244094478
21
-4.2295275590551178
0
LINE
8
BLACK
6
CONTINUOUS
10
8.2122047244094478
20
-4.2295275590551178
11
8.2129539370078746
21
-4.2257609842519681
0
LINE
8
BLACK
6
CONTINUOUS
10
8.2129539370078746
20
-4.2257609842519681
11
8.2150875196850386
21
-4.2225678346456688
0
LINE
8
BLACK
6
CONTINUOUS
10
8.2150875196850386
20
-4.2225678346456688
11
8.2182806692913388
21
-4.2204342519685039
0
LINE
8
BLACK
6
CONTINUOUS
10
8.2182806692913388
20
-4.2204342519685039
11
8.2220472440944885
21
-4.2196850393700789
0
LINE
8
BLACK
6
CONTINUOUS
10
8.2220472440944885
20
-4.2196850393700789
11
8.2496062992125978
21
-4.2196850393700789
0
LINE
8
BLACK
6
CONTINUOUS
10
8.2496062992125978
20
-4.2196850393700789
11
8.2533728740157475
21
-4.2204342519685039
0
LINE
8
BLACK
6
CONTINUOUS
10
8.3321130314960623
20
-4.2204342519685039
11
8.3353061811023625
21
-4.2225678346456688
0
LINE
8
BLACK
6
CONTINUOUS
10
8.3353061811023625
20
-4.2225678346456688
11
8.3374397637795266
21
-4.2257609842519681
0
LINE
8
BLACK
6
CONTINUOUS
10
8.3374397637795266
20
-4.2257609842519681
11
8.3381889763779533
21
-4.2295275590551178
0
LINE
8
BLACK
6
CONTINUOUS
10
8.3381889763779533
20
-4.2295275590551178
11
8.3381889763779533
21
-4.2649606299212595
0
LINE
8
BLACK
6
CONTINUOUS
10
8.3381889763779533
20
-4.2649606299212595
11
8.3374397637795266
21
-4.2687272047244091
0
LINE
8
BLACK
6
CONTINUOUS
10
8.3374397637795266
20
-4.2687272047244091
11
8.3353061811023625
21
-4.2719203543307085
0
LINE
8
BLACK
6
CONTINUOUS
10
8.3353061811023625
20
-4.2719203543307085
11
8.3321130314960623
21
-4.2740539370078743
0
LINE
8
BLACK
6
CONTINUOUS
10
8.3321130314960623
20
-4.2740539370078743
11
8.3283464566929126
21
-4.2748031496062993
0
LINE
8
BLACK
6
CONTINUOUS
10
8.3283464566929126
20
-4.2748031496062993
11
8.3007874015748033
21
-4.2748031496062993
0
LINE
8
BLACK
6
CONTINUOUS
10
8.3007874015748033
20
-4.2748031496062993
11
8.2970208267716536
21
-4.2740539370078743
0
LINE
8
BLACK
6
CONTINUOUS
10
8.2970208267716536
20
-4.2740539370078743
11
8.2938276771653534
21
-4.2719203543307085
0
LINE
8
BLACK
6
CONTINUOUS
10
8.2938276771653534
20
-4.2719203543307085
11
8.2916940944881894
21
-4.2687272047244091
0
LINE
8
BLACK
6
CONTINUOUS
10
8.2916940944881894
20
-4.2687272047244091
11
8.2909448818897644
21
-4.2649606299212595
0
LINE
8
BLACK
6
CONTINUOUS
10
8.2909448818897644
20
-4.2649606299212595
11
8.2909448818897644
21
-4.2295275590551178
0
LINE
8
BLACK
6
CONTINUOUS
10
8.2909448818897644
20
-4.2295275590551178
11
8.2916940944881894
21
-4.2257609842519681
0
LINE
8
BLACK
6
CONTINUOUS
10
8.2916940944881894
20
-4.2257609842519681
11
8.2938276771653534
21
-4.2225678346456688
0
LINE
8
BLACK
6
CONTINUOUS
10
8.2938276771653534
20
-4.2225678346456688
11
8.2970208267716536
21
-4.2204342519685039
0
LINE
8
BLACK
6
CONTINUOUS
10
8.2970208267716536
20
-4.2204342519685039
11
8.3007874015748033
21
-4.2196850393700789
0
LINE
8
BLACK
6
CONTINUOUS
10
8.3007874015748033
20
-4.2196850393700789
11
8.3283464566929126
21
-4.2196850393700789
0
LINE
8
BLACK
6
CONTINUOUS
10
8.3283464566929126
20
-4.2196850393700789
11
8.3321130314960623
21
-4.2204342519685039
0
LINE
8
BLACK
6
CONTINUOUS
10
2.5224673622047242
20
-4.2288003937007872
11
2.5256605118110236
21
-4.230933976377953
0
LINE
8
BLACK
6
CONTINUOUS
10
2.5256605118110236
20
-4.230933976377953
11
2.5277940944881889
21
-4.2341271259842514
0
LINE
8
BLACK
6
CONTINUOUS
10
2.5277940944881889
20
-4.2341271259842514
11
2.5285433070866139
21
-4.2378937007874011
0
LINE
8
BLACK
6
CONTINUOUS
10
2.5285433070866139
20
-4.2378937007874011
11
2.5285433070866139
21
-4.2644685039370076
0
LINE
8
BLACK
6
CONTINUOUS
10
2.5285433070866139
20
-4.2644685039370076
11
2.5277940944881889
21
-4.2682350787401573
0
LINE
8
BLACK
6
CONTINUOUS
10
2.5277940944881889
20
-4.2682350787401573
11
2.5256605118110236
21
-4.2714282283464566
0
LINE
8
BLACK
6
CONTINUOUS
10
2.5256605118110236
20
-4.2714282283464566
11
2.5224673622047242
21
-4.2735618110236215
0
LINE
8
BLACK
6
CONTINUOUS
10
2.5224673622047242
20
-4.2735618110236215
11
2.5187007874015745
21
-4.2743110236220474
0
LINE
8
BLACK
6
CONTINUOUS
10
2.5187007874015745
20
-4.2743110236220474
11
2.481299212598425
21
-4.2743110236220474
0
LINE
8
BLACK
6
CONTINUOUS
10
2.481299212598425
20
-4.2743110236220474
11
2.4775326377952753
21
-4.2735618110236215
0
LINE
8
BLACK
6
CONTINUOUS
10
2.4775326377952753
20
-4.2735618110236215
11
2.4743394881889764
21
-4.2714282283464566
0
LINE
8
BLACK
6
CONTINUOUS
10
2.4743394881889764
20
-4.2714282283464566
11
2.4722059055118111
21
-4.2682350787401573
0
LINE
8
BLACK
6
CONTINUOUS
10
2.4722059055118111
20
-4.2682350787401573
11
2.4714566929133857
21
-4.2644685039370076
0
LINE
8
BLACK
6
CONTINUOUS
10
2.4714566929133857
20
-4.2644685039370076
11
2.4714566929133857
21
-4.2378937007874011
0
LINE
8
BLACK
6
CONTINUOUS
10
2.4714566929133857
20
-4.2378937007874011
11
2.4722059055118111
21
-4.2341271259842514
0
LINE
8
BLACK
6
CONTINUOUS
10
2.4722059055118111
20
-4.2341271259842514
11
2.4743394881889764
21
-4.230933976377953
0
LINE
8
BLACK
6
CONTINUOUS
10
2.4743394881889764
20
-4.230933976377953
11
2.4775326377952753
21
-4.2288003937007872
0
LINE
8
BLACK
6
CONTINUOUS
10
2.4775326377952753
20
-4.2288003937007872
11
2.481299212598425
21
-4.2280511811023622
0
LINE
8
BLACK
6
CONTINUOUS
10
2.481299212598425
20
-4.2280511811023622
11
2.5187007874015745
21
-4.2280511811023622
0
LINE
8
BLACK
6
CONTINUOUS
10
2.5187007874015745
20
-4.2280511811023622
11
2.5224673622047242
21
-4.2288003937007872
0
LINE
8
BLACK
6
CONTINUOUS
10
2.6405775984251969
20
-4.2219106299212594
11
2.6437707480314958
21
-4.2240442125984252
0
LINE
8
BLACK
6
CONTINUOUS
10
2.6437707480314958
20
-4.2240442125984252
11
2.6459043307086612
21
-4.2272373622047246
0
LINE
8
BLACK
6
CONTINUOUS
10
2.6459043307086612
20
-4.2272373622047246
11
2.6466535433070866
21
-4.2310039370078742
0
LINE
8
BLACK
6
CONTINUOUS
10
2.6466535433070866
20
-4.2310039370078742
11
2.6466535433070866
21
-4.2575787401574798
0
LINE
8
BLACK
6
CONTINUOUS
10
2.6466535433070866
20
-4.2575787401574798
11
2.6459043307086612
21
-4.2613453149606295
0
LINE
8
BLACK
6
CONTINUOUS
10
2.6459043307086612
20
-4.2613453149606295
11
2.6437707480314958
21
-4.2645384645669289
0
LINE
8
BLACK
6
CONTINUOUS
10
2.6437707480314958
20
-4.2645384645669289
11
2.6405775984251969
21
-4.2666720472440947
0
LINE
8
BLACK
6
CONTINUOUS
10
2.6405775984251969
20
-4.2666720472440947
11
2.6368110236220472
21
-4.2674212598425196
0
LINE
8
BLACK
6
CONTINUOUS
10
2.6368110236220472
20
-4.2674212598425196
11
2.5994094488188977
21
-4.2674212598425196
0
LINE
8
BLACK
6
CONTINUOUS
10
2.5994094488188977
20
-4.2674212598425196
11
2.595642874015748
21
-4.2666720472440947
0
LINE
8
BLACK
6
CONTINUOUS
10
2.595642874015748
20
-4.2666720472440947
11
2.5924497244094487
21
-4.2645384645669289
0
LINE
8
BLACK
6
CONTINUOUS
10
2.5924497244094487
20
-4.2645384645669289
11
2.5903161417322833
21
-4.2613453149606295
0
LINE
8
BLACK
6
CONTINUOUS
10
2.5903161417322833
20
-4.2613453149606295
11
2.5895669291338583
21
-4.2575787401574798
0
LINE
8
BLACK
6
CONTINUOUS
10
2.5895669291338583
20
-4.2575787401574798
11
2.5895669291338583
21
-4.2310039370078742
0
LINE
8
BLACK
6
CONTINUOUS
10
2.5895669291338583
20
-4.2310039370078742
11
2.5903161417322833
21
-4.2272373622047246
0
LINE
8
BLACK
6
CONTINUOUS
10
2.5903161417322833
20
-4.2272373622047246
11
2.5924497244094487
21
-4.2240442125984252
0
LINE
8
BLACK
6
CONTINUOUS
10
2.5924497244094487
20
-4.2240442125984252
11
2.595642874015748
21
-4.2219106299212594
0
LINE
8
BLACK
6
CONTINUOUS
10
2.595642874015748
20
-4.2219106299212594
11
2.5994094488188977
21
-4.2211614173228345
0
LINE
8
BLACK
6
CONTINUOUS
10
2.5994094488188977
20
-4.2211614173228345
11
2.6368110236220472
21
-4.2211614173228345
0
LINE
8
BLACK
6
CONTINUOUS
10
2.6368110236220472
20
-4.2211614173228345
11
2.6405775984251969
21
-4.2219106299212594
0
LINE
8
BLACK
6
CONTINUOUS
10
5.5211484645669291
20
-4.1955129921259839
11
5.5243416141732284
21
-4.1976465748031497
0
LINE
8
BLACK
6
CONTINUOUS
10
5.5243416141732284
20
-4.1976465748031497
11
5.5264751968503933
21
-4.2008397244094491
0
LINE
8
BLACK
6
CONTINUOUS
10
5.5264751968503933
20
-4.2008397244094491
11
5.5272244094488192
21
-4.2046062992125988
0
LINE
8
BLACK
6
CONTINUOUS
10
5.5272244094488192
20
-4.2046062992125988
11
5.5272244094488192
21
-4.2420078740157479
0
LINE
8
BLACK
6
CONTINUOUS
10
5.5272244094488192
20
-4.2420078740157479
11
5.5264751968503933
21
-4.2457744488188975
0
LINE
8
BLACK
6
CONTINUOUS
10
5.5264751968503933
20
-4.2457744488188975
11
5.5243416141732284
21
-4.2489675984251969
0
LINE
8
BLACK
6
CONTINUOUS
10
5.5243416141732284
20
-4.2489675984251969
11
5.5211484645669291
21
-4.2511011811023618
0
LINE
8
BLACK
6
CONTINUOUS
10
5.5211484645669291
20
-4.2511011811023618
11
5.5173818897637794
21
-4.2518503937007877
0
LINE
8
BLACK
6
CONTINUOUS
10
5.5173818897637794
20
-4.2518503937007877
11
5.4908070866141729
21
-4.2518503937007877
0
LINE
8
BLACK
6
CONTINUOUS
10
5.4908070866141729
20
-4.2518503937007877
11
5.4870405118110233
21
-4.2511011811023618
0
LINE
8
BLACK
6
CONTINUOUS
10
5.4870405118110233
20
-4.2511011811023618
11
5.4838473622047239
21
-4.2489675984251969
0
LINE
8
BLACK
6
CONTINUOUS
10
5.4838473622047239
20
-4.2489675984251969
11
5.481713779527559
21
-4.2457744488188975
0
LINE
8
BLACK
6
CONTINUOUS
10
5.481713779527559
20
-4.2457744488188975
11
5.480964566929134
21
-4.2420078740157479
0
LINE
8
BLACK
6
CONTINUOUS
10
5.480964566929134
20
-4.2420078740157479
11
5.480964566929134
21
-4.2046062992125988
0
LINE
8
BLACK
6
CONTINUOUS
10
5.480964566929134
20
-4.2046062992125988
11
5.481713779527559
21
-4.2008397244094491
0
LINE
8
BLACK
6
CONTINUOUS
10
5.481713779527559
20
-4.2008397244094491
11
5.4838473622047239
21
-4.1976465748031497
0
LINE
8
BLACK
6
CONTINUOUS
10
5.4838473622047239
20
-4.1976465748031497
11
5.4870405118110233
21
-4.1955129921259839
0
LINE
8
BLACK
6
CONTINUOUS
10
5.4870405118110233
20
-4.1955129921259839
11
5.4908070866141729
21
-4.194763779527559
0
LINE
8
BLACK
6
CONTINUOUS
10
5.4908070866141729
20
-4.194763779527559
11
5.5173818897637794
21
-4.194763779527559
0
LINE
8
BLACK
6
CONTINUOUS
10
5.5173818897637794
20
-4.194763779527559
11
5.5211484645669291
21
-4.1955129921259839
0
LINE
8
BLACK
6
CONTINUOUS
10
5.6028413779527559
20
-4.1955129921259839
11
5.6060345275590553
21
-4.1976465748031497
0
LINE
8
BLACK
6
CONTINUOUS
10
5.6060345275590553
20
-4.1976465748031497
11
5.6081681102362202
21
-4.2008397244094491
0
LINE
8
BLACK
6
CONTINUOUS
10
5.6081681102362202
20
-4.2008397244094491
11
5.6089173228346452
21
-4.2046062992125988
0
LINE
8
BLACK
6
CONTINUOUS
10
5.6089173228346452
20
-4.2046062992125988
11
5.6089173228346452
21
-4.2420078740157479
0
LINE
8
BLACK
6
CONTINUOUS
10
5.6089173228346452
20
-4.2420078740157479
11
5.6081681102362202
21
-4.2457744488188975
0
LINE
8
BLACK
6
CONTINUOUS
10
5.6081681102362202
20
-4.2457744488188975
11
5.6060345275590553
21
-4.2489675984251969
0
LINE
8
BLACK
6
CONTINUOUS
10
5.6060345275590553
20
-4.2489675984251969
11
5.6028413779527559
21
-4.2511011811023618
0
LINE
8
BLACK
6
CONTINUOUS
10
5.6028413779527559
20
-4.2511011811023618
11
5.5990748031496063
21
-4.2518503937007877
0
LINE
8
BLACK
6
CONTINUOUS
10
5.5990748031496063
20
-4.2518503937007877
11
5.5724999999999998
21
-4.2518503937007877
0
LINE
8
BLACK
6
CONTINUOUS
10
5.5724999999999998
20
-4.2518503937007877
11
5.5687334251968501
21
-4.2511011811023618
0
LINE
8
BLACK
6
CONTINUOUS
10
5.5687334251968501
20
-4.2511011811023618
11
5.5655402755905508
21
-4.2489675984251969
0
LINE
8
BLACK
6
CONTINUOUS
10
5.5655402755905508
20
-4.2489675984251969
11
5.5634066929133859
21
-4.2457744488188975
0
LINE
8
BLACK
6
CONTINUOUS
10
5.5634066929133859
20
-4.2457744488188975
11
5.5626574803149609
21
-4.2420078740157479
0
LINE
8
BLACK
6
CONTINUOUS
10
5.5626574803149609
20
-4.2420078740157479
11
5.5626574803149609
21
-4.2046062992125988
0
LINE
8
BLACK
6
CONTINUOUS
10
5.5626574803149609
20
-4.2046062992125988
11
5.5634066929133859
21
-4.2008397244094491
0
LINE
8
BLACK
6
CONTINUOUS
10
5.5634066929133859
20
-4.2008397244094491
11
5.5655402755905508
21
-4.1976465748031497
0
LINE
8
BLACK
6
CONTINUOUS
10
5.5655402755905508
20
-4.1976465748031497
11
5.5687334251968501
21
-4.1955129921259839
0
LINE
8
BLACK
6
CONTINUOUS
10
5.5687334251968501
20
-4.1955129921259839
11
5.5724999999999998
21
-4.194763779527559
0
LINE
8
BLACK
6
CONTINUOUS
10
5.5724999999999998
20
-4.194763779527559
11
5.5990748031496063
21
-4.194763779527559
0
LINE
8
BLACK
6
CONTINUOUS
10
5.5990748031496063
20
-4.194763779527559
11
5.6028413779527559
21
-4.1955129921259839
0
LINE
8
BLACK
6
CONTINUOUS
10
4.2744358661417321
20
-4.1675799212598426
11
4.2776290157480314
21
-4.1697135039370075
0
LINE
8
BLACK
6
CONTINUOUS
10
4.2776290157480314
20
-4.1697135039370075
11
4.2797625984251964
21
-4.1729066535433068
0
LINE
8
BLACK
6
CONTINUOUS
10
4.2797625984251964
20
-4.1729066535433068
11
4.2805118110236222
21
-4.1766732283464565
0
LINE
8
BLACK
6
CONTINUOUS
10
4.2805118110236222
20
-4.1766732283464565
11
4.2805118110236222
21
-4.203248031496063
0
LINE
8
BLACK
6
CONTINUOUS
10
4.2805118110236222
20
-4.203248031496063
11
4.2797625984251964
21
-4.2070146062992126
0
LINE
8
BLACK
6
CONTINUOUS
10
4.2797625984251964
20
-4.2070146062992126
11
4.2776290157480314
21
-4.210207755905512
0
LINE
8
BLACK
6
CONTINUOUS
10
4.2776290157480314
20
-4.210207755905512
11
4.2744358661417321
21
-4.2123413385826769
0
LINE
8
BLACK
6
CONTINUOUS
10
4.2744358661417321
20
-4.2123413385826769
11
4.2706692913385824
21
-4.2130905511811019
0
LINE
8
BLACK
6
CONTINUOUS
10
4.2706692913385824
20
-4.2130905511811019
11
4.2332677165354333
21
-4.2130905511811019
0
LINE
8
BLACK
6
CONTINUOUS
10
4.2332677165354333
20
-4.2130905511811019
11
4.2295011417322836
21
-4.2123413385826769
0
LINE
8
BLACK
6
CONTINUOUS
10
4.2295011417322836
20
-4.2123413385826769
11
4.2263079921259843
21
-4.210207755905512
0
LINE
8
BLACK
6
CONTINUOUS
10
4.2263079921259843
20
-4.210207755905512
11
4.2241744094488185
21
-4.2070146062992126
0
LINE
8
BLACK
6
CONTINUOUS
10
4.2241744094488185
20
-4.2070146062992126
11
4.2234251968503935
21
-4.203248031496063
0
LINE
8
BLACK
6
CONTINUOUS
10
4.2234251968503935
20
-4.203248031496063
11
4.2234251968503935
21
-4.1766732283464565
0
LINE
8
BLACK
6
CONTINUOUS
10
4.2234251968503935
20
-4.1766732283464565
11
4.2241744094488185
21
-4.1729066535433068
0
LINE
8
BLACK
6
CONTINUOUS
10
4.2241744094488185
20
-4.1729066535433068
11
4.2263079921259843
21
-4.1697135039370075
0
LINE
8
BLACK
6
CONTINUOUS
10
4.2263079921259843
20
-4.1697135039370075
11
4.2295011417322836
21
-4.1675799212598426
0
LINE
8
BLACK
6
CONTINUOUS
10
4.2295011417322836
20
-4.1675799212598426
11
4.2332677165354333
21
-4.1668307086614176
0
LINE
8
BLACK
6
CONTINUOUS
10
4.2332677165354333
20
-4.1668307086614176
11
4.2706692913385824
21
-4.1668307086614176
0
LINE
8
BLACK
6
CONTINUOUS
10
4.2706692913385824
20
-4.1668307086614176
11
4.2744358661417321
21
-4.1675799212598426
0
LINE
8
BLACK
6
CONTINUOUS
10
8.048648464566929
20
-4.1472059055118109
11
8.0518416141732274
21
-4.1493394881889767
0
LINE
8
BLACK
6
CONTINUOUS
10
8.0518416141732274
20
-4.1493394881889767
11
8.0539751968503932
21
-4.1525326377952751
0
LINE
8
BLACK
6
CONTINUOUS
10
8.0539751968503932
20
-4.1525326377952751
11
8.0547244094488182
21
-4.1562992125984248
0
LINE
8
BLACK
6
CONTINUOUS
10
8.0547244094488182
20
-4.1562992125984248
11
8.0547244094488182
21
-4.1917322834645665
0
LINE
8
BLACK
6
CONTINUOUS
10
8.0547244094488182
20
-4.1917322834645665
11
8.0539751968503932
21
-4.1954988582677162
0
LINE
8
BLACK
6
CONTINUOUS
10
8.0539751968503932
20
-4.1954988582677162
11
8.0518416141732274
21
-4.1986920078740155
0
LINE
8
BLACK
6
CONTINUOUS
10
8.0518416141732274
20
-4.1986920078740155
11
8.048648464566929
21
-4.2008255905511813
0
LINE
8
BLACK
6
CONTINUOUS
10
8.048648464566929
20
-4.2008255905511813
11
8.0448818897637793
21
-4.2015748031496063
0
LINE
8
BLACK
6
CONTINUOUS
10
8.0448818897637793
20
-4.2015748031496063
11
8.01732283464567
21
-4.2015748031496063
0
LINE
8
BLACK
6
CONTINUOUS
10
8.01732283464567
20
-4.2015748031496063
11
8.0135562598425203
21
-4.2008255905511813
0
LINE
8
BLACK
6
CONTINUOUS
10
8.0135562598425203
20
-4.2008255905511813
11
8.0103631102362201
21
-4.1986920078740155
0
LINE
8
BLACK
6
CONTINUOUS
10
8.0103631102362201
20
-4.1986920078740155
11
8.0082295275590543
21
-4.1954988582677162
0
LINE
8
BLACK
6
CONTINUOUS
10
8.0082295275590543
20
-4.1954988582677162
11
8.0074803149606293
21
-4.1917322834645665
0
LINE
8
BLACK
6
CONTINUOUS
10
8.0074803149606293
20
-4.1917322834645665
11
8.0074803149606293
21
-4.1562992125984248
0
LINE
8
BLACK
6
CONTINUOUS
10
8.0074803149606293
20
-4.1562992125984248
11
8.0082295275590543
21
-4.1525326377952751
0
LINE
8
BLACK
6
CONTINUOUS
10
8.0082295275590543
20
-4.1525326377952751
11
8.0103631102362201
21
-4.1493394881889767
0
LINE
8
BLACK
6
CONTINUOUS
10
8.0103631102362201
20
-4.1493394881889767
11
8.0135562598425203
21
-4.1472059055118109
0
LINE
8
BLACK
6
CONTINUOUS
10
8.0135562598425203
20
-4.1472059055118109
11
8.01732283464567
21
-4.1464566929133859
0
LINE
8
BLACK
6
CONTINUOUS
10
8.01732283464567
20
-4.1464566929133859
11
8.0448818897637793
21
-4.1464566929133859
0
LINE
8
BLACK
6
CONTINUOUS
10
8.0448818897637793
20
-4.1464566929133859
11
8.048648464566929
21
-4.1472059055118109
0
LINE
8
BLACK
6
CONTINUOUS
10
8.1273886220472438
20
-4.1472059055118109
11
8.130581771653544
21
-4.1493394881889767
0
LINE
8
BLACK
6
CONTINUOUS
10
8.130581771653544
20
-4.1493394881889767
11
8.132715354330708
21
-4.1525326377952751
0
LINE
8
BLACK
6
CONTINUOUS
10
8.132715354330708
20
-4.1525326377952751
11
8.133464566929133
21
-4.1562992125984248
0
LINE
8
BLACK
6
CONTINUOUS
10
8.133464566929133
20
-4.1562992125984248
11
8.133464566929133
21
-4.1917322834645665
0
LINE
8
BLACK
6
CONTINUOUS
10
8.133464566929133
20
-4.1917322834645665
11
8.132715354330708
21
-4.1954988582677162
0
LINE
8
BLACK
6
CONTINUOUS
10
8.132715354330708
20
-4.1954988582677162
11
8.130581771653544
21
-4.1986920078740155
0
LINE
8
BLACK
6
CONTINUOUS
10
8.130581771653544
20
-4.1986920078740155
11
8.1273886220472438
21
-4.2008255905511813
0
LINE
8
BLACK
6
CONTINUOUS
10
8.1273886220472438
20
-4.2008255905511813
11
8.1236220472440941
21
-4.2015748031496063
0
LINE
8
BLACK
6
CONTINUOUS
10
8.1236220472440941
20
-4.2015748031496063
11
8.0960629921259848
21
-4.2015748031496063
0
LINE
8
BLACK
6
CONTINUOUS
10
8.0960629921259848
20
-4.2015748031496063
11
8.0922964173228351
21
-4.2008255905511813
0
LINE
8
BLACK
6
CONTINUOUS
10
8.0922964173228351
20
-4.2008255905511813
11
8.0891032677165349
21
-4.1986920078740155
0
LINE
8
BLACK
6
CONTINUOUS
10
8.0891032677165349
20
-4.1986920078740155
11
8.0869696850393691
21
-4.1954988582677162
0
LINE
8
BLACK
6
CONTINUOUS
10
8.0869696850393691
20
-4.1954988582677162
11
8.0862204724409441
21
-4.1917322834645665
0
LINE
8
BLACK
6
CONTINUOUS
10
8.0862204724409441
20
-4.1917322834645665
11
8.0862204724409441
21
-4.1562992125984248
0
LINE
8
BLACK
6
CONTINUOUS
10
8.0862204724409441
20
-4.1562992125984248
11
8.0869696850393691
21
-4.1525326377952751
0
LINE
8
BLACK
6
CONTINUOUS
10
8.0869696850393691
20
-4.1525326377952751
11
8.0891032677165349
21
-4.1493394881889767
0
LINE
8
BLACK
6
CONTINUOUS
10
8.0891032677165349
20
-4.1493394881889767
11
8.0922964173228351
21
-4.1472059055118109
0
LINE
8
BLACK
6
CONTINUOUS
10
8.0922964173228351
20
-4.1472059055118109
11
8.0960629921259848
21
-4.1464566929133859
0
LINE
8
BLACK
6
CONTINUOUS
10
8.0960629921259848
20
-4.1464566929133859
11
8.1236220472440941
21
-4.1464566929133859
0
LINE
8
BLACK
6
CONTINUOUS
10
8.1236220472440941
20
-4.1464566929133859
11
8.1273886220472438
21
-4.1472059055118109
0
LINE
8
BLACK
6
CONTINUOUS
10
7.6691209055118108
20
-4.1503555118110231
11
7.6723140551181102
21
-4.1524890944881889
0
LINE
8
BLACK
6
CONTINUOUS
10
7.6723140551181102
20
-4.1524890944881889
11
7.6744476377952751
21
-4.1556822440944883
0
LINE
8
BLACK
6
CONTINUOUS
10
7.6744476377952751
20
-4.1556822440944883
11
7.6751968503937009
21
-4.159448818897638
0
LINE
8
BLACK
6
CONTINUOUS
10
7.6751968503937009
20
-4.159448818897638
11
7.6751968503937009
21
-4.1870078740157481
0
LINE
8
BLACK
6
CONTINUOUS
10
7.6751968503937009
20
-4.1870078740157481
11
7.6744476377952751
21
-4.1907744488188978
0
LINE
8
BLACK
6
CONTINUOUS
10
7.6744476377952751
20
-4.1907744488188978
11
7.6723140551181102
21
-4.1939675984251972
0
LINE
8
BLACK
6
CONTINUOUS
10
7.6723140551181102
20
-4.1939675984251972
11
7.6691209055118108
21
-4.1961011811023621
0
LINE
8
BLACK
6
CONTINUOUS
10
7.6691209055118108
20
-4.1961011811023621
11
7.6653543307086611
21
-4.1968503937007871
0
LINE
8
BLACK
6
CONTINUOUS
10
7.6653543307086611
20
-4.1968503937007871
11
7.6299212598425195
21
-4.1968503937007871
0
LINE
8
BLACK
6
CONTINUOUS
10
7.6299212598425195
20
-4.1968503937007871
11
7.6261546850393698
21
-4.1961011811023621
0
LINE
8
BLACK
6
CONTINUOUS
10
7.6261546850393698
20
-4.1961011811023621
11
7.6229615354330704
21
-4.1939675984251972
0
LINE
8
BLACK
6
CONTINUOUS
10
7.6229615354330704
20
-4.1939675984251972
11
7.6208279527559055
21
-4.1907744488188978
0
LINE
8
BLACK
6
CONTINUOUS
10
7.6208279527559055
20
-4.1907744488188978
11
7.6200787401574805
21
-4.1870078740157481
0
LINE
8
BLACK
6
CONTINUOUS
10
7.6200787401574805
20
-4.1870078740157481
11
7.6200787401574805
21
-4.159448818897638
0
LINE
8
BLACK
6
CONTINUOUS
10
7.6200787401574805
20
-4.159448818897638
11
7.6208279527559055
21
-4.1556822440944883
0
LINE
8
BLACK
6
CONTINUOUS
10
7.6208279527559055
20
-4.1556822440944883
11
7.6229615354330704
21
-4.1524890944881889
0
LINE
8
BLACK
6
CONTINUOUS
10
7.6229615354330704
20
-4.1524890944881889
11
7.6261546850393698
21
-4.1503555118110231
0
LINE
8
BLACK
6
CONTINUOUS
10
7.6261546850393698
20
-4.1503555118110231
11
7.6299212598425195
21
-4.1496062992125982
0
LINE
8
BLACK
6
CONTINUOUS
10
7.6299212598425195
20
-4.1496062992125982
11
7.6653543307086611
21
-4.1496062992125982
0
LINE
8
BLACK
6
CONTINUOUS
10
7.6653543307086611
20
-4.1496062992125982
11
7.6691209055118108
21
-4.1503555118110231
0
LINE
8
BLACK
6
CONTINUOUS
10
7.7675461023622043
20
-4.1503555118110231
11
7.7707392519685037
21
-4.1524890944881889
0
LINE
8
BLACK
6
CONTINUOUS
10
7.7707392519685037
20
-4.1524890944881889
11
7.7728728346456695
21
-4.1556822440944883
0
LINE
8
BLACK
6
CONTINUOUS
10
7.7728728346456695
20
-4.1556822440944883
11
7.7736220472440944
21
-4.159448818897638
0
LINE
8
BLACK
6
CONTINUOUS
10
7.7736220472440944
20
-4.159448818897638
11
7.7736220472440944
21
-4.1870078740157481
0
LINE
8
BLACK
6
CONTINUOUS
10
7.7736220472440944
20
-4.1870078740157481
11
7.7728728346456695
21
-4.1907744488188978
0
LINE
8
BLACK
6
CONTINUOUS
10
7.7728728346456695
20
-4.1907744488188978
11
7.7707392519685037
21
-4.1939675984251972
0
LINE
8
BLACK
6
CONTINUOUS
10
7.7707392519685037
20
-4.1939675984251972
11
7.7675461023622043
21
-4.1961011811023621
0
LINE
8
BLACK
6
CONTINUOUS
10
7.7675461023622043
20
-4.1961011811023621
11
7.7637795275590546
21
-4.1968503937007871
0
LINE
8
BLACK
6
CONTINUOUS
10
7.7637795275590546
20
-4.1968503937007871
11
7.728346456692913
21
-4.1968503937007871
0
LINE
8
BLACK
6
CONTINUOUS
10
7.728346456692913
20
-4.1968503937007871
11
7.7245798818897633
21
-4.1961011811023621
0
LINE
8
BLACK
6
CONTINUOUS
10
7.7245798818897633
20
-4.1961011811023621
11
7.7213867322834639
21
-4.1939675984251972
0
LINE
8
BLACK
6
CONTINUOUS
10
7.7213867322834639
20
-4.1939675984251972
11
7.719253149606299
21
-4.1907744488188978
0
LINE
8
BLACK
6
CONTINUOUS
10
7.719253149606299
20
-4.1907744488188978
11
7.7185039370078741
21
-4.1870078740157481
0
LINE
8
BLACK
6
CONTINUOUS
10
7.7185039370078741
20
-4.1870078740157481
11
7.7185039370078741
21
-4.159448818897638
0
LINE
8
BLACK
6
CONTINUOUS
10
7.7185039370078741
20
-4.159448818897638
11
7.719253149606299
21
-4.1556822440944883
0
LINE
8
BLACK
6
CONTINUOUS
10
7.719253149606299
20
-4.1556822440944883
11
7.7213867322834639
21
-4.1524890944881889
0
LINE
8
BLACK
6
CONTINUOUS
10
7.7213867322834639
20
-4.1524890944881889
11
7.7245798818897633
21
-4.1503555118110231
0
LINE
8
BLACK
6
CONTINUOUS
10
7.7245798818897633
20
-4.1503555118110231
11
7.728346456692913
21
-4.1496062992125982
0
LINE
8
BLACK
6
CONTINUOUS
10
7.728346456692913
20
-4.1496062992125982
11
7.7637795275590546
21
-4.1496062992125982
0
LINE
8
BLACK
6
CONTINUOUS
10
7.7637795275590546
20
-4.1496062992125982
11
7.7675461023622043
21
-4.1503555118110231
0
LINE
8
BLACK
6
CONTINUOUS
10
3.3790618503937009
20
-4.1273240157480311
11
3.3822549999999998
21
-4.1294575984251969
0
LINE
8
BLACK
6
CONTINUOUS
10
3.3822549999999998
20
-4.1294575984251969
11
3.3843885826771651
21
-4.1326507480314962
0
LINE
8
BLACK
6
CONTINUOUS
10
3.3843885826771651
20
-4.1326507480314962
11
3.3851377952755906
21
-4.1364173228346459
0
LINE
8
BLACK
6
CONTINUOUS
10
3.3851377952755906
20
-4.1364173228346459
11
3.3851377952755906
21
-4.173818897637795
0
LINE
8
BLACK
6
CONTINUOUS
10
3.3851377952755906
20
-4.173818897637795
11
3.3843885826771651
21
-4.1775854724409447
0
LINE
8
BLACK
6
CONTINUOUS
10
3.3843885826771651
20
-4.1775854724409447
11
3.3822549999999998
21
-4.180778622047244
0
LINE
8
BLACK
6
CONTINUOUS
10
3.3822549999999998
20
-4.180778622047244
11
3.3790618503937009
21
-4.1829122047244089
0
LINE
8
BLACK
6
CONTINUOUS
10
3.3790618503937009
20
-4.1829122047244089
11
3.3752952755905512
21
-4.1836614173228348
0
LINE
8
BLACK
6
CONTINUOUS
10
3.3752952755905512
20
-4.1836614173228348
11
3.3487204724409447
21
-4.1836614173228348
0
LINE
8
BLACK
6
CONTINUOUS
10
3.3487204724409447
20
-4.1836614173228348
11
3.344953897637795
21
-4.1829122047244089
0
LINE
8
BLACK
6
CONTINUOUS
10
3.344953897637795
20
-4.1829122047244089
11
3.3417607480314961
21
-4.180778622047244
0
LINE
8
BLACK
6
CONTINUOUS
10
3.3417607480314961
20
-4.180778622047244
11
3.3396271653543308
21
-4.1775854724409447
0
LINE
8
BLACK
6
CONTINUOUS
10
3.3396271653543308
20
-4.1775854724409447
11
3.3388779527559054
21
-4.173818897637795
0
LINE
8
BLACK
6
CONTINUOUS
10
3.3388779527559054
20
-4.173818897637795
11
3.3388779527559054
21
-4.1364173228346459
0
LINE
8
BLACK
6
CONTINUOUS
10
3.3388779527559054
20
-4.1364173228346459
11
3.3396271653543308
21
-4.1326507480314962
0
LINE
8
BLACK
6
CONTINUOUS
10
3.3396271653543308
20
-4.1326507480314962
11
3.3417607480314961
21
-4.1294575984251969
0
LINE
8
BLACK
6
CONTINUOUS
10
3.3417607480314961
20
-4.1294575984251969
11
3.344953897637795
21
-4.1273240157480311
0
LINE
8
BLACK
6
CONTINUOUS
10
3.344953897637795
20
-4.1273240157480311
11
3.3487204724409447
21
-4.1265748031496061
0
LINE
8
BLACK
6
CONTINUOUS
10
3.3487204724409447
20
-4.1265748031496061
11
3.3752952755905512
21
-4.1265748031496061
0
LINE
8
BLACK
6
CONTINUOUS
10
3.3752952755905512
20
-4.1265748031496061
11
3.3790618503937009
21
-4.1273240157480311
0
LINE
8
BLACK
6
CONTINUOUS
10
3.4607547637795273
20
-4.1273240157480311
11
3.4639479133858266
21
-4.1294575984251969
0
LINE
8
BLACK
6
CONTINUOUS
10
3.4639479133858266
20
-4.1294575984251969
11
3.466081496062992
21
-4.1326507480314962
0
LINE
8
BLACK
6
CONTINUOUS
10
3.466081496062992
20
-4.1326507480314962
11
3.4668307086614174
21
-4.1364173228346459
0
LINE
8
BLACK
6
CONTINUOUS
10
3.4668307086614174
20
-4.1364173228346459
11
3.4668307086614174
21
-4.173818897637795
0
LINE
8
BLACK
6
CONTINUOUS
10
3.4668307086614174
20
-4.173818897637795
11
3.466081496062992
21
-4.1775854724409447
0
LINE
8
BLACK
6
CONTINUOUS
10
3.466081496062992
20
-4.1775854724409447
11
3.4639479133858266
21
-4.180778622047244
0
LINE
8
BLACK
6
CONTINUOUS
10
3.4639479133858266
20
-4.180778622047244
11
3.4607547637795273
21
-4.1829122047244089
0
LINE
8
BLACK
6
CONTINUOUS
10
3.4607547637795273
20
-4.1829122047244089
11
3.4569881889763781
21
-4.1836614173228348
0
LINE
8
BLACK
6
CONTINUOUS
10
3.4569881889763781
20
-4.1836614173228348
11
3.4304133858267716
21
-4.1836614173228348
0
LINE
8
BLACK
6
CONTINUOUS
10
3.4304133858267716
20
-4.1836614173228348
11
3.4266468110236219
21
-4.1829122047244089
0
LINE
8
BLACK
6
CONTINUOUS
10
3.4266468110236219
20
-4.1829122047244089
11
3.4234536614173225
21
-4.180778622047244
0
LINE
8
BLACK
6
CONTINUOUS
10
3.4234536614173225
20
-4.180778622047244
11
3.4213200787401572
21
-4.1775854724409447
0
LINE
8
BLACK
6
CONTINUOUS
10
3.4213200787401572
20
-4.1775854724409447
11
3.4205708661417322
21
-4.173818897637795
0
LINE
8
BLACK
6
CONTINUOUS
10
3.4205708661417322
20
-4.173818897637795
11
3.4205708661417322
21
-4.1364173228346459
0
LINE
8
BLACK
6
CONTINUOUS
10
3.4205708661417322
20
-4.1364173228346459
11
3.4213200787401572
21
-4.1326507480314962
0
LINE
8
BLACK
6
CONTINUOUS
10
3.4213200787401572
20
-4.1326507480314962
11
3.4234536614173225
21
-4.1294575984251969
0
LINE
8
BLACK
6
CONTINUOUS
10
3.4234536614173225
20
-4.1294575984251969
11
3.4266468110236219
21
-4.1273240157480311
0
LINE
8
BLACK
6
CONTINUOUS
10
3.4266468110236219
20
-4.1273240157480311
11
3.4304133858267716
21
-4.1265748031496061
0
LINE
8
BLACK
6
CONTINUOUS
10
3.4304133858267716
20
-4.1265748031496061
11
3.4569881889763781
21
-4.1265748031496061
0
LINE
8
BLACK
6
CONTINUOUS
10
3.4569881889763781
20
-4.1265748031496061
11
3.4607547637795273
21
-4.1273240157480311
0
LINE
8
BLACK
6
CONTINUOUS
10
2.7882153937007872
20
-4.1165956692913381
11
2.7914085433070865
21
-4.1187292519685039
0
LINE
8
BLACK
6
CONTINUOUS
10
2.7914085433070865
20
-4.1187292519685039
11
2.7935421259842519
21
-4.1219224015748033
0
LINE
8
BLACK
6
CONTINUOUS
10
2.7935421259842519
20
-4.1219224015748033
11
2.7942913385826773
21
-4.125688976377953
0
LINE
8
BLACK
6
CONTINUOUS
10
2.7942913385826773
20
-4.125688976377953
11
2.7942913385826773
21
-4.1522637795275585
0
LINE
8
BLACK
6
CONTINUOUS
10
2.7942913385826773
20
-4.1522637795275585
11
2.7935421259842519
21
-4.1560303543307082
0
LINE
8
BLACK
6
CONTINUOUS
10
2.7935421259842519
20
-4.1560303543307082
11
2.7914085433070865
21
-4.1592235039370076
0
LINE
8
BLACK
6
CONTINUOUS
10
2.7914085433070865
20
-4.1592235039370076
11
2.7882153937007872
21
-4.1613570866141734
0
LINE
8
BLACK
6
CONTINUOUS
10
2.7882153937007872
20
-4.1613570866141734
11
2.7844488188976375
21
-4.1621062992125983
0
LINE
8
BLACK
6
CONTINUOUS
10
2.7844488188976375
20
-4.1621062992125983
11
2.747047244094488
21
-4.1621062992125983
0
LINE
8
BLACK
6
CONTINUOUS
10
2.747047244094488
20
-4.1621062992125983
11
2.7432806692913387
21
-4.1613570866141734
0
LINE
8
BLACK
6
CONTINUOUS
10
2.7432806692913387
20
-4.1613570866141734
11
2.7400875196850394
21
-4.1592235039370076
0
LINE
8
BLACK
6
CONTINUOUS
10
2.7400875196850394
20
-4.1592235039370076
11
2.737953937007874
21
-4.1560303543307082
0
LINE
8
BLACK
6
CONTINUOUS
10
2.737953937007874
20
-4.1560303543307082
11
2.7372047244094486
21
-4.1522637795275585
0
LINE
8
BLACK
6
CONTINUOUS
10
2.7372047244094486
20
-4.1522637795275585
11
2.7372047244094486
21
-4.125688976377953
0
LINE
8
BLACK
6
CONTINUOUS
10
2.7372047244094486
20
-4.125688976377953
11
2.737953937007874
21
-4.1219224015748033
0
LINE
8
BLACK
6
CONTINUOUS
10
2.737953937007874
20
-4.1219224015748033
11
2.7400875196850394
21
-4.1187292519685039
0
LINE
8
BLACK
6
CONTINUOUS
10
2.7400875196850394
20
-4.1187292519685039
11
2.7432806692913387
21
-4.1165956692913381
0
LINE
8
BLACK
6
CONTINUOUS
10
2.7432806692913387
20
-4.1165956692913381
11
2.747047244094488
21
-4.1158464566929132
0
LINE
8
BLACK
6
CONTINUOUS
10
2.747047244094488
20
-4.1158464566929132
11
2.7844488188976375
21
-4.1158464566929132
0
LINE
8
BLACK
6
CONTINUOUS
10
2.7844488188976375
20
-4.1158464566929132
11
2.7882153937007872
21
-4.1165956692913381
0
LINE
8
BLACK
6
CONTINUOUS
10
2.9850657874015747
20
-4.1165956692913381
11
2.988258937007874
21
-4.1187292519685039
0
LINE
8
BLACK
6
CONTINUOUS
10
2.988258937007874
20
-4.1187292519685039
11
2.9903925196850394
21
-4.1219224015748033
0
LINE
8
BLACK
6
CONTINUOUS
10
2.9903925196850394
20
-4.1219224015748033
11
2.9911417322834644
21
-4.125688976377953
0
LINE
8
BLACK
6
CONTINUOUS
10
2.9911417322834644
20
-4.125688976377953
11
2.9911417322834644
21
-4.1522637795275585
0
LINE
8
BLACK
6
CONTINUOUS
10
2.9911417322834644
20
-4.1522637795275585
11
2.9903925196850394
21
-4.1560303543307082
0
LINE
8
BLACK
6
CONTINUOUS
10
2.9903925196850394
20
-4.1560303543307082
11
2.988258937007874
21
-4.1592235039370076
0
LINE
8
BLACK
6
CONTINUOUS
10
2.988258937007874
20
-4.1592235039370076
11
2.9850657874015747
21
-4.1613570866141734
0
LINE
8
BLACK
6
CONTINUOUS
10
2.9850657874015747
20
-4.1613570866141734
11
2.981299212598425
21
-4.1621062992125983
0
LINE
8
BLACK
6
CONTINUOUS
10
2.981299212598425
20
-4.1621062992125983
11
2.9438976377952755
21
-4.1621062992125983
0
LINE
8
BLACK
6
CONTINUOUS
10
2.9438976377952755
20
-4.1621062992125983
11
2.9401310629921258
21
-4.1613570866141734
0
LINE
8
BLACK
6
CONTINUOUS
10
2.9401310629921258
20
-4.1613570866141734
11
2.9369379133858269
21
-4.1592235039370076
0
LINE
8
BLACK
6
CONTINUOUS
10
2.9369379133858269
20
-4.1592235039370076
11
2.9348043307086615
21
-4.1560303543307082
0
LINE
8
BLACK
6
CONTINUOUS
10
2.9348043307086615
20
-4.1560303543307082
11
2.9340551181102361
21
-4.1522637795275585
0
LINE
8
BLACK
6
CONTINUOUS
10
2.9340551181102361
20
-4.1522637795275585
11
2.9340551181102361
21
-4.125688976377953
0
LINE
8
BLACK
6
CONTINUOUS
10
2.9340551181102361
20
-4.125688976377953
11
2.9348043307086615
21
-4.1219224015748033
0
LINE
8
BLACK
6
CONTINUOUS
10
2.9348043307086615
20
-4.1219224015748033
11
2.9369379133858269
21
-4.1187292519685039
0
LINE
8
BLACK
6
CONTINUOUS
10
2.9369379133858269
20
-4.1187292519685039
11
2.9401310629921258
21
-4.1165956692913381
0
LINE
8
BLACK
6
CONTINUOUS
10
2.9401310629921258
20
-4.1165956692913381
11
2.9438976377952755
21
-4.1158464566929132
0
LINE
8
BLACK
6
CONTINUOUS
10
2.9438976377952755
20
-4.1158464566929132
11
2.981299212598425
21
-4.1158464566929132
0
LINE
8
BLACK
6
CONTINUOUS
10
2.981299212598425
20
-4.1158464566929132
11
2.9850657874015747
21
-4.1165956692913381
0
LINE
8
BLACK
6
CONTINUOUS
10
7.0657744488188978
20
-4.1144303149606296
11
7.0689675984251963
21
-4.1165638976377954
0
LINE
8
BLACK
6
CONTINUOUS
10
7.0689675984251963
20
-4.1165638976377954
11
7.0711011811023621
21
-4.1197570472440947
0
LINE
8
BLACK
6
CONTINUOUS
10
7.0711011811023621
20
-4.1197570472440947
11
7.0718503937007871
21
-4.1235236220472444
0
LINE
8
BLACK
6
CONTINUOUS
10
7.0718503937007871
20
-4.1235236220472444
11
7.0718503937007871
21
-4.15009842519685
0
LINE
8
BLACK
6
CONTINUOUS
10
7.0718503937007871
20
-4.15009842519685
11
7.0711011811023621
21
-4.1538649999999997
0
LINE
8
BLACK
6
CONTINUOUS
10
7.0711011811023621
20
-4.1538649999999997
11
7.0689675984251963
21
-4.157058149606299
0
LINE
8
BLACK
6
CONTINUOUS
10
7.0689675984251963
20
-4.157058149606299
11
7.0657744488188978
21
-4.1591917322834648
0
LINE
8
BLACK
6
CONTINUOUS
10
7.0657744488188978
20
-4.1591917322834648
11
7.0620078740157481
21
-4.1599409448818898
0
LINE
8
BLACK
6
CONTINUOUS
10
7.0620078740157481
20
-4.1599409448818898
11
7.0246062992125982
21
-4.1599409448818898
0
LINE
8
BLACK
6
CONTINUOUS
10
7.0246062992125982
20
-4.1599409448818898
11
7.0208397244094485
21
-4.1591917322834648
0
LINE
8
BLACK
6
CONTINUOUS
10
7.0208397244094485
20
-4.1591917322834648
11
7.0176465748031491
21
-4.157058149606299
0
LINE
8
BLACK
6
CONTINUOUS
10
7.0176465748031491
20
-4.157058149606299
11
7.0155129921259842
21
-4.1538649999999997
0
LINE
8
BLACK
6
CONTINUOUS
10
7.0155129921259842
20
-4.1538649999999997
11
7.0147637795275593
21
-4.15009842519685
0
LINE
8
BLACK
6
CONTINUOUS
10
7.0147637795275593
20
-4.15009842519685
11
7.0147637795275593
21
-4.1235236220472444
0
LINE
8
BLACK
6
CONTINUOUS
10
7.0147637795275593
20
-4.1235236220472444
11
7.0155129921259842
21
-4.1197570472440947
0
LINE
8
BLACK
6
CONTINUOUS
10
7.0155129921259842
20
-4.1197570472440947
11
7.0176465748031491
21
-4.1165638976377954
0
LINE
8
BLACK
6
CONTINUOUS
10
7.0176465748031491
20
-4.1165638976377954
11
7.0208397244094485
21
-4.1144303149606296
0
LINE
8
BLACK
6
CONTINUOUS
10
7.0208397244094485
20
-4.1144303149606296
11
7.0246062992125982
21
-4.1136811023622046
0
LINE
8
BLACK
6
CONTINUOUS
10
7.0246062992125982
20
-4.1136811023622046
11
7.0620078740157481
21
-4.1136811023622046
0
LINE
8
BLACK
6
CONTINUOUS
10
7.0620078740157481
20
-4.1136811023622046
11
7.0657744488188978
21
-4.1144303149606296
0
LINE
8
BLACK
6
CONTINUOUS
10
7.1474673622047247
20
-4.1109854330708657
11
7.1506605118110231
21
-4.1131190157480315
0
LINE
8
BLACK
6
CONTINUOUS
10
7.1506605118110231
20
-4.1131190157480315
11
7.1527940944881889
21
-4.1163121653543309
0
LINE
8
BLACK
6
CONTINUOUS
10
7.1527940944881889
20
-4.1163121653543309
11
7.1535433070866139
21
-4.1200787401574805
0
LINE
8
BLACK
6
CONTINUOUS
10
7.1535433070866139
20
-4.1200787401574805
11
7.1535433070866139
21
-4.1476377952755907
0
LINE
8
BLACK
6
CONTINUOUS
10
7.1535433070866139
20
-4.1476377952755907
11
7.1527940944881889
21
-4.1514043700787404
0
LINE
8
BLACK
6
CONTINUOUS
10
7.1527940944881889
20
-4.1514043700787404
11
7.1506605118110231
21
-4.1545975196850389
0
LINE
8
BLACK
6
CONTINUOUS
10
7.1506605118110231
20
-4.1545975196850389
11
7.1474673622047247
21
-4.1567311023622047
0
LINE
8
BLACK
6
CONTINUOUS
10
7.1474673622047247
20
-4.1567311023622047
11
7.143700787401575
21
-4.1574803149606296
0
LINE
8
BLACK
6
CONTINUOUS
10
7.143700787401575
20
-4.1574803149606296
11
7.1082677165354333
21
-4.1574803149606296
0
LINE
8
BLACK
6
CONTINUOUS
10
7.1082677165354333
20
-4.1574803149606296
11
7.1045011417322836
21
-4.1567311023622047
0
LINE
8
BLACK
6
CONTINUOUS
10
7.1045011417322836
20
-4.1567311023622047
11
7.1013079921259843
21
-4.1545975196850389
0
LINE
8
BLACK
6
CONTINUOUS
10
7.1013079921259843
20
-4.1545975196850389
11
7.0991744094488185
21
-4.1514043700787404
0
LINE
8
BLACK
6
CONTINUOUS
10
7.0991744094488185
20
-4.1514043700787404
11
7.0984251968503935
21
-4.1476377952755907
0
LINE
8
BLACK
6
CONTINUOUS
10
7.0984251968503935
20
-4.1476377952755907
11
7.0984251968503935
21
-4.1200787401574805
0
LINE
8
BLACK
6
CONTINUOUS
10
7.0984251968503935
20
-4.1200787401574805
11
7.0991744094488185
21
-4.1163121653543309
0
LINE
8
BLACK
6
CONTINUOUS
10
7.0991744094488185
20
-4.1163121653543309
11
7.1013079921259843
21
-4.1131190157480315
0
LINE
8
BLACK
6
CONTINUOUS
10
7.1013079921259843
20
-4.1131190157480315
11
7.1045011417322836
21
-4.1109854330708657
0
LINE
8
BLACK
6
CONTINUOUS
10
7.1045011417322836
20
-4.1109854330708657
11
7.1082677165354333
21
-4.1102362204724407
0
LINE
8
BLACK
6
CONTINUOUS
10
7.1082677165354333
20
-4.1102362204724407
11
7.143700787401575
21
-4.1102362204724407
0
LINE
8
BLACK
6
CONTINUOUS
10
7.143700787401575
20
-4.1102362204724407
11
7.1474673622047247
21
-4.1109854330708657
0
LINE
8
BLACK
6
CONTINUOUS
10
7.3529791732283467
20
-4.1098043307086609
11
7.3561723228346452
21
-4.1119379133858267
0
LINE
8
BLACK
6
CONTINUOUS
10
7.3561723228346452
20
-4.1119379133858267
11
7.358305905511811
21
-4.1151310629921261
0
LINE
8
BLACK
6
CONTINUOUS
10
7.358305905511811
20
-4.1151310629921261
11
7.3590551181102359
21
-4.1188976377952757
0
LINE
8
BLACK
6
CONTINUOUS
10
7.3590551181102359
20
-4.1188976377952757
11
7.3590551181102359
21
-4.1464566929133859
0
LINE
8
BLACK
6
CONTINUOUS
10
7.3590551181102359
20
-4.1464566929133859
11
7.358305905511811
21
-4.1502232677165356
0
LINE
8
BLACK
6
CONTINUOUS
10
7.358305905511811
20
-4.1502232677165356
11
7.3561723228346452
21
-4.153416417322835
0
LINE
8
BLACK
6
CONTINUOUS
10
7.3561723228346452
20
-4.153416417322835
11
7.3529791732283467
21
-4.1555499999999999
0
LINE
8
BLACK
6
CONTINUOUS
10
7.3529791732283467
20
-4.1555499999999999
11
7.349212598425197
21
-4.1562992125984248
0
LINE
8
BLACK
6
CONTINUOUS
10
7.349212598425197
20
-4.1562992125984248
11
7.3137795275590554
21
-4.1562992125984248
0
LINE
8
BLACK
6
CONTINUOUS
10
7.3137795275590554
20
-4.1562992125984248
11
7.3100129527559057
21
-4.1555499999999999
0
LINE
8
BLACK
6
CONTINUOUS
10
7.3100129527559057
20
-4.1555499999999999
11
7.3068198031496063
21
-4.153416417322835
0
LINE
8
BLACK
6
CONTINUOUS
10
7.3068198031496063
20
-4.153416417322835
11
7.3046862204724405
21
-4.1502232677165356
0
LINE
8
BLACK
6
CONTINUOUS
10
7.3046862204724405
20
-4.1502232677165356
11
7.3039370078740156
21
-4.1464566929133859
0
LINE
8
BLACK
6
CONTINUOUS
10
7.3039370078740156
20
-4.1464566929133859
11
7.3039370078740156
21
-4.1188976377952757
0
LINE
8
BLACK
6
CONTINUOUS
10
7.3039370078740156
20
-4.1188976377952757
11
7.3046862204724405
21
-4.1151310629921261
0
LINE
8
BLACK
6
CONTINUOUS
10
7.3046862204724405
20
-4.1151310629921261
11
7.3068198031496063
21
-4.1119379133858267
0
LINE
8
BLACK
6
CONTINUOUS
10
7.3068198031496063
20
-4.1119379133858267
11
7.3100129527559057
21
-4.1098043307086609
0
LINE
8
BLACK
6
CONTINUOUS
10
7.3100129527559057
20
-4.1098043307086609
11
7.3137795275590554
21
-4.1090551181102359
0
LINE
8
BLACK
6
CONTINUOUS
10
7.3137795275590554
20
-4.1090551181102359
11
7.349212598425197
21
-4.1090551181102359
0
LINE
8
BLACK
6
CONTINUOUS
10
7.349212598425197
20
-4.1090551181102359
11
7.3529791732283467
21
-4.1098043307086609
0
LINE
8
BLACK
6
CONTINUOUS
10
7.2608531889763777
20
-4.1094106299212596
11
7.264046338582677
21
-4.1115442125984254
0
LINE
8
BLACK
6
CONTINUOUS
10
7.264046338582677
20
-4.1115442125984254
11
7.2661799212598419
21
-4.1147373622047247
0
LINE
8
BLACK
6
CONTINUOUS
10
7.2661799212598419
20
-4.1147373622047247
11
7.2669291338582678
21
-4.1185039370078735
0
LINE
8
BLACK
6
CONTINUOUS
10
7.2669291338582678
20
-4.1185039370078735
11
7.2669291338582678
21
-4.1460629921259837
0
LINE
8
BLACK
6
CONTINUOUS
10
7.2669291338582678
20
-4.1460629921259837
11
7.2661799212598419
21
-4.1498295669291334
0
LINE
8
BLACK
6
CONTINUOUS
10
7.2661799212598419
20
-4.1498295669291334
11
7.264046338582677
21
-4.1530227165354328
0
LINE
8
BLACK
6
CONTINUOUS
10
7.264046338582677
20
-4.1530227165354328
11
7.2608531889763777
21
-4.1551562992125985
0
LINE
8
BLACK
6
CONTINUOUS
10
7.2608531889763777
20
-4.1551562992125985
11
7.257086614173228
21
-4.1559055118110235
0
LINE
8
BLACK
6
CONTINUOUS
10
7.257086614173228
20
-4.1559055118110235
11
7.2216535433070863
21
-4.1559055118110235
0
LINE
8
BLACK
6
CONTINUOUS
10
7.2216535433070863
20
-4.1559055118110235
11
7.2178869685039366
21
-4.1551562992125985
0
LINE
8
BLACK
6
CONTINUOUS
10
7.2178869685039366
20
-4.1551562992125985
11
7.2146938188976373
21
-4.1530227165354328
0
LINE
8
BLACK
6
CONTINUOUS
10
7.2146938188976373
20
-4.1530227165354328
11
7.2125602362204724
21
-4.1498295669291334
0
LINE
8
BLACK
6
CONTINUOUS
10
7.2125602362204724
20
-4.1498295669291334
11
7.2118110236220474
21
-4.1460629921259837
0
LINE
8
BLACK
6
CONTINUOUS
10
7.2118110236220474
20
-4.1460629921259837
11
7.2118110236220474
21
-4.1185039370078735
0
LINE
8
BLACK
6
CONTINUOUS
10
7.2118110236220474
20
-4.1185039370078735
11
7.2125602362204724
21
-4.1147373622047247
0
LINE
8
BLACK
6
CONTINUOUS
10
7.2125602362204724
20
-4.1147373622047247
11
7.2146938188976373
21
-4.1115442125984254
0
LINE
8
BLACK
6
CONTINUOUS
10
7.2146938188976373
20
-4.1115442125984254
11
7.2178869685039366
21
-4.1094106299212596
0
LINE
8
BLACK
6
CONTINUOUS
10
7.2178869685039366
20
-4.1094106299212596
11
7.2216535433070863
21
-4.1086614173228346
0
LINE
8
BLACK
6
CONTINUOUS
10
7.2216535433070863
20
-4.1086614173228346
11
7.257086614173228
21
-4.1086614173228346
0
LINE
8
BLACK
6
CONTINUOUS
10
7.257086614173228
20
-4.1086614173228346
11
7.2608531889763777
21
-4.1094106299212596
0
LINE
8
BLACK
6
CONTINUOUS
10
7.4423492519685039
20
-4.1082295275590548
11
7.4455424015748033
21
-4.1103631102362206
0
LINE
8
BLACK
6
CONTINUOUS
10
7.4455424015748033
20
-4.1103631102362206
11
7.4476759842519682
21
-4.1135562598425199
0
LINE
8
BLACK
6
CONTINUOUS
10
7.4476759842519682
20
-4.1135562598425199
11
7.4484251968503932
21
-4.1173228346456696
0
LINE
8
BLACK
6
CONTINUOUS
10
7.4484251968503932
20
-4.1173228346456696
11
7.4484251968503932
21
-4.1448818897637798
0
LINE
8
BLACK
6
CONTINUOUS
10
7.4484251968503932
20
-4.1448818897637798
11
7.4476759842519682
21
-4.1486484645669295
0
LINE
8
BLACK
6
CONTINUOUS
10
7.4476759842519682
20
-4.1486484645669295
11
7.4455424015748033
21
-4.1518416141732279
0
LINE
8
BLACK
6
CONTINUOUS
10
7.4455424015748033
20
-4.1518416141732279
11
7.4423492519685039
21
-4.1539751968503937
0
LINE
8
BLACK
6
CONTINUOUS
10
7.4423492519685039
20
-4.1539751968503937
11
7.4385826771653543
21
-4.1547244094488187
0
LINE
8
BLACK
6
CONTINUOUS
10
7.4385826771653543
20
-4.1547244094488187
11
7.4031496062992126
21
-4.1547244094488187
0
LINE
8
BLACK
6
CONTINUOUS
10
7.4031496062992126
20
-4.1547244094488187
11
7.3993830314960629
21
-4.1539751968503937
0
LINE
8
BLACK
6
CONTINUOUS
10
7.3993830314960629
20
-4.1539751968503937
11
7.3961898818897636
21
-4.1518416141732279
0
LINE
8
BLACK
6
CONTINUOUS
10
7.3961898818897636
20
-4.1518416141732279
11
7.3940562992125987
21
-4.1486484645669295
0
LINE
8
BLACK
6
CONTINUOUS
10
7.3940562992125987
20
-4.1486484645669295
11
7.3933070866141728
21
-4.1448818897637798
0
LINE
8
BLACK
6
CONTINUOUS
10
7.3933070866141728
20
-4.1448818897637798
11
7.3933070866141728
21
-4.1173228346456696
0
LINE
8
BLACK
6
CONTINUOUS
10
7.3933070866141728
20
-4.1173228346456696
11
7.3940562992125987
21
-4.1135562598425199
0
LINE
8
BLACK
6
CONTINUOUS
10
7.3940562992125987
20
-4.1135562598425199
11
7.3961898818897636
21
-4.1103631102362206
0
LINE
8
BLACK
6
CONTINUOUS
10
7.3961898818897636
20
-4.1103631102362206
11
7.3993830314960629
21
-4.1082295275590548
0
LINE
8
BLACK
6
CONTINUOUS
10
7.3993830314960629
20
-4.1082295275590548
11
7.4031496062992126
21
-4.1074803149606298
0
LINE
8
BLACK
6
CONTINUOUS
10
7.4031496062992126
20
-4.1074803149606298
11
7.4385826771653543
21
-4.1074803149606298
0
LINE
8
BLACK
6
CONTINUOUS
10
7.4385826771653543
20
-4.1074803149606298
11
7.4423492519685039
21
-4.1082295275590548
0
LINE
8
BLACK
6
CONTINUOUS
10
7.5706957086614173
20
-4.0716153543307083
11
7.5738888582677166
21
-4.0737489370078741
0
LINE
8
BLACK
6
CONTINUOUS
10
7.5738888582677166
20
-4.0737489370078741
11
7.5760224409448815
21
-4.0769420866141735
0
LINE
8
BLACK
6
CONTINUOUS
10
7.5760224409448815
20
-4.0769420866141735
11
7.5767716535433065
21
-4.0807086614173231
0
LINE
8
BLACK
6
CONTINUOUS
10
7.5767716535433065
20
-4.0807086614173231
11
7.5767716535433065
21
-4.1082677165354333
0
LINE
8
BLACK
6
CONTINUOUS
10
7.5767716535433065
20
-4.1082677165354333
11
7.5760224409448815
21
-4.112034291338583
0
LINE
8
BLACK
6
CONTINUOUS
10
7.5760224409448815
20
-4.112034291338583
11
7.5738888582677166
21
-4.1152274409448815
0
LINE
8
BLACK
6
CONTINUOUS
10
7.5738888582677166
20
-4.1152274409448815
11
7.5706957086614173
21
-4.1173610236220473
0
LINE
8
BLACK
6
CONTINUOUS
10
7.5706957086614173
20
-4.1173610236220473
11
7.5669291338582676
21
-4.1181102362204722
0
LINE
8
BLACK
6
CONTINUOUS
10
7.5669291338582676
20
-4.1181102362204722
11
7.5314960629921259
21
-4.1181102362204722
0
LINE
8
BLACK
6
CONTINUOUS
10
7.5314960629921259
20
-4.1181102362204722
11
7.5277294881889762
21
-4.1173610236220473
0
LINE
8
BLACK
6
CONTINUOUS
10
7.5277294881889762
20
-4.1173610236220473
11
7.5245363385826769
21
-4.1152274409448815
0
LINE
8
BLACK
6
CONTINUOUS
10
7.5245363385826769
20
-4.1152274409448815
11
7.522402755905512
21
-4.112034291338583
0
LINE
8
BLACK
6
CONTINUOUS
10
7.522402755905512
20
-4.112034291338583
11
7.5216535433070861
21
-4.1082677165354333
0
LINE
8
BLACK
6
CONTINUOUS
10
7.5216535433070861
20
-4.1082677165354333
11
7.5216535433070861
21
-4.0807086614173231
0
LINE
8
BLACK
6
CONTINUOUS
10
7.5216535433070861
20
-4.0807086614173231
11
7.522402755905512
21
-4.0769420866141735
0
LINE
8
BLACK
6
CONTINUOUS
10
7.522402755905512
20
-4.0769420866141735
11
7.5245363385826769
21
-4.0737489370078741
0
LINE
8
BLACK
6
CONTINUOUS
10
7.5245363385826769
20
-4.0737489370078741
11
7.5277294881889762
21
-4.0716153543307083
0
LINE
8
BLACK
6
CONTINUOUS
10
7.5277294881889762
20
-4.0716153543307083
11
7.5314960629921259
21
-4.0708661417322833
0
LINE
8
BLACK
6
CONTINUOUS
10
7.5314960629921259
20
-4.0708661417322833
11
7.5669291338582676
21
-4.0708661417322833
0
LINE
8
BLACK
6
CONTINUOUS
10
7.5669291338582676
20
-4.0708661417322833
11
7.5706957086614173
21
-4.0716153543307083
0
LINE
8
BLACK
6
CONTINUOUS
10
7.6691209055118108
20
-4.0716153543307083
11
7.6723140551181102
21
-4.0737489370078741
0
LINE
8
BLACK
6
CONTINUOUS
10
7.6723140551181102
20
-4.0737489370078741
11
7.6744476377952751
21
-4.0769420866141735
0
LINE
8
BLACK
6
CONTINUOUS
10
7.6744476377952751
20
-4.0769420866141735
11
7.6751968503937009
21
-4.0807086614173231
0
LINE
8
BLACK
6
CONTINUOUS
10
7.6751968503937009
20
-4.0807086614173231
11
7.6751968503937009
21
-4.1082677165354333
0
LINE
8
BLACK
6
CONTINUOUS
10
7.6751968503937009
20
-4.1082677165354333
11
7.6744476377952751
21
-4.112034291338583
0
LINE
8
BLACK
6
CONTINUOUS
10
7.6744476377952751
20
-4.112034291338583
11
7.6723140551181102
21
-4.1152274409448815
0
LINE
8
BLACK
6
CONTINUOUS
10
7.6723140551181102
20
-4.1152274409448815
11
7.6691209055118108
21
-4.1173610236220473
0
LINE
8
BLACK
6
CONTINUOUS
10
7.6691209055118108
20
-4.1173610236220473
11
7.6653543307086611
21
-4.1181102362204722
0
LINE
8
BLACK
6
CONTINUOUS
10
7.6653543307086611
20
-4.1181102362204722
11
7.6299212598425195
21
-4.1181102362204722
0
LINE
8
BLACK
6
CONTINUOUS
10
7.6299212598425195
20
-4.1181102362204722
11
7.6261546850393698
21
-4.1173610236220473
0
LINE
8
BLACK
6
CONTINUOUS
10
7.6261546850393698
20
-4.1173610236220473
11
7.6229615354330704
21
-4.1152274409448815
0
LINE
8
BLACK
6
CONTINUOUS
10
7.6229615354330704
20
-4.1152274409448815
11
7.6208279527559055
21
-4.112034291338583
0
LINE
8
BLACK
6
CONTINUOUS
10
7.6208279527559055
20
-4.112034291338583
11
7.6200787401574805
21
-4.1082677165354333
0
LINE
8
BLACK
6
CONTINUOUS
10
7.6200787401574805
20
-4.1082677165354333
11
7.6200787401574805
21
-4.0807086614173231
0
LINE
8
BLACK
6
CONTINUOUS
10
7.6200787401574805
20
-4.0807086614173231
11
7.6208279527559055
21
-4.0769420866141735
0
LINE
8
BLACK
6
CONTINUOUS
10
7.6208279527559055
20
-4.0769420866141735
11
7.6229615354330704
21
-4.0737489370078741
0
LINE
8
BLACK
6
CONTINUOUS
10
7.6229615354330704
20
-4.0737489370078741
11
7.6261546850393698
21
-4.0716153543307083
0
LINE
8
BLACK
6
CONTINUOUS
10
7.6261546850393698
20
-4.0716153543307083
11
7.6299212598425195
21
-4.0708661417322833
0
LINE
8
BLACK
6
CONTINUOUS
10
7.6299212598425195
20
-4.0708661417322833
11
7.6653543307086611
21
-4.0708661417322833
0
LINE
8
BLACK
6
CONTINUOUS
10
7.6653543307086611
20
-4.0708661417322833
11
7.6691209055118108
21
-4.0716153543307083
0
LINE
8
BLACK
6
CONTINUOUS
10
7.7636090944881886
20
-4.0692531496062987
11
7.7668022440944879
21
-4.0713867322834645
0
LINE
8
BLACK
6
CONTINUOUS
10
7.7668022440944879
20
-4.0713867322834645
11
7.7689358267716537
21
-4.0745798818897638
0
LINE
8
BLACK
6
CONTINUOUS
10
7.7689358267716537
20
-4.0745798818897638
11
7.7696850393700787
21
-4.0783464566929135
0
LINE
8
BLACK
6
CONTINUOUS
10
7.7696850393700787
20
-4.0783464566929135
11
7.7696850393700787
21
-4.1059055118110237
0
LINE
8
BLACK
6
CONTINUOUS
10
7.7696850393700787
20
-4.1059055118110237
11
7.7689358267716537
21
-4.1096720866141734
0
LINE
8
BLACK
6
CONTINUOUS
10
7.7689358267716537
20
-4.1096720866141734
11
7.7668022440944879
21
-4.1128652362204727
0
LINE
8
BLACK
6
CONTINUOUS
10
7.7668022440944879
20
-4.1128652362204727
11
7.7636090944881886
21
-4.1149988188976376
0
LINE
8
BLACK
6
CONTINUOUS
10
7.7636090944881886
20
-4.1149988188976376
11
7.7598425196850389
21
-4.1157480314960626
0
LINE
8
BLACK
6
CONTINUOUS
10
7.7598425196850389
20
-4.1157480314960626
11
7.7244094488188972
21
-4.1157480314960626
0
LINE
8
BLACK
6
CONTINUOUS
10
7.7244094488188972
20
-4.1157480314960626
11
7.7206428740157476
21
-4.1149988188976376
0
LINE
8
BLACK
6
CONTINUOUS
10
7.7206428740157476
20
-4.1149988188976376
11
7.7174497244094482
21
-4.1128652362204727
0
LINE
8
BLACK
6
CONTINUOUS
10
7.7174497244094482
20
-4.1128652362204727
11
7.7153161417322833
21
-4.1096720866141734
0
LINE
8
BLACK
6
CONTINUOUS
10
7.7153161417322833
20
-4.1096720866141734
11
7.7145669291338583
21
-4.1059055118110237
0
LINE
8
BLACK
6
CONTINUOUS
10
7.7145669291338583
20
-4.1059055118110237
11
7.7145669291338583
21
-4.0783464566929135
0
LINE
8
BLACK
6
CONTINUOUS
10
7.7145669291338583
20
-4.0783464566929135
11
7.7153161417322833
21
-4.0745798818897638
0
LINE
8
BLACK
6
CONTINUOUS
10
7.7153161417322833
20
-4.0745798818897638
11
7.7174497244094482
21
-4.0713867322834645
0
LINE
8
BLACK
6
CONTINUOUS
10
7.7174497244094482
20
-4.0713867322834645
11
7.7206428740157476
21
-4.0692531496062987
0
LINE
8
BLACK
6
CONTINUOUS
10
7.7206428740157476
20
-4.0692531496062987
11
7.7244094488188972
21
-4.0685039370078737
0
LINE
8
BLACK
6
CONTINUOUS
10
7.7244094488188972
20
-4.0685039370078737
11
7.7598425196850389
21
-4.0685039370078737
0
LINE
8
BLACK
6
CONTINUOUS
10
7.7598425196850389
20
-4.0685039370078737
11
7.7636090944881886
21
-4.0692531496062987
0
LINE
8
BLACK
6
CONTINUOUS
10
8.2566929133858267
20
-4.1059055118110237
11
8.1976377952755897
21
-4.1059055118110237
0
LINE
8
BLACK
6
CONTINUOUS
10
8.1976377952755897
20
-4.1059055118110237
11
8.1976377952755897
21
-4.0803149606299209
0
LINE
8
BLACK
6
CONTINUOUS
10
8.1976377952755897
20
-4.0803149606299209
11
8.2566929133858267
21
-4.0803149606299209
0
LINE
8
BLACK
6
CONTINUOUS
10
8.2566929133858267
20
-4.0803149606299209
11
8.2566929133858267
21
-4.1059055118110237
0
LINE
8
BLACK
6
CONTINUOUS
10
8.4692913385826767
20
-4.1059055118110237
11
8.4102362204724415
21
-4.1059055118110237
0
LINE
8
BLACK
6
CONTINUOUS
10
8.4102362204724415
20
-4.1059055118110237
11
8.4102362204724415
21
-4.0803149606299209
0
LINE
8
BLACK
6
CONTINUOUS
10
8.4102362204724415
20
-4.0803149606299209
11
8.4692913385826767
21
-4.0803149606299209
0
LINE
8
BLACK
6
CONTINUOUS
10
8.4692913385826767
20
-4.0803149606299209
11
8.4692913385826767
21
-4.1059055118110237
0
LINE
8
BLACK
6
CONTINUOUS
10
2.4852362204724407
20
-4.0877952755905511
11
2.4714566929133857
21
-4.0877952755905511
0
LINE
8
BLACK
6
CONTINUOUS
10
2.4714566929133857
20
-4.0877952755905511
11
2.4714566929133857
21
-4.0503937007874011
0
LINE
8
BLACK
6
CONTINUOUS
10
2.4714566929133857
20
-4.0503937007874011
11
2.4852362204724407
21
-4.0503937007874011
0
LINE
8
BLACK
6
CONTINUOUS
10
2.4852362204724407
20
-4.0503937007874011
11
2.4852362204724407
21
-4.0877952755905511
0
LINE
8
BLACK
6
CONTINUOUS
10
2.5108267716535431
20
-4.0877952755905511
11
2.497047244094488
21
-4.0877952755905511
0
LINE
8
BLACK
6
CONTINUOUS
10
2.497047244094488
20
-4.0877952755905511
11
2.497047244094488
21
-4.0503937007874011
0
LINE
8
BLACK
6
CONTINUOUS
10
2.497047244094488
20
-4.0503937007874011
11
2.5108267716535431
21
-4.0503937007874011
0
LINE
8
BLACK
6
CONTINUOUS
10
2.5108267716535431
20
-4.0503937007874011
11
2.5108267716535431
21
-4.0877952755905511
0
LINE
8
BLACK
6
CONTINUOUS
10
2.5364173228346458
20
-4.0877952755905511
11
2.5226377952755903
21
-4.0877952755905511
0
LINE
8
BLACK
6
CONTINUOUS
10
2.5226377952755903
20
-4.0877952755905511
11
2.5226377952755903
21
-4.0503937007874011
0
LINE
8
BLACK
6
CONTINUOUS
10
2.5226377952755903
20
-4.0503937007874011
11
2.5364173228346458
21
-4.0503937007874011
0
LINE
8
BLACK
6
CONTINUOUS
10
2.5364173228346458
20
-4.0503937007874011
11
2.5364173228346458
21
-4.0877952755905511
0
LINE
8
BLACK
6
CONTINUOUS
10
2.7882153937007872
20
-4.0349027559055113
11
2.7914085433070865
21
-4.0370363385826771
0
LINE
8
BLACK
6
CONTINUOUS
10
2.7914085433070865
20
-4.0370363385826771
11
2.7935421259842519
21
-4.0402294881889764
0
LINE
8
BLACK
6
CONTINUOUS
10
2.7935421259842519
20
-4.0402294881889764
11
2.7942913385826773
21
-4.0439960629921261
0
LINE
8
BLACK
6
CONTINUOUS
10
2.7942913385826773
20
-4.0439960629921261
11
2.7942913385826773
21
-4.0705708661417326
0
LINE
8
BLACK
6
CONTINUOUS
10
2.7942913385826773
20
-4.0705708661417326
11
2.7935421259842519
21
-4.0743374409448814
0
LINE
8
BLACK
6
CONTINUOUS
10
2.7935421259842519
20
-4.0743374409448814
11
2.7914085433070865
21
-4.0775305905511807
0
LINE
8
BLACK
6
CONTINUOUS
10
2.7914085433070865
20
-4.0775305905511807
11
2.7882153937007872
21
-4.0796641732283465
0
LINE
8
BLACK
6
CONTINUOUS
10
2.7882153937007872
20
-4.0796641732283465
11
2.7844488188976375
21
-4.0804133858267715
0
LINE
8
BLACK
6
CONTINUOUS
10
2.7844488188976375
20
-4.0804133858267715
11
2.747047244094488
21
-4.0804133858267715
0
LINE
8
BLACK
6
CONTINUOUS
10
2.747047244094488
20
-4.0804133858267715
11
2.7432806692913387
21
-4.0796641732283465
0
LINE
8
BLACK
6
CONTINUOUS
10
2.7432806692913387
20
-4.0796641732283465
11
2.7400875196850394
21
-4.0775305905511807
0
LINE
8
BLACK
6
CONTINUOUS
10
2.7400875196850394
20
-4.0775305905511807
11
2.737953937007874
21
-4.0743374409448814
0
LINE
8
BLACK
6
CONTINUOUS
10
2.737953937007874
20
-4.0743374409448814
11
2.7372047244094486
21
-4.0705708661417326
0
LINE
8
BLACK
6
CONTINUOUS
10
2.7372047244094486
20
-4.0705708661417326
11
2.7372047244094486
21
-4.0439960629921261
0
LINE
8
BLACK
6
CONTINUOUS
10
2.7372047244094486
20
-4.0439960629921261
11
2.737953937007874
21
-4.0402294881889764
0
LINE
8
BLACK
6
CONTINUOUS
10
2.737953937007874
20
-4.0402294881889764
11
2.7400875196850394
21
-4.0370363385826771
0
LINE
8
BLACK
6
CONTINUOUS
10
2.7400875196850394
20
-4.0370363385826771
11
2.7432806692913387
21
-4.0349027559055113
0
LINE
8
BLACK
6
CONTINUOUS
10
2.7432806692913387
20
-4.0349027559055113
11
2.747047244094488
21
-4.0341535433070863
0
LINE
8
BLACK
6
CONTINUOUS
10
2.747047244094488
20
-4.0341535433070863
11
2.7844488188976375
21
-4.0341535433070863
0
LINE
8
BLACK
6
CONTINUOUS
10
2.7844488188976375
20
-4.0341535433070863
11
2.7882153937007872
21
-4.0349027559055113
0
LINE
8
BLACK
6
CONTINUOUS
10
2.9850657874015747
20
-4.0349027559055113
11
2.988258937007874
21
-4.0370363385826771
0
LINE
8
BLACK
6
CONTINUOUS
10
2.988258937007874
20
-4.0370363385826771
11
2.9903925196850394
21
-4.0402294881889764
0
LINE
8
BLACK
6
CONTINUOUS
10
2.9903925196850394
20
-4.0402294881889764
11
2.9911417322834644
21
-4.0439960629921261
0
LINE
8
BLACK
6
CONTINUOUS
10
2.9911417322834644
20
-4.0439960629921261
11
2.9911417322834644
21
-4.0705708661417326
0
LINE
8
BLACK
6
CONTINUOUS
10
2.9911417322834644
20
-4.0705708661417326
11
2.9903925196850394
21
-4.0743374409448814
0
LINE
8
BLACK
6
CONTINUOUS
10
2.9903925196850394
20
-4.0743374409448814
11
2.988258937007874
21
-4.0775305905511807
0
LINE
8
BLACK
6
CONTINUOUS
10
2.988258937007874
20
-4.0775305905511807
11
2.9850657874015747
21
-4.0796641732283465
0
LINE
8
BLACK
6
CONTINUOUS
10
2.9850657874015747
20
-4.0796641732283465
11
2.981299212598425
21
-4.0804133858267715
0
LINE
8
BLACK
6
CONTINUOUS
10
2.981299212598425
20
-4.0804133858267715
11
2.9438976377952755
21
-4.0804133858267715
0
LINE
8
BLACK
6
CONTINUOUS
10
2.9438976377952755
20
-4.0804133858267715
11
2.9401310629921258
21
-4.0796641732283465
0
LINE
8
BLACK
6
CONTINUOUS
10
2.9401310629921258
20
-4.0796641732283465
11
2.9369379133858269
21
-4.0775305905511807
0
LINE
8
BLACK
6
CONTINUOUS
10
2.9369379133858269
20
-4.0775305905511807
11
2.9348043307086615
21
-4.0743374409448814
0
LINE
8
BLACK
6
CONTINUOUS
10
2.9348043307086615
20
-4.0743374409448814
11
2.9340551181102361
21
-4.0705708661417326
0
LINE
8
BLACK
6
CONTINUOUS
10
2.9340551181102361
20
-4.0705708661417326
11
2.9340551181102361
21
-4.0439960629921261
0
LINE
8
BLACK
6
CONTINUOUS
10
2.9340551181102361
20
-4.0439960629921261
11
2.9348043307086615
21
-4.0402294881889764
0
LINE
8
BLACK
6
CONTINUOUS
10
2.9348043307086615
20
-4.0402294881889764
11
2.9369379133858269
21
-4.0370363385826771
0
LINE
8
BLACK
6
CONTINUOUS
10
2.9369379133858269
20
-4.0370363385826771
11
2.9401310629921258
21
-4.0349027559055113
0
LINE
8
BLACK
6
CONTINUOUS
10
2.9401310629921258
20
-4.0349027559055113
11
2.9438976377952755
21
-4.0341535433070863
0
LINE
8
BLACK
6
CONTINUOUS
10
2.9438976377952755
20
-4.0341535433070863
11
2.981299212598425
21
-4.0341535433070863
0
LINE
8
BLACK
6
CONTINUOUS
10
2.981299212598425
20
-4.0341535433070863
11
2.9850657874015747
21
-4.0349027559055113
0
LINE
8
BLACK
6
CONTINUOUS
10
7.1474673622047247
20
-4.0322452755905509
11
7.1506605118110231
21
-4.0343788582677167
0
LINE
8
BLACK
6
CONTINUOUS
10
7.1506605118110231
20
-4.0343788582677167
11
7.1527940944881889
21
-4.037572007874016
0
LINE
8
BLACK
6
CONTINUOUS
10
7.1527940944881889
20
-4.037572007874016
11
7.1535433070866139
21
-4.0413385826771648
0
LINE
8
BLACK
6
CONTINUOUS
10
7.1535433070866139
20
-4.0413385826771648
11
7.1535433070866139
21
-4.0688976377952759
0
LINE
8
BLACK
6
CONTINUOUS
10
7.1535433070866139
20
-4.0688976377952759
11
7.1527940944881889
21
-4.0726642125984247
0
LINE
8
BLACK
6
CONTINUOUS
10
7.1527940944881889
20
-4.0726642125984247
11
7.1506605118110231
21
-4.0758573622047241
0
LINE
8
BLACK
6
CONTINUOUS
10
7.1506605118110231
20
-4.0758573622047241
11
7.1474673622047247
21
-4.0779909448818898
0
LINE
8
BLACK
6
CONTINUOUS
10
7.1474673622047247
20
-4.0779909448818898
11
7.143700787401575
21
-4.0787401574803148
0
LINE
8
BLACK
6
CONTINUOUS
10
7.143700787401575
20
-4.0787401574803148
11
7.1082677165354333
21
-4.0787401574803148
0
LINE
8
BLACK
6
CONTINUOUS
10
7.1082677165354333
20
-4.0787401574803148
11
7.1045011417322836
21
-4.0779909448818898
0
LINE
8
BLACK
6
CONTINUOUS
10
7.1045011417322836
20
-4.0779909448818898
11
7.1013079921259843
21
-4.0758573622047241
0
LINE
8
BLACK
6
CONTINUOUS
10
7.1013079921259843
20
-4.0758573622047241
11
7.0991744094488185
21
-4.0726642125984247
0
LINE
8
BLACK
6
CONTINUOUS
10
7.0991744094488185
20
-4.0726642125984247
11
7.0984251968503935
21
-4.0688976377952759
0
LINE
8
BLACK
6
CONTINUOUS
10
7.0984251968503935
20
-4.0688976377952759
11
7.0984251968503935
21
-4.0413385826771648
0
LINE
8
BLACK
6
CONTINUOUS
10
7.0984251968503935
20
-4.0413385826771648
11
7.0991744094488185
21
-4.037572007874016
0
LINE
8
BLACK
6
CONTINUOUS
10
7.0991744094488185
20
-4.037572007874016
11
7.1013079921259843
21
-4.0343788582677167
0
LINE
8
BLACK
6
CONTINUOUS
10
7.1013079921259843
20
-4.0343788582677167
11
7.1045011417322836
21
-4.0322452755905509
0
LINE
8
BLACK
6
CONTINUOUS
10
7.1045011417322836
20
-4.0322452755905509
11
7.1082677165354333
21
-4.0314960629921259
0
LINE
8
BLACK
6
CONTINUOUS
10
7.1082677165354333
20
-4.0314960629921259
11
7.143700787401575
21
-4.0314960629921259
0
LINE
8
BLACK
6
CONTINUOUS
10
7.143700787401575
20
-4.0314960629921259
11
7.1474673622047247
21
-4.0322452755905509
0
LINE
8
BLACK
6
CONTINUOUS
10
7.0657744488188978
20
-4.0327374015748028
11
7.0689675984251963
21
-4.0348709842519686
0
LINE
8
BLACK
6
CONTINUOUS
10
7.0689675984251963
20
-4.0348709842519686
11
7.0711011811023621
21
-4.0380641338582679
0
LINE
8
BLACK
6
CONTINUOUS
10
7.0711011811023621
20
-4.0380641338582679
11
7.0718503937007871
21
-4.0418307086614176
0
LINE
8
BLACK
6
CONTINUOUS
10
7.0718503937007871
20
-4.0418307086614176
11
7.0718503937007871
21
-4.0684055118110232
0
LINE
8
BLACK
6
CONTINUOUS
10
7.0718503937007871
20
-4.0684055118110232
11
7.0711011811023621
21
-4.0721720866141728
0
LINE
8
BLACK
6
CONTINUOUS
10
7.0711011811023621
20
-4.0721720866141728
11
7.0689675984251963
21
-4.0753652362204722
0
LINE
8
BLACK
6
CONTINUOUS
10
7.0689675984251963
20
-4.0753652362204722
11
7.0657744488188978
21
-4.077498818897638
0
LINE
8
BLACK
6
CONTINUOUS
10
7.0657744488188978
20
-4.077498818897638
11
7.0620078740157481
21
-4.078248031496063
0
LINE
8
BLACK
6
CONTINUOUS
10
7.0620078740157481
20
-4.078248031496063
11
7.0246062992125982
21
-4.078248031496063
0
LINE
8
BLACK
6
CONTINUOUS
10
7.0246062992125982
20
-4.078248031496063
11
7.0208397244094485
21
-4.077498818897638
0
LINE
8
BLACK
6
CONTINUOUS
10
7.0208397244094485
20
-4.077498818897638
11
7.0176465748031491
21
-4.0753652362204722
0
LINE
8
BLACK
6
CONTINUOUS
10
7.0176465748031491
20
-4.0753652362204722
11
7.0155129921259842
21
-4.0721720866141728
0
LINE
8
BLACK
6
CONTINUOUS
10
7.0155129921259842
20
-4.0721720866141728
11
7.0147637795275593
21
-4.0684055118110232
0
LINE
8
BLACK
6
CONTINUOUS
10
7.0147637795275593
20
-4.0684055118110232
11
7.0147637795275593
21
-4.0418307086614176
0
LINE
8
BLACK
6
CONTINUOUS
10
7.0147637795275593
20
-4.0418307086614176
11
7.0155129921259842
21
-4.0380641338582679
0
LINE
8
BLACK
6
CONTINUOUS
10
7.0155129921259842
20
-4.0380641338582679
11
7.0176465748031491
21
-4.0348709842519686
0
LINE
8
BLACK
6
CONTINUOUS
10
7.0176465748031491
20
-4.0348709842519686
11
7.0208397244094485
21
-4.0327374015748028
0
LINE
8
BLACK
6
CONTINUOUS
10
7.0208397244094485
20
-4.0327374015748028
11
7.0246062992125982
21
-4.0319881889763778
0
LINE
8
BLACK
6
CONTINUOUS
10
7.0246062992125982
20
-4.0319881889763778
11
7.0620078740157481
21
-4.0319881889763778
0
LINE
8
BLACK
6
CONTINUOUS
10
7.0620078740157481
20
-4.0319881889763778
11
7.0657744488188978
21
-4.0327374015748028
0
LINE
8
BLACK
6
CONTINUOUS
10
7.3529791732283467
20
-4.0310641732283461
11
7.3561723228346452
21
-4.0331977559055119
0
LINE
8
BLACK
6
CONTINUOUS
10
7.3561723228346452
20
-4.0331977559055119
11
7.358305905511811
21
-4.0363909055118112
0
LINE
8
BLACK
6
CONTINUOUS
10
7.358305905511811
20
-4.0363909055118112
11
7.3590551181102359
21
-4.0401574803149609
0
LINE
8
BLACK
6
CONTINUOUS
10
7.3590551181102359
20
-4.0401574803149609
11
7.3590551181102359
21
-4.0677165354330711
0
LINE
8
BLACK
6
CONTINUOUS
10
7.3590551181102359
20
-4.0677165354330711
11
7.358305905511811
21
-4.0714831102362208
0
LINE
8
BLACK
6
CONTINUOUS
10
7.358305905511811
20
-4.0714831102362208
11
7.3561723228346452
21
-4.0746762598425192
0
LINE
8
BLACK
6
CONTINUOUS
10
7.3561723228346452
20
-4.0746762598425192
11
7.3529791732283467
21
-4.076809842519685
0
LINE
8
BLACK
6
CONTINUOUS
10
7.3529791732283467
20
-4.076809842519685
11
7.349212598425197
21
-4.07755905511811
0
LINE
8
BLACK
6
CONTINUOUS
10
7.349212598425197
20
-4.07755905511811
11
7.3137795275590554
21
-4.07755905511811
0
LINE
8
BLACK
6
CONTINUOUS
10
7.3137795275590554
20
-4.07755905511811
11
7.3100129527559057
21
-4.076809842519685
0
LINE
8
BLACK
6
CONTINUOUS
10
7.3100129527559057
20
-4.076809842519685
11
7.3068198031496063
21
-4.0746762598425192
0
LINE
8
BLACK
6
CONTINUOUS
10
7.3068198031496063
20
-4.0746762598425192
11
7.3046862204724405
21
-4.0714831102362208
0
LINE
8
BLACK
6
CONTINUOUS
10
7.3046862204724405
20
-4.0714831102362208
11
7.3039370078740156
21
-4.0677165354330711
0
LINE
8
BLACK
6
CONTINUOUS
10
7.3039370078740156
20
-4.0677165354330711
11
7.3039370078740156
21
-4.0401574803149609
0
LINE
8
BLACK
6
CONTINUOUS
10
7.3039370078740156
20
-4.0401574803149609
11
7.3046862204724405
21
-4.0363909055118112
0
LINE
8
BLACK
6
CONTINUOUS
10
7.3046862204724405
20
-4.0363909055118112
11
7.3068198031496063
21
-4.0331977559055119
0
LINE
8
BLACK
6
CONTINUOUS
10
7.3068198031496063
20
-4.0331977559055119
11
7.3100129527559057
21
-4.0310641732283461
0
LINE
8
BLACK
6
CONTINUOUS
10
7.3100129527559057
20
-4.0310641732283461
11
7.3137795275590554
21
-4.0303149606299211
0
LINE
8
BLACK
6
CONTINUOUS
10
7.3137795275590554
20
-4.0303149606299211
11
7.349212598425197
21
-4.0303149606299211
0
LINE
8
BLACK
6
CONTINUOUS
10
7.349212598425197
20
-4.0303149606299211
11
7.3529791732283467
21
-4.0310641732283461
0
LINE
8
BLACK
6
CONTINUOUS
10
7.2608531889763777
20
-4.0306704724409448
11
7.264046338582677
21
-4.0328040551181106
0
LINE
8
BLACK
6
CONTINUOUS
10
7.264046338582677
20
-4.0328040551181106
11
7.2661799212598419
21
-4.035997204724409
0
LINE
8
BLACK
6
CONTINUOUS
10
7.2661799212598419
20
-4.035997204724409
11
7.2669291338582678
21
-4.0397637795275587
0
LINE
8
BLACK
6
CONTINUOUS
10
7.2669291338582678
20
-4.0397637795275587
11
7.2669291338582678
21
-4.0673228346456689
0
LINE
8
BLACK
6
CONTINUOUS
10
7.2669291338582678
20
-4.0673228346456689
11
7.2661799212598419
21
-4.0710894094488186
0
LINE
8
BLACK
6
CONTINUOUS
10
7.2661799212598419
20
-4.0710894094488186
11
7.264046338582677
21
-4.0742825590551179
0
LINE
8
BLACK
6
CONTINUOUS
10
7.264046338582677
20
-4.0742825590551179
11
7.2608531889763777
21
-4.0764161417322837
0
LINE
8
BLACK
6
CONTINUOUS
10
7.2608531889763777
20
-4.0764161417322837
11
7.257086614173228
21
-4.0771653543307087
0
LINE
8
BLACK
6
CONTINUOUS
10
7.257086614173228
20
-4.0771653543307087
11
7.2216535433070863
21
-4.0771653543307087
0
LINE
8
BLACK
6
CONTINUOUS
10
7.2216535433070863
20
-4.0771653543307087
11
7.2178869685039366
21
-4.0764161417322837
0
LINE
8
BLACK
6
CONTINUOUS
10
7.2178869685039366
20
-4.0764161417322837
11
7.2146938188976373
21
-4.0742825590551179
0
LINE
8
BLACK
6
CONTINUOUS
10
7.2146938188976373
20
-4.0742825590551179
11
7.2125602362204724
21
-4.0710894094488186
0
LINE
8
BLACK
6
CONTINUOUS
10
7.2125602362204724
20
-4.0710894094488186
11
7.2118110236220474
21
-4.0673228346456689
0
LINE
8
BLACK
6
CONTINUOUS
10
7.2118110236220474
20
-4.0673228346456689
11
7.2118110236220474
21
-4.0397637795275587
0
LINE
8
BLACK
6
CONTINUOUS
10
7.2118110236220474
20
-4.0397637795275587
11
7.2125602362204724
21
-4.035997204724409
0
LINE
8
BLACK
6
CONTINUOUS
10
7.2125602362204724
20
-4.035997204724409
11
7.2146938188976373
21
-4.0328040551181106
0
LINE
8
BLACK
6
CONTINUOUS
10
7.2146938188976373
20
-4.0328040551181106
11
7.2178869685039366
21
-4.0306704724409448
0
LINE
8
BLACK
6
CONTINUOUS
10
7.2178869685039366
20
-4.0306704724409448
11
7.2216535433070863
21
-4.0299212598425198
0
LINE
8
BLACK
6
CONTINUOUS
10
7.2216535433070863
20
-4.0299212598425198
11
7.257086614173228
21
-4.0299212598425198
0
LINE
8
BLACK
6
CONTINUOUS
10
7.257086614173228
20
-4.0299212598425198
11
7.2608531889763777
21
-4.0306704724409448
0
LINE
8
BLACK
6
CONTINUOUS
10
7.4423492519685039
20
-4.02948937007874
11
7.4455424015748033
21
-4.0316229527559058
0
LINE
8
BLACK
6
CONTINUOUS
10
7.4455424015748033
20
-4.0316229527559058
11
7.4476759842519682
21
-4.0348161023622042
0
LINE
8
BLACK
6
CONTINUOUS
10
7.4476759842519682
20
-4.0348161023622042
11
7.4484251968503932
21
-4.0385826771653539
0
LINE
8
BLACK
6
CONTINUOUS
10
7.4484251968503932
20
-4.0385826771653539
11
7.4484251968503932
21
-4.0661417322834641
0
LINE
8
BLACK
6
CONTINUOUS
10
7.4484251968503932
20
-4.0661417322834641
11
7.4476759842519682
21
-4.0699083070866138
0
LINE
8
BLACK
6
CONTINUOUS
10
7.4476759842519682
20
-4.0699083070866138
11
7.4455424015748033
21
-4.0731014566929131
0
LINE
8
BLACK
6
CONTINUOUS
10
7.4455424015748033
20
-4.0731014566929131
11
7.4423492519685039
21
-4.0752350393700789
0
LINE
8
BLACK
6
CONTINUOUS
10
7.4423492519685039
20
-4.0752350393700789
11
7.4385826771653543
21
-4.0759842519685039
0
LINE
8
BLACK
6
CONTINUOUS
10
7.4385826771653543
20
-4.0759842519685039
11
7.4031496062992126
21
-4.0759842519685039
0
LINE
8
BLACK
6
CONTINUOUS
10
7.4031496062992126
20
-4.0759842519685039
11
7.3993830314960629
21
-4.0752350393700789
0
LINE
8
BLACK
6
CONTINUOUS
10
7.3993830314960629
20
-4.0752350393700789
11
7.3961898818897636
21
-4.0731014566929131
0
LINE
8
BLACK
6
CONTINUOUS
10
7.3961898818897636
20
-4.0731014566929131
11
7.3940562992125987
21
-4.0699083070866138
0
LINE
8
BLACK
6
CONTINUOUS
10
7.3940562992125987
20
-4.0699083070866138
11
7.3933070866141728
21
-4.0661417322834641
0
LINE
8
BLACK
6
CONTINUOUS
10
7.3933070866141728
20
-4.0661417322834641
11
7.3933070866141728
21
-4.0385826771653539
0
LINE
8
BLACK
6
CONTINUOUS
10
7.3933070866141728
20
-4.0385826771653539
11
7.3940562992125987
21
-4.0348161023622042
0
LINE
8
BLACK
6
CONTINUOUS
10
7.3940562992125987
20
-4.0348161023622042
11
7.3961898818897636
21
-4.0316229527559058
0
LINE
8
BLACK
6
CONTINUOUS
10
7.3961898818897636
20
-4.0316229527559058
11
7.3993830314960629
21
-4.02948937007874
0
LINE
8
BLACK
6
CONTINUOUS
10
7.3993830314960629
20
-4.02948937007874
11
7.4031496062992126
21
-4.028740157480315
0
LINE
8
BLACK
6
CONTINUOUS
10
7.4031496062992126
20
-4.028740157480315
11
7.4385826771653543
21
-4.028740157480315
0
LINE
8
BLACK
6
CONTINUOUS
10
7.4385826771653543
20
-4.028740157480315
11
7.4423492519685039
21
-4.02948937007874
0
LINE
8
BLACK
6
CONTINUOUS
10
8.2566929133858267
20
-4.0559055118110239
11
8.1976377952755897
21
-4.0559055118110239
0
LINE
8
BLACK
6
CONTINUOUS
10
8.1976377952755897
20
-4.0559055118110239
11
8.1976377952755897
21
-4.0303149606299211
0
LINE
8
BLACK
6
CONTINUOUS
10
8.1976377952755897
20
-4.0303149606299211
11
8.2566929133858267
21
-4.0303149606299211
0
LINE
8
BLACK
6
CONTINUOUS
10
8.2566929133858267
20
-4.0303149606299211
11
8.2566929133858267
21
-4.0559055118110239
0
LINE
8
BLACK
6
CONTINUOUS
10
8.4692913385826767
20
-4.0559055118110239
11
8.4102362204724415
21
-4.0559055118110239
0
LINE
8
BLACK
6
CONTINUOUS
10
8.4102362204724415
20
-4.0559055118110239
11
8.4102362204724415
21
-4.0303149606299211
0
LINE
8
BLACK
6
CONTINUOUS
10
8.4102362204724415
20
-4.0303149606299211
11
8.4692913385826767
21
-4.0303149606299211
0
LINE
8
BLACK
6
CONTINUOUS
10
8.4692913385826767
20
-4.0303149606299211
11
8.4692913385826767
21
-4.0559055118110239
0
LINE
8
BLACK
6
CONTINUOUS
10
2.2483531889763779
20
-3.9901192913385826
11
2.2515463385826773
21
-3.9922528740157479
0
LINE
8
BLACK
6
CONTINUOUS
10
2.2515463385826773
20
-3.9922528740157479
11
2.2536799212598426
21
-3.9954460236220473
0
LINE
8
BLACK
6
CONTINUOUS
10
2.2536799212598426
20
-3.9954460236220473
11
2.2544291338582676
21
-3.9992125984251969
0
LINE
8
BLACK
6
CONTINUOUS
10
2.2544291338582676
20
-3.9992125984251969
11
2.2544291338582676
21
-4.0366141732283465
0
LINE
8
BLACK
6
CONTINUOUS
10
2.2544291338582676
20
-4.0366141732283465
11
2.2536799212598426
21
-4.0403807480314962
0
LINE
8
BLACK
6
CONTINUOUS
10
2.2536799212598426
20
-4.0403807480314962
11
2.2515463385826773
21
-4.0435738976377955
0
LINE
8
BLACK
6
CONTINUOUS
10
2.2515463385826773
20
-4.0435738976377955
11
2.2483531889763779
21
-4.0457074803149604
0
LINE
8
BLACK
6
CONTINUOUS
10
2.2483531889763779
20
-4.0457074803149604
11
2.2445866141732282
21
-4.0464566929133854
0
LINE
8
BLACK
6
CONTINUOUS
10
2.2445866141732282
20
-4.0464566929133854
11
2.2180118110236222
21
-4.0464566929133854
0
LINE
8
BLACK
6
CONTINUOUS
10
2.2180118110236222
20
-4.0464566929133854
11
2.2142452362204725
21
-4.0457074803149604
0
LINE
8
BLACK
6
CONTINUOUS
10
2.2142452362204725
20
-4.0457074803149604
11
2.2110520866141732
21
-4.0435738976377955
0
LINE
8
BLACK
6
CONTINUOUS
10
2.2110520866141732
20
-4.0435738976377955
11
2.2089185039370078
21
-4.0403807480314962
0
LINE
8
BLACK
6
CONTINUOUS
10
2.2089185039370078
20
-4.0403807480314962
11
2.2081692913385824
21
-4.0366141732283465
0
LINE
8
BLACK
6
CONTINUOUS
10
2.2081692913385824
20
-4.0366141732283465
11
2.2081692913385824
21
-3.9992125984251969
0
LINE
8
BLACK
6
CONTINUOUS
10
2.2081692913385824
20
-3.9992125984251969
11
2.2089185039370078
21
-3.9954460236220473
0
LINE
8
BLACK
6
CONTINUOUS
10
2.2089185039370078
20
-3.9954460236220473
11
2.2110520866141732
21
-3.9922528740157479
0
LINE
8
BLACK
6
CONTINUOUS
10
2.2110520866141732
20
-3.9922528740157479
11
2.2142452362204725
21
-3.9901192913385826
0
LINE
8
BLACK
6
CONTINUOUS
10
2.2142452362204725
20
-3.9901192913385826
11
2.2180118110236222
21
-3.9893700787401576
0
LINE
8
BLACK
6
CONTINUOUS
10
2.2180118110236222
20
-3.9893700787401576
11
2.2445866141732282
21
-3.9893700787401576
0
LINE
8
BLACK
6
CONTINUOUS
10
2.2445866141732282
20
-3.9893700787401576
11
2.2483531889763779
21
-3.9901192913385826
0
LINE
8
BLACK
6
CONTINUOUS
10
2.3300461023622048
20
-3.9901192913385826
11
2.3332392519685037
21
-3.9922528740157479
0
LINE
8
BLACK
6
CONTINUOUS
10
2.3332392519685037
20
-3.9922528740157479
11
2.335372834645669
21
-3.9954460236220473
0
LINE
8
BLACK
6
CONTINUOUS
10
2.335372834645669
20
-3.9954460236220473
11
2.3361220472440944
21
-3.9992125984251969
0
LINE
8
BLACK
6
CONTINUOUS
10
2.3361220472440944
20
-3.9992125984251969
11
2.3361220472440944
21
-4.0366141732283465
0
LINE
8
BLACK
6
CONTINUOUS
10
2.3361220472440944
20
-4.0366141732283465
11
2.335372834645669
21
-4.0403807480314962
0
LINE
8
BLACK
6
CONTINUOUS
10
2.335372834645669
20
-4.0403807480314962
11
2.3332392519685037
21
-4.0435738976377955
0
LINE
8
BLACK
6
CONTINUOUS
10
2.3332392519685037
20
-4.0435738976377955
11
2.3300461023622048
21
-4.0457074803149604
0
LINE
8
BLACK
6
CONTINUOUS
10
2.3300461023622048
20
-4.0457074803149604
11
2.3262795275590551
21
-4.0464566929133854
0
LINE
8
BLACK
6
CONTINUOUS
10
2.3262795275590551
20
-4.0464566929133854
11
2.2997047244094486
21
-4.0464566929133854
0
LINE
8
BLACK
6
CONTINUOUS
10
2.2997047244094486
20
-4.0464566929133854
11
2.2959381496062989
21
-4.0457074803149604
0
LINE
8
BLACK
6
CONTINUOUS
10
2.2959381496062989
20
-4.0457074803149604
11
2.292745
21
-4.0435738976377955
0
LINE
8
BLACK
6
CONTINUOUS
10
2.292745
20
-4.0435738976377955
11
2.2906114173228347
21
-4.0403807480314962
0
LINE
8
BLACK
6
CONTINUOUS
10
2.2906114173228347
20
-4.0403807480314962
11
2.2898622047244093
21
-4.0366141732283465
0
LINE
8
BLACK
6
CONTINUOUS
10
2.2898622047244093
20
-4.0366141732283465
11
2.2898622047244093
21
-3.9992125984251969
0
LINE
8
BLACK
6
CONTINUOUS
10
2.2898622047244093
20
-3.9992125984251969
11
2.2906114173228347
21
-3.9954460236220473
0
LINE
8
BLACK
6
CONTINUOUS
10
2.2906114173228347
20
-3.9954460236220473
11
2.292745
21
-3.9922528740157479
0
LINE
8
BLACK
6
CONTINUOUS
10
2.292745
20
-3.9922528740157479
11
2.2959381496062989
21
-3.9901192913385826
0
LINE
8
BLACK
6
CONTINUOUS
10
2.2959381496062989
20
-3.9901192913385826
11
2.2997047244094486
21
-3.9893700787401576
0
LINE
8
BLACK
6
CONTINUOUS
10
2.2997047244094486
20
-3.9893700787401576
11
2.3262795275590551
21
-3.9893700787401576
0
LINE
8
BLACK
6
CONTINUOUS
10
2.3262795275590551
20
-3.9893700787401576
11
2.3300461023622048
21
-3.9901192913385826
0
LINE
8
BLACK
6
CONTINUOUS
10
2.4675196850393699
20
-4.0464566929133854
11
2.4301181102362204
21
-4.0464566929133854
0
LINE
8
BLACK
6
CONTINUOUS
10
2.4301181102362204
20
-4.0464566929133854
11
2.4301181102362204
21
-4.0326771653543307
0
LINE
8
BLACK
6
CONTINUOUS
10
2.4301181102362204
20
-4.0326771653543307
11
2.4675196850393699
21
-4.0326771653543307
0
LINE
8
BLACK
6
CONTINUOUS
10
2.4675196850393699
20
-4.0326771653543307
11
2.4675196850393699
21
-4.0464566929133854
0
LINE
8
BLACK
6
CONTINUOUS
10
2.5777559055118111
20
-4.0464566929133854
11
2.5403543307086616
21
-4.0464566929133854
0
LINE
8
BLACK
6
CONTINUOUS
10
2.5403543307086616
20
-4.0464566929133854
11
2.5403543307086616
21
-4.0326771653543307
0
LINE
8
BLACK
6
CONTINUOUS
10
2.5403543307086616
20
-4.0326771653543307
11
2.5777559055118111
21
-4.0326771653543307
0
LINE
8
BLACK
6
CONTINUOUS
10
2.5777559055118111
20
-4.0326771653543307
11
2.5777559055118111
21
-4.0464566929133854
0
LINE
8
BLACK
6
CONTINUOUS
10
7.5706957086614173
20
-3.9928751968503935
11
7.5738888582677166
21
-3.9950087795275588
0
LINE
8
BLACK
6
CONTINUOUS
10
7.5738888582677166
20
-3.9950087795275588
11
7.5760224409448815
21
-3.9982019291338582
0
LINE
8
BLACK
6
CONTINUOUS
10
7.5760224409448815
20
-3.9982019291338582
11
7.5767716535433065
21
-4.0019685039370074
0
LINE
8
BLACK
6
CONTINUOUS
10
7.5767716535433065
20
-4.0019685039370074
11
7.5767716535433065
21
-4.0295275590551176
0
LINE
8
BLACK
6
CONTINUOUS
10
7.5767716535433065
20
-4.0295275590551176
11
7.5760224409448815
21
-4.0332941338582673
0
LINE
8
BLACK
6
CONTINUOUS
10
7.5760224409448815
20
-4.0332941338582673
11
7.5738888582677166
21
-4.0364872834645666
0
LINE
8
BLACK
6
CONTINUOUS
10
7.5738888582677166
20
-4.0364872834645666
11
7.5706957086614173
21
-4.0386208661417324
0
LINE
8
BLACK
6
CONTINUOUS
10
7.5706957086614173
20
-4.0386208661417324
11
7.5669291338582676
21
-4.0393700787401574
0
LINE
8
BLACK
6
CONTINUOUS
10
7.5669291338582676
20
-4.0393700787401574
11
7.5314960629921259
21
-4.0393700787401574
0
LINE
8
BLACK
6
CONTINUOUS
10
7.5314960629921259
20
-4.0393700787401574
11
7.5277294881889762
21
-4.0386208661417324
0
LINE
8
BLACK
6
CONTINUOUS
10
7.5277294881889762
20
-4.0386208661417324
11
7.5245363385826769
21
-4.0364872834645666
0
LINE
8
BLACK
6
CONTINUOUS
10
7.5245363385826769
20
-4.0364872834645666
11
7.522402755905512
21
-4.0332941338582673
0
LINE
8
BLACK
6
CONTINUOUS
10
7.522402755905512
20
-4.0332941338582673
11
7.5216535433070861
21
-4.0295275590551176
0
LINE
8
BLACK
6
CONTINUOUS
10
7.5216535433070861
20
-4.0295275590551176
11
7.5216535433070861
21
-4.0019685039370074
0
LINE
8
BLACK
6
CONTINUOUS
10
7.5216535433070861
20
-4.0019685039370074
11
7.522402755905512
21
-3.9982019291338582
0
LINE
8
BLACK
6
CONTINUOUS
10
7.522402755905512
20
-3.9982019291338582
11
7.5245363385826769
21
-3.9950087795275588
0
LINE
8
BLACK
6
CONTINUOUS
10
7.5245363385826769
20
-3.9950087795275588
11
7.5277294881889762
21
-3.9928751968503935
0
LINE
8
BLACK
6
CONTINUOUS
10
7.5277294881889762
20
-3.9928751968503935
11
7.5314960629921259
21
-3.9921259842519685
0
LINE
8
BLACK
6
CONTINUOUS
10
7.5314960629921259
20
-3.9921259842519685
11
7.5669291338582676
21
-3.9921259842519685
0
LINE
8
BLACK
6
CONTINUOUS
10
7.5669291338582676
20
-3.9921259842519685
11
7.5706957086614173
21
-3.9928751968503935
0
LINE
8
BLACK
6
CONTINUOUS
10
7.6691209055118108
20
-3.9928751968503935
11
7.6723140551181102
21
-3.9950087795275588
0
LINE
8
BLACK
6
CONTINUOUS
10
7.6723140551181102
20
-3.9950087795275588
11
7.6744476377952751
21
-3.9982019291338582
0
LINE
8
BLACK
6
CONTINUOUS
10
7.6744476377952751
20
-3.9982019291338582
11
7.6751968503937009
21
-4.0019685039370074
0
LINE
8
BLACK
6
CONTINUOUS
10
7.6751968503937009
20
-4.0019685039370074
11
7.6751968503937009
21
-4.0295275590551176
0
LINE
8
BLACK
6
CONTINUOUS
10
7.6751968503937009
20
-4.0295275590551176
11
7.6744476377952751
21
-4.0332941338582673
0
LINE
8
BLACK
6
CONTINUOUS
10
7.6744476377952751
20
-4.0332941338582673
11
7.6723140551181102
21
-4.0364872834645666
0
LINE
8
BLACK
6
CONTINUOUS
10
7.6723140551181102
20
-4.0364872834645666
11
7.6691209055118108
21
-4.0386208661417324
0
LINE
8
BLACK
6
CONTINUOUS
10
7.6691209055118108
20
-4.0386208661417324
11
7.6653543307086611
21
-4.0393700787401574
0
LINE
8
BLACK
6
CONTINUOUS
10
7.6653543307086611
20
-4.0393700787401574
11
7.6299212598425195
21
-4.0393700787401574
0
LINE
8
BLACK
6
CONTINUOUS
10
7.6299212598425195
20
-4.0393700787401574
11
7.6261546850393698
21
-4.0386208661417324
0
LINE
8
BLACK
6
CONTINUOUS
10
7.6261546850393698
20
-4.0386208661417324
11
7.6229615354330704
21
-4.0364872834645666
0
LINE
8
BLACK
6
CONTINUOUS
10
7.6229615354330704
20
-4.0364872834645666
11
7.6208279527559055
21
-4.0332941338582673
0
LINE
8
BLACK
6
CONTINUOUS
10
7.6208279527559055
20
-4.0332941338582673
11
7.6200787401574805
21
-4.0295275590551176
0
LINE
8
BLACK
6
CONTINUOUS
10
7.6200787401574805
20
-4.0295275590551176
11
7.6200787401574805
21
-4.0019685039370074
0
LINE
8
BLACK
6
CONTINUOUS
10
7.6200787401574805
20
-4.0019685039370074
11
7.6208279527559055
21
-3.9982019291338582
0
LINE
8
BLACK
6
CONTINUOUS
10
7.6208279527559055
20
-3.9982019291338582
11
7.6229615354330704
21
-3.9950087795275588
0
LINE
8
BLACK
6
CONTINUOUS
10
7.6229615354330704
20
-3.9950087795275588
11
7.6261546850393698
21
-3.9928751968503935
0
LINE
8
BLACK
6
CONTINUOUS
10
7.6261546850393698
20
-3.9928751968503935
11
7.6299212598425195
21
-3.9921259842519685
0
LINE
8
BLACK
6
CONTINUOUS
10
7.6299212598425195
20
-3.9921259842519685
11
7.6653543307086611
21
-3.9921259842519685
0
LINE
8
BLACK
6
CONTINUOUS
10
7.6653543307086611
20
-3.9921259842519685
11
7.6691209055118108
21
-3.9928751968503935
0
LINE
8
BLACK
6
CONTINUOUS
10
7.7636090944881886
20
-3.9905129921259843
11
7.7668022440944879
21
-3.9926465748031497
0
LINE
8
BLACK
6
CONTINUOUS
10
7.7668022440944879
20
-3.9926465748031497
11
7.7689358267716537
21
-3.9958397244094486
0
LINE
8
BLACK
6
CONTINUOUS
10
7.7689358267716537
20
-3.9958397244094486
11
7.7696850393700787
21
-3.9996062992125982
0
LINE
8
BLACK
6
CONTINUOUS
10
7.7696850393700787
20
-3.9996062992125982
11
7.7696850393700787
21
-4.0271653543307089
0
LINE
8
BLACK
6
CONTINUOUS
10
7.7696850393700787
20
-4.0271653543307089
11
7.7689358267716537
21
-4.0309319291338586
0
LINE
8
BLACK
6
CONTINUOUS
10
7.7689358267716537
20
-4.0309319291338586
11
7.7668022440944879
21
-4.034125078740157
0
LINE
8
BLACK
6
CONTINUOUS
10
7.7668022440944879
20
-4.034125078740157
11
7.7636090944881886
21
-4.0362586614173228
0
LINE
8
BLACK
6
CONTINUOUS
10
7.7636090944881886
20
-4.0362586614173228
11
7.7598425196850389
21
-4.0370078740157478
0
LINE
8
BLACK
6
CONTINUOUS
10
7.7598425196850389
20
-4.0370078740157478
11
7.7244094488188972
21
-4.0370078740157478
0
LINE
8
BLACK
6
CONTINUOUS
10
7.7244094488188972
20
-4.0370078740157478
11
7.7206428740157476
21
-4.0362586614173228
0
LINE
8
BLACK
6
CONTINUOUS
10
7.7206428740157476
20
-4.0362586614173228
11
7.7174497244094482
21
-4.034125078740157
0
LINE
8
BLACK
6
CONTINUOUS
10
7.7174497244094482
20
-4.034125078740157
11
7.7153161417322833
21
-4.0309319291338586
0
LINE
8
BLACK
6
CONTINUOUS
10
7.7153161417322833
20
-4.0309319291338586
11
7.7145669291338583
21
-4.0271653543307089
0
LINE
8
BLACK
6
CONTINUOUS
10
7.7145669291338583
20
-4.0271653543307089
11
7.7145669291338583
21
-3.9996062992125982
0
LINE
8
BLACK
6
CONTINUOUS
10
7.7145669291338583
20
-3.9996062992125982
11
7.7153161417322833
21
-3.9958397244094486
0
LINE
8
BLACK
6
CONTINUOUS
10
7.7153161417322833
20
-3.9958397244094486
11
7.7174497244094482
21
-3.9926465748031497
0
LINE
8
BLACK
6
CONTINUOUS
10
7.7174497244094482
20
-3.9926465748031497
11
7.7206428740157476
21
-3.9905129921259843
0
LINE
8
BLACK
6
CONTINUOUS
10
7.7206428740157476
20
-3.9905129921259843
11
7.7244094488188972
21
-3.9897637795275589
0
LINE
8
BLACK
6
CONTINUOUS
10
7.7244094488188972
20
-3.9897637795275589
11
7.7598425196850389
21
-3.9897637795275589
0
LINE
8
BLACK
6
CONTINUOUS
10
7.7598425196850389
20
-3.9897637795275589
11
7.7636090944881886
21
-3.9905129921259843
0
LINE
8
BLACK
6
CONTINUOUS
10
2.4675196850393699
20
-4.0208661417322835
11
2.4301181102362204
21
-4.0208661417322835
0
LINE
8
BLACK
6
CONTINUOUS
10
2.4301181102362204
20
-4.0208661417322835
11
2.4301181102362204
21
-4.007086614173228
0
LINE
8
BLACK
6
CONTINUOUS
10
2.4301181102362204
20
-4.007086614173228
11
2.4675196850393699
21
-4.007086614173228
0
LINE
8
BLACK
6
CONTINUOUS
10
2.4675196850393699
20
-4.007086614173228
11
2.4675196850393699
21
-4.0208661417322835
0
LINE
8
BLACK
6
CONTINUOUS
10
2.5777559055118111
20
-4.0208661417322835
11
2.5403543307086616
21
-4.0208661417322835
0
LINE
8
BLACK
6
CONTINUOUS
10
2.5403543307086616
20
-4.0208661417322835
11
2.5403543307086616
21
-4.007086614173228
0
LINE
8
BLACK
6
CONTINUOUS
10
2.5403543307086616
20
-4.007086614173228
11
2.5777559055118111
21
-4.007086614173228
0
LINE
8
BLACK
6
CONTINUOUS
10
2.5777559055118111
20
-4.007086614173228
11
2.5777559055118111
21
-4.0208661417322835
0
LINE
8
BLACK
6
CONTINUOUS
10
8.2566929133858267
20
-4.0059055118110232
11
8.1976377952755897
21
-4.0059055118110232
0
LINE
8
BLACK
6
CONTINUOUS
10
8.1976377952755897
20
-4.0059055118110232
11
8.1976377952755897
21
-3.9803149606299213
0
LINE
8
BLACK
6
CONTINUOUS
10
8.1976377952755897
20
-3.9803149606299213
11
8.2566929133858267
21
-3.9803149606299213
0
LINE
8
BLACK
6
CONTINUOUS
10
8.2566929133858267
20
-3.9803149606299213
11
8.2566929133858267
21
-4.0059055118110232
0
LINE
8
BLACK
6
CONTINUOUS
10
8.4692913385826767
20
-4.0059055118110232
11
8.4102362204724415
21
-4.0059055118110232
0
LINE
8
BLACK
6
CONTINUOUS
10
8.4102362204724415
20
-4.0059055118110232
11
8.4102362204724415
21
-3.9803149606299213
0
LINE
8
BLACK
6
CONTINUOUS
10
8.4102362204724415
20
-3.9803149606299213
11
8.4692913385826767
21
-3.9803149606299213
0
LINE
8
BLACK
6
CONTINUOUS
10
8.4692913385826767
20
-3.9803149606299213
11
8.4692913385826767
21
-4.0059055118110232
0
LINE
8
BLACK
6
CONTINUOUS
10
2.4675196850393699
20
-3.9952755905511812
11
2.4301181102362204
21
-3.9952755905511812
0
LINE
8
BLACK
6
CONTINUOUS
10
2.4301181102362204
20
-3.9952755905511812
11
2.4301181102362204
21
-3.9814960629921261
0
LINE
8
BLACK
6
CONTINUOUS
10
2.4301181102362204
20
-3.9814960629921261
11
2.4675196850393699
21
-3.9814960629921261
0
LINE
8
BLACK
6
CONTINUOUS
10
2.4675196850393699
20
-3.9814960629921261
11
2.4675196850393699
21
-3.9952755905511812
0
LINE
8
BLACK
6
CONTINUOUS
10
2.5777559055118111
20
-3.9952755905511812
11
2.5403543307086616
21
-3.9952755905511812
0
LINE
8
BLACK
6
CONTINUOUS
10
2.5403543307086616
20
-3.9952755905511812
11
2.5403543307086616
21
-3.9814960629921261
0
LINE
8
BLACK
6
CONTINUOUS
10
2.5403543307086616
20
-3.9814960629921261
11
2.5777559055118111
21
-3.9814960629921261
0
LINE
8
BLACK
6
CONTINUOUS
10
2.5777559055118111
20
-3.9814960629921261
11
2.5777559055118111
21
-3.9952755905511812
0
LINE
8
BLACK
6
CONTINUOUS
10
7.9183335039370073
20
-3.9468122047244094
11
7.9215266535433067
21
-3.9489457874015748
0
LINE
8
BLACK
6
CONTINUOUS
10
7.9215266535433067
20
-3.9489457874015748
11
7.9236602362204724
21
-3.9521389370078741
0
LINE
8
BLACK
6
CONTINUOUS
10
7.9236602362204724
20
-3.9521389370078741
11
7.9244094488188974
21
-3.9559055118110233
0
LINE
8
BLACK
6
CONTINUOUS
10
7.9244094488188974
20
-3.9559055118110233
11
7.9244094488188974
21
-3.983464566929134
0
LINE
8
BLACK
6
CONTINUOUS
10
7.9244094488188974
20
-3.983464566929134
11
7.9236602362204724
21
-3.9872311417322832
0
LINE
8
BLACK
6
CONTINUOUS
10
7.9236602362204724
20
-3.9872311417322832
11
7.9215266535433067
21
-3.9904242913385826
0
LINE
8
BLACK
6
CONTINUOUS
10
7.9215266535433067
20
-3.9904242913385826
11
7.9183335039370073
21
-3.9925578740157479
0
LINE
8
BLACK
6
CONTINUOUS
10
7.9183335039370073
20
-3.9925578740157479
11
7.9145669291338585
21
-3.9933070866141733
0
LINE
8
BLACK
6
CONTINUOUS
10
7.9145669291338585
20
-3.9933070866141733
11
7.879133858267716
21
-3.9933070866141733
0
LINE
8
BLACK
6
CONTINUOUS
10
7.879133858267716
20
-3.9933070866141733
11
7.8753672834645672
21
-3.9925578740157479
0
LINE
8
BLACK
6
CONTINUOUS
10
7.8753672834645672
20
-3.9925578740157479
11
7.8721741338582678
21
-3.9904242913385826
0
LINE
8
BLACK
6
CONTINUOUS
10
7.8721741338582678
20
-3.9904242913385826
11
7.870040551181102
21
-3.9872311417322832
0
LINE
8
BLACK
6
CONTINUOUS
10
7.870040551181102
20
-3.9872311417322832
11
7.869291338582677
21
-3.983464566929134
0
LINE
8
BLACK
6
CONTINUOUS
10
7.869291338582677
20
-3.983464566929134
11
7.869291338582677
21
-3.9559055118110233
0
LINE
8
BLACK
6
CONTINUOUS
10
7.869291338582677
20
-3.9559055118110233
11
7.870040551181102
21
-3.9521389370078741
0
LINE
8
BLACK
6
CONTINUOUS
10
7.870040551181102
20
-3.9521389370078741
11
7.8721741338582678
21
-3.9489457874015748
0
LINE
8
BLACK
6
CONTINUOUS
10
7.8721741338582678
20
-3.9489457874015748
11
7.8753672834645672
21
-3.9468122047244094
0
LINE
8
BLACK
6
CONTINUOUS
10
7.8753672834645672
20
-3.9468122047244094
11
7.879133858267716
21
-3.946062992125984
0
LINE
8
BLACK
6
CONTINUOUS
10
7.879133858267716
20
-3.946062992125984
11
7.9145669291338585
21
-3.946062992125984
0
LINE
8
BLACK
6
CONTINUOUS
10
7.9145669291338585
20
-3.946062992125984
11
7.9183335039370073
21
-3.9468122047244094
0
LINE
8
BLACK
6
CONTINUOUS
10
2.4852362204724407
20
-3.9775590551181104
11
2.4714566929133857
21
-3.9775590551181104
0
LINE
8
BLACK
6
CONTINUOUS
10
2.4714566929133857
20
-3.9775590551181104
11
2.4714566929133857
21
-3.9401574803149604
0
LINE
8
BLACK
6
CONTINUOUS
10
2.4714566929133857
20
-3.9401574803149604
11
2.4852362204724407
21
-3.9401574803149604
0
LINE
8
BLACK
6
CONTINUOUS
10
2.4852362204724407
20
-3.9401574803149604
11
2.4852362204724407
21
-3.9775590551181104
0
LINE
8
BLACK
6
CONTINUOUS
10
2.5108267716535431
20
-3.9775590551181104
11
2.497047244094488
21
-3.9775590551181104
0
LINE
8
BLACK
6
CONTINUOUS
10
2.497047244094488
20
-3.9775590551181104
11
2.497047244094488
21
-3.9401574803149604
0
LINE
8
BLACK
6
CONTINUOUS
10
2.497047244094488
20
-3.9401574803149604
11
2.5108267716535431
21
-3.9401574803149604
0
LINE
8
BLACK
6
CONTINUOUS
10
2.5108267716535431
20
-3.9401574803149604
11
2.5108267716535431
21
-3.9775590551181104
0
LINE
8
BLACK
6
CONTINUOUS
10
2.5364173228346458
20
-3.9775590551181104
11
2.5226377952755903
21
-3.9775590551181104
0
LINE
8
BLACK
6
CONTINUOUS
10
2.5226377952755903
20
-3.9775590551181104
11
2.5226377952755903
21
-3.9401574803149604
0
LINE
8
BLACK
6
CONTINUOUS
10
2.5226377952755903
20
-3.9401574803149604
11
2.5364173228346458
21
-3.9401574803149604
0
LINE
8
BLACK
6
CONTINUOUS
10
2.5364173228346458
20
-3.9401574803149604
11
2.5364173228346458
21
-3.9775590551181104
0
LINE
8
BLACK
6
CONTINUOUS
10
2.9899870472440946
20
-3.9023240157480314
11
2.9931801968503935
21
-3.9044575984251968
0
LINE
8
BLACK
6
CONTINUOUS
10
2.9931801968503935
20
-3.9044575984251968
11
2.9953137795275588
21
-3.9076507480314961
0
LINE
8
BLACK
6
CONTINUOUS
10
2.9953137795275588
20
-3.9076507480314961
11
2.9960629921259843
21
-3.9114173228346454
0
LINE
8
BLACK
6
CONTINUOUS
10
2.9960629921259843
20
-3.9114173228346454
11
2.9960629921259843
21
-3.9468503937007875
0
LINE
8
BLACK
6
CONTINUOUS
10
2.9960629921259843
20
-3.9468503937007875
11
2.9953137795275588
21
-3.9506169685039367
0
LINE
8
BLACK
6
CONTINUOUS
10
2.9953137795275588
20
-3.9506169685039367
11
2.9931801968503935
21
-3.9538101181102361
0
LINE
8
BLACK
6
CONTINUOUS
10
2.9931801968503935
20
-3.9538101181102361
11
2.9899870472440946
21
-3.9559437007874014
0
LINE
8
BLACK
6
CONTINUOUS
10
2.9899870472440946
20
-3.9559437007874014
11
2.9862204724409449
21
-3.9566929133858268
0
LINE
8
BLACK
6
CONTINUOUS
10
2.9862204724409449
20
-3.9566929133858268
11
2.9586614173228347
21
-3.9566929133858268
0
LINE
8
BLACK
6
CONTINUOUS
10
2.9586614173228347
20
-3.9566929133858268
11
2.954894842519685
21
-3.9559437007874014
0
LINE
8
BLACK
6
CONTINUOUS
10
2.954894842519685
20
-3.9559437007874014
11
2.9517016929133857
21
-3.9538101181102361
0
LINE
8
BLACK
6
CONTINUOUS
10
2.9517016929133857
20
-3.9538101181102361
11
2.9495681102362203
21
-3.9506169685039367
0
LINE
8
BLACK
6
CONTINUOUS
10
2.9495681102362203
20
-3.9506169685039367
11
2.9488188976377954
21
-3.9468503937007875
0
LINE
8
BLACK
6
CONTINUOUS
10
2.9488188976377954
20
-3.9468503937007875
11
2.9488188976377954
21
-3.9114173228346454
0
LINE
8
BLACK
6
CONTINUOUS
10
2.9488188976377954
20
-3.9114173228346454
11
2.9495681102362203
21
-3.9076507480314961
0
LINE
8
BLACK
6
CONTINUOUS
10
2.9495681102362203
20
-3.9076507480314961
11
2.9517016929133857
21
-3.9044575984251968
0
LINE
8
BLACK
6
CONTINUOUS
10
2.9517016929133857
20
-3.9044575984251968
11
2.954894842519685
21
-3.9023240157480314
0
LINE
8
BLACK
6
CONTINUOUS
10
2.954894842519685
20
-3.9023240157480314
11
2.9586614173228347
21
-3.901574803149606
0
LINE
8
BLACK
6
CONTINUOUS
10
2.9586614173228347
20
-3.901574803149606
11
2.9862204724409449
21
-3.901574803149606
0
LINE
8
BLACK
6
CONTINUOUS
10
2.9862204724409449
20
-3.901574803149606
11
2.9899870472440946
21
-3.9023240157480314
0
LINE
8
BLACK
6
CONTINUOUS
10
3.0687272047244094
20
-3.9023240157480314
11
3.0719203543307088
21
-3.9044575984251968
0
LINE
8
BLACK
6
CONTINUOUS
10
3.0719203543307088
20
-3.9044575984251968
11
3.0740539370078741
21
-3.9076507480314961
0
LINE
8
BLACK
6
CONTINUOUS
10
3.0740539370078741
20
-3.9076507480314961
11
3.0748031496062991
21
-3.9114173228346454
0
LINE
8
BLACK
6
CONTINUOUS
10
3.0748031496062991
20
-3.9114173228346454
11
3.0748031496062991
21
-3.9468503937007875
0
LINE
8
BLACK
6
CONTINUOUS
10
3.0748031496062991
20
-3.9468503937007875
11
3.0740539370078741
21
-3.9506169685039367
0
LINE
8
BLACK
6
CONTINUOUS
10
3.0740539370078741
20
-3.9506169685039367
11
3.0719203543307088
21
-3.9538101181102361
0
LINE
8
BLACK
6
CONTINUOUS
10
3.0719203543307088
20
-3.9538101181102361
11
3.0687272047244094
21
-3.9559437007874014
0
LINE
8
BLACK
6
CONTINUOUS
10
3.0687272047244094
20
-3.9559437007874014
11
3.0649606299212597
21
-3.9566929133858268
0
LINE
8
BLACK
6
CONTINUOUS
10
3.0649606299212597
20
-3.9566929133858268
11
3.0374015748031495
21
-3.9566929133858268
0
LINE
8
BLACK
6
CONTINUOUS
10
3.0374015748031495
20
-3.9566929133858268
11
3.0336349999999999
21
-3.9559437007874014
0
LINE
8
BLACK
6
CONTINUOUS
10
3.0336349999999999
20
-3.9559437007874014
11
3.0304418503937005
21
-3.9538101181102361
0
LINE
8
BLACK
6
CONTINUOUS
10
3.0304418503937005
20
-3.9538101181102361
11
3.0283082677165352
21
-3.9506169685039367
0
LINE
8
BLACK
6
CONTINUOUS
10
3.0283082677165352
20
-3.9506169685039367
11
3.0275590551181102
21
-3.9468503937007875
0
LINE
8
BLACK
6
CONTINUOUS
10
3.0275590551181102
20
-3.9468503937007875
11
3.0275590551181102
21
-3.9114173228346454
0
LINE
8
BLACK
6
CONTINUOUS
10
3.0275590551181102
20
-3.9114173228346454
11
3.0283082677165352
21
-3.9076507480314961
0
LINE
8
BLACK
6
CONTINUOUS
10
3.0283082677165352
20
-3.9076507480314961
11
3.0304418503937005
21
-3.9044575984251968
0
LINE
8
BLACK
6
CONTINUOUS
10
3.0304418503937005
20
-3.9044575984251968
11
3.0336349999999999
21
-3.9023240157480314
0
LINE
8
BLACK
6
CONTINUOUS
10
3.0336349999999999
20
-3.9023240157480314
11
3.0374015748031495
21
-3.901574803149606
0
LINE
8
BLACK
6
CONTINUOUS
10
3.0374015748031495
20
-3.901574803149606
11
3.0649606299212597
21
-3.901574803149606
0
LINE
8
BLACK
6
CONTINUOUS
10
3.0649606299212597
20
-3.901574803149606
11
3.0687272047244094
21
-3.9023240157480314
0
LINE
8
BLACK
6
CONTINUOUS
10
8.2566929133858267
20
-3.9559055118110233
11
8.1976377952755897
21
-3.9559055118110233
0
LINE
8
BLACK
6
CONTINUOUS
10
8.1976377952755897
20
-3.9559055118110233
11
8.1976377952755897
21
-3.930314960629921
0
LINE
8
BLACK
6
CONTINUOUS
10
8.1976377952755897
20
-3.930314960629921
11
8.2566929133858267
21
-3.930314960629921
0
LINE
8
BLACK
6
CONTINUOUS
10
8.2566929133858267
20
-3.930314960629921
11
8.2566929133858267
21
-3.9559055118110233
0
LINE
8
BLACK
6
CONTINUOUS
10
8.4692913385826767
20
-3.9559055118110233
11
8.4102362204724415
21
-3.9559055118110233
0
LINE
8
BLACK
6
CONTINUOUS
10
8.4102362204724415
20
-3.9559055118110233
11
8.4102362204724415
21
-3.930314960629921
0
LINE
8
BLACK
6
CONTINUOUS
10
8.4102362204724415
20
-3.930314960629921
11
8.4692913385826767
21
-3.930314960629921
0
LINE
8
BLACK
6
CONTINUOUS
10
8.4692913385826767
20
-3.930314960629921
11
8.4692913385826767
21
-3.9559055118110233
0
LINE
8
BLACK
6
CONTINUOUS
10
5.590551181102362
20
-3.9370078740157481
11
5.4822834645669287
21
-3.9370078740157481
0
LINE
8
BLACK
6
CONTINUOUS
10
5.4822834645669287
20
-3.9370078740157481
11
5.4822834645669287
21
-3.8976377952755903
0
LINE
8
BLACK
6
CONTINUOUS
10
5.4822834645669287
20
-3.8976377952755903
11
5.590551181102362
21
-3.8976377952755903
0
LINE
8
BLACK
6
CONTINUOUS
10
5.590551181102362
20
-3.8976377952755903
11
5.590551181102362
21
-3.9370078740157481
0
LINE
8
BLACK
6
CONTINUOUS
10
5.8169291338582676
20
-3.9370078740157481
11
5.7086614173228343
21
-3.9370078740157481
0
LINE
8
BLACK
6
CONTINUOUS
10
5.7086614173228343
20
-3.9370078740157481
11
5.7086614173228343
21
-3.8976377952755903
0
LINE
8
BLACK
6
CONTINUOUS
10
5.7086614173228343
20
-3.8976377952755903
11
5.8169291338582676
21
-3.8976377952755903
0
LINE
8
BLACK
6
CONTINUOUS
10
5.8169291338582676
20
-3.8976377952755903
11
5.8169291338582676
21
-3.9370078740157481
0
LINE
8
BLACK
6
CONTINUOUS
10
7.9183335039370073
20
-3.8680720472440946
11
7.9215266535433067
21
-3.8702056299212599
0
LINE
8
BLACK
6
CONTINUOUS
10
7.9215266535433067
20
-3.8702056299212599
11
7.9236602362204724
21
-3.8733987795275588
0
LINE
8
BLACK
6
CONTINUOUS
10
7.9236602362204724
20
-3.8733987795275588
11
7.9244094488188974
21
-3.8771653543307085
0
LINE
8
BLACK
6
CONTINUOUS
10
7.9244094488188974
20
-3.8771653543307085
11
7.9244094488188974
21
-3.9047244094488187
0
LINE
8
BLACK
6
CONTINUOUS
10
7.9244094488188974
20
-3.9047244094488187
11
7.9236602362204724
21
-3.9084909842519684
0
LINE
8
BLACK
6
CONTINUOUS
10
7.9236602362204724
20
-3.9084909842519684
11
7.9215266535433067
21
-3.9116841338582677
0
LINE
8
BLACK
6
CONTINUOUS
10
7.9215266535433067
20
-3.9116841338582677
11
7.9183335039370073
21
-3.9138177165354331
0
LINE
8
BLACK
6
CONTINUOUS
10
7.9183335039370073
20
-3.9138177165354331
11
7.9145669291338585
21
-3.9145669291338581
0
LINE
8
BLACK
6
CONTINUOUS
10
7.9145669291338585
20
-3.9145669291338581
11
7.879133858267716
21
-3.9145669291338581
0
LINE
8
BLACK
6
CONTINUOUS
10
7.879133858267716
20
-3.9145669291338581
11
7.8753672834645672
21
-3.9138177165354331
0
LINE
8
BLACK
6
CONTINUOUS
10
7.8753672834645672
20
-3.9138177165354331
11
7.8721741338582678
21
-3.9116841338582677
0
LINE
8
BLACK
6
CONTINUOUS
10
7.8721741338582678
20
-3.9116841338582677
11
7.870040551181102
21
-3.9084909842519684
0
LINE
8
BLACK
6
CONTINUOUS
10
7.870040551181102
20
-3.9084909842519684
11
7.869291338582677
21
-3.9047244094488187
0
LINE
8
BLACK
6
CONTINUOUS
10
7.869291338582677
20
-3.9047244094488187
11
7.869291338582677
21
-3.8771653543307085
0
LINE
8
BLACK
6
CONTINUOUS
10
7.869291338582677
20
-3.8771653543307085
11
7.870040551181102
21
-3.8733987795275588
0
LINE
8
BLACK
6
CONTINUOUS
10
7.870040551181102
20
-3.8733987795275588
11
7.8721741338582678
21
-3.8702056299212599
0
LINE
8
BLACK
6
CONTINUOUS
10
7.8721741338582678
20
-3.8702056299212599
11
7.8753672834645672
21
-3.8680720472440946
0
LINE
8
BLACK
6
CONTINUOUS
10
7.8753672834645672
20
-3.8680720472440946
11
7.879133858267716
21
-3.8673228346456692
0
LINE
8
BLACK
6
CONTINUOUS
10
7.879133858267716
20
-3.8673228346456692
11
7.9145669291338585
21
-3.8673228346456692
0
LINE
8
BLACK
6
CONTINUOUS
10
7.9145669291338585
20
-3.8673228346456692
11
7.9183335039370073
21
-3.8680720472440946
0
LINE
8
BLACK
6
CONTINUOUS
10
7.0441209055118108
20
-3.8534066929133859
11
7.0473140551181102
21
-3.8555402755905512
0
LINE
8
BLACK
6
CONTINUOUS
10
7.0473140551181102
20
-3.8555402755905512
11
7.0494476377952751
21
-3.8587334251968501
0
LINE
8
BLACK
6
CONTINUOUS
10
7.0494476377952751
20
-3.8587334251968501
11
7.0501968503937009
21
-3.8624999999999998
0
LINE
8
BLACK
6
CONTINUOUS
10
7.0501968503937009
20
-3.8624999999999998
11
7.0501968503937009
21
-3.8890748031496063
0
LINE
8
BLACK
6
CONTINUOUS
10
7.0501968503937009
20
-3.8890748031496063
11
7.0494476377952751
21
-3.892841377952756
0
LINE
8
BLACK
6
CONTINUOUS
10
7.0494476377952751
20
-3.892841377952756
11
7.0473140551181102
21
-3.8960345275590549
0
LINE
8
BLACK
6
CONTINUOUS
10
7.0473140551181102
20
-3.8960345275590549
11
7.0441209055118108
21
-3.8981681102362202
0
LINE
8
BLACK
6
CONTINUOUS
10
7.0441209055118108
20
-3.8981681102362202
11
7.0403543307086611
21
-3.8989173228346456
0
LINE
8
BLACK
6
CONTINUOUS
10
7.0403543307086611
20
-3.8989173228346456
11
7.002952755905512
21
-3.8989173228346456
0
LINE
8
BLACK
6
CONTINUOUS
10
7.002952755905512
20
-3.8989173228346456
11
6.9991861811023623
21
-3.8981681102362202
0
LINE
8
BLACK
6
CONTINUOUS
10
6.9991861811023623
20
-3.8981681102362202
11
6.995993031496063
21
-3.8960345275590549
0
LINE
8
BLACK
6
CONTINUOUS
10
6.995993031496063
20
-3.8960345275590549
11
6.9938594488188972
21
-3.892841377952756
0
LINE
8
BLACK
6
CONTINUOUS
10
6.9938594488188972
20
-3.892841377952756
11
6.9931102362204722
21
-3.8890748031496063
0
LINE
8
BLACK
6
CONTINUOUS
10
6.9931102362204722
20
-3.8890748031496063
11
6.9931102362204722
21
-3.8624999999999998
0
LINE
8
BLACK
6
CONTINUOUS
10
6.9931102362204722
20
-3.8624999999999998
11
6.9938594488188972
21
-3.8587334251968501
0
LINE
8
BLACK
6
CONTINUOUS
10
6.9938594488188972
20
-3.8587334251968501
11
6.995993031496063
21
-3.8555402755905512
0
LINE
8
BLACK
6
CONTINUOUS
10
6.995993031496063
20
-3.8555402755905512
11
6.9991861811023623
21
-3.8534066929133859
0
LINE
8
BLACK
6
CONTINUOUS
10
6.9991861811023623
20
-3.8534066929133859
11
7.002952755905512
21
-3.8526574803149605
0
LINE
8
BLACK
6
CONTINUOUS
10
7.002952755905512
20
-3.8526574803149605
11
7.0403543307086611
21
-3.8526574803149605
0
LINE
8
BLACK
6
CONTINUOUS
10
7.0403543307086611
20
-3.8526574803149605
11
7.0441209055118108
21
-3.8534066929133859
0
LINE
8
BLACK
6
CONTINUOUS
10
7.2291602755905506
20
-3.8534066929133859
11
7.23235342519685
21
-3.8555402755905512
0
LINE
8
BLACK
6
CONTINUOUS
10
7.23235342519685
20
-3.8555402755905512
11
7.2344870078740158
21
-3.8587334251968501
0
LINE
8
BLACK
6
CONTINUOUS
10
7.2344870078740158
20
-3.8587334251968501
11
7.2352362204724407
21
-3.8624999999999998
0
LINE
8
BLACK
6
CONTINUOUS
10
7.2352362204724407
20
-3.8624999999999998
11
7.2352362204724407
21
-3.8890748031496063
0
LINE
8
BLACK
6
CONTINUOUS
10
7.2352362204724407
20
-3.8890748031496063
11
7.2344870078740158
21
-3.892841377952756
0
LINE
8
BLACK
6
CONTINUOUS
10
7.2344870078740158
20
-3.892841377952756
11
7.23235342519685
21
-3.8960345275590549
0
LINE
8
BLACK
6
CONTINUOUS
10
7.23235342519685
20
-3.8960345275590549
11
7.2291602755905506
21
-3.8981681102362202
0
LINE
8
BLACK
6
CONTINUOUS
10
7.2291602755905506
20
-3.8981681102362202
11
7.2253937007874018
21
-3.8989173228346456
0
LINE
8
BLACK
6
CONTINUOUS
10
7.2253937007874018
20
-3.8989173228346456
11
7.1879921259842519
21
-3.8989173228346456
0
LINE
8
BLACK
6
CONTINUOUS
10
7.1879921259842519
20
-3.8989173228346456
11
7.1842255511811022
21
-3.8981681102362202
0
LINE
8
BLACK
6
CONTINUOUS
10
7.1842255511811022
20
-3.8981681102362202
11
7.1810324015748028
21
-3.8960345275590549
0
LINE
8
BLACK
6
CONTINUOUS
10
7.1810324015748028
20
-3.8960345275590549
11
7.1788988188976379
21
-3.892841377952756
0
LINE
8
BLACK
6
CONTINUOUS
10
7.1788988188976379
20
-3.892841377952756
11
7.1781496062992121
21
-3.8890748031496063
0
LINE
8
BLACK
6
CONTINUOUS
10
7.1781496062992121
20
-3.8890748031496063
11
7.1781496062992121
21
-3.8624999999999998
0
LINE
8
BLACK
6
CONTINUOUS
10
7.1781496062992121
20
-3.8624999999999998
11
7.1788988188976379
21
-3.8587334251968501
0
LINE
8
BLACK
6
CONTINUOUS
10
7.1788988188976379
20
-3.8587334251968501
11
7.1810324015748028
21
-3.8555402755905512
0
LINE
8
BLACK
6
CONTINUOUS
10
7.1810324015748028
20
-3.8555402755905512
11
7.1842255511811022
21
-3.8534066929133859
0
LINE
8
BLACK
6
CONTINUOUS
10
7.1842255511811022
20
-3.8534066929133859
11
7.1879921259842519
21
-3.8526574803149605
0
LINE
8
BLACK
6
CONTINUOUS
10
7.1879921259842519
20
-3.8526574803149605
11
7.2253937007874018
21
-3.8526574803149605
0
LINE
8
BLACK
6
CONTINUOUS
10
7.2253937007874018
20
-3.8526574803149605
11
7.2291602755905506
21
-3.8534066929133859
0
LINE
8
BLACK
6
CONTINUOUS
10
6.8854594881889764
20
-3.8530129921259841
11
6.8886526377952757
21
-3.8551465748031495
0
LINE
8
BLACK
6
CONTINUOUS
10
6.8886526377952757
20
-3.8551465748031495
11
6.8907862204724406
21
-3.8583397244094488
0
LINE
8
BLACK
6
CONTINUOUS
10
6.8907862204724406
20
-3.8583397244094488
11
6.8915354330708656
21
-3.8621062992125985
0
LINE
8
BLACK
6
CONTINUOUS
10
6.8915354330708656
20
-3.8621062992125985
11
6.8915354330708656
21
-3.8886811023622045
0
LINE
8
BLACK
6
CONTINUOUS
10
6.8915354330708656
20
-3.8886811023622045
11
6.8907862204724406
21
-3.8924476771653542
0
LINE
8
BLACK
6
CONTINUOUS
10
6.8907862204724406
20
-3.8924476771653542
11
6.8886526377952757
21
-3.8956408267716536
0
LINE
8
BLACK
6
CONTINUOUS
10
6.8886526377952757
20
-3.8956408267716536
11
6.8854594881889764
21
-3.8977744094488189
0
LINE
8
BLACK
6
CONTINUOUS
10
6.8854594881889764
20
-3.8977744094488189
11
6.8816929133858267
21
-3.8985236220472439
0
LINE
8
BLACK
6
CONTINUOUS
10
6.8816929133858267
20
-3.8985236220472439
11
6.8442913385826767
21
-3.8985236220472439
0
LINE
8
BLACK
6
CONTINUOUS
10
6.8442913385826767
20
-3.8985236220472439
11
6.840524763779527
21
-3.8977744094488189
0
LINE
8
BLACK
6
CONTINUOUS
10
6.840524763779527
20
-3.8977744094488189
11
6.8373316141732285
21
-3.8956408267716536
0
LINE
8
BLACK
6
CONTINUOUS
10
6.8373316141732285
20
-3.8956408267716536
11
6.8351980314960628
21
-3.8924476771653542
0
LINE
8
BLACK
6
CONTINUOUS
10
6.8351980314960628
20
-3.8924476771653542
11
6.8344488188976378
21
-3.8886811023622045
0
LINE
8
BLACK
6
CONTINUOUS
10
6.8344488188976378
20
-3.8886811023622045
11
6.8344488188976378
21
-3.8621062992125985
0
LINE
8
BLACK
6
CONTINUOUS
10
6.8344488188976378
20
-3.8621062992125985
11
6.8351980314960628
21
-3.8583397244094488
0
LINE
8
BLACK
6
CONTINUOUS
10
6.8351980314960628
20
-3.8583397244094488
11
6.8373316141732285
21
-3.8551465748031495
0
LINE
8
BLACK
6
CONTINUOUS
10
6.8373316141732285
20
-3.8551465748031495
11
6.840524763779527
21
-3.8530129921259841
0
LINE
8
BLACK
6
CONTINUOUS
10
6.840524763779527
20
-3.8530129921259841
11
6.8442913385826767
21
-3.8522637795275592
0
LINE
8
BLACK
6
CONTINUOUS
10
6.8442913385826767
20
-3.8522637795275592
11
6.8816929133858267
21
-3.8522637795275592
0
LINE
8
BLACK
6
CONTINUOUS
10
6.8816929133858267
20
-3.8522637795275592
11
6.8854594881889764
21
-3.8530129921259841
0
LINE
8
BLACK
6
CONTINUOUS
10
4.2049476771653547
20
-3.833426377952756
11
4.2081408267716531
21
-3.8355599606299213
0
LINE
8
BLACK
6
CONTINUOUS
10
4.2081408267716531
20
-3.8355599606299213
11
4.2102744094488189
21
-3.8387531102362202
0
LINE
8
BLACK
6
CONTINUOUS
10
4.2102744094488189
20
-3.8387531102362202
11
4.2110236220472439
21
-3.8425196850393699
0
LINE
8
BLACK
6
CONTINUOUS
10
4.2110236220472439
20
-3.8425196850393699
11
4.2110236220472439
21
-3.8700787401574801
0
LINE
8
BLACK
6
CONTINUOUS
10
4.2110236220472439
20
-3.8700787401574801
11
4.2102744094488189
21
-3.8738453149606298
0
LINE
8
BLACK
6
CONTINUOUS
10
4.2102744094488189
20
-3.8738453149606298
11
4.2081408267716531
21
-3.8770384645669291
0
LINE
8
BLACK
6
CONTINUOUS
10
4.2081408267716531
20
-3.8770384645669291
11
4.2049476771653547
21
-3.8791720472440945
0
LINE
8
BLACK
6
CONTINUOUS
10
4.2049476771653547
20
-3.8791720472440945
11
4.201181102362205
21
-3.8799212598425195
0
LINE
8
BLACK
6
CONTINUOUS
10
4.201181102362205
20
-3.8799212598425195
11
4.1657480314960633
21
-3.8799212598425195
0
LINE
8
BLACK
6
CONTINUOUS
10
4.1657480314960633
20
-3.8799212598425195
11
4.1619814566929136
21
-3.8791720472440945
0
LINE
8
BLACK
6
CONTINUOUS
10
4.1619814566929136
20
-3.8791720472440945
11
4.1587883070866143
21
-3.8770384645669291
0
LINE
8
BLACK
6
CONTINUOUS
10
4.1587883070866143
20
-3.8770384645669291
11
4.1566547244094485
21
-3.8738453149606298
0
LINE
8
BLACK
6
CONTINUOUS
10
4.1566547244094485
20
-3.8738453149606298
11
4.1559055118110235
21
-3.8700787401574801
0
LINE
8
BLACK
6
CONTINUOUS
10
4.1559055118110235
20
-3.8700787401574801
11
4.1559055118110235
21
-3.8425196850393699
0
LINE
8
BLACK
6
CONTINUOUS
10
4.1559055118110235
20
-3.8425196850393699
11
4.1566547244094485
21
-3.8387531102362202
0
LINE
8
BLACK
6
CONTINUOUS
10
4.1566547244094485
20
-3.8387531102362202
11
4.1587883070866143
21
-3.8355599606299213
0
LINE
8
BLACK
6
CONTINUOUS
10
4.1587883070866143
20
-3.8355599606299213
11
4.1619814566929136
21
-3.833426377952756
0
LINE
8
BLACK
6
CONTINUOUS
10
4.1619814566929136
20
-3.833426377952756
11
4.1657480314960633
21
-3.8326771653543306
0
LINE
8
BLACK
6
CONTINUOUS
10
4.1657480314960633
20
-3.8326771653543306
11
4.201181102362205
21
-3.8326771653543306
0
LINE
8
BLACK
6
CONTINUOUS
10
4.201181102362205
20
-3.8326771653543306
11
4.2049476771653547
21
-3.833426377952756
0
LINE
8
BLACK
6
CONTINUOUS
10
8.2124279921259848
20
-3.8141350393700786
11
8.2156211417322833
21
-3.8162686220472439
0
LINE
8
BLACK
6
CONTINUOUS
10
8.2156211417322833
20
-3.8162686220472439
11
8.2177547244094491
21
-3.8194617716535433
0
LINE
8
BLACK
6
CONTINUOUS
10
8.2177547244094491
20
-3.8194617716535433
11
8.2185039370078741
21
-3.823228346456693
0
LINE
8
BLACK
6
CONTINUOUS
10
8.2185039370078741
20
-3.823228346456693
11
8.2185039370078741
21
-3.8586614173228346
0
LINE
8
BLACK
6
CONTINUOUS
10
8.2185039370078741
20
-3.8586614173228346
11
8.2177547244094491
21
-3.8624279921259843
0
LINE
8
BLACK
6
CONTINUOUS
10
8.2177547244094491
20
-3.8624279921259843
11
8.2156211417322833
21
-3.8656211417322832
0
LINE
8
BLACK
6
CONTINUOUS
10
8.2156211417322833
20
-3.8656211417322832
11
8.2124279921259848
21
-3.8677547244094486
0
LINE
8
BLACK
6
CONTINUOUS
10
8.2124279921259848
20
-3.8677547244094486
11
8.2086614173228352
21
-3.868503937007874
0
LINE
8
BLACK
6
CONTINUOUS
10
8.2086614173228352
20
-3.868503937007874
11
8.1811023622047241
21
-3.868503937007874
0
LINE
8
BLACK
6
CONTINUOUS
10
8.1811023622047241
20
-3.868503937007874
11
8.1773357874015744
21
-3.8677547244094486
0
LINE
8
BLACK
6
CONTINUOUS
10
8.1773357874015744
20
-3.8677547244094486
11
8.1741426377952759
21
-3.8656211417322832
0
LINE
8
BLACK
6
CONTINUOUS
10
8.1741426377952759
20
-3.8656211417322832
11
8.1720090551181102
21
-3.8624279921259843
0
LINE
8
BLACK
6
CONTINUOUS
10
8.1720090551181102
20
-3.8624279921259843
11
8.1712598425196852
21
-3.8586614173228346
0
LINE
8
BLACK
6
CONTINUOUS
10
8.1712598425196852
20
-3.8586614173228346
11
8.1712598425196852
21
-3.823228346456693
0
LINE
8
BLACK
6
CONTINUOUS
10
8.1712598425196852
20
-3.823228346456693
11
8.1720090551181102
21
-3.8194617716535433
0
LINE
8
BLACK
6
CONTINUOUS
10
8.1720090551181102
20
-3.8194617716535433
11
8.1741426377952759
21
-3.8162686220472439
0
LINE
8
BLACK
6
CONTINUOUS
10
8.1741426377952759
20
-3.8162686220472439
11
8.1773357874015744
21
-3.8141350393700786
0
LINE
8
BLACK
6
CONTINUOUS
10
8.1773357874015744
20
-3.8141350393700786
11
8.1811023622047241
21
-3.8133858267716536
0
LINE
8
BLACK
6
CONTINUOUS
10
8.1811023622047241
20
-3.8133858267716536
11
8.2086614173228352
21
-3.8133858267716536
0
LINE
8
BLACK
6
CONTINUOUS
10
8.2086614173228352
20
-3.8133858267716536
11
8.2124279921259848
21
-3.8141350393700786
0
LINE
8
BLACK
6
CONTINUOUS
10
8.2911681496062997
20
-3.8141350393700786
11
8.2943612992125981
21
-3.8162686220472439
0
LINE
8
BLACK
6
CONTINUOUS
10
8.2943612992125981
20
-3.8162686220472439
11
8.2964948818897639
21
-3.8194617716535433
0
LINE
8
BLACK
6
CONTINUOUS
10
8.2964948818897639
20
-3.8194617716535433
11
8.2972440944881889
21
-3.823228346456693
0
LINE
8
BLACK
6
CONTINUOUS
10
8.2972440944881889
20
-3.823228346456693
11
8.2972440944881889
21
-3.8586614173228346
0
LINE
8
BLACK
6
CONTINUOUS
10
8.2972440944881889
20
-3.8586614173228346
11
8.2964948818897639
21
-3.8624279921259843
0
LINE
8
BLACK
6
CONTINUOUS
10
8.2964948818897639
20
-3.8624279921259843
11
8.2943612992125981
21
-3.8656211417322832
0
LINE
8
BLACK
6
CONTINUOUS
10
8.2943612992125981
20
-3.8656211417322832
11
8.2911681496062997
21
-3.8677547244094486
0
LINE
8
BLACK
6
CONTINUOUS
10
8.2911681496062997
20
-3.8677547244094486
11
8.28740157480315
21
-3.868503937007874
0
LINE
8
BLACK
6
CONTINUOUS
10
8.28740157480315
20
-3.868503937007874
11
8.2598425196850389
21
-3.868503937007874
0
LINE
8
BLACK
6
CONTINUOUS
10
8.2598425196850389
20
-3.868503937007874
11
8.2560759448818892
21
-3.8677547244094486
0
LINE
8
BLACK
6
CONTINUOUS
10
8.2560759448818892
20
-3.8677547244094486
11
8.2528827952755908
21
-3.8656211417322832
0
LINE
8
BLACK
6
CONTINUOUS
10
8.2528827952755908
20
-3.8656211417322832
11
8.250749212598425
21
-3.8624279921259843
0
LINE
8
BLACK
6
CONTINUOUS
10
8.250749212598425
20
-3.8624279921259843
11
8.25
21
-3.8586614173228346
0
LINE
8
BLACK
6
CONTINUOUS
10
8.25
20
-3.8586614173228346
11
8.25
21
-3.823228346456693
0
LINE
8
BLACK
6
CONTINUOUS
10
8.25
20
-3.823228346456693
11
8.250749212598425
21
-3.8194617716535433
0
LINE
8
BLACK
6
CONTINUOUS
10
8.250749212598425
20
-3.8194617716535433
11
8.2528827952755908
21
-3.8162686220472439
0
LINE
8
BLACK
6
CONTINUOUS
10
8.2528827952755908
20
-3.8162686220472439
11
8.2560759448818892
21
-3.8141350393700786
0
LINE
8
BLACK
6
CONTINUOUS
10
8.2560759448818892
20
-3.8141350393700786
11
8.2598425196850389
21
-3.8133858267716536
0
LINE
8
BLACK
6
CONTINUOUS
10
8.2598425196850389
20
-3.8133858267716536
11
8.28740157480315
21
-3.8133858267716536
0
LINE
8
BLACK
6
CONTINUOUS
10
8.28740157480315
20
-3.8133858267716536
11
8.2911681496062997
21
-3.8141350393700786
0
LINE
8
BLACK
6
CONTINUOUS
10
3.5224409448818896
20
-3.8547244094488189
11
3.4141732283464568
21
-3.8547244094488189
0
LINE
8
BLACK
6
CONTINUOUS
10
3.4141732283464568
20
-3.8547244094488189
11
3.4141732283464568
21
-3.8153543307086615
0
LINE
8
BLACK
6
CONTINUOUS
10
3.4141732283464568
20
-3.8153543307086615
11
3.5224409448818896
21
-3.8153543307086615
0
LINE
8
BLACK
6
CONTINUOUS
10
3.5224409448818896
20
-3.8153543307086615
11
3.5224409448818896
21
-3.8547244094488189
0
LINE
8
BLACK
6
CONTINUOUS
10
3.7488188976377952
20
-3.8547244094488189
11
3.6405511811023623
21
-3.8547244094488189
0
LINE
8
BLACK
6
CONTINUOUS
10
3.6405511811023623
20
-3.8547244094488189
11
3.6405511811023623
21
-3.8153543307086615
0
LINE
8
BLACK
6
CONTINUOUS
10
3.6405511811023623
20
-3.8153543307086615
11
3.7488188976377952
21
-3.8153543307086615
0
LINE
8
BLACK
6
CONTINUOUS
10
3.7488188976377952
20
-3.8153543307086615
11
3.7488188976377952
21
-3.8547244094488189
0
LINE
8
BLACK
6
CONTINUOUS
10
2.2498295669291339
20
-3.7947452755905511
11
2.2530227165354328
21
-3.7968788582677164
0
LINE
8
BLACK
6
CONTINUOUS
10
2.2530227165354328
20
-3.7968788582677164
11
2.2551562992125982
21
-3.8000720078740158
0
LINE
8
BLACK
6
CONTINUOUS
10
2.2551562992125982
20
-3.8000720078740158
11
2.2559055118110236
21
-3.8038385826771655
0
LINE
8
BLACK
6
CONTINUOUS
10
2.2559055118110236
20
-3.8038385826771655
11
2.2559055118110236
21
-3.841240157480315
0
LINE
8
BLACK
6
CONTINUOUS
10
2.2559055118110236
20
-3.841240157480315
11
2.2551562992125982
21
-3.8450067322834647
0
LINE
8
BLACK
6
CONTINUOUS
10
2.2551562992125982
20
-3.8450067322834647
11
2.2530227165354328
21
-3.8481998818897636
0
LINE
8
BLACK
6
CONTINUOUS
10
2.2530227165354328
20
-3.8481998818897636
11
2.2498295669291339
21
-3.8503334645669289
0
LINE
8
BLACK
6
CONTINUOUS
10
2.2498295669291339
20
-3.8503334645669289
11
2.2460629921259843
21
-3.8510826771653544
0
LINE
8
BLACK
6
CONTINUOUS
10
2.2460629921259843
20
-3.8510826771653544
11
2.2194881889763778
21
-3.8510826771653544
0
LINE
8
BLACK
6
CONTINUOUS
10
2.2194881889763778
20
-3.8510826771653544
11
2.2157216141732281
21
-3.8503334645669289
0
LINE
8
BLACK
6
CONTINUOUS
10
2.2157216141732281
20
-3.8503334645669289
11
2.2125284645669292
21
-3.8481998818897636
0
LINE
8
BLACK
6
CONTINUOUS
10
2.2125284645669292
20
-3.8481998818897636
11
2.2103948818897639
21
-3.8450067322834647
0
LINE
8
BLACK
6
CONTINUOUS
10
2.2103948818897639
20
-3.8450067322834647
11
2.2096456692913384
21
-3.841240157480315
0
LINE
8
BLACK
6
CONTINUOUS
10
2.2096456692913384
20
-3.841240157480315
11
2.2096456692913384
21
-3.8038385826771655
0
LINE
8
BLACK
6
CONTINUOUS
10
2.2096456692913384
20
-3.8038385826771655
11
2.2103948818897639
21
-3.8000720078740158
0
LINE
8
BLACK
6
CONTINUOUS
10
2.2103948818897639
20
-3.8000720078740158
11
2.2125284645669292
21
-3.7968788582677164
0
LINE
8
BLACK
6
CONTINUOUS
10
2.2125284645669292
20
-3.7968788582677164
11
2.2157216141732281
21
-3.7947452755905511
0
LINE
8
BLACK
6
CONTINUOUS
10
2.2157216141732281
20
-3.7947452755905511
11
2.2194881889763778
21
-3.7939960629921261
0
LINE
8
BLACK
6
CONTINUOUS
10
2.2194881889763778
20
-3.7939960629921261
11
2.2460629921259843
21
-3.7939960629921261
0
LINE
8
BLACK
6
CONTINUOUS
10
2.2460629921259843
20
-3.7939960629921261
11
2.2498295669291339
21
-3.7947452755905511
0
LINE
8
BLACK
6
CONTINUOUS
10
2.3315224803149608
20
-3.7947452755905511
11
2.3347156299212597
21
-3.7968788582677164
0
LINE
8
BLACK
6
CONTINUOUS
10
2.3347156299212597
20
-3.7968788582677164
11
2.336849212598425
21
-3.8000720078740158
0
LINE
8
BLACK
6
CONTINUOUS
10
2.336849212598425
20
-3.8000720078740158
11
2.3375984251968505
21
-3.8038385826771655
0
LINE
8
BLACK
6
CONTINUOUS
10
2.3375984251968505
20
-3.8038385826771655
11
2.3375984251968505
21
-3.841240157480315
0
LINE
8
BLACK
6
CONTINUOUS
10
2.3375984251968505
20
-3.841240157480315
11
2.336849212598425
21
-3.8450067322834647
0
LINE
8
BLACK
6
CONTINUOUS
10
2.336849212598425
20
-3.8450067322834647
11
2.3347156299212597
21
-3.8481998818897636
0
LINE
8
BLACK
6
CONTINUOUS
10
2.3347156299212597
20
-3.8481998818897636
11
2.3315224803149608
21
-3.8503334645669289
0
LINE
8
BLACK
6
CONTINUOUS
10
2.3315224803149608
20
-3.8503334645669289
11
2.3277559055118111
21
-3.8510826771653544
0
LINE
8
BLACK
6
CONTINUOUS
10
2.3277559055118111
20
-3.8510826771653544
11
2.3011811023622046
21
-3.8510826771653544
0
LINE
8
BLACK
6
CONTINUOUS
10
2.3011811023622046
20
-3.8510826771653544
11
2.297414527559055
21
-3.8503334645669289
0
LINE
8
BLACK
6
CONTINUOUS
10
2.297414527559055
20
-3.8503334645669289
11
2.294221377952756
21
-3.8481998818897636
0
LINE
8
BLACK
6
CONTINUOUS
10
2.294221377952756
20
-3.8481998818897636
11
2.2920877952755907
21
-3.8450067322834647
0
LINE
8
BLACK
6
CONTINUOUS
10
2.2920877952755907
20
-3.8450067322834647
11
2.2913385826771653
21
-3.841240157480315
0
LINE
8
BLACK
6
CONTINUOUS
10
2.2913385826771653
20
-3.841240157480315
11
2.2913385826771653
21
-3.8038385826771655
0
LINE
8
BLACK
6
CONTINUOUS
10
2.2913385826771653
20
-3.8038385826771655
11
2.2920877952755907
21
-3.8000720078740158
0
LINE
8
BLACK
6
CONTINUOUS
10
2.2920877952755907
20
-3.8000720078740158
11
2.294221377952756
21
-3.7968788582677164
0
LINE
8
BLACK
6
CONTINUOUS
10
2.294221377952756
20
-3.7968788582677164
11
2.297414527559055
21
-3.7947452755905511
0
LINE
8
BLACK
6
CONTINUOUS
10
2.297414527559055
20
-3.7947452755905511
11
2.3011811023622046
21
-3.7939960629921261
0
LINE
8
BLACK
6
CONTINUOUS
10
2.3011811023622046
20
-3.7939960629921261
11
2.3277559055118111
21
-3.7939960629921261
0
LINE
8
BLACK
6
CONTINUOUS
10
2.3277559055118111
20
-3.7939960629921261
11
2.3315224803149608
21
-3.7947452755905511
0
LINE
8
BLACK
6
CONTINUOUS
10
2.8561287795275589
20
-3.796024803149606
11
2.8593219291338583
21
-3.7981583858267718
0
LINE
8
BLACK
6
CONTINUOUS
10
2.8593219291338583
20
-3.7981583858267718
11
2.8614555118110236
21
-3.8013515354330707
0
LINE
8
BLACK
6
CONTINUOUS
10
2.8614555118110236
20
-3.8013515354330707
11
2.8622047244094486
21
-3.8051181102362204
0
LINE
8
BLACK
6
CONTINUOUS
10
2.8622047244094486
20
-3.8051181102362204
11
2.8622047244094486
21
-3.840551181102362
0
LINE
8
BLACK
6
CONTINUOUS
10
2.8622047244094486
20
-3.840551181102362
11
2.8614555118110236
21
-3.8443177559055117
0
LINE
8
BLACK
6
CONTINUOUS
10
2.8614555118110236
20
-3.8443177559055117
11
2.8593219291338583
21
-3.8475109055118111
0
LINE
8
BLACK
6
CONTINUOUS
10
2.8593219291338583
20
-3.8475109055118111
11
2.8561287795275589
21
-3.8496444881889764
0
LINE
8
BLACK
6
CONTINUOUS
10
2.8561287795275589
20
-3.8496444881889764
11
2.8523622047244093
21
-3.8503937007874014
0
LINE
8
BLACK
6
CONTINUOUS
10
2.8523622047244093
20
-3.8503937007874014
11
2.8248031496062991
21
-3.8503937007874014
0
LINE
8
BLACK
6
CONTINUOUS
10
2.8248031496062991
20
-3.8503937007874014
11
2.8210365748031494
21
-3.8496444881889764
0
LINE
8
BLACK
6
CONTINUOUS
10
2.8210365748031494
20
-3.8496444881889764
11
2.8178434251968505
21
-3.8475109055118111
0
LINE
8
BLACK
6
CONTINUOUS
10
2.8178434251968505
20
-3.8475109055118111
11
2.8157098425196851
21
-3.8443177559055117
0
LINE
8
BLACK
6
CONTINUOUS
10
2.8157098425196851
20
-3.8443177559055117
11
2.8149606299212597
21
-3.840551181102362
0
LINE
8
BLACK
6
CONTINUOUS
10
2.8149606299212597
20
-3.840551181102362
11
2.8149606299212597
21
-3.8051181102362204
0
LINE
8
BLACK
6
CONTINUOUS
10
2.8149606299212597
20
-3.8051181102362204
11
2.8157098425196851
21
-3.8013515354330707
0
LINE
8
BLACK
6
CONTINUOUS
10
2.8157098425196851
20
-3.8013515354330707
11
2.8178434251968505
21
-3.7981583858267718
0
LINE
8
BLACK
6
CONTINUOUS
10
2.8178434251968505
20
-3.7981583858267718
11
2.8210365748031494
21
-3.796024803149606
0
LINE
8
BLACK
6
CONTINUOUS
10
2.8210365748031494
20
-3.796024803149606
11
2.8248031496062991
21
-3.795275590551181
0
LINE
8
BLACK
6
CONTINUOUS
10
2.8248031496062991
20
-3.795275590551181
11
2.8523622047244093
21
-3.795275590551181
0
LINE
8
BLACK
6
CONTINUOUS
10
2.8523622047244093
20
-3.795275590551181
11
2.8561287795275589
21
-3.796024803149606
0
LINE
8
BLACK
6
CONTINUOUS
10
2.9348689370078738
20
-3.796024803149606
11
2.9380620866141731
21
-3.7981583858267718
0
LINE
8
BLACK
6
CONTINUOUS
10
2.9380620866141731
20
-3.7981583858267718
11
2.9401956692913385
21
-3.8013515354330707
0
LINE
8
BLACK
6
CONTINUOUS
10
2.9401956692913385
20
-3.8013515354330707
11
2.9409448818897639
21
-3.8051181102362204
0
LINE
8
BLACK
6
CONTINUOUS
10
2.9409448818897639
20
-3.8051181102362204
11
2.9409448818897639
21
-3.840551181102362
0
LINE
8
BLACK
6
CONTINUOUS
10
2.9409448818897639
20
-3.840551181102362
11
2.9401956692913385
21
-3.8443177559055117
0
LINE
8
BLACK
6
CONTINUOUS
10
2.9401956692913385
20
-3.8443177559055117
11
2.9380620866141731
21
-3.8475109055118111
0
LINE
8
BLACK
6
CONTINUOUS
10
2.9380620866141731
20
-3.8475109055118111
11
2.9348689370078738
21
-3.8496444881889764
0
LINE
8
BLACK
6
CONTINUOUS
10
2.9348689370078738
20
-3.8496444881889764
11
2.9311023622047245
21
-3.8503937007874014
0
LINE
8
BLACK
6
CONTINUOUS
10
2.9311023622047245
20
-3.8503937007874014
11
2.9035433070866139
21
-3.8503937007874014
0
LINE
8
BLACK
6
CONTINUOUS
10
2.9035433070866139
20
-3.8503937007874014
11
2.8997767322834647
21
-3.8496444881889764
0
LINE
8
BLACK
6
CONTINUOUS
10
2.8997767322834647
20
-3.8496444881889764
11
2.8965835826771653
21
-3.8475109055118111
0
LINE
8
BLACK
6
CONTINUOUS
10
2.8965835826771653
20
-3.8475109055118111
11
2.89445
21
-3.8443177559055117
0
LINE
8
BLACK
6
CONTINUOUS
10
2.89445
20
-3.8443177559055117
11
2.8937007874015745
21
-3.840551181102362
0
LINE
8
BLACK
6
CONTINUOUS
10
2.8937007874015745
20
-3.840551181102362
11
2.8937007874015745
21
-3.8051181102362204
0
LINE
8
BLACK
6
CONTINUOUS
10
2.8937007874015745
20
-3.8051181102362204
11
2.89445
21
-3.8013515354330707
0
LINE
8
BLACK
6
CONTINUOUS
10
2.89445
20
-3.8013515354330707
11
2.8965835826771653
21
-3.7981583858267718
0
LINE
8
BLACK
6
CONTINUOUS
10
2.8965835826771653
20
-3.7981583858267718
11
2.8997767322834647
21
-3.796024803149606
0
LINE
8
BLACK
6
CONTINUOUS
10
2.8997767322834647
20
-3.796024803149606
11
2.9035433070866139
21
-3.795275590551181
0
LINE
8
BLACK
6
CONTINUOUS
10
2.9035433070866139
20
-3.795275590551181
11
2.9311023622047245
21
-3.795275590551181
0
LINE
8
BLACK
6
CONTINUOUS
10
2.9311023622047245
20
-3.795275590551181
11
2.9348689370078738
21
-3.796024803149606
0
LINE
8
BLACK
6
CONTINUOUS
10
4.4584645669291341
20
-3.8496062992125983
11
4.4230314960629924
21
-3.8496062992125983
0
LINE
8
BLACK
6
CONTINUOUS
10
4.4230314960629924
20
-3.8496062992125983
11
4.4230314960629924
21
-3.7905511811023622
0
LINE
8
BLACK
6
CONTINUOUS
10
4.4230314960629924
20
-3.7905511811023622
11
4.4584645669291341
21
-3.7905511811023622
0
LINE
8
BLACK
6
CONTINUOUS
10
4.4584645669291341
20
-3.7905511811023622
11
4.4584645669291341
21
-3.8496062992125983
0
LINE
8
BLACK
6
CONTINUOUS
10
4.5084645669291339
20
-3.8496062992125983
11
4.4730314960629922
21
-3.8496062992125983
0
LINE
8
BLACK
6
CONTINUOUS
10
4.4730314960629922
20
-3.8496062992125983
11
4.4730314960629922
21
-3.7905511811023622
0
LINE
8
BLACK
6
CONTINUOUS
10
4.4730314960629922
20
-3.7905511811023622
11
4.5084645669291339
21
-3.7905511811023622
0
LINE
8
BLACK
6
CONTINUOUS
10
4.5084645669291339
20
-3.7905511811023622
11
4.5084645669291339
21
-3.8496062992125983
0
LINE
8
BLACK
6
CONTINUOUS
10
4.5584645669291337
20
-3.8496062992125983
11
4.523031496062992
21
-3.8496062992125983
0
LINE
8
BLACK
6
CONTINUOUS
10
4.523031496062992
20
-3.8496062992125983
11
4.523031496062992
21
-3.7905511811023622
0
LINE
8
BLACK
6
CONTINUOUS
10
4.523031496062992
20
-3.7905511811023622
11
4.5584645669291337
21
-3.7905511811023622
0
LINE
8
BLACK
6
CONTINUOUS
10
4.5584645669291337
20
-3.7905511811023622
11
4.5584645669291337
21
-3.8496062992125983
0
LINE
8
BLACK
6
CONTINUOUS
10
4.6084645669291335
20
-3.8496062992125983
11
4.5730314960629919
21
-3.8496062992125983
0
LINE
8
BLACK
6
CONTINUOUS
10
4.5730314960629919
20
-3.8496062992125983
11
4.5730314960629919
21
-3.7905511811023622
0
LINE
8
BLACK
6
CONTINUOUS
10
4.5730314960629919
20
-3.7905511811023622
11
4.6084645669291335
21
-3.7905511811023622
0
LINE
8
BLACK
6
CONTINUOUS
10
4.6084645669291335
20
-3.7905511811023622
11
4.6084645669291335
21
-3.8496062992125983
0
LINE
8
BLACK
6
CONTINUOUS
10
4.6584645669291334
20
-3.8496062992125983
11
4.6230314960629917
21
-3.8496062992125983
0
LINE
8
BLACK
6
CONTINUOUS
10
4.6230314960629917
20
-3.8496062992125983
11
4.6230314960629917
21
-3.7905511811023622
0
LINE
8
BLACK
6
CONTINUOUS
10
4.6230314960629917
20
-3.7905511811023622
11
4.6584645669291334
21
-3.7905511811023622
0
LINE
8
BLACK
6
CONTINUOUS
10
4.6584645669291334
20
-3.7905511811023622
11
4.6584645669291334
21
-3.8496062992125983
0
LINE
8
BLACK
6
CONTINUOUS
10
4.7084645669291341
20
-3.8496062992125983
11
4.6730314960629924
21
-3.8496062992125983
0
LINE
8
BLACK
6
CONTINUOUS
10
4.6730314960629924
20
-3.8496062992125983
11
4.6730314960629924
21
-3.7905511811023622
0
LINE
8
BLACK
6
CONTINUOUS
10
4.6730314960629924
20
-3.7905511811023622
11
4.7084645669291341
21
-3.7905511811023622
0
LINE
8
BLACK
6
CONTINUOUS
10
4.7084645669291341
20
-3.7905511811023622
11
4.7084645669291341
21
-3.8496062992125983
0
LINE
8
BLACK
6
CONTINUOUS
10
4.7584645669291339
20
-3.8496062992125983
11
4.7230314960629922
21
-3.8496062992125983
0
LINE
8
BLACK
6
CONTINUOUS
10
4.7230314960629922
20
-3.8496062992125983
11
4.7230314960629922
21
-3.7905511811023622
0
LINE
8
BLACK
6
CONTINUOUS
10
4.7230314960629922
20
-3.7905511811023622
11
4.7584645669291339
21
-3.7905511811023622
0
LINE
8
BLACK
6
CONTINUOUS
10
4.7584645669291339
20
-3.7905511811023622
11
4.7584645669291339
21
-3.8496062992125983
0
LINE
8
BLACK
6
CONTINUOUS
10
4.8084645669291337
20
-3.8496062992125983
11
4.773031496062992
21
-3.8496062992125983
0
LINE
8
BLACK
6
CONTINUOUS
10
4.773031496062992
20
-3.8496062992125983
11
4.773031496062992
21
-3.7905511811023622
0
LINE
8
BLACK
6
CONTINUOUS
10
4.773031496062992
20
-3.7905511811023622
11
4.8084645669291337
21
-3.7905511811023622
0
LINE
8
BLACK
6
CONTINUOUS
10
4.8084645669291337
20
-3.7905511811023622
11
4.8084645669291337
21
-3.8496062992125983
0
LINE
8
BLACK
6
CONTINUOUS
10
4.8584645669291335
20
-3.8496062992125983
11
4.8230314960629919
21
-3.8496062992125983
0
LINE
8
BLACK
6
CONTINUOUS
10
4.8230314960629919
20
-3.8496062992125983
11
4.8230314960629919
21
-3.7905511811023622
0
LINE
8
BLACK
6
CONTINUOUS
10
4.8230314960629919
20
-3.7905511811023622
11
4.8584645669291335
21
-3.7905511811023622
0
LINE
8
BLACK
6
CONTINUOUS
10
4.8584645669291335
20
-3.7905511811023622
11
4.8584645669291335
21
-3.8496062992125983
0
LINE
8
BLACK
6
CONTINUOUS
10
4.9084645669291334
20
-3.8496062992125983
11
4.8730314960629917
21
-3.8496062992125983
0
LINE
8
BLACK
6
CONTINUOUS
10
4.8730314960629917
20
-3.8496062992125983
11
4.8730314960629917
21
-3.7905511811023622
0
LINE
8
BLACK
6
CONTINUOUS
10
4.8730314960629917
20
-3.7905511811023622
11
4.9084645669291334
21
-3.7905511811023622
0
LINE
8
BLACK
6
CONTINUOUS
10
4.9084645669291334
20
-3.7905511811023622
11
4.9084645669291334
21
-3.8496062992125983
0
LINE
8
BLACK
6
CONTINUOUS
10
8.6443177559055115
20
-3.7877570866141732
11
8.64751090551181
21
-3.7898906692913386
0
LINE
8
BLACK
6
CONTINUOUS
10
8.64751090551181
20
-3.7898906692913386
11
8.6496444881889758
21
-3.7930838188976379
0
LINE
8
BLACK
6
CONTINUOUS
10
8.6496444881889758
20
-3.7930838188976379
11
8.6503937007874008
21
-3.7968503937007871
0
LINE
8
BLACK
6
CONTINUOUS
10
8.6503937007874008
20
-3.7968503937007871
11
8.6503937007874008
21
-3.8244094488188978
0
LINE
8
BLACK
6
CONTINUOUS
10
8.6503937007874008
20
-3.8244094488188978
11
8.6496444881889758
21
-3.828176023622047
0
LINE
8
BLACK
6
CONTINUOUS
10
8.6496444881889758
20
-3.828176023622047
11
8.64751090551181
21
-3.8313691732283464
0
LINE
8
BLACK
6
CONTINUOUS
10
8.64751090551181
20
-3.8313691732283464
11
8.6443177559055115
21
-3.8335027559055117
0
LINE
8
BLACK
6
CONTINUOUS
10
8.6443177559055115
20
-3.8335027559055117
11
8.6405511811023619
21
-3.8342519685039371
0
LINE
8
BLACK
6
CONTINUOUS
10
8.6405511811023619
20
-3.8342519685039371
11
8.6051181102362211
21
-3.8342519685039371
0
LINE
8
BLACK
6
CONTINUOUS
10
8.6051181102362211
20
-3.8342519685039371
11
8.6013515354330714
21
-3.8335027559055117
0
LINE
8
BLACK
6
CONTINUOUS
10
8.6013515354330714
20
-3.8335027559055117
11
8.5981583858267712
21
-3.8313691732283464
0
LINE
8
BLACK
6
CONTINUOUS
10
8.5981583858267712
20
-3.8313691732283464
11
8.5960248031496054
21
-3.828176023622047
0
LINE
8
BLACK
6
CONTINUOUS
10
8.5960248031496054
20
-3.828176023622047
11
8.5952755905511804
21
-3.8244094488188978
0
LINE
8
BLACK
6
CONTINUOUS
10
8.5952755905511804
20
-3.8244094488188978
11
8.5952755905511804
21
-3.7968503937007871
0
LINE
8
BLACK
6
CONTINUOUS
10
8.5952755905511804
20
-3.7968503937007871
11
8.5960248031496054
21
-3.7930838188976379
0
LINE
8
BLACK
6
CONTINUOUS
10
8.5960248031496054
20
-3.7930838188976379
11
8.5981583858267712
21
-3.7898906692913386
0
LINE
8
BLACK
6
CONTINUOUS
10
8.5981583858267712
20
-3.7898906692913386
11
8.6013515354330714
21
-3.7877570866141732
0
LINE
8
BLACK
6
CONTINUOUS
10
8.6013515354330714
20
-3.7877570866141732
11
8.6051181102362211
21
-3.7870078740157478
0
LINE
8
BLACK
6
CONTINUOUS
10
8.6051181102362211
20
-3.7870078740157478
11
8.6405511811023619
21
-3.7870078740157478
0
LINE
8
BLACK
6
CONTINUOUS
10
8.6405511811023619
20
-3.7870078740157478
11
8.6443177559055115
21
-3.7877570866141732
0
LINE
8
BLACK
6
CONTINUOUS
10
7.4374015748031495
20
-3.8316929133858268
11
7.4255905511811022
21
-3.8316929133858268
0
LINE
8
BLACK
6
CONTINUOUS
10
7.4255905511811022
20
-3.8316929133858268
11
7.4255905511811022
21
-3.8021653543307088
0
LINE
8
BLACK
6
CONTINUOUS
10
7.4255905511811022
20
-3.8021653543307088
11
7.4374015748031495
21
-3.8021653543307088
0
LINE
8
BLACK
6
CONTINUOUS
10
7.4374015748031495
20
-3.8021653543307088
11
7.4374015748031495
21
-3.8316929133858268
0
LINE
8
BLACK
6
CONTINUOUS
10
7.4570866141732282
20
-3.8316929133858268
11
7.4452755905511809
21
-3.8316929133858268
0
LINE
8
BLACK
6
CONTINUOUS
10
7.4452755905511809
20
-3.8316929133858268
11
7.4452755905511809
21
-3.8021653543307088
0
LINE
8
BLACK
6
CONTINUOUS
10
7.4452755905511809
20
-3.8021653543307088
11
7.4570866141732282
21
-3.8021653543307088
0
LINE
8
BLACK
6
CONTINUOUS
10
7.4570866141732282
20
-3.8021653543307088
11
7.4570866141732282
21
-3.8316929133858268
0
LINE
8
BLACK
6
CONTINUOUS
10
7.4767716535433069
20
-3.8316929133858268
11
7.4649606299212596
21
-3.8316929133858268
0
LINE
8
BLACK
6
CONTINUOUS
10
7.4649606299212596
20
-3.8316929133858268
11
7.4649606299212596
21
-3.8021653543307088
0
LINE
8
BLACK
6
CONTINUOUS
10
7.4649606299212596
20
-3.8021653543307088
11
7.4767716535433069
21
-3.8021653543307088
0
LINE
8
BLACK
6
CONTINUOUS
10
7.4767716535433069
20
-3.8021653543307088
11
7.4767716535433069
21
-3.8316929133858268
0
LINE
8
BLACK
6
CONTINUOUS
10
7.4964566929133856
20
-3.8316929133858268
11
7.4846456692913383
21
-3.8316929133858268
0
LINE
8
BLACK
6
CONTINUOUS
10
7.4846456692913383
20
-3.8316929133858268
11
7.4846456692913383
21
-3.8021653543307088
0
LINE
8
BLACK
6
CONTINUOUS
10
7.4846456692913383
20
-3.8021653543307088
11
7.4964566929133856
21
-3.8021653543307088
0
LINE
8
BLACK
6
CONTINUOUS
10
7.4964566929133856
20
-3.8021653543307088
11
7.4964566929133856
21
-3.8316929133858268
0
LINE
8
BLACK
6
CONTINUOUS
10
7.5161417322834643
20
-3.8316929133858268
11
7.504330708661417
21
-3.8316929133858268
0
LINE
8
BLACK
6
CONTINUOUS
10
7.504330708661417
20
-3.8316929133858268
11
7.504330708661417
21
-3.8021653543307088
0
LINE
8
BLACK
6
CONTINUOUS
10
7.504330708661417
20
-3.8021653543307088
11
7.5161417322834643
21
-3.8021653543307088
0
LINE
8
BLACK
6
CONTINUOUS
10
7.5161417322834643
20
-3.8021653543307088
11
7.5161417322834643
21
-3.8316929133858268
0
LINE
8
BLACK
6
CONTINUOUS
10
7.535826771653543
20
-3.8316929133858268
11
7.5240157480314958
21
-3.8316929133858268
0
LINE
8
BLACK
6
CONTINUOUS
10
7.5240157480314958
20
-3.8316929133858268
11
7.5240157480314958
21
-3.8021653543307088
0
LINE
8
BLACK
6
CONTINUOUS
10
7.5240157480314958
20
-3.8021653543307088
11
7.535826771653543
21
-3.8021653543307088
0
LINE
8
BLACK
6
CONTINUOUS
10
7.535826771653543
20
-3.8021653543307088
11
7.535826771653543
21
-3.8316929133858268
0
LINE
8
BLACK
6
CONTINUOUS
10
7.0441209055118108
20
-3.771713779527559
11
7.0473140551181102
21
-3.7738473622047244
0
LINE
8
BLACK
6
CONTINUOUS
10
7.0473140551181102
20
-3.7738473622047244
11
7.0494476377952751
21
-3.7770405118110237
0
LINE
8
BLACK
6
CONTINUOUS
10
7.0494476377952751
20
-3.7770405118110237
11
7.0501968503937009
21
-3.780807086614173
0
LINE
8
BLACK
6
CONTINUOUS
10
7.0501968503937009
20
-3.780807086614173
11
7.0501968503937009
21
-3.8073818897637794
0
LINE
8
BLACK
6
CONTINUOUS
10
7.0501968503937009
20
-3.8073818897637794
11
7.0494476377952751
21
-3.8111484645669291
0
LINE
8
BLACK
6
CONTINUOUS
10
7.0494476377952751
20
-3.8111484645669291
11
7.0473140551181102
21
-3.8143416141732285
0
LINE
8
BLACK
6
CONTINUOUS
10
7.0473140551181102
20
-3.8143416141732285
11
7.0441209055118108
21
-3.8164751968503938
0
LINE
8
BLACK
6
CONTINUOUS
10
7.0441209055118108
20
-3.8164751968503938
11
7.0403543307086611
21
-3.8172244094488188
0
LINE
8
BLACK
6
CONTINUOUS
10
7.0403543307086611
20
-3.8172244094488188
11
7.002952755905512
21
-3.8172244094488188
0
LINE
8
BLACK
6
CONTINUOUS
10
7.002952755905512
20
-3.8172244094488188
11
6.9991861811023623
21
-3.8164751968503938
0
LINE
8
BLACK
6
CONTINUOUS
10
6.9991861811023623
20
-3.8164751968503938
11
6.995993031496063
21
-3.8143416141732285
0
LINE
8
BLACK
6
CONTINUOUS
10
6.995993031496063
20
-3.8143416141732285
11
6.9938594488188972
21
-3.8111484645669291
0
LINE
8
BLACK
6
CONTINUOUS
10
6.9938594488188972
20
-3.8111484645669291
11
6.9931102362204722
21
-3.8073818897637794
0
LINE
8
BLACK
6
CONTINUOUS
10
6.9931102362204722
20
-3.8073818897637794
11
6.9931102362204722
21
-3.780807086614173
0
LINE
8
BLACK
6
CONTINUOUS
10
6.9931102362204722
20
-3.780807086614173
11
6.9938594488188972
21
-3.7770405118110237
0
LINE
8
BLACK
6
CONTINUOUS
10
6.9938594488188972
20
-3.7770405118110237
11
6.995993031496063
21
-3.7738473622047244
0
LINE
8
BLACK
6
CONTINUOUS
10
6.995993031496063
20
-3.7738473622047244
11
6.9991861811023623
21
-3.771713779527559
0
LINE
8
BLACK
6
CONTINUOUS
10
6.9991861811023623
20
-3.771713779527559
11
7.002952755905512
21
-3.7709645669291336
0
LINE
8
BLACK
6
CONTINUOUS
10
7.002952755905512
20
-3.7709645669291336
11
7.0403543307086611
21
-3.7709645669291336
0
LINE
8
BLACK
6
CONTINUOUS
10
7.0403543307086611
20
-3.7709645669291336
11
7.0441209055118108
21
-3.771713779527559
0
LINE
8
BLACK
6
CONTINUOUS
10
7.2291602755905506
20
-3.771713779527559
11
7.23235342519685
21
-3.7738473622047244
0
LINE
8
BLACK
6
CONTINUOUS
10
7.23235342519685
20
-3.7738473622047244
11
7.2344870078740158
21
-3.7770405118110237
0
LINE
8
BLACK
6
CONTINUOUS
10
7.2344870078740158
20
-3.7770405118110237
11
7.2352362204724407
21
-3.780807086614173
0
LINE
8
BLACK
6
CONTINUOUS
10
7.2352362204724407
20
-3.780807086614173
11
7.2352362204724407
21
-3.8073818897637794
0
LINE
8
BLACK
6
CONTINUOUS
10
7.2352362204724407
20
-3.8073818897637794
11
7.2344870078740158
21
-3.8111484645669291
0
LINE
8
BLACK
6
CONTINUOUS
10
7.2344870078740158
20
-3.8111484645669291
11
7.23235342519685
21
-3.8143416141732285
0
LINE
8
BLACK
6
CONTINUOUS
10
7.23235342519685
20
-3.8143416141732285
11
7.2291602755905506
21
-3.8164751968503938
0
LINE
8
BLACK
6
CONTINUOUS
10
7.2291602755905506
20
-3.8164751968503938
11
7.2253937007874018
21
-3.8172244094488188
0
LINE
8
BLACK
6
CONTINUOUS
10
7.2253937007874018
20
-3.8172244094488188
11
7.1879921259842519
21
-3.8172244094488188
0
LINE
8
BLACK
6
CONTINUOUS
10
7.1879921259842519
20
-3.8172244094488188
11
7.1842255511811022
21
-3.8164751968503938
0
LINE
8
BLACK
6
CONTINUOUS
10
7.1842255511811022
20
-3.8164751968503938
11
7.1810324015748028
21
-3.8143416141732285
0
LINE
8
BLACK
6
CONTINUOUS
10
7.1810324015748028
20
-3.8143416141732285
11
7.1788988188976379
21
-3.8111484645669291
0
LINE
8
BLACK
6
CONTINUOUS
10
7.1788988188976379
20
-3.8111484645669291
11
7.1781496062992121
21
-3.8073818897637794
0
LINE
8
BLACK
6
CONTINUOUS
10
7.1781496062992121
20
-3.8073818897637794
11
7.1781496062992121
21
-3.780807086614173
0
LINE
8
BLACK
6
CONTINUOUS
10
7.1781496062992121
20
-3.780807086614173
11
7.1788988188976379
21
-3.7770405118110237
0
LINE
8
BLACK
6
CONTINUOUS
10
7.1788988188976379
20
-3.7770405118110237
11
7.1810324015748028
21
-3.7738473622047244
0
LINE
8
BLACK
6
CONTINUOUS
10
7.1810324015748028
20
-3.7738473622047244
11
7.1842255511811022
21
-3.771713779527559
0
LINE
8
BLACK
6
CONTINUOUS
10
7.1842255511811022
20
-3.771713779527559
11
7.1879921259842519
21
-3.7709645669291336
0
LINE
8
BLACK
6
CONTINUOUS
10
7.1879921259842519
20
-3.7709645669291336
11
7.2253937007874018
21
-3.7709645669291336
0
LINE
8
BLACK
6
CONTINUOUS
10
7.2253937007874018
20
-3.7709645669291336
11
7.2291602755905506
21
-3.771713779527559
0
LINE
8
BLACK
6
CONTINUOUS
10
6.8854594881889764
20
-3.7713200787401573
11
6.8886526377952757
21
-3.7734536614173226
0
LINE
8
BLACK
6
CONTINUOUS
10
6.8886526377952757
20
-3.7734536614173226
11
6.8907862204724406
21
-3.776646811023622
0
LINE
8
BLACK
6
CONTINUOUS
10
6.8907862204724406
20
-3.776646811023622
11
6.8915354330708656
21
-3.7804133858267717
0
LINE
8
BLACK
6
CONTINUOUS
10
6.8915354330708656
20
-3.7804133858267717
11
6.8915354330708656
21
-3.8069881889763777
0
LINE
8
BLACK
6
CONTINUOUS
10
6.8915354330708656
20
-3.8069881889763777
11
6.8907862204724406
21
-3.8107547637795274
0
LINE
8
BLACK
6
CONTINUOUS
10
6.8907862204724406
20
-3.8107547637795274
11
6.8886526377952757
21
-3.8139479133858267
0
LINE
8
BLACK
6
CONTINUOUS
10
6.8886526377952757
20
-3.8139479133858267
11
6.8854594881889764
21
-3.8160814960629921
0
LINE
8
BLACK
6
CONTINUOUS
10
6.8854594881889764
20
-3.8160814960629921
11
6.8816929133858267
21
-3.816830708661417
0
LINE
8
BLACK
6
CONTINUOUS
10
6.8816929133858267
20
-3.816830708661417
11
6.8442913385826767
21
-3.816830708661417
0
LINE
8
BLACK
6
CONTINUOUS
10
6.8442913385826767
20
-3.816830708661417
11
6.840524763779527
21
-3.8160814960629921
0
LINE
8
BLACK
6
CONTINUOUS
10
6.840524763779527
20
-3.8160814960629921
11
6.8373316141732285
21
-3.8139479133858267
0
LINE
8
BLACK
6
CONTINUOUS
10
6.8373316141732285
20
-3.8139479133858267
11
6.8351980314960628
21
-3.8107547637795274
0
LINE
8
BLACK
6
CONTINUOUS
10
6.8351980314960628
20
-3.8107547637795274
11
6.8344488188976378
21
-3.8069881889763777
0
LINE
8
BLACK
6
CONTINUOUS
10
6.8344488188976378
20
-3.8069881889763777
11
6.8344488188976378
21
-3.7804133858267717
0
LINE
8
BLACK
6
CONTINUOUS
10
6.8344488188976378
20
-3.7804133858267717
11
6.8351980314960628
21
-3.776646811023622
0
LINE
8
BLACK
6
CONTINUOUS
10
6.8351980314960628
20
-3.776646811023622
11
6.8373316141732285
21
-3.7734536614173226
0
LINE
8
BLACK
6
CONTINUOUS
10
6.8373316141732285
20
-3.7734536614173226
11
6.840524763779527
21
-3.7713200787401573
0
LINE
8
BLACK
6
CONTINUOUS
10
6.840524763779527
20
-3.7713200787401573
11
6.8442913385826767
21
-3.7705708661417323
0
LINE
8
BLACK
6
CONTINUOUS
10
6.8442913385826767
20
-3.7705708661417323
11
6.8816929133858267
21
-3.7705708661417323
0
LINE
8
BLACK
6
CONTINUOUS
10
6.8816929133858267
20
-3.7705708661417323
11
6.8854594881889764
21
-3.7713200787401573
0
LINE
8
BLACK
6
CONTINUOUS
10
4.2049476771653547
20
-3.7546862204724407
11
4.2081408267716531
21
-3.7568198031496061
0
LINE
8
BLACK
6
CONTINUOUS
10
4.2081408267716531
20
-3.7568198031496061
11
4.2102744094488189
21
-3.7600129527559054
0
LINE
8
BLACK
6
CONTINUOUS
10
4.2102744094488189
20
-3.7600129527559054
11
4.2110236220472439
21
-3.7637795275590551
0
LINE
8
BLACK
6
CONTINUOUS
10
4.2110236220472439
20
-3.7637795275590551
11
4.2110236220472439
21
-3.7913385826771653
0
LINE
8
BLACK
6
CONTINUOUS
10
4.2110236220472439
20
-3.7913385826771653
11
4.2102744094488189
21
-3.795105157480315
0
LINE
8
BLACK
6
CONTINUOUS
10
4.2102744094488189
20
-3.795105157480315
11
4.2081408267716531
21
-3.7982983070866139
0
LINE
8
BLACK
6
CONTINUOUS
10
4.2081408267716531
20
-3.7982983070866139
11
4.2049476771653547
21
-3.8004318897637797
0
LINE
8
BLACK
6
CONTINUOUS
10
4.2049476771653547
20
-3.8004318897637797
11
4.201181102362205
21
-3.8011811023622046
0
LINE
8
BLACK
6
CONTINUOUS
10
4.201181102362205
20
-3.8011811023622046
11
4.1657480314960633
21
-3.8011811023622046
0
LINE
8
BLACK
6
CONTINUOUS
10
4.1657480314960633
20
-3.8011811023622046
11
4.1619814566929136
21
-3.8004318897637797
0
LINE
8
BLACK
6
CONTINUOUS
10
4.1619814566929136
20
-3.8004318897637797
11
4.1587883070866143
21
-3.7982983070866139
0
LINE
8
BLACK
6
CONTINUOUS
10
4.1587883070866143
20
-3.7982983070866139
11
4.1566547244094485
21
-3.795105157480315
0
LINE
8
BLACK
6
CONTINUOUS
10
4.1566547244094485
20
-3.795105157480315
11
4.1559055118110235
21
-3.7913385826771653
0
LINE
8
BLACK
6
CONTINUOUS
10
4.1559055118110235
20
-3.7913385826771653
11
4.1559055118110235
21
-3.7637795275590551
0
LINE
8
BLACK
6
CONTINUOUS
10
4.1559055118110235
20
-3.7637795275590551
11
4.1566547244094485
21
-3.7600129527559054
0
LINE
8
BLACK
6
CONTINUOUS
10
4.1566547244094485
20
-3.7600129527559054
11
4.1587883070866143
21
-3.7568198031496061
0
LINE
8
BLACK
6
CONTINUOUS
10
4.1587883070866143
20
-3.7568198031496061
11
4.1619814566929136
21
-3.7546862204724407
0
LINE
8
BLACK
6
CONTINUOUS
10
4.1619814566929136
20
-3.7546862204724407
11
4.1657480314960633
21
-3.7539370078740157
0
LINE
8
BLACK
6
CONTINUOUS
10
4.1657480314960633
20
-3.7539370078740157
11
4.201181102362205
21
-3.7539370078740157
0
LINE
8
BLACK
6
CONTINUOUS
10
4.201181102362205
20
-3.7539370078740157
11
4.2049476771653547
21
-3.7546862204724407
0
LINE
8
BLACK
6
CONTINUOUS
10
7.5368110236220467
20
-3.7942913385826769
11
7.4246062992125985
21
-3.7942913385826769
0
LINE
8
BLACK
6
CONTINUOUS
10
7.4246062992125985
20
-3.7942913385826769
11
7.4246062992125985
21
-3.6820866141732282
0
LINE
8
BLACK
6
CONTINUOUS
10
7.4246062992125985
20
-3.6820866141732282
11
7.5368110236220467
21
-3.6820866141732282
0
LINE
8
BLACK
6
CONTINUOUS
10
7.5368110236220467
20
-3.6820866141732282
11
7.5368110236220467
21
-3.7942913385826769
0
LINE
8
BLACK
6
CONTINUOUS
10
7.416732283464567
20
-3.7933070866141732
11
7.3872047244094485
21
-3.7933070866141732
0
LINE
8
BLACK
6
CONTINUOUS
10
7.3872047244094485
20
-3.7933070866141732
11
7.3872047244094485
21
-3.7814960629921259
0
LINE
8
BLACK
6
CONTINUOUS
10
7.3872047244094485
20
-3.7814960629921259
11
7.416732283464567
21
-3.7814960629921259
0
LINE
8
BLACK
6
CONTINUOUS
10
7.416732283464567
20
-3.7814960629921259
11
7.416732283464567
21
-3.7933070866141732
0
LINE
8
BLACK
6
CONTINUOUS
10
7.5742125984251967
20
-3.7933070866141732
11
7.5446850393700782
21
-3.7933070866141732
0
LINE
8
BLACK
6
CONTINUOUS
10
7.5446850393700782
20
-3.7933070866141732
11
7.5446850393700782
21
-3.7814960629921259
0
LINE
8
BLACK
6
CONTINUOUS
10
7.5446850393700782
20
-3.7814960629921259
11
7.5742125984251967
21
-3.7814960629921259
0
LINE
8
BLACK
6
CONTINUOUS
10
7.5742125984251967
20
-3.7814960629921259
11
7.5742125984251967
21
-3.7933070866141732
0
LINE
8
BLACK
6
CONTINUOUS
10
4.3507874015748031
20
-3.7885826771653544
11
4.291732283464567
21
-3.7885826771653544
0
LINE
8
BLACK
6
CONTINUOUS
10
4.291732283464567
20
-3.7885826771653544
11
4.291732283464567
21
-3.7531496062992127
0
LINE
8
BLACK
6
CONTINUOUS
10
4.291732283464567
20
-3.7531496062992127
11
4.3507874015748031
21
-3.7531496062992127
0
LINE
8
BLACK
6
CONTINUOUS
10
4.3507874015748031
20
-3.7531496062992127
11
4.3507874015748031
21
-3.7885826771653544
0
LINE
8
BLACK
6
CONTINUOUS
10
5.0397637795275587
20
-3.7885826771653544
11
4.9807086614173226
21
-3.7885826771653544
0
LINE
8
BLACK
6
CONTINUOUS
10
4.9807086614173226
20
-3.7885826771653544
11
4.9807086614173226
21
-3.7531496062992127
0
LINE
8
BLACK
6
CONTINUOUS
10
4.9807086614173226
20
-3.7531496062992127
11
5.0397637795275587
21
-3.7531496062992127
0
LINE
8
BLACK
6
CONTINUOUS
10
5.0397637795275587
20
-3.7531496062992127
11
5.0397637795275587
21
-3.7885826771653544
0
LINE
8
BLACK
6
CONTINUOUS
10
8.2099673622047238
20
-3.7245681102362203
11
8.213160511811024
21
-3.7267016929133856
0
LINE
8
BLACK
6
CONTINUOUS
10
8.213160511811024
20
-3.7267016929133856
11
8.215294094488188
21
-3.7298948425196849
0
LINE
8
BLACK
6
CONTINUOUS
10
8.215294094488188
20
-3.7298948425196849
11
8.2160433070866148
21
-3.7336614173228346
0
LINE
8
BLACK
6
CONTINUOUS
10
8.2160433070866148
20
-3.7336614173228346
11
8.2160433070866148
21
-3.7710629921259842
0
LINE
8
BLACK
6
CONTINUOUS
10
8.2160433070866148
20
-3.7710629921259842
11
8.215294094488188
21
-3.7748295669291339
0
LINE
8
BLACK
6
CONTINUOUS
10
8.215294094488188
20
-3.7748295669291339
11
8.213160511811024
21
-3.7780227165354332
0
LINE
8
BLACK
6
CONTINUOUS
10
8.213160511811024
20
-3.7780227165354332
11
8.2099673622047238
21
-3.7801562992125985
0
LINE
8
BLACK
6
CONTINUOUS
10
8.2099673622047238
20
-3.7801562992125985
11
8.2062007874015741
21
-3.7809055118110235
0
LINE
8
BLACK
6
CONTINUOUS
10
8.2062007874015741
20
-3.7809055118110235
11
8.1796259842519685
21
-3.7809055118110235
0
LINE
8
BLACK
6
CONTINUOUS
10
8.1796259842519685
20
-3.7809055118110235
11
8.1758594094488188
21
-3.7801562992125985
0
LINE
8
BLACK
6
CONTINUOUS
10
8.1758594094488188
20
-3.7801562992125985
11
8.1726662598425204
21
-3.7780227165354332
0
LINE
8
BLACK
6
CONTINUOUS
10
8.1726662598425204
20
-3.7780227165354332
11
8.1705326771653546
21
-3.7748295669291339
0
LINE
8
BLACK
6
CONTINUOUS
10
8.1705326771653546
20
-3.7748295669291339
11
8.1697834645669296
21
-3.7710629921259842
0
LINE
8
BLACK
6
CONTINUOUS
10
8.1697834645669296
20
-3.7710629921259842
11
8.1697834645669296
21
-3.7336614173228346
0
LINE
8
BLACK
6
CONTINUOUS
10
8.1697834645669296
20
-3.7336614173228346
11
8.1705326771653546
21
-3.7298948425196849
0
LINE
8
BLACK
6
CONTINUOUS
10
8.1705326771653546
20
-3.7298948425196849
11
8.1726662598425204
21
-3.7267016929133856
0
LINE
8
BLACK
6
CONTINUOUS
10
8.1726662598425204
20
-3.7267016929133856
11
8.1758594094488188
21
-3.7245681102362203
0
LINE
8
BLACK
6
CONTINUOUS
10
8.1758594094488188
20
-3.7245681102362203
11
8.1796259842519685
21
-3.7238188976377953
0
LINE
8
BLACK
6
CONTINUOUS
10
8.1796259842519685
20
-3.7238188976377953
11
8.2062007874015741
21
-3.7238188976377953
0
LINE
8
BLACK
6
CONTINUOUS
10
8.2062007874015741
20
-3.7238188976377953
11
8.2099673622047238
21
-3.7245681102362203
0
LINE
8
BLACK
6
CONTINUOUS
10
8.2916602755905515
20
-3.7245681102362203
11
8.29485342519685
21
-3.7267016929133856
0
LINE
8
BLACK
6
CONTINUOUS
10
8.29485342519685
20
-3.7267016929133856
11
8.2969870078740158
21
-3.7298948425196849
0
LINE
8
BLACK
6
CONTINUOUS
10
8.2969870078740158
20
-3.7298948425196849
11
8.2977362204724407
21
-3.7336614173228346
0
LINE
8
BLACK
6
CONTINUOUS
10
8.2977362204724407
20
-3.7336614173228346
11
8.2977362204724407
21
-3.7710629921259842
0
LINE
8
BLACK
6
CONTINUOUS
10
8.2977362204724407
20
-3.7710629921259842
11
8.2969870078740158
21
-3.7748295669291339
0
LINE
8
BLACK
6
CONTINUOUS
10
8.2969870078740158
20
-3.7748295669291339
11
8.29485342519685
21
-3.7780227165354332
0
LINE
8
BLACK
6
CONTINUOUS
10
8.29485342519685
20
-3.7780227165354332
11
8.2916602755905515
21
-3.7801562992125985
0
LINE
8
BLACK
6
CONTINUOUS
10
8.2916602755905515
20
-3.7801562992125985
11
8.2878937007874018
21
-3.7809055118110235
0
LINE
8
BLACK
6
CONTINUOUS
10
8.2878937007874018
20
-3.7809055118110235
11
8.2613188976377945
21
-3.7809055118110235
0
LINE
8
BLACK
6
CONTINUOUS
10
8.2613188976377945
20
-3.7809055118110235
11
8.2575523228346448
21
-3.7801562992125985
0
LINE
8
BLACK
6
CONTINUOUS
10
8.2575523228346448
20
-3.7801562992125985
11
8.2543591732283463
21
-3.7780227165354332
0
LINE
8
BLACK
6
CONTINUOUS
10
8.2543591732283463
20
-3.7780227165354332
11
8.2522255905511805
21
-3.7748295669291339
0
LINE
8
BLACK
6
CONTINUOUS
10
8.2522255905511805
20
-3.7748295669291339
11
8.2514763779527556
21
-3.7710629921259842
0
LINE
8
BLACK
6
CONTINUOUS
10
8.2514763779527556
20
-3.7710629921259842
11
8.2514763779527556
21
-3.7336614173228346
0
LINE
8
BLACK
6
CONTINUOUS
10
8.2514763779527556
20
-3.7336614173228346
11
8.2522255905511805
21
-3.7298948425196849
0
LINE
8
BLACK
6
CONTINUOUS
10
8.2522255905511805
20
-3.7298948425196849
11
8.2543591732283463
21
-3.7267016929133856
0
LINE
8
BLACK
6
CONTINUOUS
10
8.2543591732283463
20
-3.7267016929133856
11
8.2575523228346448
21
-3.7245681102362203
0
LINE
8
BLACK
6
CONTINUOUS
10
8.2575523228346448
20
-3.7245681102362203
11
8.2613188976377945
21
-3.7238188976377953
0
LINE
8
BLACK
6
CONTINUOUS
10
8.2613188976377945
20
-3.7238188976377953
11
8.2878937007874018
21
-3.7238188976377953
0
LINE
8
BLACK
6
CONTINUOUS
10
8.2878937007874018
20
-3.7238188976377953
11
8.2916602755905515
21
-3.7245681102362203
0
LINE
8
BLACK
6
CONTINUOUS
10
5.590551181102362
20
-3.7795275590551181
11
5.4822834645669287
21
-3.7795275590551181
0
LINE
8
BLACK
6
CONTINUOUS
10
5.4822834645669287
20
-3.7795275590551181
11
5.4822834645669287
21
-3.7401574803149606
0
LINE
8
BLACK
6
CONTINUOUS
10
5.4822834645669287
20
-3.7401574803149606
11
5.590551181102362
21
-3.7401574803149606
0
LINE
8
BLACK
6
CONTINUOUS
10
5.590551181102362
20
-3.7401574803149606
11
5.590551181102362
21
-3.7795275590551181
0
LINE
8
BLACK
6
CONTINUOUS
10
5.8169291338582676
20
-3.7795275590551181
11
5.7086614173228343
21
-3.7795275590551181
0
LINE
8
BLACK
6
CONTINUOUS
10
5.7086614173228343
20
-3.7795275590551181
11
5.7086614173228343
21
-3.7401574803149606
0
LINE
8
BLACK
6
CONTINUOUS
10
5.7086614173228343
20
-3.7401574803149606
11
5.8169291338582676
21
-3.7401574803149606
0
LINE
8
BLACK
6
CONTINUOUS
10
5.8169291338582676
20
-3.7401574803149606
11
5.8169291338582676
21
-3.7795275590551181
0
LINE
8
BLACK
6
CONTINUOUS
10
7.416732283464567
20
-3.7736220472440944
11
7.3872047244094485
21
-3.7736220472440944
0
LINE
8
BLACK
6
CONTINUOUS
10
7.3872047244094485
20
-3.7736220472440944
11
7.3872047244094485
21
-3.7618110236220472
0
LINE
8
BLACK
6
CONTINUOUS
10
7.3872047244094485
20
-3.7618110236220472
11
7.416732283464567
21
-3.7618110236220472
0
LINE
8
BLACK
6
CONTINUOUS
10
7.416732283464567
20
-3.7618110236220472
11
7.416732283464567
21
-3.7736220472440944
0
LINE
8
BLACK
6
CONTINUOUS
10
7.5742125984251967
20
-3.7736220472440944
11
7.5446850393700782
21
-3.7736220472440944
0
LINE
8
BLACK
6
CONTINUOUS
10
7.5446850393700782
20
-3.7736220472440944
11
7.5446850393700782
21
-3.7618110236220472
0
LINE
8
BLACK
6
CONTINUOUS
10
7.5446850393700782
20
-3.7618110236220472
11
7.5742125984251967
21
-3.7618110236220472
0
LINE
8
BLACK
6
CONTINUOUS
10
7.5742125984251967
20
-3.7618110236220472
11
7.5742125984251967
21
-3.7736220472440944
0
LINE
8
BLACK
6
CONTINUOUS
10
7.8852626377952753
20
-3.7168909448818899
11
7.8884557874015746
21
-3.7190245275590552
0
LINE
8
BLACK
6
CONTINUOUS
10
7.8884557874015746
20
-3.7190245275590552
11
7.8905893700787404
21
-3.7222176771653541
0
LINE
8
BLACK
6
CONTINUOUS
10
7.8905893700787404
20
-3.7222176771653541
11
7.8913385826771654
21
-3.7259842519685038
0
LINE
8
BLACK
6
CONTINUOUS
10
7.8913385826771654
20
-3.7259842519685038
11
7.8913385826771654
21
-3.7614173228346455
0
LINE
8
BLACK
6
CONTINUOUS
10
7.8913385826771654
20
-3.7614173228346455
11
7.8905893700787404
21
-3.7651838976377952
0
LINE
8
BLACK
6
CONTINUOUS
10
7.8905893700787404
20
-3.7651838976377952
11
7.8884557874015746
21
-3.7683770472440945
0
LINE
8
BLACK
6
CONTINUOUS
10
7.8884557874015746
20
-3.7683770472440945
11
7.8852626377952753
21
-3.7705106299212598
0
LINE
8
BLACK
6
CONTINUOUS
10
7.8852626377952753
20
-3.7705106299212598
11
7.8814960629921256
21
-3.7712598425196848
0
LINE
8
BLACK
6
CONTINUOUS
10
7.8814960629921256
20
-3.7712598425196848
11
7.8539370078740154
21
-3.7712598425196848
0
LINE
8
BLACK
6
CONTINUOUS
10
7.8539370078740154
20
-3.7712598425196848
11
7.8501704330708657
21
-3.7705106299212598
0
LINE
8
BLACK
6
CONTINUOUS
10
7.8501704330708657
20
-3.7705106299212598
11
7.8469772834645664
21
-3.7683770472440945
0
LINE
8
BLACK
6
CONTINUOUS
10
7.8469772834645664
20
-3.7683770472440945
11
7.8448437007874015
21
-3.7651838976377952
0
LINE
8
BLACK
6
CONTINUOUS
10
7.8448437007874015
20
-3.7651838976377952
11
7.8440944881889765
21
-3.7614173228346455
0
LINE
8
BLACK
6
CONTINUOUS
10
7.8440944881889765
20
-3.7614173228346455
11
7.8440944881889765
21
-3.7259842519685038
0
LINE
8
BLACK
6
CONTINUOUS
10
7.8440944881889765
20
-3.7259842519685038
11
7.8448437007874015
21
-3.7222176771653541
0
LINE
8
BLACK
6
CONTINUOUS
10
7.8448437007874015
20
-3.7222176771653541
11
7.8469772834645664
21
-3.7190245275590552
0
LINE
8
BLACK
6
CONTINUOUS
10
7.8469772834645664
20
-3.7190245275590552
11
7.8501704330708657
21
-3.7168909448818899
0
LINE
8
BLACK
6
CONTINUOUS
10
7.8501704330708657
20
-3.7168909448818899
11
7.8539370078740154
21
-3.7161417322834644
0
LINE
8
BLACK
6
CONTINUOUS
10
7.8539370078740154
20
-3.7161417322834644
11
7.8814960629921256
21
-3.7161417322834644
0
LINE
8
BLACK
6
CONTINUOUS
10
7.8814960629921256
20
-3.7161417322834644
11
7.8852626377952753
21
-3.7168909448818899
0
LINE
8
BLACK
6
CONTINUOUS
10
7.9640027952755901
20
-3.7168909448818899
11
7.9671959448818894
21
-3.7190245275590552
0
LINE
8
BLACK
6
CONTINUOUS
10
7.9671959448818894
20
-3.7190245275590552
11
7.9693295275590552
21
-3.7222176771653541
0
LINE
8
BLACK
6
CONTINUOUS
10
7.9693295275590552
20
-3.7222176771653541
11
7.9700787401574802
21
-3.7259842519685038
0
LINE
8
BLACK
6
CONTINUOUS
10
7.9700787401574802
20
-3.7259842519685038
11
7.9700787401574802
21
-3.7614173228346455
0
LINE
8
BLACK
6
CONTINUOUS
10
7.9700787401574802
20
-3.7614173228346455
11
7.9693295275590552
21
-3.7651838976377952
0
LINE
8
BLACK
6
CONTINUOUS
10
7.9693295275590552
20
-3.7651838976377952
11
7.9671959448818894
21
-3.7683770472440945
0
LINE
8
BLACK
6
CONTINUOUS
10
7.9671959448818894
20
-3.7683770472440945
11
7.9640027952755901
21
-3.7705106299212598
0
LINE
8
BLACK
6
CONTINUOUS
10
7.9640027952755901
20
-3.7705106299212598
11
7.9602362204724404
21
-3.7712598425196848
0
LINE
8
BLACK
6
CONTINUOUS
10
7.9602362204724404
20
-3.7712598425196848
11
7.9326771653543302
21
-3.7712598425196848
0
LINE
8
BLACK
6
CONTINUOUS
10
7.9326771653543302
20
-3.7712598425196848
11
7.9289105905511805
21
-3.7705106299212598
0
LINE
8
BLACK
6
CONTINUOUS
10
7.9289105905511805
20
-3.7705106299212598
11
7.9257174409448821
21
-3.7683770472440945
0
LINE
8
BLACK
6
CONTINUOUS
10
7.9257174409448821
20
-3.7683770472440945
11
7.9235838582677163
21
-3.7651838976377952
0
LINE
8
BLACK
6
CONTINUOUS
10
7.9235838582677163
20
-3.7651838976377952
11
7.9228346456692913
21
-3.7614173228346455
0
LINE
8
BLACK
6
CONTINUOUS
10
7.9228346456692913
20
-3.7614173228346455
11
7.9228346456692913
21
-3.7259842519685038
0
LINE
8
BLACK
6
CONTINUOUS
10
7.9228346456692913
20
-3.7259842519685038
11
7.9235838582677163
21
-3.7222176771653541
0
LINE
8
BLACK
6
CONTINUOUS
10
7.9235838582677163
20
-3.7222176771653541
11
7.9257174409448821
21
-3.7190245275590552
0
LINE
8
BLACK
6
CONTINUOUS
10
7.9257174409448821
20
-3.7190245275590552
11
7.9289105905511805
21
-3.7168909448818899
0
LINE
8
BLACK
6
CONTINUOUS
10
7.9289105905511805
20
-3.7168909448818899
11
7.9326771653543302
21
-3.7161417322834644
0
LINE
8
BLACK
6
CONTINUOUS
10
7.9326771653543302
20
-3.7161417322834644
11
7.9602362204724404
21
-3.7161417322834644
0
LINE
8
BLACK
6
CONTINUOUS
10
7.9602362204724404
20
-3.7161417322834644
11
7.9640027952755901
21
-3.7168909448818899
0
LINE
8
BLACK
6
CONTINUOUS
10
8.0334909842519675
20
-3.7168909448818899
11
8.0366841338582677
21
-3.7190245275590552
0
LINE
8
BLACK
6
CONTINUOUS
10
8.0366841338582677
20
-3.7190245275590552
11
8.0388177165354335
21
-3.7222176771653541
0
LINE
8
BLACK
6
CONTINUOUS
10
8.0388177165354335
20
-3.7222176771653541
11
8.0395669291338585
21
-3.7259842519685038
0
LINE
8
BLACK
6
CONTINUOUS
10
8.0395669291338585
20
-3.7259842519685038
11
8.0395669291338585
21
-3.7614173228346455
0
LINE
8
BLACK
6
CONTINUOUS
10
8.0395669291338585
20
-3.7614173228346455
11
8.0388177165354335
21
-3.7651838976377952
0
LINE
8
BLACK
6
CONTINUOUS
10
8.0388177165354335
20
-3.7651838976377952
11
8.0366841338582677
21
-3.7683770472440945
0
LINE
8
BLACK
6
CONTINUOUS
10
8.0366841338582677
20
-3.7683770472440945
11
8.0334909842519675
21
-3.7705106299212598
0
LINE
8
BLACK
6
CONTINUOUS
10
8.0334909842519675
20
-3.7705106299212598
11
8.0297244094488196
21
-3.7712598425196848
0
LINE
8
BLACK
6
CONTINUOUS
10
8.0297244094488196
20
-3.7712598425196848
11
8.004133858267716
21
-3.7712598425196848
0
LINE
8
BLACK
6
CONTINUOUS
10
8.004133858267716
20
-3.7712598425196848
11
8.0003672834645663
21
-3.7705106299212598
0
LINE
8
BLACK
6
CONTINUOUS
10
8.0003672834645663
20
-3.7705106299212598
11
7.9971741338582678
21
-3.7683770472440945
0
LINE
8
BLACK
6
CONTINUOUS
10
7.9971741338582678
20
-3.7683770472440945
11
7.995040551181102
21
-3.7651838976377952
0
LINE
8
BLACK
6
CONTINUOUS
10
7.995040551181102
20
-3.7651838976377952
11
7.994291338582677
21
-3.7614173228346455
0
LINE
8
BLACK
6
CONTINUOUS
10
7.994291338582677
20
-3.7614173228346455
11
7.994291338582677
21
-3.7259842519685038
0
LINE
8
BLACK
6
CONTINUOUS
10
7.994291338582677
20
-3.7259842519685038
11
7.995040551181102
21
-3.7222176771653541
0
LINE
8
BLACK
6
CONTINUOUS
10
7.995040551181102
20
-3.7222176771653541
11
7.9971741338582678
21
-3.7190245275590552
0
LINE
8
BLACK
6
CONTINUOUS
10
7.9971741338582678
20
-3.7190245275590552
11
8.0003672834645663
21
-3.7168909448818899
0
LINE
8
BLACK
6
CONTINUOUS
10
8.0003672834645663
20
-3.7168909448818899
11
8.004133858267716
21
-3.7161417322834644
0
LINE
8
BLACK
6
CONTINUOUS
10
8.004133858267716
20
-3.7161417322834644
11
8.0297244094488196
21
-3.7161417322834644
0
LINE
8
BLACK
6
CONTINUOUS
10
8.0297244094488196
20
-3.7161417322834644
11
8.0334909842519675
21
-3.7168909448818899
0
LINE
8
BLACK
6
CONTINUOUS
10
8.1141996456692915
20
-3.7168909448818899
11
8.11739279527559
21
-3.7190245275590552
0
LINE
8
BLACK
6
CONTINUOUS
10
8.11739279527559
20
-3.7190245275590552
11
8.1195263779527558
21
-3.7222176771653541
0
LINE
8
BLACK
6
CONTINUOUS
10
8.1195263779527558
20
-3.7222176771653541
11
8.1202755905511808
21
-3.7259842519685038
0
LINE
8
BLACK
6
CONTINUOUS
10
8.1202755905511808
20
-3.7259842519685038
11
8.1202755905511808
21
-3.7614173228346455
0
LINE
8
BLACK
6
CONTINUOUS
10
8.1202755905511808
20
-3.7614173228346455
11
8.1195263779527558
21
-3.7651838976377952
0
LINE
8
BLACK
6
CONTINUOUS
10
8.1195263779527558
20
-3.7651838976377952
11
8.11739279527559
21
-3.7683770472440945
0
LINE
8
BLACK
6
CONTINUOUS
10
8.11739279527559
20
-3.7683770472440945
11
8.1141996456692915
21
-3.7705106299212598
0
LINE
8
BLACK
6
CONTINUOUS
10
8.1141996456692915
20
-3.7705106299212598
11
8.1104330708661418
21
-3.7712598425196848
0
LINE
8
BLACK
6
CONTINUOUS
10
8.1104330708661418
20
-3.7712598425196848
11
8.08484251968504
21
-3.7712598425196848
0
LINE
8
BLACK
6
CONTINUOUS
10
8.08484251968504
20
-3.7712598425196848
11
8.0810759448818903
21
-3.7705106299212598
0
LINE
8
BLACK
6
CONTINUOUS
10
8.0810759448818903
20
-3.7705106299212598
11
8.0778827952755901
21
-3.7683770472440945
0
LINE
8
BLACK
6
CONTINUOUS
10
8.0778827952755901
20
-3.7683770472440945
11
8.0757492125984243
21
-3.7651838976377952
0
LINE
8
BLACK
6
CONTINUOUS
10
8.0757492125984243
20
-3.7651838976377952
11
8.0749999999999993
21
-3.7614173228346455
0
LINE
8
BLACK
6
CONTINUOUS
10
8.0749999999999993
20
-3.7614173228346455
11
8.0749999999999993
21
-3.7259842519685038
0
LINE
8
BLACK
6
CONTINUOUS
10
8.0749999999999993
20
-3.7259842519685038
11
8.0757492125984243
21
-3.7222176771653541
0
LINE
8
BLACK
6
CONTINUOUS
10
8.0757492125984243
20
-3.7222176771653541
11
8.0778827952755901
21
-3.7190245275590552
0
LINE
8
BLACK
6
CONTINUOUS
10
8.0778827952755901
20
-3.7190245275590552
11
8.0810759448818903
21
-3.7168909448818899
0
LINE
8
BLACK
6
CONTINUOUS
10
8.0810759448818903
20
-3.7168909448818899
11
8.08484251968504
21
-3.7161417322834644
0
LINE
8
BLACK
6
CONTINUOUS
10
8.08484251968504
20
-3.7161417322834644
11
8.1104330708661418
21
-3.7161417322834644
0
LINE
8
BLACK
6
CONTINUOUS
10
8.1104330708661418
20
-3.7161417322834644
11
8.1141996456692915
21
-3.7168909448818899
0
LINE
8
BLACK
6
CONTINUOUS
10
8.6443177559055115
20
-3.7090169291338584
11
8.64751090551181
21
-3.7111505118110237
0
LINE
8
BLACK
6
CONTINUOUS
10
8.64751090551181
20
-3.7111505118110237
11
8.6496444881889758
21
-3.7143436614173226
0
LINE
8
BLACK
6
CONTINUOUS
10
8.6496444881889758
20
-3.7143436614173226
11
8.6503937007874008
21
-3.7181102362204723
0
LINE
8
BLACK
6
CONTINUOUS
10
8.6503937007874008
20
-3.7181102362204723
11
8.6503937007874008
21
-3.7456692913385825
0
LINE
8
BLACK
6
CONTINUOUS
10
8.6503937007874008
20
-3.7456692913385825
11
8.6496444881889758
21
-3.7494358661417322
0
LINE
8
BLACK
6
CONTINUOUS
10
8.6496444881889758
20
-3.7494358661417322
11
8.64751090551181
21
-3.7526290157480315
0
LINE
8
BLACK
6
CONTINUOUS
10
8.64751090551181
20
-3.7526290157480315
11
8.6443177559055115
21
-3.7547625984251969
0
LINE
8
BLACK
6
CONTINUOUS
10
8.6443177559055115
20
-3.7547625984251969
11
8.6405511811023619
21
-3.7555118110236219
0
LINE
8
BLACK
6
CONTINUOUS
10
8.6405511811023619
20
-3.7555118110236219
11
8.6051181102362211
21
-3.7555118110236219
0
LINE
8
BLACK
6
CONTINUOUS
10
8.6051181102362211
20
-3.7555118110236219
11
8.6013515354330714
21
-3.7547625984251969
0
LINE
8
BLACK
6
CONTINUOUS
10
8.6013515354330714
20
-3.7547625984251969
11
8.5981583858267712
21
-3.7526290157480315
0
LINE
8
BLACK
6
CONTINUOUS
10
8.5981583858267712
20
-3.7526290157480315
11
8.5960248031496054
21
-3.7494358661417322
0
LINE
8
BLACK
6
CONTINUOUS
10
8.5960248031496054
20
-3.7494358661417322
11
8.5952755905511804
21
-3.7456692913385825
0
LINE
8
BLACK
6
CONTINUOUS
10
8.5952755905511804
20
-3.7456692913385825
11
8.5952755905511804
21
-3.7181102362204723
0
LINE
8
BLACK
6
CONTINUOUS
10
8.5952755905511804
20
-3.7181102362204723
11
8.5960248031496054
21
-3.7143436614173226
0
LINE
8
BLACK
6
CONTINUOUS
10
8.5960248031496054
20
-3.7143436614173226
11
8.5981583858267712
21
-3.7111505118110237
0
LINE
8
BLACK
6
CONTINUOUS
10
8.5981583858267712
20
-3.7111505118110237
11
8.6013515354330714
21
-3.7090169291338584
0
LINE
8
BLACK
6
CONTINUOUS
10
8.6013515354330714
20
-3.7090169291338584
11
8.6051181102362211
21
-3.708267716535433
0
LINE
8
BLACK
6
CONTINUOUS
10
8.6051181102362211
20
-3.708267716535433
11
8.6405511811023619
21
-3.708267716535433
0
LINE
8
BLACK
6
CONTINUOUS
10
8.6405511811023619
20
-3.708267716535433
11
8.6443177559055115
21
-3.7090169291338584
0
LINE
8
BLACK
6
CONTINUOUS
10
7.416732283464567
20
-3.7539370078740157
11
7.3872047244094485
21
-3.7539370078740157
0
LINE
8
BLACK
6
CONTINUOUS
10
7.3872047244094485
20
-3.7539370078740157
11
7.3872047244094485
21
-3.7421259842519685
0
LINE
8
BLACK
6
CONTINUOUS
10
7.3872047244094485
20
-3.7421259842519685
11
7.416732283464567
21
-3.7421259842519685
0
LINE
8
BLACK
6
CONTINUOUS
10
7.416732283464567
20
-3.7421259842519685
11
7.416732283464567
21
-3.7539370078740157
0
LINE
8
BLACK
6
CONTINUOUS
10
7.5742125984251967
20
-3.7539370078740157
11
7.5446850393700782
21
-3.7539370078740157
0
LINE
8
BLACK
6
CONTINUOUS
10
7.5446850393700782
20
-3.7539370078740157
11
7.5446850393700782
21
-3.7421259842519685
0
LINE
8
BLACK
6
CONTINUOUS
10
7.5446850393700782
20
-3.7421259842519685
11
7.5742125984251967
21
-3.7421259842519685
0
LINE
8
BLACK
6
CONTINUOUS
10
7.5742125984251967
20
-3.7421259842519685
11
7.5742125984251967
21
-3.7539370078740157
0
LINE
8
BLACK
6
CONTINUOUS
10
2.7813256299212599
20
-3.6975996062992125
11
2.7845187795275588
21
-3.6997331889763778
0
LINE
8
BLACK
6
CONTINUOUS
10
2.7845187795275588
20
-3.6997331889763778
11
2.7866523622047246
21
-3.7029263385826772
0
LINE
8
BLACK
6
CONTINUOUS
10
2.7866523622047246
20
-3.7029263385826772
11
2.7874015748031495
21
-3.7066929133858268
0
LINE
8
BLACK
6
CONTINUOUS
10
2.7874015748031495
20
-3.7066929133858268
11
2.7874015748031495
21
-3.7421259842519685
0
LINE
8
BLACK
6
CONTINUOUS
10
2.7874015748031495
20
-3.7421259842519685
11
2.7866523622047246
21
-3.7458925590551182
0
LINE
8
BLACK
6
CONTINUOUS
10
2.7866523622047246
20
-3.7458925590551182
11
2.7845187795275588
21
-3.7490857086614171
0
LINE
8
BLACK
6
CONTINUOUS
10
2.7845187795275588
20
-3.7490857086614171
11
2.7813256299212599
21
-3.7512192913385825
0
LINE
8
BLACK
6
CONTINUOUS
10
2.7813256299212599
20
-3.7512192913385825
11
2.7775590551181102
21
-3.7519685039370079
0
LINE
8
BLACK
6
CONTINUOUS
10
2.7775590551181102
20
-3.7519685039370079
11
2.75
21
-3.7519685039370079
0
LINE
8
BLACK
6
CONTINUOUS
10
2.75
20
-3.7519685039370079
11
2.7462334251968503
21
-3.7512192913385825
0
LINE
8
BLACK
6
CONTINUOUS
10
2.7462334251968503
20
-3.7512192913385825
11
2.743040275590551
21
-3.7490857086614171
0
LINE
8
BLACK
6
CONTINUOUS
10
2.743040275590551
20
-3.7490857086614171
11
2.7409066929133856
21
-3.7458925590551182
0
LINE
8
BLACK
6
CONTINUOUS
10
2.7409066929133856
20
-3.7458925590551182
11
2.7401574803149606
21
-3.7421259842519685
0
LINE
8
BLACK
6
CONTINUOUS
10
2.7401574803149606
20
-3.7421259842519685
11
2.7401574803149606
21
-3.7066929133858268
0
LINE
8
BLACK
6
CONTINUOUS
10
2.7401574803149606
20
-3.7066929133858268
11
2.7409066929133856
21
-3.7029263385826772
0
LINE
8
BLACK
6
CONTINUOUS
10
2.7409066929133856
20
-3.7029263385826772
11
2.743040275590551
21
-3.6997331889763778
0
LINE
8
BLACK
6
CONTINUOUS
10
2.743040275590551
20
-3.6997331889763778
11
2.7462334251968503
21
-3.6975996062992125
0
LINE
8
BLACK
6
CONTINUOUS
10
2.7462334251968503
20
-3.6975996062992125
11
2.75
21
-3.6968503937007875
0
LINE
8
BLACK
6
CONTINUOUS
10
2.75
20
-3.6968503937007875
11
2.7775590551181102
21
-3.6968503937007875
0
LINE
8
BLACK
6
CONTINUOUS
10
2.7775590551181102
20
-3.6968503937007875
11
2.7813256299212599
21
-3.6975996062992125
0
LINE
8
BLACK
6
CONTINUOUS
10
2.8600657874015747
20
-3.6975996062992125
11
2.863258937007874
21
-3.6997331889763778
0
LINE
8
BLACK
6
CONTINUOUS
10
2.863258937007874
20
-3.6997331889763778
11
2.8653925196850394
21
-3.7029263385826772
0
LINE
8
BLACK
6
CONTINUOUS
10
2.8653925196850394
20
-3.7029263385826772
11
2.8661417322834644
21
-3.7066929133858268
0
LINE
8
BLACK
6
CONTINUOUS
10
2.8661417322834644
20
-3.7066929133858268
11
2.8661417322834644
21
-3.7421259842519685
0
LINE
8
BLACK
6
CONTINUOUS
10
2.8661417322834644
20
-3.7421259842519685
11
2.8653925196850394
21
-3.7458925590551182
0
LINE
8
BLACK
6
CONTINUOUS
10
2.8653925196850394
20
-3.7458925590551182
11
2.863258937007874
21
-3.7490857086614171
0
LINE
8
BLACK
6
CONTINUOUS
10
2.863258937007874
20
-3.7490857086614171
11
2.8600657874015747
21
-3.7512192913385825
0
LINE
8
BLACK
6
CONTINUOUS
10
2.8600657874015747
20
-3.7512192913385825
11
2.856299212598425
21
-3.7519685039370079
0
LINE
8
BLACK
6
CONTINUOUS
10
2.856299212598425
20
-3.7519685039370079
11
2.8287401574803148
21
-3.7519685039370079
0
LINE
8
BLACK
6
CONTINUOUS
10
2.8287401574803148
20
-3.7519685039370079
11
2.8249735826771651
21
-3.7512192913385825
0
LINE
8
BLACK
6
CONTINUOUS
10
2.8249735826771651
20
-3.7512192913385825
11
2.8217804330708662
21
-3.7490857086614171
0
LINE
8
BLACK
6
CONTINUOUS
10
2.8217804330708662
20
-3.7490857086614171
11
2.8196468503937009
21
-3.7458925590551182
0
LINE
8
BLACK
6
CONTINUOUS
10
2.8196468503937009
20
-3.7458925590551182
11
2.8188976377952755
21
-3.7421259842519685
0
LINE
8
BLACK
6
CONTINUOUS
10
2.8188976377952755
20
-3.7421259842519685
11
2.8188976377952755
21
-3.7066929133858268
0
LINE
8
BLACK
6
CONTINUOUS
10
2.8188976377952755
20
-3.7066929133858268
11
2.8196468503937009
21
-3.7029263385826772
0
LINE
8
BLACK
6
CONTINUOUS
10
2.8196468503937009
20
-3.7029263385826772
11
2.8217804330708662
21
-3.6997331889763778
0
LINE
8
BLACK
6
CONTINUOUS
10
2.8217804330708662
20
-3.6997331889763778
11
2.8249735826771651
21
-3.6975996062992125
0
LINE
8
BLACK
6
CONTINUOUS
10
2.8249735826771651
20
-3.6975996062992125
11
2.8287401574803148
21
-3.6968503937007875
0
LINE
8
BLACK
6
CONTINUOUS
10
2.8287401574803148
20
-3.6968503937007875
11
2.856299212598425
21
-3.6968503937007875
0
LINE
8
BLACK
6
CONTINUOUS
10
2.856299212598425
20
-3.6968503937007875
11
2.8600657874015747
21
-3.6975996062992125
0
LINE
8
BLACK
6
CONTINUOUS
10
6.6100657874015747
20
-3.6887413385826773
11
6.613258937007874
21
-3.6908749212598426
0
LINE
8
BLACK
6
CONTINUOUS
10
6.613258937007874
20
-3.6908749212598426
11
6.6153925196850389
21
-3.6940680708661415
0
LINE
8
BLACK
6
CONTINUOUS
10
6.6153925196850389
20
-3.6940680708661415
11
6.6161417322834648
21
-3.6978346456692912
0
LINE
8
BLACK
6
CONTINUOUS
10
6.6161417322834648
20
-3.6978346456692912
11
6.6161417322834648
21
-3.7352362204724407
0
LINE
8
BLACK
6
CONTINUOUS
10
6.6161417322834648
20
-3.7352362204724407
11
6.6153925196850389
21
-3.7390027952755904
0
LINE
8
BLACK
6
CONTINUOUS
10
6.6153925196850389
20
-3.7390027952755904
11
6.613258937007874
21
-3.7421959448818898
0
LINE
8
BLACK
6
CONTINUOUS
10
6.613258937007874
20
-3.7421959448818898
11
6.6100657874015747
21
-3.7443295275590551
0
LINE
8
BLACK
6
CONTINUOUS
10
6.6100657874015747
20
-3.7443295275590551
11
6.606299212598425
21
-3.7450787401574801
0
LINE
8
BLACK
6
CONTINUOUS
10
6.606299212598425
20
-3.7450787401574801
11
6.5797244094488185
21
-3.7450787401574801
0
LINE
8
BLACK
6
CONTINUOUS
10
6.5797244094488185
20
-3.7450787401574801
11
6.5759578346456689
21
-3.7443295275590551
0
LINE
8
BLACK
6
CONTINUOUS
10
6.5759578346456689
20
-3.7443295275590551
11
6.5727646850393695
21
-3.7421959448818898
0
LINE
8
BLACK
6
CONTINUOUS
10
6.5727646850393695
20
-3.7421959448818898
11
6.5706311023622046
21
-3.7390027952755904
0
LINE
8
BLACK
6
CONTINUOUS
10
6.5706311023622046
20
-3.7390027952755904
11
6.5698818897637796
21
-3.7352362204724407
0
LINE
8
BLACK
6
CONTINUOUS
10
6.5698818897637796
20
-3.7352362204724407
11
6.5698818897637796
21
-3.6978346456692912
0
LINE
8
BLACK
6
CONTINUOUS
10
6.5698818897637796
20
-3.6978346456692912
11
6.5706311023622046
21
-3.6940680708661415
0
LINE
8
BLACK
6
CONTINUOUS
10
6.5706311023622046
20
-3.6940680708661415
11
6.5727646850393695
21
-3.6908749212598426
0
LINE
8
BLACK
6
CONTINUOUS
10
6.5727646850393695
20
-3.6908749212598426
11
6.5759578346456689
21
-3.6887413385826773
0
LINE
8
BLACK
6
CONTINUOUS
10
6.5759578346456689
20
-3.6887413385826773
11
6.5797244094488185
21
-3.6879921259842519
0
LINE
8
BLACK
6
CONTINUOUS
10
6.5797244094488185
20
-3.6879921259842519
11
6.606299212598425
21
-3.6879921259842519
0
LINE
8
BLACK
6
CONTINUOUS
10
6.606299212598425
20
-3.6879921259842519
11
6.6100657874015747
21
-3.6887413385826773
0
LINE
8
BLACK
6
CONTINUOUS
10
6.6917587007874015
20
-3.6887413385826773
11
6.6949518503937009
21
-3.6908749212598426
0
LINE
8
BLACK
6
CONTINUOUS
10
6.6949518503937009
20
-3.6908749212598426
11
6.6970854330708658
21
-3.6940680708661415
0
LINE
8
BLACK
6
CONTINUOUS
10
6.6970854330708658
20
-3.6940680708661415
11
6.6978346456692908
21
-3.6978346456692912
0
LINE
8
BLACK
6
CONTINUOUS
10
6.6978346456692908
20
-3.6978346456692912
11
6.6978346456692908
21
-3.7352362204724407
0
LINE
8
BLACK
6
CONTINUOUS
10
6.6978346456692908
20
-3.7352362204724407
11
6.6970854330708658
21
-3.7390027952755904
0
LINE
8
BLACK
6
CONTINUOUS
10
6.6970854330708658
20
-3.7390027952755904
11
6.6949518503937009
21
-3.7421959448818898
0
LINE
8
BLACK
6
CONTINUOUS
10
6.6949518503937009
20
-3.7421959448818898
11
6.6917587007874015
21
-3.7443295275590551
0
LINE
8
BLACK
6
CONTINUOUS
10
6.6917587007874015
20
-3.7443295275590551
11
6.6879921259842519
21
-3.7450787401574801
0
LINE
8
BLACK
6
CONTINUOUS
10
6.6879921259842519
20
-3.7450787401574801
11
6.6614173228346454
21
-3.7450787401574801
0
LINE
8
BLACK
6
CONTINUOUS
10
6.6614173228346454
20
-3.7450787401574801
11
6.6576507480314957
21
-3.7443295275590551
0
LINE
8
BLACK
6
CONTINUOUS
10
6.6576507480314957
20
-3.7443295275590551
11
6.6544575984251964
21
-3.7421959448818898
0
LINE
8
BLACK
6
CONTINUOUS
10
6.6544575984251964
20
-3.7421959448818898
11
6.6523240157480314
21
-3.7390027952755904
0
LINE
8
BLACK
6
CONTINUOUS
10
6.6523240157480314
20
-3.7390027952755904
11
6.6515748031496065
21
-3.7352362204724407
0
LINE
8
BLACK
6
CONTINUOUS
10
6.6515748031496065
20
-3.7352362204724407
11
6.6515748031496065
21
-3.6978346456692912
0
LINE
8
BLACK
6
CONTINUOUS
10
6.6515748031496065
20
-3.6978346456692912
11
6.6523240157480314
21
-3.6940680708661415
0
LINE
8
BLACK
6
CONTINUOUS
10
6.6523240157480314
20
-3.6940680708661415
11
6.6544575984251964
21
-3.6908749212598426
0
LINE
8
BLACK
6
CONTINUOUS
10
6.6544575984251964
20
-3.6908749212598426
11
6.6576507480314957
21
-3.6887413385826773
0
LINE
8
BLACK
6
CONTINUOUS
10
6.6576507480314957
20
-3.6887413385826773
11
6.6614173228346454
21
-3.6879921259842519
0
LINE
8
BLACK
6
CONTINUOUS
10
6.6614173228346454
20
-3.6879921259842519
11
6.6879921259842519
21
-3.6879921259842519
0
LINE
8
BLACK
6
CONTINUOUS
10
6.6879921259842519
20
-3.6879921259842519
11
6.6917587007874015
21
-3.6887413385826773
0
LINE
8
BLACK
6
CONTINUOUS
10
4.3507874015748031
20
-3.7385826771653541
11
4.291732283464567
21
-3.7385826771653541
0
LINE
8
BLACK
6
CONTINUOUS
10
4.291732283464567
20
-3.7385826771653541
11
4.291732283464567
21
-3.7031496062992124
0
LINE
8
BLACK
6
CONTINUOUS
10
4.291732283464567
20
-3.7031496062992124
11
4.3507874015748031
21
-3.7031496062992124
0
LINE
8
BLACK
6
CONTINUOUS
10
4.3507874015748031
20
-3.7031496062992124
11
4.3507874015748031
21
-3.7385826771653541
0
LINE
8
BLACK
6
CONTINUOUS
10
5.0397637795275587
20
-3.7385826771653541
11
4.9807086614173226
21
-3.7385826771653541
0
LINE
8
BLACK
6
CONTINUOUS
10
4.9807086614173226
20
-3.7385826771653541
11
4.9807086614173226
21
-3.7031496062992124
0
LINE
8
BLACK
6
CONTINUOUS
10
4.9807086614173226
20
-3.7031496062992124
11
5.0397637795275587
21
-3.7031496062992124
0
LINE
8
BLACK
6
CONTINUOUS
10
5.0397637795275587
20
-3.7031496062992124
11
5.0397637795275587
21
-3.7385826771653541
0
LINE
8
BLACK
6
CONTINUOUS
10
7.416732283464567
20
-3.734251968503937
11
7.3872047244094485
21
-3.734251968503937
0
LINE
8
BLACK
6
CONTINUOUS
10
7.3872047244094485
20
-3.734251968503937
11
7.3872047244094485
21
-3.7224409448818898
0
LINE
8
BLACK
6
CONTINUOUS
10
7.3872047244094485
20
-3.7224409448818898
11
7.416732283464567
21
-3.7224409448818898
0
LINE
8
BLACK
6
CONTINUOUS
10
7.416732283464567
20
-3.7224409448818898
11
7.416732283464567
21
-3.734251968503937
0
LINE
8
BLACK
6
CONTINUOUS
10
7.5742125984251967
20
-3.734251968503937
11
7.5446850393700782
21
-3.734251968503937
0
LINE
8
BLACK
6
CONTINUOUS
10
7.5446850393700782
20
-3.734251968503937
11
7.5446850393700782
21
-3.7224409448818898
0
LINE
8
BLACK
6
CONTINUOUS
10
7.5446850393700782
20
-3.7224409448818898
11
7.5742125984251967
21
-3.7224409448818898
0
LINE
8
BLACK
6
CONTINUOUS
10
7.5742125984251967
20
-3.7224409448818898
11
7.5742125984251967
21
-3.734251968503937
0
LINE
8
BLACK
6
CONTINUOUS
10
7.416732283464567
20
-3.7145669291338583
11
7.3872047244094485
21
-3.7145669291338583
0
LINE
8
BLACK
6
CONTINUOUS
10
7.3872047244094485
20
-3.7145669291338583
11
7.3872047244094485
21
-3.7027559055118111
0
LINE
8
BLACK
6
CONTINUOUS
10
7.3872047244094485
20
-3.7027559055118111
11
7.416732283464567
21
-3.7027559055118111
0
LINE
8
BLACK
6
CONTINUOUS
10
7.416732283464567
20
-3.7027559055118111
11
7.416732283464567
21
-3.7145669291338583
0
LINE
8
BLACK
6
CONTINUOUS
10
7.5742125984251967
20
-3.7145669291338583
11
7.5446850393700782
21
-3.7145669291338583
0
LINE
8
BLACK
6
CONTINUOUS
10
7.5446850393700782
20
-3.7145669291338583
11
7.5446850393700782
21
-3.7027559055118111
0
LINE
8
BLACK
6
CONTINUOUS
10
7.5446850393700782
20
-3.7027559055118111
11
7.5742125984251967
21
-3.7027559055118111
0
LINE
8
BLACK
6
CONTINUOUS
10
7.5742125984251967
20
-3.7027559055118111
11
7.5742125984251967
21
-3.7145669291338583
0
LINE
8
BLACK
6
CONTINUOUS
10
3.5224409448818896
20
-3.6972440944881888
11
3.4141732283464568
21
-3.6972440944881888
0
LINE
8
BLACK
6
CONTINUOUS
10
3.4141732283464568
20
-3.6972440944881888
11
3.4141732283464568
21
-3.6578740157480314
0
LINE
8
BLACK
6
CONTINUOUS
10
3.4141732283464568
20
-3.6578740157480314
11
3.5224409448818896
21
-3.6578740157480314
0
LINE
8
BLACK
6
CONTINUOUS
10
3.5224409448818896
20
-3.6578740157480314
11
3.5224409448818896
21
-3.6972440944881888
0
LINE
8
BLACK
6
CONTINUOUS
10
3.7488188976377952
20
-3.6972440944881888
11
3.6405511811023623
21
-3.6972440944881888
0
LINE
8
BLACK
6
CONTINUOUS
10
3.6405511811023623
20
-3.6972440944881888
11
3.6405511811023623
21
-3.6578740157480314
0
LINE
8
BLACK
6
CONTINUOUS
10
3.6405511811023623
20
-3.6578740157480314
11
3.7488188976377952
21
-3.6578740157480314
0
LINE
8
BLACK
6
CONTINUOUS
10
3.7488188976377952
20
-3.6578740157480314
11
3.7488188976377952
21
-3.6972440944881888
0
LINE
8
BLACK
6
CONTINUOUS
10
7.416732283464567
20
-3.6948818897637796
11
7.3872047244094485
21
-3.6948818897637796
0
LINE
8
BLACK
6
CONTINUOUS
10
7.3872047244094485
20
-3.6948818897637796
11
7.3872047244094485
21
-3.6830708661417324
0
LINE
8
BLACK
6
CONTINUOUS
10
7.3872047244094485
20
-3.6830708661417324
11
7.416732283464567
21
-3.6830708661417324
0
LINE
8
BLACK
6
CONTINUOUS
10
7.416732283464567
20
-3.6830708661417324
11
7.416732283464567
21
-3.6948818897637796
0
LINE
8
BLACK
6
CONTINUOUS
10
7.5742125984251967
20
-3.6948818897637796
11
7.5446850393700782
21
-3.6948818897637796
0
LINE
8
BLACK
6
CONTINUOUS
10
7.5446850393700782
20
-3.6948818897637796
11
7.5446850393700782
21
-3.6830708661417324
0
LINE
8
BLACK
6
CONTINUOUS
10
7.5446850393700782
20
-3.6830708661417324
11
7.5742125984251967
21
-3.6830708661417324
0
LINE
8
BLACK
6
CONTINUOUS
10
7.5742125984251967
20
-3.6830708661417324
11
7.5742125984251967
21
-3.6948818897637796
0
LINE
8
BLACK
6
CONTINUOUS
10
4.3507874015748031
20
-3.6885826771653543
11
4.291732283464567
21
-3.6885826771653543
0
LINE
8
BLACK
6
CONTINUOUS
10
4.291732283464567
20
-3.6885826771653543
11
4.291732283464567
21
-3.6531496062992126
0
LINE
8
BLACK
6
CONTINUOUS
10
4.291732283464567
20
-3.6531496062992126
11
4.3507874015748031
21
-3.6531496062992126
0
LINE
8
BLACK
6
CONTINUOUS
10
4.3507874015748031
20
-3.6531496062992126
11
4.3507874015748031
21
-3.6885826771653543
0
LINE
8
BLACK
6
CONTINUOUS
10
5.0397637795275587
20
-3.6885826771653543
11
4.9807086614173226
21
-3.6885826771653543
0
LINE
8
BLACK
6
CONTINUOUS
10
4.9807086614173226
20
-3.6885826771653543
11
4.9807086614173226
21
-3.6531496062992126
0
LINE
8
BLACK
6
CONTINUOUS
10
4.9807086614173226
20
-3.6531496062992126
11
5.0397637795275587
21
-3.6531496062992126
0
LINE
8
BLACK
6
CONTINUOUS
10
5.0397637795275587
20
-3.6531496062992126
11
5.0397637795275587
21
-3.6885826771653543
0
LINE
8
BLACK
6
CONTINUOUS
10
8.2736220472440944
20
-3.6791338582677167
11
8.2145669291338574
21
-3.6791338582677167
0
LINE
8
BLACK
6
CONTINUOUS
10
8.2145669291338574
20
-3.6791338582677167
11
8.2145669291338574
21
-3.6535433070866139
0
LINE
8
BLACK
6
CONTINUOUS
10
8.2145669291338574
20
-3.6535433070866139
11
8.2736220472440944
21
-3.6535433070866139
0
LINE
8
BLACK
6
CONTINUOUS
10
8.2736220472440944
20
-3.6535433070866139
11
8.2736220472440944
21
-3.6791338582677167
0
LINE
8
BLACK
6
CONTINUOUS
10
8.4862204724409445
20
-3.6791338582677167
11
8.4271653543307092
21
-3.6791338582677167
0
LINE
8
BLACK
6
CONTINUOUS
10
8.4271653543307092
20
-3.6791338582677167
11
8.4271653543307092
21
-3.6535433070866139
0
LINE
8
BLACK
6
CONTINUOUS
10
8.4271653543307092
20
-3.6535433070866139
11
8.4862204724409445
21
-3.6535433070866139
0
LINE
8
BLACK
6
CONTINUOUS
10
8.4862204724409445
20
-3.6535433070866139
11
8.4862204724409445
21
-3.6791338582677167
0
LINE
8
BLACK
6
CONTINUOUS
10
3.8679398031496062
20
-3.6298830708661418
11
3.8711329527559055
21
-3.6320166535433072
0
LINE
8
BLACK
6
CONTINUOUS
10
3.8711329527559055
20
-3.6320166535433072
11
3.8732665354330709
21
-3.6352098031496061
0
LINE
8
BLACK
6
CONTINUOUS
10
3.8732665354330709
20
-3.6352098031496061
11
3.8740157480314958
21
-3.6389763779527557
0
LINE
8
BLACK
6
CONTINUOUS
10
3.8740157480314958
20
-3.6389763779527557
11
3.8740157480314958
21
-3.6665354330708659
0
LINE
8
BLACK
6
CONTINUOUS
10
3.8740157480314958
20
-3.6665354330708659
11
3.8732665354330709
21
-3.6703020078740156
0
LINE
8
BLACK
6
CONTINUOUS
10
3.8732665354330709
20
-3.6703020078740156
11
3.8711329527559055
21
-3.673495157480315
0
LINE
8
BLACK
6
CONTINUOUS
10
3.8711329527559055
20
-3.673495157480315
11
3.8679398031496062
21
-3.6756287401574803
0
LINE
8
BLACK
6
CONTINUOUS
10
3.8679398031496062
20
-3.6756287401574803
11
3.8641732283464565
21
-3.6763779527559053
0
LINE
8
BLACK
6
CONTINUOUS
10
3.8641732283464565
20
-3.6763779527559053
11
3.8287401574803148
21
-3.6763779527559053
0
LINE
8
BLACK
6
CONTINUOUS
10
3.8287401574803148
20
-3.6763779527559053
11
3.8249735826771651
21
-3.6756287401574803
0
LINE
8
BLACK
6
CONTINUOUS
10
3.8249735826771651
20
-3.6756287401574803
11
3.8217804330708662
21
-3.673495157480315
0
LINE
8
BLACK
6
CONTINUOUS
10
3.8217804330708662
20
-3.673495157480315
11
3.8196468503937009
21
-3.6703020078740156
0
LINE
8
BLACK
6
CONTINUOUS
10
3.8196468503937009
20
-3.6703020078740156
11
3.8188976377952755
21
-3.6665354330708659
0
LINE
8
BLACK
6
CONTINUOUS
10
3.8188976377952755
20
-3.6665354330708659
11
3.8188976377952755
21
-3.6389763779527557
0
LINE
8
BLACK
6
CONTINUOUS
10
3.8188976377952755
20
-3.6389763779527557
11
3.8196468503937009
21
-3.6352098031496061
0
LINE
8
BLACK
6
CONTINUOUS
10
3.8196468503937009
20
-3.6352098031496061
11
3.8217804330708662
21
-3.6320166535433072
0
LINE
8
BLACK
6
CONTINUOUS
10
3.8217804330708662
20
-3.6320166535433072
11
3.8249735826771651
21
-3.6298830708661418
0
LINE
8
BLACK
6
CONTINUOUS
10
3.8249735826771651
20
-3.6298830708661418
11
3.8287401574803148
21
-3.6291338582677164
0
LINE
8
BLACK
6
CONTINUOUS
10
3.8287401574803148
20
-3.6291338582677164
11
3.8641732283464565
21
-3.6291338582677164
0
LINE
8
BLACK
6
CONTINUOUS
10
3.8641732283464565
20
-3.6291338582677164
11
3.8679398031496062
21
-3.6298830708661418
0
LINE
8
BLACK
6
CONTINUOUS
10
7.4374015748031495
20
-3.6742125984251968
11
7.4255905511811022
21
-3.6742125984251968
0
LINE
8
BLACK
6
CONTINUOUS
10
7.4255905511811022
20
-3.6742125984251968
11
7.4255905511811022
21
-3.6446850393700787
0
LINE
8
BLACK
6
CONTINUOUS
10
7.4255905511811022
20
-3.6446850393700787
11
7.4374015748031495
21
-3.6446850393700787
0
LINE
8
BLACK
6
CONTINUOUS
10
7.4374015748031495
20
-3.6446850393700787
11
7.4374015748031495
21
-3.6742125984251968
0
LINE
8
BLACK
6
CONTINUOUS
10
7.4570866141732282
20
-3.6742125984251968
11
7.4452755905511809
21
-3.6742125984251968
0
LINE
8
BLACK
6
CONTINUOUS
10
7.4452755905511809
20
-3.6742125984251968
11
7.4452755905511809
21
-3.6446850393700787
0
LINE
8
BLACK
6
CONTINUOUS
10
7.4452755905511809
20
-3.6446850393700787
11
7.4570866141732282
21
-3.6446850393700787
0
LINE
8
BLACK
6
CONTINUOUS
10
7.4570866141732282
20
-3.6446850393700787
11
7.4570866141732282
21
-3.6742125984251968
0
LINE
8
BLACK
6
CONTINUOUS
10
7.4767716535433069
20
-3.6742125984251968
11
7.4649606299212596
21
-3.6742125984251968
0
LINE
8
BLACK
6
CONTINUOUS
10
7.4649606299212596
20
-3.6742125984251968
11
7.4649606299212596
21
-3.6446850393700787
0
LINE
8
BLACK
6
CONTINUOUS
10
7.4649606299212596
20
-3.6446850393700787
11
7.4767716535433069
21
-3.6446850393700787
0
LINE
8
BLACK
6
CONTINUOUS
10
7.4767716535433069
20
-3.6446850393700787
11
7.4767716535433069
21
-3.6742125984251968
0
LINE
8
BLACK
6
CONTINUOUS
10
7.4964566929133856
20
-3.6742125984251968
11
7.4846456692913383
21
-3.6742125984251968
0
LINE
8
BLACK
6
CONTINUOUS
10
7.4846456692913383
20
-3.6742125984251968
11
7.4846456692913383
21
-3.6446850393700787
0
LINE
8
BLACK
6
CONTINUOUS
10
7.4846456692913383
20
-3.6446850393700787
11
7.4964566929133856
21
-3.6446850393700787
0
LINE
8
BLACK
6
CONTINUOUS
10
7.4964566929133856
20
-3.6446850393700787
11
7.4964566929133856
21
-3.6742125984251968
0
LINE
8
BLACK
6
CONTINUOUS
10
7.5161417322834643
20
-3.6742125984251968
11
7.504330708661417
21
-3.6742125984251968
0
LINE
8
BLACK
6
CONTINUOUS
10
7.504330708661417
20
-3.6742125984251968
11
7.504330708661417
21
-3.6446850393700787
0
LINE
8
BLACK
6
CONTINUOUS
10
7.504330708661417
20
-3.6446850393700787
11
7.5161417322834643
21
-3.6446850393700787
0
LINE
8
BLACK
6
CONTINUOUS
10
7.5161417322834643
20
-3.6446850393700787
11
7.5161417322834643
21
-3.6742125984251968
0
LINE
8
BLACK
6
CONTINUOUS
10
7.535826771653543
20
-3.6742125984251968
11
7.5240157480314958
21
-3.6742125984251968
0
LINE
8
BLACK
6
CONTINUOUS
10
7.5240157480314958
20
-3.6742125984251968
11
7.5240157480314958
21
-3.6446850393700787
0
LINE
8
BLACK
6
CONTINUOUS
10
7.5240157480314958
20
-3.6446850393700787
11
7.535826771653543
21
-3.6446850393700787
0
LINE
8
BLACK
6
CONTINUOUS
10
7.535826771653543
20
-3.6446850393700787
11
7.535826771653543
21
-3.6742125984251968
0
LINE
8
BLACK
6
CONTINUOUS
10
6.6140027952755904
20
-3.5981901574803148
11
6.6171959448818898
21
-3.6003237401574801
0
LINE
8
BLACK
6
CONTINUOUS
10
6.6171959448818898
20
-3.6003237401574801
11
6.6193295275590547
21
-3.6035168897637795
0
LINE
8
BLACK
6
CONTINUOUS
10
6.6193295275590547
20
-3.6035168897637795
11
6.6200787401574805
21
-3.6072834645669292
0
LINE
8
BLACK
6
CONTINUOUS
10
6.6200787401574805
20
-3.6072834645669292
11
6.6200787401574805
21
-3.6446850393700787
0
LINE
8
BLACK
6
CONTINUOUS
10
6.6200787401574805
20
-3.6446850393700787
11
6.6193295275590547
21
-3.6484516141732284
0
LINE
8
BLACK
6
CONTINUOUS
10
6.6193295275590547
20
-3.6484516141732284
11
6.6171959448818898
21
-3.6516447637795273
0
LINE
8
BLACK
6
CONTINUOUS
10
6.6171959448818898
20
-3.6516447637795273
11
6.6140027952755904
21
-3.6537783464566926
0
LINE
8
BLACK
6
CONTINUOUS
10
6.6140027952755904
20
-3.6537783464566926
11
6.6102362204724407
21
-3.6545275590551181
0
LINE
8
BLACK
6
CONTINUOUS
10
6.6102362204724407
20
-3.6545275590551181
11
6.5836614173228343
21
-3.6545275590551181
0
LINE
8
BLACK
6
CONTINUOUS
10
6.5836614173228343
20
-3.6545275590551181
11
6.5798948425196846
21
-3.6537783464566926
0
LINE
8
BLACK
6
CONTINUOUS
10
6.5798948425196846
20
-3.6537783464566926
11
6.5767016929133852
21
-3.6516447637795273
0
LINE
8
BLACK
6
CONTINUOUS
10
6.5767016929133852
20
-3.6516447637795273
11
6.5745681102362203
21
-3.6484516141732284
0
LINE
8
BLACK
6
CONTINUOUS
10
6.5745681102362203
20
-3.6484516141732284
11
6.5738188976377954
21
-3.6446850393700787
0
LINE
8
BLACK
6
CONTINUOUS
10
6.5738188976377954
20
-3.6446850393700787
11
6.5738188976377954
21
-3.6072834645669292
0
LINE
8
BLACK
6
CONTINUOUS
10
6.5738188976377954
20
-3.6072834645669292
11
6.5745681102362203
21
-3.6035168897637795
0
LINE
8
BLACK
6
CONTINUOUS
10
6.5745681102362203
20
-3.6035168897637795
11
6.5767016929133852
21
-3.6003237401574801
0
LINE
8
BLACK
6
CONTINUOUS
10
6.5767016929133852
20
-3.6003237401574801
11
6.5798948425196846
21
-3.5981901574803148
0
LINE
8
BLACK
6
CONTINUOUS
10
6.5798948425196846
20
-3.5981901574803148
11
6.5836614173228343
21
-3.5974409448818898
0
LINE
8
BLACK
6
CONTINUOUS
10
6.5836614173228343
20
-3.5974409448818898
11
6.6102362204724407
21
-3.5974409448818898
0
LINE
8
BLACK
6
CONTINUOUS
10
6.6102362204724407
20
-3.5974409448818898
11
6.6140027952755904
21
-3.5981901574803148
0
LINE
8
BLACK
6
CONTINUOUS
10
6.6956957086614173
20
-3.5981901574803148
11
6.6988888582677166
21
-3.6003237401574801
0
LINE
8
BLACK
6
CONTINUOUS
10
6.6988888582677166
20
-3.6003237401574801
11
6.7010224409448815
21
-3.6035168897637795
0
LINE
8
BLACK
6
CONTINUOUS
10
6.7010224409448815
20
-3.6035168897637795
11
6.7017716535433065
21
-3.6072834645669292
0
LINE
8
BLACK
6
CONTINUOUS
10
6.7017716535433065
20
-3.6072834645669292
11
6.7017716535433065
21
-3.6446850393700787
0
LINE
8
BLACK
6
CONTINUOUS
10
6.7017716535433065
20
-3.6446850393700787
11
6.7010224409448815
21
-3.6484516141732284
0
LINE
8
BLACK
6
CONTINUOUS
10
6.7010224409448815
20
-3.6484516141732284
11
6.6988888582677166
21
-3.6516447637795273
0
LINE
8
BLACK
6
CONTINUOUS
10
6.6988888582677166
20
-3.6516447637795273
11
6.6956957086614173
21
-3.6537783464566926
0
LINE
8
BLACK
6
CONTINUOUS
10
6.6956957086614173
20
-3.6537783464566926
11
6.6919291338582676
21
-3.6545275590551181
0
LINE
8
BLACK
6
CONTINUOUS
10
6.6919291338582676
20
-3.6545275590551181
11
6.6653543307086611
21
-3.6545275590551181
0
LINE
8
BLACK
6
CONTINUOUS
10
6.6653543307086611
20
-3.6545275590551181
11
6.6615877559055114
21
-3.6537783464566926
0
LINE
8
BLACK
6
CONTINUOUS
10
6.6615877559055114
20
-3.6537783464566926
11
6.6583946062992121
21
-3.6516447637795273
0
LINE
8
BLACK
6
CONTINUOUS
10
6.6583946062992121
20
-3.6516447637795273
11
6.6562610236220472
21
-3.6484516141732284
0
LINE
8
BLACK
6
CONTINUOUS
10
6.6562610236220472
20
-3.6484516141732284
11
6.6555118110236222
21
-3.6446850393700787
0
LINE
8
BLACK
6
CONTINUOUS
10
6.6555118110236222
20
-3.6446850393700787
11
6.6555118110236222
21
-3.6072834645669292
0
LINE
8
BLACK
6
CONTINUOUS
10
6.6555118110236222
20
-3.6072834645669292
11
6.6562610236220472
21
-3.6035168897637795
0
LINE
8
BLACK
6
CONTINUOUS
10
6.6562610236220472
20
-3.6035168897637795
11
6.6583946062992121
21
-3.6003237401574801
0
LINE
8
BLACK
6
CONTINUOUS
10
6.6583946062992121
20
-3.6003237401574801
11
6.6615877559055114
21
-3.5981901574803148
0
LINE
8
BLACK
6
CONTINUOUS
10
6.6615877559055114
20
-3.5981901574803148
11
6.6653543307086611
21
-3.5974409448818898
0
LINE
8
BLACK
6
CONTINUOUS
10
6.6653543307086611
20
-3.5974409448818898
11
6.6919291338582676
21
-3.5974409448818898
0
LINE
8
BLACK
6
CONTINUOUS
10
6.6919291338582676
20
-3.5974409448818898
11
6.6956957086614173
21
-3.5981901574803148
0
LINE
8
BLACK
6
CONTINUOUS
10
8.6466799606299212
20
-3.5952374015748032
11
8.6498731102362196
21
-3.5973709842519686
0
LINE
8
BLACK
6
CONTINUOUS
10
8.6498731102362196
20
-3.5973709842519686
11
8.6520066929133854
21
-3.6005641338582675
0
LINE
8
BLACK
6
CONTINUOUS
10
8.6520066929133854
20
-3.6005641338582675
11
8.6527559055118104
21
-3.6043307086614171
0
LINE
8
BLACK
6
CONTINUOUS
10
8.6527559055118104
20
-3.6043307086614171
11
8.6527559055118104
21
-3.6318897637795273
0
LINE
8
BLACK
6
CONTINUOUS
10
8.6527559055118104
20
-3.6318897637795273
11
8.6520066929133854
21
-3.635656338582677
0
LINE
8
BLACK
6
CONTINUOUS
10
8.6520066929133854
20
-3.635656338582677
11
8.6498731102362196
21
-3.6388494881889764
0
LINE
8
BLACK
6
CONTINUOUS
10
8.6498731102362196
20
-3.6388494881889764
11
8.6466799606299212
21
-3.6409830708661417
0
LINE
8
BLACK
6
CONTINUOUS
10
8.6466799606299212
20
-3.6409830708661417
11
8.6429133858267715
21
-3.6417322834645667
0
LINE
8
BLACK
6
CONTINUOUS
10
8.6429133858267715
20
-3.6417322834645667
11
8.6074803149606289
21
-3.6417322834645667
0
LINE
8
BLACK
6
CONTINUOUS
10
8.6074803149606289
20
-3.6417322834645667
11
8.6037137401574793
21
-3.6409830708661417
0
LINE
8
BLACK
6
CONTINUOUS
10
8.6037137401574793
20
-3.6409830708661417
11
8.6005205905511808
21
-3.6388494881889764
0
LINE
8
BLACK
6
CONTINUOUS
10
8.6005205905511808
20
-3.6388494881889764
11
8.598387007874015
21
-3.635656338582677
0
LINE
8
BLACK
6
CONTINUOUS
10
8.598387007874015
20
-3.635656338582677
11
8.59763779527559
21
-3.6318897637795273
0
LINE
8
BLACK
6
CONTINUOUS
10
8.59763779527559
20
-3.6318897637795273
11
8.59763779527559
21
-3.6043307086614171
0
LINE
8
BLACK
6
CONTINUOUS
10
8.59763779527559
20
-3.6043307086614171
11
8.598387007874015
21
-3.6005641338582675
0
LINE
8
BLACK
6
CONTINUOUS
10
8.598387007874015
20
-3.6005641338582675
11
8.6005205905511808
21
-3.5973709842519686
0
LINE
8
BLACK
6
CONTINUOUS
10
8.6005205905511808
20
-3.5973709842519686
11
8.6037137401574793
21
-3.5952374015748032
0
LINE
8
BLACK
6
CONTINUOUS
10
8.6037137401574793
20
-3.5952374015748032
11
8.6074803149606289
21
-3.5944881889763778
0
LINE
8
BLACK
6
CONTINUOUS
10
8.6074803149606289
20
-3.5944881889763778
11
8.6429133858267715
21
-3.5944881889763778
0
LINE
8
BLACK
6
CONTINUOUS
10
8.6429133858267715
20
-3.5944881889763778
11
8.6466799606299212
21
-3.5952374015748032
0
LINE
8
BLACK
6
CONTINUOUS
10
4.3507874015748031
20
-3.6385826771653544
11
4.291732283464567
21
-3.6385826771653544
0
LINE
8
BLACK
6
CONTINUOUS
10
4.291732283464567
20
-3.6385826771653544
11
4.291732283464567
21
-3.6031496062992123
0
LINE
8
BLACK
6
CONTINUOUS
10
4.291732283464567
20
-3.6031496062992123
11
4.3507874015748031
21
-3.6031496062992123
0
LINE
8
BLACK
6
CONTINUOUS
10
4.3507874015748031
20
-3.6031496062992123
11
4.3507874015748031
21
-3.6385826771653544
0
LINE
8
BLACK
6
CONTINUOUS
10
5.0397637795275587
20
-3.6385826771653544
11
4.9807086614173226
21
-3.6385826771653544
0
LINE
8
BLACK
6
CONTINUOUS
10
4.9807086614173226
20
-3.6385826771653544
11
4.9807086614173226
21
-3.6031496062992123
0
LINE
8
BLACK
6
CONTINUOUS
10
4.9807086614173226
20
-3.6031496062992123
11
5.0397637795275587
21
-3.6031496062992123
0
LINE
8
BLACK
6
CONTINUOUS
10
5.0397637795275587
20
-3.6031496062992123
11
5.0397637795275587
21
-3.6385826771653544
0
LINE
8
BLACK
6
CONTINUOUS
10
7.7466799606299208
20
-3.5893318897637796
11
7.7498731102362202
21
-3.5914654724409449
0
LINE
8
BLACK
6
CONTINUOUS
10
7.7498731102362202
20
-3.5914654724409449
11
7.752006692913386
21
-3.5946586220472438
0
LINE
8
BLACK
6
CONTINUOUS
10
7.752006692913386
20
-3.5946586220472438
11
7.7527559055118109
21
-3.5984251968503935
0
LINE
8
BLACK
6
CONTINUOUS
10
7.7527559055118109
20
-3.5984251968503935
11
7.7527559055118109
21
-3.6259842519685037
0
LINE
8
BLACK
6
CONTINUOUS
10
7.7527559055118109
20
-3.6259842519685037
11
7.752006692913386
21
-3.6297508267716534
0
LINE
8
BLACK
6
CONTINUOUS
10
7.752006692913386
20
-3.6297508267716534
11
7.7498731102362202
21
-3.6329439763779527
0
LINE
8
BLACK
6
CONTINUOUS
10
7.7498731102362202
20
-3.6329439763779527
11
7.7466799606299208
21
-3.6350775590551181
0
LINE
8
BLACK
6
CONTINUOUS
10
7.7466799606299208
20
-3.6350775590551181
11
7.7429133858267711
21
-3.6358267716535431
0
LINE
8
BLACK
6
CONTINUOUS
10
7.7429133858267711
20
-3.6358267716535431
11
7.7074803149606295
21
-3.6358267716535431
0
LINE
8
BLACK
6
CONTINUOUS
10
7.7074803149606295
20
-3.6358267716535431
11
7.7037137401574798
21
-3.6350775590551181
0
LINE
8
BLACK
6
CONTINUOUS
10
7.7037137401574798
20
-3.6350775590551181
11
7.7005205905511813
21
-3.6329439763779527
0
LINE
8
BLACK
6
CONTINUOUS
10
7.7005205905511813
20
-3.6329439763779527
11
7.6983870078740155
21
-3.6297508267716534
0
LINE
8
BLACK
6
CONTINUOUS
10
7.6983870078740155
20
-3.6297508267716534
11
7.6976377952755906
21
-3.6259842519685037
0
LINE
8
BLACK
6
CONTINUOUS
10
7.6976377952755906
20
-3.6259842519685037
11
7.6976377952755906
21
-3.5984251968503935
0
LINE
8
BLACK
6
CONTINUOUS
10
7.6976377952755906
20
-3.5984251968503935
11
7.6983870078740155
21
-3.5946586220472438
0
LINE
8
BLACK
6
CONTINUOUS
10
7.6983870078740155
20
-3.5946586220472438
11
7.7005205905511813
21
-3.5914654724409449
0
LINE
8
BLACK
6
CONTINUOUS
10
7.7005205905511813
20
-3.5914654724409449
11
7.7037137401574798
21
-3.5893318897637796
0
LINE
8
BLACK
6
CONTINUOUS
10
7.7037137401574798
20
-3.5893318897637796
11
7.7074803149606295
21
-3.5885826771653542
0
LINE
8
BLACK
6
CONTINUOUS
10
7.7074803149606295
20
-3.5885826771653542
11
7.7429133858267711
21
-3.5885826771653542
0
LINE
8
BLACK
6
CONTINUOUS
10
7.7429133858267711
20
-3.5885826771653542
11
7.7466799606299208
21
-3.5893318897637796
0
LINE
8
BLACK
6
CONTINUOUS
10
7.8856563385826766
20
-3.5865759842519682
11
7.8888494881889759
21
-3.5887095669291336
0
LINE
8
BLACK
6
CONTINUOUS
10
7.8888494881889759
20
-3.5887095669291336
11
7.8909830708661417
21
-3.5919027165354329
0
LINE
8
BLACK
6
CONTINUOUS
10
7.8909830708661417
20
-3.5919027165354329
11
7.8917322834645667
21
-3.5956692913385826
0
LINE
8
BLACK
6
CONTINUOUS
10
7.8917322834645667
20
-3.5956692913385826
11
7.8917322834645667
21
-3.6232283464566928
0
LINE
8
BLACK
6
CONTINUOUS
10
7.8917322834645667
20
-3.6232283464566928
11
7.8909830708661417
21
-3.6269949212598425
0
LINE
8
BLACK
6
CONTINUOUS
10
7.8909830708661417
20
-3.6269949212598425
11
7.8888494881889759
21
-3.6301880708661418
0
LINE
8
BLACK
6
CONTINUOUS
10
7.8888494881889759
20
-3.6301880708661418
11
7.8856563385826766
21
-3.6323216535433072
0
LINE
8
BLACK
6
CONTINUOUS
10
7.8856563385826766
20
-3.6323216535433072
11
7.8818897637795278
21
-3.6330708661417321
0
LINE
8
BLACK
6
CONTINUOUS
10
7.8818897637795278
20
-3.6330708661417321
11
7.8464566929133852
21
-3.6330708661417321
0
LINE
8
BLACK
6
CONTINUOUS
10
7.8464566929133852
20
-3.6330708661417321
11
7.8426901181102364
21
-3.6323216535433072
0
LINE
8
BLACK
6
CONTINUOUS
10
7.8426901181102364
20
-3.6323216535433072
11
7.8394969685039371
21
-3.6301880708661418
0
LINE
8
BLACK
6
CONTINUOUS
10
7.8394969685039371
20
-3.6301880708661418
11
7.8373633858267713
21
-3.6269949212598425
0
LINE
8
BLACK
6
CONTINUOUS
10
7.8373633858267713
20
-3.6269949212598425
11
7.8366141732283463
21
-3.6232283464566928
0
LINE
8
BLACK
6
CONTINUOUS
10
7.8366141732283463
20
-3.6232283464566928
11
7.8366141732283463
21
-3.5956692913385826
0
LINE
8
BLACK
6
CONTINUOUS
10
7.8366141732283463
20
-3.5956692913385826
11
7.8373633858267713
21
-3.5919027165354329
0
LINE
8
BLACK
6
CONTINUOUS
10
7.8373633858267713
20
-3.5919027165354329
11
7.8394969685039371
21
-3.5887095669291336
0
LINE
8
BLACK
6
CONTINUOUS
10
7.8394969685039371
20
-3.5887095669291336
11
7.8426901181102364
21
-3.5865759842519682
0
LINE
8
BLACK
6
CONTINUOUS
10
7.8426901181102364
20
-3.5865759842519682
11
7.8464566929133852
21
-3.5858267716535432
0
LINE
8
BLACK
6
CONTINUOUS
10
7.8464566929133852
20
-3.5858267716535432
11
7.8818897637795278
21
-3.5858267716535432
0
LINE
8
BLACK
6
CONTINUOUS
10
7.8818897637795278
20
-3.5858267716535432
11
7.8856563385826766
21
-3.5865759842519682
0
LINE
8
BLACK
6
CONTINUOUS
10
8.2736220472440944
20
-3.6291338582677164
11
8.2145669291338574
21
-3.6291338582677164
0
LINE
8
BLACK
6
CONTINUOUS
10
8.2145669291338574
20
-3.6291338582677164
11
8.2145669291338574
21
-3.6035433070866141
0
LINE
8
BLACK
6
CONTINUOUS
10
8.2145669291338574
20
-3.6035433070866141
11
8.2736220472440944
21
-3.6035433070866141
0
LINE
8
BLACK
6
CONTINUOUS
10
8.2736220472440944
20
-3.6035433070866141
11
8.2736220472440944
21
-3.6291338582677164
0
LINE
8
BLACK
6
CONTINUOUS
10
8.4862204724409445
20
-3.6291338582677164
11
8.4271653543307092
21
-3.6291338582677164
0
LINE
8
BLACK
6
CONTINUOUS
10
8.4271653543307092
20
-3.6291338582677164
11
8.4271653543307092
21
-3.6035433070866141
0
LINE
8
BLACK
6
CONTINUOUS
10
8.4271653543307092
20
-3.6035433070866141
11
8.4862204724409445
21
-3.6035433070866141
0
LINE
8
BLACK
6
CONTINUOUS
10
8.4862204724409445
20
-3.6035433070866141
11
8.4862204724409445
21
-3.6291338582677164
0
LINE
8
BLACK
6
CONTINUOUS
10
3.8679398031496062
20
-3.5511429133858265
11
3.8711329527559055
21
-3.5532764960629919
0
LINE
8
BLACK
6
CONTINUOUS
10
3.8711329527559055
20
-3.5532764960629919
11
3.8732665354330709
21
-3.5564696456692912
0
LINE
8
BLACK
6
CONTINUOUS
10
3.8732665354330709
20
-3.5564696456692912
11
3.8740157480314958
21
-3.5602362204724409
0
LINE
8
BLACK
6
CONTINUOUS
10
3.8740157480314958
20
-3.5602362204724409
11
3.8740157480314958
21
-3.5877952755905511
0
LINE
8
BLACK
6
CONTINUOUS
10
3.8740157480314958
20
-3.5877952755905511
11
3.8732665354330709
21
-3.5915618503937008
0
LINE
8
BLACK
6
CONTINUOUS
10
3.8732665354330709
20
-3.5915618503937008
11
3.8711329527559055
21
-3.5947549999999997
0
LINE
8
BLACK
6
CONTINUOUS
10
3.8711329527559055
20
-3.5947549999999997
11
3.8679398031496062
21
-3.5968885826771655
0
LINE
8
BLACK
6
CONTINUOUS
10
3.8679398031496062
20
-3.5968885826771655
11
3.8641732283464565
21
-3.5976377952755905
0
LINE
8
BLACK
6
CONTINUOUS
10
3.8641732283464565
20
-3.5976377952755905
11
3.8287401574803148
21
-3.5976377952755905
0
LINE
8
BLACK
6
CONTINUOUS
10
3.8287401574803148
20
-3.5976377952755905
11
3.8249735826771651
21
-3.5968885826771655
0
LINE
8
BLACK
6
CONTINUOUS
10
3.8249735826771651
20
-3.5968885826771655
11
3.8217804330708662
21
-3.5947549999999997
0
LINE
8
BLACK
6
CONTINUOUS
10
3.8217804330708662
20
-3.5947549999999997
11
3.8196468503937009
21
-3.5915618503937008
0
LINE
8
BLACK
6
CONTINUOUS
10
3.8196468503937009
20
-3.5915618503937008
11
3.8188976377952755
21
-3.5877952755905511
0
LINE
8
BLACK
6
CONTINUOUS
10
3.8188976377952755
20
-3.5877952755905511
11
3.8188976377952755
21
-3.5602362204724409
0
LINE
8
BLACK
6
CONTINUOUS
10
3.8188976377952755
20
-3.5602362204724409
11
3.8196468503937009
21
-3.5564696456692912
0
LINE
8
BLACK
6
CONTINUOUS
10
3.8196468503937009
20
-3.5564696456692912
11
3.8217804330708662
21
-3.5532764960629919
0
LINE
8
BLACK
6
CONTINUOUS
10
3.8217804330708662
20
-3.5532764960629919
11
3.8249735826771651
21
-3.5511429133858265
0
LINE
8
BLACK
6
CONTINUOUS
10
3.8249735826771651
20
-3.5511429133858265
11
3.8287401574803148
21
-3.5503937007874016
0
LINE
8
BLACK
6
CONTINUOUS
10
3.8287401574803148
20
-3.5503937007874016
11
3.8641732283464565
21
-3.5503937007874016
0
LINE
8
BLACK
6
CONTINUOUS
10
3.8641732283464565
20
-3.5503937007874016
11
3.8679398031496062
21
-3.5511429133858265
0
LINE
8
BLACK
6
CONTINUOUS
10
4.3507874015748031
20
-3.5885826771653542
11
4.291732283464567
21
-3.5885826771653542
0
LINE
8
BLACK
6
CONTINUOUS
10
4.291732283464567
20
-3.5885826771653542
11
4.291732283464567
21
-3.5531496062992125
0
LINE
8
BLACK
6
CONTINUOUS
10
4.291732283464567
20
-3.5531496062992125
11
4.3507874015748031
21
-3.5531496062992125
0
LINE
8
BLACK
6
CONTINUOUS
10
4.3507874015748031
20
-3.5531496062992125
11
4.3507874015748031
21
-3.5885826771653542
0
LINE
8
BLACK
6
CONTINUOUS
10
5.0397637795275587
20
-3.5885826771653542
11
4.9807086614173226
21
-3.5885826771653542
0
LINE
8
BLACK
6
CONTINUOUS
10
4.9807086614173226
20
-3.5885826771653542
11
4.9807086614173226
21
-3.5531496062992125
0
LINE
8
BLACK
6
CONTINUOUS
10
4.9807086614173226
20
-3.5531496062992125
11
5.0397637795275587
21
-3.5531496062992125
0
LINE
8
BLACK
6
CONTINUOUS
10
5.0397637795275587
20
-3.5531496062992125
11
5.0397637795275587
21
-3.5885826771653542
0
LINE
8
BLACK
6
CONTINUOUS
10
8.2736220472440944
20
-3.5791338582677166
11
8.2145669291338574
21
-3.5791338582677166
0
LINE
8
BLACK
6
CONTINUOUS
10
8.2145669291338574
20
-3.5791338582677166
11
8.2145669291338574
21
-3.5535433070866143
0
LINE
8
BLACK
6
CONTINUOUS
10
8.2145669291338574
20
-3.5535433070866143
11
8.2736220472440944
21
-3.5535433070866143
0
LINE
8
BLACK
6
CONTINUOUS
10
8.2736220472440944
20
-3.5535433070866143
11
8.2736220472440944
21
-3.5791338582677166
0
LINE
8
BLACK
6
CONTINUOUS
10
8.4862204724409445
20
-3.5791338582677166
11
8.4271653543307092
21
-3.5791338582677166
0
LINE
8
BLACK
6
CONTINUOUS
10
8.4271653543307092
20
-3.5791338582677166
11
8.4271653543307092
21
-3.5535433070866143
0
LINE
8
BLACK
6
CONTINUOUS
10
8.4271653543307092
20
-3.5535433070866143
11
8.4862204724409445
21
-3.5535433070866143
0
LINE
8
BLACK
6
CONTINUOUS
10
8.4862204724409445
20
-3.5535433070866143
11
8.4862204724409445
21
-3.5791338582677166
0
LINE
8
BLACK
6
CONTINUOUS
10
6.962427992125984
20
-3.5086232283464565
11
6.9656211417322833
21
-3.5107568110236218
0
LINE
8
BLACK
6
CONTINUOUS
10
6.9656211417322833
20
-3.5107568110236218
11
6.9677547244094491
21
-3.5139499606299212
0
LINE
8
BLACK
6
CONTINUOUS
10
6.9677547244094491
20
-3.5139499606299212
11
6.9685039370078741
21
-3.5177165354330708
0
LINE
8
BLACK
6
CONTINUOUS
10
6.9685039370078741
20
-3.5177165354330708
11
6.9685039370078741
21
-3.5531496062992125
0
LINE
8
BLACK
6
CONTINUOUS
10
6.9685039370078741
20
-3.5531496062992125
11
6.9677547244094491
21
-3.5569161811023622
0
LINE
8
BLACK
6
CONTINUOUS
10
6.9677547244094491
20
-3.5569161811023622
11
6.9656211417322833
21
-3.5601093307086615
0
LINE
8
BLACK
6
CONTINUOUS
10
6.9656211417322833
20
-3.5601093307086615
11
6.962427992125984
21
-3.5622429133858269
0
LINE
8
BLACK
6
CONTINUOUS
10
6.962427992125984
20
-3.5622429133858269
11
6.9586614173228343
21
-3.5629921259842519
0
LINE
8
BLACK
6
CONTINUOUS
10
6.9586614173228343
20
-3.5629921259842519
11
6.9311023622047241
21
-3.5629921259842519
0
LINE
8
BLACK
6
CONTINUOUS
10
6.9311023622047241
20
-3.5629921259842519
11
6.9273357874015744
21
-3.5622429133858269
0
LINE
8
BLACK
6
CONTINUOUS
10
6.9273357874015744
20
-3.5622429133858269
11
6.9241426377952751
21
-3.5601093307086615
0
LINE
8
BLACK
6
CONTINUOUS
10
6.9241426377952751
20
-3.5601093307086615
11
6.9220090551181102
21
-3.5569161811023622
0
LINE
8
BLACK
6
CONTINUOUS
10
6.9220090551181102
20
-3.5569161811023622
11
6.9212598425196852
21
-3.5531496062992125
0
LINE
8
BLACK
6
CONTINUOUS
10
6.9212598425196852
20
-3.5531496062992125
11
6.9212598425196852
21
-3.5177165354330708
0
LINE
8
BLACK
6
CONTINUOUS
10
6.9212598425196852
20
-3.5177165354330708
11
6.9220090551181102
21
-3.5139499606299212
0
LINE
8
BLACK
6
CONTINUOUS
10
6.9220090551181102
20
-3.5139499606299212
11
6.9241426377952751
21
-3.5107568110236218
0
LINE
8
BLACK
6
CONTINUOUS
10
6.9241426377952751
20
-3.5107568110236218
11
6.9273357874015744
21
-3.5086232283464565
0
LINE
8
BLACK
6
CONTINUOUS
10
6.9273357874015744
20
-3.5086232283464565
11
6.9311023622047241
21
-3.5078740157480315
0
LINE
8
BLACK
6
CONTINUOUS
10
6.9311023622047241
20
-3.5078740157480315
11
6.9586614173228343
21
-3.5078740157480315
0
LINE
8
BLACK
6
CONTINUOUS
10
6.9586614173228343
20
-3.5078740157480315
11
6.962427992125984
21
-3.5086232283464565
0
LINE
8
BLACK
6
CONTINUOUS
10
7.0411681496062988
20
-3.5086232283464565
11
7.0443612992125981
21
-3.5107568110236218
0
LINE
8
BLACK
6
CONTINUOUS
10
7.0443612992125981
20
-3.5107568110236218
11
7.0464948818897639
21
-3.5139499606299212
0
LINE
8
BLACK
6
CONTINUOUS
10
7.0464948818897639
20
-3.5139499606299212
11
7.0472440944881889
21
-3.5177165354330708
0
LINE
8
BLACK
6
CONTINUOUS
10
7.0472440944881889
20
-3.5177165354330708
11
7.0472440944881889
21
-3.5531496062992125
0
LINE
8
BLACK
6
CONTINUOUS
10
7.0472440944881889
20
-3.5531496062992125
11
7.0464948818897639
21
-3.5569161811023622
0
LINE
8
BLACK
6
CONTINUOUS
10
7.0464948818897639
20
-3.5569161811023622
11
7.0443612992125981
21
-3.5601093307086615
0
LINE
8
BLACK
6
CONTINUOUS
10
7.0443612992125981
20
-3.5601093307086615
11
7.0411681496062988
21
-3.5622429133858269
0
LINE
8
BLACK
6
CONTINUOUS
10
7.0411681496062988
20
-3.5622429133858269
11
7.0374015748031491
21
-3.5629921259842519
0
LINE
8
BLACK
6
CONTINUOUS
10
7.0374015748031491
20
-3.5629921259842519
11
7.0098425196850389
21
-3.5629921259842519
0
LINE
8
BLACK
6
CONTINUOUS
10
7.0098425196850389
20
-3.5629921259842519
11
7.0060759448818892
21
-3.5622429133858269
0
LINE
8
BLACK
6
CONTINUOUS
10
7.0060759448818892
20
-3.5622429133858269
11
7.0028827952755908
21
-3.5601093307086615
0
LINE
8
BLACK
6
CONTINUOUS
10
7.0028827952755908
20
-3.5601093307086615
11
7.000749212598425
21
-3.5569161811023622
0
LINE
8
BLACK
6
CONTINUOUS
10
7.000749212598425
20
-3.5569161811023622
11
7.
21
-3.5531496062992125
0
LINE
8
BLACK
6
CONTINUOUS
10
7.
20
-3.5531496062992125
11
7.
21
-3.5177165354330708
0
LINE
8
BLACK
6
CONTINUOUS
10
7.
20
-3.5177165354330708
11
7.000749212598425
21
-3.5139499606299212
0
LINE
8
BLACK
6
CONTINUOUS
10
7.000749212598425
20
-3.5139499606299212
11
7.0028827952755908
21
-3.5107568110236218
0
LINE
8
BLACK
6
CONTINUOUS
10
7.0028827952755908
20
-3.5107568110236218
11
7.0060759448818892
21
-3.5086232283464565
0
LINE
8
BLACK
6
CONTINUOUS
10
7.0060759448818892
20
-3.5086232283464565
11
7.0098425196850389
21
-3.5078740157480315
0
LINE
8
BLACK
6
CONTINUOUS
10
7.0098425196850389
20
-3.5078740157480315
11
7.0374015748031491
21
-3.5078740157480315
0
LINE
8
BLACK
6
CONTINUOUS
10
7.0374015748031491
20
-3.5078740157480315
11
7.0411681496062988
21
-3.5086232283464565
0
LINE
8
BLACK
6
CONTINUOUS
10
8.6466799606299212
20
-3.5164972440944879
11
8.6498731102362196
21
-3.5186308267716533
0
LINE
8
BLACK
6
CONTINUOUS
10
8.6498731102362196
20
-3.5186308267716533
11
8.6520066929133854
21
-3.5218239763779526
0
LINE
8
BLACK
6
CONTINUOUS
10
8.6520066929133854
20
-3.5218239763779526
11
8.6527559055118104
21
-3.5255905511811023
0
LINE
8
BLACK
6
CONTINUOUS
10
8.6527559055118104
20
-3.5255905511811023
11
8.6527559055118104
21
-3.5531496062992125
0
LINE
8
BLACK
6
CONTINUOUS
10
8.6527559055118104
20
-3.5531496062992125
11
8.6520066929133854
21
-3.5569161811023622
0
LINE
8
BLACK
6
CONTINUOUS
10
8.6520066929133854
20
-3.5569161811023622
11
8.6498731102362196
21
-3.5601093307086615
0
LINE
8
BLACK
6
CONTINUOUS
10
8.6498731102362196
20
-3.5601093307086615
11
8.6466799606299212
21
-3.5622429133858269
0
LINE
8
BLACK
6
CONTINUOUS
10
8.6466799606299212
20
-3.5622429133858269
11
8.6429133858267715
21
-3.5629921259842519
0
LINE
8
BLACK
6
CONTINUOUS
10
8.6429133858267715
20
-3.5629921259842519
11
8.6074803149606289
21
-3.5629921259842519
0
LINE
8
BLACK
6
CONTINUOUS
10
8.6074803149606289
20
-3.5629921259842519
11
8.6037137401574793
21
-3.5622429133858269
0
LINE
8
BLACK
6
CONTINUOUS
10
8.6037137401574793
20
-3.5622429133858269
11
8.6005205905511808
21
-3.5601093307086615
0
LINE
8
BLACK
6
CONTINUOUS
10
8.6005205905511808
20
-3.5601093307086615
11
8.598387007874015
21
-3.5569161811023622
0
LINE
8
BLACK
6
CONTINUOUS
10
8.598387007874015
20
-3.5569161811023622
11
8.59763779527559
21
-3.5531496062992125
0
LINE
8
BLACK
6
CONTINUOUS
10
8.59763779527559
20
-3.5531496062992125
11
8.59763779527559
21
-3.5255905511811023
0
LINE
8
BLACK
6
CONTINUOUS
10
8.59763779527559
20
-3.5255905511811023
11
8.598387007874015
21
-3.5218239763779526
0
LINE
8
BLACK
6
CONTINUOUS
10
8.598387007874015
20
-3.5218239763779526
11
8.6005205905511808
21
-3.5186308267716533
0
LINE
8
BLACK
6
CONTINUOUS
10
8.6005205905511808
20
-3.5186308267716533
11
8.6037137401574793
21
-3.5164972440944879
0
LINE
8
BLACK
6
CONTINUOUS
10
8.6037137401574793
20
-3.5164972440944879
11
8.6074803149606289
21
-3.515748031496063
0
LINE
8
BLACK
6
CONTINUOUS
10
8.6074803149606289
20
-3.515748031496063
11
8.6429133858267715
21
-3.515748031496063
0
LINE
8
BLACK
6
CONTINUOUS
10
8.6429133858267715
20
-3.515748031496063
11
8.6466799606299212
21
-3.5164972440944879
0
LINE
8
BLACK
6
CONTINUOUS
10
7.7466799606299208
20
-3.5105917322834643
11
7.7498731102362202
21
-3.5127253149606297
0
LINE
8
BLACK
6
CONTINUOUS
10
7.7498731102362202
20
-3.5127253149606297
11
7.752006692913386
21
-3.515918464566929
0
LINE
8
BLACK
6
CONTINUOUS
10
7.752006692913386
20
-3.515918464566929
11
7.7527559055118109
21
-3.5196850393700787
0
LINE
8
BLACK
6
CONTINUOUS
10
7.7527559055118109
20
-3.5196850393700787
11
7.7527559055118109
21
-3.5472440944881889
0
LINE
8
BLACK
6
CONTINUOUS
10
7.7527559055118109
20
-3.5472440944881889
11
7.752006692913386
21
-3.5510106692913386
0
LINE
8
BLACK
6
CONTINUOUS
10
7.752006692913386
20
-3.5510106692913386
11
7.7498731102362202
21
-3.5542038188976379
0
LINE
8
BLACK
6
CONTINUOUS
10
7.7498731102362202
20
-3.5542038188976379
11
7.7466799606299208
21
-3.5563374015748033
0
LINE
8
BLACK
6
CONTINUOUS
10
7.7466799606299208
20
-3.5563374015748033
11
7.7429133858267711
21
-3.5570866141732282
0
LINE
8
BLACK
6
CONTINUOUS
10
7.7429133858267711
20
-3.5570866141732282
11
7.7074803149606295
21
-3.5570866141732282
0
LINE
8
BLACK
6
CONTINUOUS
10
7.7074803149606295
20
-3.5570866141732282
11
7.7037137401574798
21
-3.5563374015748033
0
LINE
8
BLACK
6
CONTINUOUS
10
7.7037137401574798
20
-3.5563374015748033
11
7.7005205905511813
21
-3.5542038188976379
0
LINE
8
BLACK
6
CONTINUOUS
10
7.7005205905511813
20
-3.5542038188976379
11
7.6983870078740155
21
-3.5510106692913386
0
LINE
8
BLACK
6
CONTINUOUS
10
7.6983870078740155
20
-3.5510106692913386
11
7.6976377952755906
21
-3.5472440944881889
0
LINE
8
BLACK
6
CONTINUOUS
10
7.6976377952755906
20
-3.5472440944881889
11
7.6976377952755906
21
-3.5196850393700787
0
LINE
8
BLACK
6
CONTINUOUS
10
7.6976377952755906
20
-3.5196850393700787
11
7.6983870078740155
21
-3.515918464566929
0
LINE
8
BLACK
6
CONTINUOUS
10
7.6983870078740155
20
-3.515918464566929
11
7.7005205905511813
21
-3.5127253149606297
0
LINE
8
BLACK
6
CONTINUOUS
10
7.7005205905511813
20
-3.5127253149606297
11
7.7037137401574798
21
-3.5105917322834643
0
LINE
8
BLACK
6
CONTINUOUS
10
7.7037137401574798
20
-3.5105917322834643
11
7.7074803149606295
21
-3.5098425196850394
0
LINE
8
BLACK
6
CONTINUOUS
10
7.7074803149606295
20
-3.5098425196850394
11
7.7429133858267711
21
-3.5098425196850394
0
LINE
8
BLACK
6
CONTINUOUS
10
7.7429133858267711
20
-3.5098425196850394
11
7.7466799606299208
21
-3.5105917322834643
0
LINE
8
BLACK
6
CONTINUOUS
10
7.8856563385826766
20
-3.5078358267716534
11
7.8888494881889759
21
-3.5099694094488187
0
LINE
8
BLACK
6
CONTINUOUS
10
7.8888494881889759
20
-3.5099694094488187
11
7.8909830708661417
21
-3.5131625590551181
0
LINE
8
BLACK
6
CONTINUOUS
10
7.8909830708661417
20
-3.5131625590551181
11
7.8917322834645667
21
-3.5169291338582678
0
LINE
8
BLACK
6
CONTINUOUS
10
7.8917322834645667
20
-3.5169291338582678
11
7.8917322834645667
21
-3.544488188976378
0
LINE
8
BLACK
6
CONTINUOUS
10
7.8917322834645667
20
-3.544488188976378
11
7.8909830708661417
21
-3.5482547637795276
0
LINE
8
BLACK
6
CONTINUOUS
10
7.8909830708661417
20
-3.5482547637795276
11
7.8888494881889759
21
-3.5514479133858265
0
LINE
8
BLACK
6
CONTINUOUS
10
7.8888494881889759
20
-3.5514479133858265
11
7.8856563385826766
21
-3.5535814960629919
0
LINE
8
BLACK
6
CONTINUOUS
10
7.8856563385826766
20
-3.5535814960629919
11
7.8818897637795278
21
-3.5543307086614173
0
LINE
8
BLACK
6
CONTINUOUS
10
7.8818897637795278
20
-3.5543307086614173
11
7.8464566929133852
21
-3.5543307086614173
0
LINE
8
BLACK
6
CONTINUOUS
10
7.8464566929133852
20
-3.5543307086614173
11
7.8426901181102364
21
-3.5535814960629919
0
LINE
8
BLACK
6
CONTINUOUS
10
7.8426901181102364
20
-3.5535814960629919
11
7.8394969685039371
21
-3.5514479133858265
0
LINE
8
BLACK
6
CONTINUOUS
10
7.8394969685039371
20
-3.5514479133858265
11
7.8373633858267713
21
-3.5482547637795276
0
LINE
8
BLACK
6
CONTINUOUS
10
7.8373633858267713
20
-3.5482547637795276
11
7.8366141732283463
21
-3.544488188976378
0
LINE
8
BLACK
6
CONTINUOUS
10
7.8366141732283463
20
-3.544488188976378
11
7.8366141732283463
21
-3.5169291338582678
0
LINE
8
BLACK
6
CONTINUOUS
10
7.8366141732283463
20
-3.5169291338582678
11
7.8373633858267713
21
-3.5131625590551181
0
LINE
8
BLACK
6
CONTINUOUS
10
7.8373633858267713
20
-3.5131625590551181
11
7.8394969685039371
21
-3.5099694094488187
0
LINE
8
BLACK
6
CONTINUOUS
10
7.8394969685039371
20
-3.5099694094488187
11
7.8426901181102364
21
-3.5078358267716534
0
LINE
8
BLACK
6
CONTINUOUS
10
7.8426901181102364
20
-3.5078358267716534
11
7.8464566929133852
21
-3.5070866141732284
0
LINE
8
BLACK
6
CONTINUOUS
10
7.8464566929133852
20
-3.5070866141732284
11
7.8818897637795278
21
-3.5070866141732284
0
LINE
8
BLACK
6
CONTINUOUS
10
7.8818897637795278
20
-3.5070866141732284
11
7.8856563385826766
21
-3.5078358267716534
0
LINE
8
BLACK
6
CONTINUOUS
10
4.3507874015748031
20
-3.5385826771653544
11
4.291732283464567
21
-3.5385826771653544
0
LINE
8
BLACK
6
CONTINUOUS
10
4.291732283464567
20
-3.5385826771653544
11
4.291732283464567
21
-3.5031496062992127
0
LINE
8
BLACK
6
CONTINUOUS
10
4.291732283464567
20
-3.5031496062992127
11
4.3507874015748031
21
-3.5031496062992127
0
LINE
8
BLACK
6
CONTINUOUS
10
4.3507874015748031
20
-3.5031496062992127
11
4.3507874015748031
21
-3.5385826771653544
0
LINE
8
BLACK
6
CONTINUOUS
10
5.0397637795275587
20
-3.5385826771653544
11
4.9807086614173226
21
-3.5385826771653544
0
LINE
8
BLACK
6
CONTINUOUS
10
4.9807086614173226
20
-3.5385826771653544
11
4.9807086614173226
21
-3.5031496062992127
0
LINE
8
BLACK
6
CONTINUOUS
10
4.9807086614173226
20
-3.5031496062992127
11
5.0397637795275587
21
-3.5031496062992127
0
LINE
8
BLACK
6
CONTINUOUS
10
5.0397637795275587
20
-3.5031496062992127
11
5.0397637795275587
21
-3.5385826771653544
0
LINE
8
BLACK
6
CONTINUOUS
10
8.2736220472440944
20
-3.5291338582677163
11
8.2145669291338574
21
-3.5291338582677163
0
LINE
8
BLACK
6
CONTINUOUS
10
8.2145669291338574
20
-3.5291338582677163
11
8.2145669291338574
21
-3.503543307086614
0
LINE
8
BLACK
6
CONTINUOUS
10
8.2145669291338574
20
-3.503543307086614
11
8.2736220472440944
21
-3.503543307086614
0
LINE
8
BLACK
6
CONTINUOUS
10
8.2736220472440944
20
-3.503543307086614
11
8.2736220472440944
21
-3.5291338582677163
0
LINE
8
BLACK
6
CONTINUOUS
10
8.4862204724409445
20
-3.5291338582677163
11
8.4271653543307092
21
-3.5291338582677163
0
LINE
8
BLACK
6
CONTINUOUS
10
8.4271653543307092
20
-3.5291338582677163
11
8.4271653543307092
21
-3.503543307086614
0
LINE
8
BLACK
6
CONTINUOUS
10
8.4271653543307092
20
-3.503543307086614
11
8.4862204724409445
21
-3.503543307086614
0
LINE
8
BLACK
6
CONTINUOUS
10
8.4862204724409445
20
-3.503543307086614
11
8.4862204724409445
21
-3.5291338582677163
0
LINE
8
BLACK
6
CONTINUOUS
10
7.2905775984251964
20
-3.4740759842519684
11
7.2937707480314957
21
-3.4762095669291337
0
LINE
8
BLACK
6
CONTINUOUS
10
7.2937707480314957
20
-3.4762095669291337
11
7.2959043307086615
21
-3.4794027165354331
0
LINE
8
BLACK
6
CONTINUOUS
10
7.2959043307086615
20
-3.4794027165354331
11
7.2966535433070865
21
-3.4831692913385828
0
LINE
8
BLACK
6
CONTINUOUS
10
7.2966535433070865
20
-3.4831692913385828
11
7.2966535433070865
21
-3.5097440944881888
0
LINE
8
BLACK
6
CONTINUOUS
10
7.2966535433070865
20
-3.5097440944881888
11
7.2959043307086615
21
-3.5135106692913385
0
LINE
8
BLACK
6
CONTINUOUS
10
7.2959043307086615
20
-3.5135106692913385
11
7.2937707480314957
21
-3.5167038188976378
0
LINE
8
BLACK
6
CONTINUOUS
10
7.2937707480314957
20
-3.5167038188976378
11
7.2905775984251964
21
-3.5188374015748032
0
LINE
8
BLACK
6
CONTINUOUS
10
7.2905775984251964
20
-3.5188374015748032
11
7.2868110236220467
21
-3.5195866141732282
0
LINE
8
BLACK
6
CONTINUOUS
10
7.2868110236220467
20
-3.5195866141732282
11
7.2494094488188976
21
-3.5195866141732282
0
LINE
8
BLACK
6
CONTINUOUS
10
7.2494094488188976
20
-3.5195866141732282
11
7.2456428740157479
21
-3.5188374015748032
0
LINE
8
BLACK
6
CONTINUOUS
10
7.2456428740157479
20
-3.5188374015748032
11
7.2424497244094486
21
-3.5167038188976378
0
LINE
8
BLACK
6
CONTINUOUS
10
7.2424497244094486
20
-3.5167038188976378
11
7.2403161417322837
21
-3.5135106692913385
0
LINE
8
BLACK
6
CONTINUOUS
10
7.2403161417322837
20
-3.5135106692913385
11
7.2395669291338578
21
-3.5097440944881888
0
LINE
8
BLACK
6
CONTINUOUS
10
7.2395669291338578
20
-3.5097440944881888
11
7.2395669291338578
21
-3.4831692913385828
0
LINE
8
BLACK
6
CONTINUOUS
10
7.2395669291338578
20
-3.4831692913385828
11
7.2403161417322837
21
-3.4794027165354331
0
LINE
8
BLACK
6
CONTINUOUS
10
7.2403161417322837
20
-3.4794027165354331
11
7.2424497244094486
21
-3.4762095669291337
0
LINE
8
BLACK
6
CONTINUOUS
10
7.2424497244094486
20
-3.4762095669291337
11
7.2456428740157479
21
-3.4740759842519684
0
LINE
8
BLACK
6
CONTINUOUS
10
7.2456428740157479
20
-3.4740759842519684
11
7.2494094488188976
21
-3.4733267716535434
0
LINE
8
BLACK
6
CONTINUOUS
10
7.2494094488188976
20
-3.4733267716535434
11
7.2868110236220467
21
-3.4733267716535434
0
LINE
8
BLACK
6
CONTINUOUS
10
7.2868110236220467
20
-3.4733267716535434
11
7.2905775984251964
21
-3.4740759842519684
0
LINE
8
BLACK
6
CONTINUOUS
10
7.4933335039370075
20
-3.4726980314960629
11
7.4965266535433068
21
-3.4748316141732283
0
LINE
8
BLACK
6
CONTINUOUS
10
7.4965266535433068
20
-3.4748316141732283
11
7.4986602362204726
21
-3.4780247637795276
0
LINE
8
BLACK
6
CONTINUOUS
10
7.4986602362204726
20
-3.4780247637795276
11
7.4994094488188976
21
-3.4817913385826769
0
LINE
8
BLACK
6
CONTINUOUS
10
7.4994094488188976
20
-3.4817913385826769
11
7.4994094488188976
21
-3.5083661417322833
0
LINE
8
BLACK
6
CONTINUOUS
10
7.4994094488188976
20
-3.5083661417322833
11
7.4986602362204726
21
-3.512132716535433
0
LINE
8
BLACK
6
CONTINUOUS
10
7.4986602362204726
20
-3.512132716535433
11
7.4965266535433068
21
-3.5153258661417324
0
LINE
8
BLACK
6
CONTINUOUS
10
7.4965266535433068
20
-3.5153258661417324
11
7.4933335039370075
21
-3.5174594488188977
0
LINE
8
BLACK
6
CONTINUOUS
10
7.4933335039370075
20
-3.5174594488188977
11
7.4895669291338578
21
-3.5182086614173227
0
LINE
8
BLACK
6
CONTINUOUS
10
7.4895669291338578
20
-3.5182086614173227
11
7.4521653543307087
21
-3.5182086614173227
0
LINE
8
BLACK
6
CONTINUOUS
10
7.4521653543307087
20
-3.5182086614173227
11
7.448398779527559
21
-3.5174594488188977
0
LINE
8
BLACK
6
CONTINUOUS
10
7.448398779527559
20
-3.5174594488188977
11
7.4452056299212597
21
-3.5153258661417324
0
LINE
8
BLACK
6
CONTINUOUS
10
7.4452056299212597
20
-3.5153258661417324
11
7.4430720472440939
21
-3.512132716535433
0
LINE
8
BLACK
6
CONTINUOUS
10
7.4430720472440939
20
-3.512132716535433
11
7.4423228346456689
21
-3.5083661417322833
0
LINE
8
BLACK
6
CONTINUOUS
10
7.4423228346456689
20
-3.5083661417322833
11
7.4423228346456689
21
-3.4817913385826769
0
LINE
8
BLACK
6
CONTINUOUS
10
7.4423228346456689
20
-3.4817913385826769
11
7.4430720472440939
21
-3.4780247637795276
0
LINE
8
BLACK
6
CONTINUOUS
10
7.4430720472440939
20
-3.4780247637795276
11
7.4452056299212597
21
-3.4748316141732283
0
LINE
8
BLACK
6
CONTINUOUS
10
7.4452056299212597
20
-3.4748316141732283
11
7.448398779527559
21
-3.4726980314960629
0
LINE
8
BLACK
6
CONTINUOUS
10
7.448398779527559
20
-3.4726980314960629
11
7.4521653543307087
21
-3.4719488188976375
0
LINE
8
BLACK
6
CONTINUOUS
10
7.4521653543307087
20
-3.4719488188976375
11
7.4895669291338578
21
-3.4719488188976375
0
LINE
8
BLACK
6
CONTINUOUS
10
7.4895669291338578
20
-3.4719488188976375
11
7.4933335039370075
21
-3.4726980314960629
0
LINE
8
BLACK
6
CONTINUOUS
10
6.6004330708661412
20
-3.5147834645669289
11
6.5403543307086611
21
-3.5147834645669289
0
LINE
8
BLACK
6
CONTINUOUS
10
6.5403543307086611
20
-3.5147834645669289
11
6.5403543307086611
21
-3.4976574803149605
0
LINE
8
BLACK
6
CONTINUOUS
10
6.5403543307086611
20
-3.4976574803149605
11
6.6004330708661412
21
-3.4976574803149605
0
LINE
8
BLACK
6
CONTINUOUS
10
6.6004330708661412
20
-3.4976574803149605
11
6.6004330708661412
21
-3.5147834645669289
0
LINE
8
BLACK
6
CONTINUOUS
10
6.8139763779527556
20
-3.5147834645669289
11
6.7538976377952755
21
-3.5147834645669289
0
LINE
8
BLACK
6
CONTINUOUS
10
6.7538976377952755
20
-3.5147834645669289
11
6.7538976377952755
21
-3.4976574803149605
0
LINE
8
BLACK
6
CONTINUOUS
10
6.7538976377952755
20
-3.4976574803149605
11
6.8139763779527556
21
-3.4976574803149605
0
LINE
8
BLACK
6
CONTINUOUS
10
6.8139763779527556
20
-3.4976574803149605
11
6.8139763779527556
21
-3.5147834645669289
0
LINE
8
BLACK
6
CONTINUOUS
10
5.7508138188976377
20
-3.4389381889763779
11
5.754006968503937
21
-3.4410717716535433
0
LINE
8
BLACK
6
CONTINUOUS
10
5.754006968503937
20
-3.4410717716535433
11
5.7561405511811019
21
-3.4442649212598426
0
LINE
8
BLACK
6
CONTINUOUS
10
5.7561405511811019
20
-3.4442649212598426
11
5.7568897637795278
21
-3.4480314960629919
0
LINE
8
BLACK
6
CONTINUOUS
10
5.7568897637795278
20
-3.4480314960629919
11
5.7568897637795278
21
-3.483464566929134
0
LINE
8
BLACK
6
CONTINUOUS
10
5.7568897637795278
20
-3.483464566929134
11
5.7561405511811019
21
-3.4872311417322832
0
LINE
8
BLACK
6
CONTINUOUS
10
5.7561405511811019
20
-3.4872311417322832
11
5.754006968503937
21
-3.4904242913385826
0
LINE
8
BLACK
6
CONTINUOUS
10
5.754006968503937
20
-3.4904242913385826
11
5.7508138188976377
21
-3.4925578740157479
0
LINE
8
BLACK
6
CONTINUOUS
10
5.7508138188976377
20
-3.4925578740157479
11
5.747047244094488
21
-3.4933070866141733
0
LINE
8
BLACK
6
CONTINUOUS
10
5.747047244094488
20
-3.4933070866141733
11
5.7194881889763778
21
-3.4933070866141733
0
LINE
8
BLACK
6
CONTINUOUS
10
5.7194881889763778
20
-3.4933070866141733
11
5.7157216141732281
21
-3.4925578740157479
0
LINE
8
BLACK
6
CONTINUOUS
10
5.7157216141732281
20
-3.4925578740157479
11
5.7125284645669288
21
-3.4904242913385826
0
LINE
8
BLACK
6
CONTINUOUS
10
5.7125284645669288
20
-3.4904242913385826
11
5.7103948818897639
21
-3.4872311417322832
0
LINE
8
BLACK
6
CONTINUOUS
10
5.7103948818897639
20
-3.4872311417322832
11
5.7096456692913389
21
-3.483464566929134
0
LINE
8
BLACK
6
CONTINUOUS
10
5.7096456692913389
20
-3.483464566929134
11
5.7096456692913389
21
-3.4480314960629919
0
LINE
8
BLACK
6
CONTINUOUS
10
5.7096456692913389
20
-3.4480314960629919
11
5.7103948818897639
21
-3.4442649212598426
0
LINE
8
BLACK
6
CONTINUOUS
10
5.7103948818897639
20
-3.4442649212598426
11
5.7125284645669288
21
-3.4410717716535433
0
LINE
8
BLACK
6
CONTINUOUS
10
5.7125284645669288
20
-3.4410717716535433
11
5.7157216141732281
21
-3.4389381889763779
0
LINE
8
BLACK
6
CONTINUOUS
10
5.7157216141732281
20
-3.4389381889763779
11
5.7194881889763778
21
-3.4381889763779525
0
LINE
8
BLACK
6
CONTINUOUS
10
5.7194881889763778
20
-3.4381889763779525
11
5.747047244094488
21
-3.4381889763779525
0
LINE
8
BLACK
6
CONTINUOUS
10
5.747047244094488
20
-3.4381889763779525
11
5.7508138188976377
21
-3.4389381889763779
0
LINE
8
BLACK
6
CONTINUOUS
10
5.8295539763779525
20
-3.4389381889763779
11
5.8327471259842518
21
-3.4410717716535433
0
LINE
8
BLACK
6
CONTINUOUS
10
5.8327471259842518
20
-3.4410717716535433
11
5.8348807086614176
21
-3.4442649212598426
0
LINE
8
BLACK
6
CONTINUOUS
10
5.8348807086614176
20
-3.4442649212598426
11
5.8356299212598426
21
-3.4480314960629919
0
LINE
8
BLACK
6
CONTINUOUS
10
5.8356299212598426
20
-3.4480314960629919
11
5.8356299212598426
21
-3.483464566929134
0
LINE
8
BLACK
6
CONTINUOUS
10
5.8356299212598426
20
-3.483464566929134
11
5.8348807086614176
21
-3.4872311417322832
0
LINE
8
BLACK
6
CONTINUOUS
10
5.8348807086614176
20
-3.4872311417322832
11
5.8327471259842518
21
-3.4904242913385826
0
LINE
8
BLACK
6
CONTINUOUS
10
5.8327471259842518
20
-3.4904242913385826
11
5.8295539763779525
21
-3.4925578740157479
0
LINE
8
BLACK
6
CONTINUOUS
10
5.8295539763779525
20
-3.4925578740157479
11
5.8257874015748028
21
-3.4933070866141733
0
LINE
8
BLACK
6
CONTINUOUS
10
5.8257874015748028
20
-3.4933070866141733
11
5.7982283464566926
21
-3.4933070866141733
0
LINE
8
BLACK
6
CONTINUOUS
10
5.7982283464566926
20
-3.4933070866141733
11
5.7944617716535429
21
-3.4925578740157479
0
LINE
8
BLACK
6
CONTINUOUS
10
5.7944617716535429
20
-3.4925578740157479
11
5.7912686220472436
21
-3.4904242913385826
0
LINE
8
BLACK
6
CONTINUOUS
10
5.7912686220472436
20
-3.4904242913385826
11
5.7891350393700787
21
-3.4872311417322832
0
LINE
8
BLACK
6
CONTINUOUS
10
5.7891350393700787
20
-3.4872311417322832
11
5.7883858267716537
21
-3.483464566929134
0
LINE
8
BLACK
6
CONTINUOUS
10
5.7883858267716537
20
-3.483464566929134
11
5.7883858267716537
21
-3.4480314960629919
0
LINE
8
BLACK
6
CONTINUOUS
10
5.7883858267716537
20
-3.4480314960629919
11
5.7891350393700787
21
-3.4442649212598426
0
LINE
8
BLACK
6
CONTINUOUS
10
5.7891350393700787
20
-3.4442649212598426
11
5.7912686220472436
21
-3.4410717716535433
0
LINE
8
BLACK
6
CONTINUOUS
10
5.7912686220472436
20
-3.4410717716535433
11
5.7944617716535429
21
-3.4389381889763779
0
LINE
8
BLACK
6
CONTINUOUS
10
5.7944617716535429
20
-3.4389381889763779
11
5.7982283464566926
21
-3.4381889763779525
0
LINE
8
BLACK
6
CONTINUOUS
10
5.7982283464566926
20
-3.4381889763779525
11
5.8257874015748028
21
-3.4381889763779525
0
LINE
8
BLACK
6
CONTINUOUS
10
5.8257874015748028
20
-3.4381889763779525
11
5.8295539763779525
21
-3.4389381889763779
0
LINE
8
BLACK
6
CONTINUOUS
10
5.5288649999999997
20
-3.4367728346456694
11
5.532058149606299
21
-3.4389064173228348
0
LINE
8
BLACK
6
CONTINUOUS
10
5.532058149606299
20
-3.4389064173228348
11
5.5341917322834648
21
-3.4420995669291337
0
LINE
8
BLACK
6
CONTINUOUS
10
5.5341917322834648
20
-3.4420995669291337
11
5.5349409448818898
21
-3.4458661417322833
0
LINE
8
BLACK
6
CONTINUOUS
10
5.5349409448818898
20
-3.4458661417322833
11
5.5349409448818898
21
-3.4832677165354329
0
LINE
8
BLACK
6
CONTINUOUS
10
5.5349409448818898
20
-3.4832677165354329
11
5.5341917322834648
21
-3.4870342913385826
0
LINE
8
BLACK
6
CONTINUOUS
10
5.5341917322834648
20
-3.4870342913385826
11
5.532058149606299
21
-3.4902274409448819
0
LINE
8
BLACK
6
CONTINUOUS
10
5.532058149606299
20
-3.4902274409448819
11
5.5288649999999997
21
-3.4923610236220473
0
LINE
8
BLACK
6
CONTINUOUS
10
5.5288649999999997
20
-3.4923610236220473
11
5.52509842519685
21
-3.4931102362204722
0
LINE
8
BLACK
6
CONTINUOUS
10
5.52509842519685
20
-3.4931102362204722
11
5.4985236220472435
21
-3.4931102362204722
0
LINE
8
BLACK
6
CONTINUOUS
10
5.4985236220472435
20
-3.4931102362204722
11
5.4947570472440947
21
-3.4923610236220473
0
LINE
8
BLACK
6
CONTINUOUS
10
5.4947570472440947
20
-3.4923610236220473
11
5.4915638976377954
21
-3.4902274409448819
0
LINE
8
BLACK
6
CONTINUOUS
10
5.4915638976377954
20
-3.4902274409448819
11
5.4894303149606296
21
-3.4870342913385826
0
LINE
8
BLACK
6
CONTINUOUS
10
5.4894303149606296
20
-3.4870342913385826
11
5.4886811023622046
21
-3.4832677165354329
0
LINE
8
BLACK
6
CONTINUOUS
10
5.4886811023622046
20
-3.4832677165354329
11
5.4886811023622046
21
-3.4458661417322833
0
LINE
8
BLACK
6
CONTINUOUS
10
5.4886811023622046
20
-3.4458661417322833
11
5.4894303149606296
21
-3.4420995669291337
0
LINE
8
BLACK
6
CONTINUOUS
10
5.4894303149606296
20
-3.4420995669291337
11
5.4915638976377954
21
-3.4389064173228348
0
LINE
8
BLACK
6
CONTINUOUS
10
5.4915638976377954
20
-3.4389064173228348
11
5.4947570472440947
21
-3.4367728346456694
0
LINE
8
BLACK
6
CONTINUOUS
10
5.4947570472440947
20
-3.4367728346456694
11
5.4985236220472435
21
-3.436023622047244
0
LINE
8
BLACK
6
CONTINUOUS
10
5.4985236220472435
20
-3.436023622047244
11
5.52509842519685
21
-3.436023622047244
0
LINE
8
BLACK
6
CONTINUOUS
10
5.52509842519685
20
-3.436023622047244
11
5.5288649999999997
21
-3.4367728346456694
0
LINE
8
BLACK
6
CONTINUOUS
10
5.6105579133858265
20
-3.4367728346456694
11
5.6137510629921259
21
-3.4389064173228348
0
LINE
8
BLACK
6
CONTINUOUS
10
5.6137510629921259
20
-3.4389064173228348
11
5.6158846456692908
21
-3.4420995669291337
0
LINE
8
BLACK
6
CONTINUOUS
10
5.6158846456692908
20
-3.4420995669291337
11
5.6166338582677167
21
-3.4458661417322833
0
LINE
8
BLACK
6
CONTINUOUS
10
5.6166338582677167
20
-3.4458661417322833
11
5.6166338582677167
21
-3.4832677165354329
0
LINE
8
BLACK
6
CONTINUOUS
10
5.6166338582677167
20
-3.4832677165354329
11
5.6158846456692908
21
-3.4870342913385826
0
LINE
8
BLACK
6
CONTINUOUS
10
5.6158846456692908
20
-3.4870342913385826
11
5.6137510629921259
21
-3.4902274409448819
0
LINE
8
BLACK
6
CONTINUOUS
10
5.6137510629921259
20
-3.4902274409448819
11
5.6105579133858265
21
-3.4923610236220473
0
LINE
8
BLACK
6
CONTINUOUS
10
5.6105579133858265
20
-3.4923610236220473
11
5.6067913385826769
21
-3.4931102362204722
0
LINE
8
BLACK
6
CONTINUOUS
10
5.6067913385826769
20
-3.4931102362204722
11
5.5802165354330704
21
-3.4931102362204722
0
LINE
8
BLACK
6
CONTINUOUS
10
5.5802165354330704
20
-3.4931102362204722
11
5.5764499606299207
21
-3.4923610236220473
0
LINE
8
BLACK
6
CONTINUOUS
10
5.5764499606299207
20
-3.4923610236220473
11
5.5732568110236222
21
-3.4902274409448819
0
LINE
8
BLACK
6
CONTINUOUS
10
5.5732568110236222
20
-3.4902274409448819
11
5.5711232283464565
21
-3.4870342913385826
0
LINE
8
BLACK
6
CONTINUOUS
10
5.5711232283464565
20
-3.4870342913385826
11
5.5703740157480315
21
-3.4832677165354329
0
LINE
8
BLACK
6
CONTINUOUS
10
5.5703740157480315
20
-3.4832677165354329
11
5.5703740157480315
21
-3.4458661417322833
0
LINE
8
BLACK
6
CONTINUOUS
10
5.5703740157480315
20
-3.4458661417322833
11
5.5711232283464565
21
-3.4420995669291337
0
LINE
8
BLACK
6
CONTINUOUS
10
5.5711232283464565
20
-3.4420995669291337
11
5.5732568110236222
21
-3.4389064173228348
0
LINE
8
BLACK
6
CONTINUOUS
10
5.5732568110236222
20
-3.4389064173228348
11
5.5764499606299207
21
-3.4367728346456694
0
LINE
8
BLACK
6
CONTINUOUS
10
5.5764499606299207
20
-3.4367728346456694
11
5.5802165354330704
21
-3.436023622047244
0
LINE
8
BLACK
6
CONTINUOUS
10
5.5802165354330704
20
-3.436023622047244
11
5.6067913385826769
21
-3.436023622047244
0
LINE
8
BLACK
6
CONTINUOUS
10
5.6067913385826769
20
-3.436023622047244
11
5.6105579133858265
21
-3.4367728346456694
0
LINE
8
BLACK
6
CONTINUOUS
10
6.6004330708661412
20
-3.4897440944881888
11
6.5403543307086611
21
-3.4897440944881888
0
LINE
8
BLACK
6
CONTINUOUS
10
6.5403543307086611
20
-3.4897440944881888
11
6.5403543307086611
21
-3.4726181102362204
0
LINE
8
BLACK
6
CONTINUOUS
10
6.5403543307086611
20
-3.4726181102362204
11
6.6004330708661412
21
-3.4726181102362204
0
LINE
8
BLACK
6
CONTINUOUS
10
6.6004330708661412
20
-3.4726181102362204
11
6.6004330708661412
21
-3.4897440944881888
0
LINE
8
BLACK
6
CONTINUOUS
10
6.8139763779527556
20
-3.4897440944881888
11
6.7538976377952755
21
-3.4897440944881888
0
LINE
8
BLACK
6
CONTINUOUS
10
6.7538976377952755
20
-3.4897440944881888
11
6.7538976377952755
21
-3.4726181102362204
0
LINE
8
BLACK
6
CONTINUOUS
10
6.7538976377952755
20
-3.4726181102362204
11
6.8139763779527556
21
-3.4726181102362204
0
LINE
8
BLACK
6
CONTINUOUS
10
6.8139763779527556
20
-3.4726181102362204
11
6.8139763779527556
21
-3.4897440944881888
0
LINE
8
BLACK
6
CONTINUOUS
10
4.3507874015748031
20
-3.4885826771653541
11
4.291732283464567
21
-3.4885826771653541
0
LINE
8
BLACK
6
CONTINUOUS
10
4.291732283464567
20
-3.4885826771653541
11
4.291732283464567
21
-3.4531496062992124
0
LINE
8
BLACK
6
CONTINUOUS
10
4.291732283464567
20
-3.4531496062992124
11
4.3507874015748031
21
-3.4531496062992124
0
LINE
8
BLACK
6
CONTINUOUS
10
4.3507874015748031
20
-3.4531496062992124
11
4.3507874015748031
21
-3.4885826771653541
0
LINE
8
BLACK
6
CONTINUOUS
10
5.0397637795275587
20
-3.4885826771653541
11
4.9807086614173226
21
-3.4885826771653541
0
LINE
8
BLACK
6
CONTINUOUS
10
4.9807086614173226
20
-3.4885826771653541
11
4.9807086614173226
21
-3.4531496062992124
0
LINE
8
BLACK
6
CONTINUOUS
10
4.9807086614173226
20
-3.4531496062992124
11
5.0397637795275587
21
-3.4531496062992124
0
LINE
8
BLACK
6
CONTINUOUS
10
5.0397637795275587
20
-3.4531496062992124
11
5.0397637795275587
21
-3.4885826771653541
0
LINE
8
BLACK
6
CONTINUOUS
10
4.5692913385826772
20
-3.4826771653543305
11
4.5338582677165356
21
-3.4826771653543305
0
LINE
8
BLACK
6
CONTINUOUS
10
4.5338582677165356
20
-3.4826771653543305
11
4.5338582677165356
21
-3.4472440944881888
0
LINE
8
BLACK
6
CONTINUOUS
10
4.5338582677165356
20
-3.4472440944881888
11
4.5692913385826772
21
-3.4472440944881888
0
LINE
8
BLACK
6
CONTINUOUS
10
4.5692913385826772
20
-3.4472440944881888
11
4.5692913385826772
21
-3.4826771653543305
0
LINE
8
BLACK
6
CONTINUOUS
10
4.6244094488188976
20
-3.4826771653543305
11
4.5889763779527559
21
-3.4826771653543305
0
LINE
8
BLACK
6
CONTINUOUS
10
4.5889763779527559
20
-3.4826771653543305
11
4.5889763779527559
21
-3.4472440944881888
0
LINE
8
BLACK
6
CONTINUOUS
10
4.5889763779527559
20
-3.4472440944881888
11
4.6244094488188976
21
-3.4472440944881888
0
LINE
8
BLACK
6
CONTINUOUS
10
4.6244094488188976
20
-3.4472440944881888
11
4.6244094488188976
21
-3.4826771653543305
0
LINE
8
BLACK
6
CONTINUOUS
10
4.679527559055118
20
-3.4826771653543305
11
4.6440944881889763
21
-3.4826771653543305
0
LINE
8
BLACK
6
CONTINUOUS
10
4.6440944881889763
20
-3.4826771653543305
11
4.6440944881889763
21
-3.4472440944881888
0
LINE
8
BLACK
6
CONTINUOUS
10
4.6440944881889763
20
-3.4472440944881888
11
4.679527559055118
21
-3.4472440944881888
0
LINE
8
BLACK
6
CONTINUOUS
10
4.679527559055118
20
-3.4472440944881888
11
4.679527559055118
21
-3.4826771653543305
0
LINE
8
BLACK
6
CONTINUOUS
10
7.6403807480314958
20
-3.4243712598425198
11
7.6435738976377952
21
-3.4265048425196851
0
LINE
8
BLACK
6
CONTINUOUS
10
7.6435738976377952
20
-3.4265048425196851
11
7.6457074803149601
21
-3.429697992125984
0
LINE
8
BLACK
6
CONTINUOUS
10
7.6457074803149601
20
-3.429697992125984
11
7.6464566929133859
21
-3.4334645669291337
0
LINE
8
BLACK
6
CONTINUOUS
10
7.6464566929133859
20
-3.4334645669291337
11
7.6464566929133859
21
-3.4688976377952754
0
LINE
8
BLACK
6
CONTINUOUS
10
7.6464566929133859
20
-3.4688976377952754
11
7.6457074803149601
21
-3.4726642125984251
0
LINE
8
BLACK
6
CONTINUOUS
10
7.6457074803149601
20
-3.4726642125984251
11
7.6435738976377952
21
-3.4758573622047244
0
LINE
8
BLACK
6
CONTINUOUS
10
7.6435738976377952
20
-3.4758573622047244
11
7.6403807480314958
21
-3.4779909448818898
0
LINE
8
BLACK
6
CONTINUOUS
10
7.6403807480314958
20
-3.4779909448818898
11
7.6366141732283461
21
-3.4787401574803147
0
LINE
8
BLACK
6
CONTINUOUS
10
7.6366141732283461
20
-3.4787401574803147
11
7.6090551181102359
21
-3.4787401574803147
0
LINE
8
BLACK
6
CONTINUOUS
10
7.6090551181102359
20
-3.4787401574803147
11
7.6052885433070863
21
-3.4779909448818898
0
LINE
8
BLACK
6
CONTINUOUS
10
7.6052885433070863
20
-3.4779909448818898
11
7.6020953937007869
21
-3.4758573622047244
0
LINE
8
BLACK
6
CONTINUOUS
10
7.6020953937007869
20
-3.4758573622047244
11
7.599961811023622
21
-3.4726642125984251
0
LINE
8
BLACK
6
CONTINUOUS
10
7.599961811023622
20
-3.4726642125984251
11
7.599212598425197
21
-3.4688976377952754
0
LINE
8
BLACK
6
CONTINUOUS
10
7.599212598425197
20
-3.4688976377952754
11
7.599212598425197
21
-3.4334645669291337
0
LINE
8
BLACK
6
CONTINUOUS
10
7.599212598425197
20
-3.4334645669291337
11
7.599961811023622
21
-3.429697992125984
0
LINE
8
BLACK
6
CONTINUOUS
10
7.599961811023622
20
-3.429697992125984
11
7.6020953937007869
21
-3.4265048425196851
0
LINE
8
BLACK
6
CONTINUOUS
10
7.6020953937007869
20
-3.4265048425196851
11
7.6052885433070863
21
-3.4243712598425198
0
LINE
8
BLACK
6
CONTINUOUS
10
7.6052885433070863
20
-3.4243712598425198
11
7.6090551181102359
21
-3.4236220472440944
0
LINE
8
BLACK
6
CONTINUOUS
10
7.6090551181102359
20
-3.4236220472440944
11
7.6366141732283461
21
-3.4236220472440944
0
LINE
8
BLACK
6
CONTINUOUS
10
7.6366141732283461
20
-3.4236220472440944
11
7.6403807480314958
21
-3.4243712598425198
0
LINE
8
BLACK
6
CONTINUOUS
10
7.7191209055118106
20
-3.4243712598425198
11
7.72231405511811
21
-3.4265048425196851
0
LINE
8
BLACK
6
CONTINUOUS
10
7.72231405511811
20
-3.4265048425196851
11
7.7244476377952758
21
-3.429697992125984
0
LINE
8
BLACK
6
CONTINUOUS
10
7.7244476377952758
20
-3.429697992125984
11
7.7251968503937007
21
-3.4334645669291337
0
LINE
8
BLACK
6
CONTINUOUS
10
7.7251968503937007
20
-3.4334645669291337
11
7.7251968503937007
21
-3.4688976377952754
0
LINE
8
BLACK
6
CONTINUOUS
10
7.7251968503937007
20
-3.4688976377952754
11
7.7244476377952758
21
-3.4726642125984251
0
LINE
8
BLACK
6
CONTINUOUS
10
7.7244476377952758
20
-3.4726642125984251
11
7.72231405511811
21
-3.4758573622047244
0
LINE
8
BLACK
6
CONTINUOUS
10
7.72231405511811
20
-3.4758573622047244
11
7.7191209055118106
21
-3.4779909448818898
0
LINE
8
BLACK
6
CONTINUOUS
10
7.7191209055118106
20
-3.4779909448818898
11
7.7153543307086609
21
-3.4787401574803147
0
LINE
8
BLACK
6
CONTINUOUS
10
7.7153543307086609
20
-3.4787401574803147
11
7.6877952755905508
21
-3.4787401574803147
0
LINE
8
BLACK
6
CONTINUOUS
10
7.6877952755905508
20
-3.4787401574803147
11
7.6840287007874011
21
-3.4779909448818898
0
LINE
8
BLACK
6
CONTINUOUS
10
7.6840287007874011
20
-3.4779909448818898
11
7.6808355511811026
21
-3.4758573622047244
0
LINE
8
BLACK
6
CONTINUOUS
10
7.6808355511811026
20
-3.4758573622047244
11
7.6787019685039368
21
-3.4726642125984251
0
LINE
8
BLACK
6
CONTINUOUS
10
7.6787019685039368
20
-3.4726642125984251
11
7.6779527559055119
21
-3.4688976377952754
0
LINE
8
BLACK
6
CONTINUOUS
10
7.6779527559055119
20
-3.4688976377952754
11
7.6779527559055119
21
-3.4334645669291337
0
LINE
8
BLACK
6
CONTINUOUS
10
7.6779527559055119
20
-3.4334645669291337
11
7.6787019685039368
21
-3.429697992125984
0
LINE
8
BLACK
6
CONTINUOUS
10
7.6787019685039368
20
-3.429697992125984
11
7.6808355511811026
21
-3.4265048425196851
0
LINE
8
BLACK
6
CONTINUOUS
10
7.6808355511811026
20
-3.4265048425196851
11
7.6840287007874011
21
-3.4243712598425198
0
LINE
8
BLACK
6
CONTINUOUS
10
7.6840287007874011
20
-3.4243712598425198
11
7.6877952755905508
21
-3.4236220472440944
0
LINE
8
BLACK
6
CONTINUOUS
10
7.6877952755905508
20
-3.4236220472440944
11
7.7153543307086609
21
-3.4236220472440944
0
LINE
8
BLACK
6
CONTINUOUS
10
7.7153543307086609
20
-3.4236220472440944
11
7.7191209055118106
21
-3.4243712598425198
0
LINE
8
BLACK
6
CONTINUOUS
10
6.962427992125984
20
-3.4200405511811023
11
6.9656211417322833
21
-3.4221741338582676
0
LINE
8
BLACK
6
CONTINUOUS
10
6.9656211417322833
20
-3.4221741338582676
11
6.9677547244094491
21
-3.425367283464567
0
LINE
8
BLACK
6
CONTINUOUS
10
6.9677547244094491
20
-3.425367283464567
11
6.9685039370078741
21
-3.4291338582677167
0
LINE
8
BLACK
6
CONTINUOUS
10
6.9685039370078741
20
-3.4291338582677167
11
6.9685039370078741
21
-3.4645669291338583
0
LINE
8
BLACK
6
CONTINUOUS
10
6.9685039370078741
20
-3.4645669291338583
11
6.9677547244094491
21
-3.468333503937008
0
LINE
8
BLACK
6
CONTINUOUS
10
6.9677547244094491
20
-3.468333503937008
11
6.9656211417322833
21
-3.4715266535433069
0
LINE
8
BLACK
6
CONTINUOUS
10
6.9656211417322833
20
-3.4715266535433069
11
6.962427992125984
21
-3.4736602362204723
0
LINE
8
BLACK
6
CONTINUOUS
10
6.962427992125984
20
-3.4736602362204723
11
6.9586614173228343
21
-3.4744094488188977
0
LINE
8
BLACK
6
CONTINUOUS
10
6.9586614173228343
20
-3.4744094488188977
11
6.9311023622047241
21
-3.4744094488188977
0
LINE
8
BLACK
6
CONTINUOUS
10
6.9311023622047241
20
-3.4744094488188977
11
6.9273357874015744
21
-3.4736602362204723
0
LINE
8
BLACK
6
CONTINUOUS
10
6.9273357874015744
20
-3.4736602362204723
11
6.9241426377952751
21
-3.4715266535433069
0
LINE
8
BLACK
6
CONTINUOUS
10
6.9241426377952751
20
-3.4715266535433069
11
6.9220090551181102
21
-3.468333503937008
0
LINE
8
BLACK
6
CONTINUOUS
10
6.9220090551181102
20
-3.468333503937008
11
6.9212598425196852
21
-3.4645669291338583
0
LINE
8
BLACK
6
CONTINUOUS
10
6.9212598425196852
20
-3.4645669291338583
11
6.9212598425196852
21
-3.4291338582677167
0
LINE
8
BLACK
6
CONTINUOUS
10
6.9212598425196852
20
-3.4291338582677167
11
6.9220090551181102
21
-3.425367283464567
0
LINE
8
BLACK
6
CONTINUOUS
10
6.9220090551181102
20
-3.425367283464567
11
6.9241426377952751
21
-3.4221741338582676
0
LINE
8
BLACK
6
CONTINUOUS
10
6.9241426377952751
20
-3.4221741338582676
11
6.9273357874015744
21
-3.4200405511811023
0
LINE
8
BLACK
6
CONTINUOUS
10
6.9273357874015744
20
-3.4200405511811023
11
6.9311023622047241
21
-3.4192913385826773
0
LINE
8
BLACK
6
CONTINUOUS
10
6.9311023622047241
20
-3.4192913385826773
11
6.9586614173228343
21
-3.4192913385826773
0
LINE
8
BLACK
6
CONTINUOUS
10
6.9586614173228343
20
-3.4192913385826773
11
6.962427992125984
21
-3.4200405511811023
0
LINE
8
BLACK
6
CONTINUOUS
10
7.0411681496062988
20
-3.4200405511811023
11
7.0443612992125981
21
-3.4221741338582676
0
LINE
8
BLACK
6
CONTINUOUS
10
7.0443612992125981
20
-3.4221741338582676
11
7.0464948818897639
21
-3.425367283464567
0
LINE
8
BLACK
6
CONTINUOUS
10
7.0464948818897639
20
-3.425367283464567
11
7.0472440944881889
21
-3.4291338582677167
0
LINE
8
BLACK
6
CONTINUOUS
10
7.0472440944881889
20
-3.4291338582677167
11
7.0472440944881889
21
-3.4645669291338583
0
LINE
8
BLACK
6
CONTINUOUS
10
7.0472440944881889
20
-3.4645669291338583
11
7.0464948818897639
21
-3.468333503937008
0
LINE
8
BLACK
6
CONTINUOUS
10
7.0464948818897639
20
-3.468333503937008
11
7.0443612992125981
21
-3.4715266535433069
0
LINE
8
BLACK
6
CONTINUOUS
10
7.0443612992125981
20
-3.4715266535433069
11
7.0411681496062988
21
-3.4736602362204723
0
LINE
8
BLACK
6
CONTINUOUS
10
7.0411681496062988
20
-3.4736602362204723
11
7.0374015748031491
21
-3.4744094488188977
0
LINE
8
BLACK
6
CONTINUOUS
10
7.0374015748031491
20
-3.4744094488188977
11
7.0098425196850389
21
-3.4744094488188977
0
LINE
8
BLACK
6
CONTINUOUS
10
7.0098425196850389
20
-3.4744094488188977
11
7.0060759448818892
21
-3.4736602362204723
0
LINE
8
BLACK
6
CONTINUOUS
10
7.0060759448818892
20
-3.4736602362204723
11
7.0028827952755908
21
-3.4715266535433069
0
LINE
8
BLACK
6
CONTINUOUS
10
7.0028827952755908
20
-3.4715266535433069
11
7.000749212598425
21
-3.468333503937008
0
LINE
8
BLACK
6
CONTINUOUS
10
7.000749212598425
20
-3.468333503937008
11
7.
21
-3.4645669291338583
0
LINE
8
BLACK
6
CONTINUOUS
10
7.
20
-3.4645669291338583
11
7.
21
-3.4291338582677167
0
LINE
8
BLACK
6
CONTINUOUS
10
7.
20
-3.4291338582677167
11
7.000749212598425
21
-3.425367283464567
0
LINE
8
BLACK
6
CONTINUOUS
10
7.000749212598425
20
-3.425367283464567
11
7.0028827952755908
21
-3.4221741338582676
0
LINE
8
BLACK
6
CONTINUOUS
10
7.0028827952755908
20
-3.4221741338582676
11
7.0060759448818892
21
-3.4200405511811023
0
LINE
8
BLACK
6
CONTINUOUS
10
7.0060759448818892
20
-3.4200405511811023
11
7.0098425196850389
21
-3.4192913385826773
0
LINE
8
BLACK
6
CONTINUOUS
10
7.0098425196850389
20
-3.4192913385826773
11
7.0374015748031491
21
-3.4192913385826773
0
LINE
8
BLACK
6
CONTINUOUS
10
7.0374015748031491
20
-3.4192913385826773
11
7.0411681496062988
21
-3.4200405511811023
0
LINE
8
BLACK
6
CONTINUOUS
10
6.6004330708661412
20
-3.4647834645669291
11
6.5403543307086611
21
-3.4647834645669291
0
LINE
8
BLACK
6
CONTINUOUS
10
6.5403543307086611
20
-3.4647834645669291
11
6.5403543307086611
21
-3.4476574803149607
0
LINE
8
BLACK
6
CONTINUOUS
10
6.5403543307086611
20
-3.4476574803149607
11
6.6004330708661412
21
-3.4476574803149607
0
LINE
8
BLACK
6
CONTINUOUS
10
6.6004330708661412
20
-3.4476574803149607
11
6.6004330708661412
21
-3.4647834645669291
0
LINE
8
BLACK
6
CONTINUOUS
10
6.8139763779527556
20
-3.4647834645669291
11
6.7538976377952755
21
-3.4647834645669291
0
LINE
8
BLACK
6
CONTINUOUS
10
6.7538976377952755
20
-3.4647834645669291
11
6.7538976377952755
21
-3.4476574803149607
0
LINE
8
BLACK
6
CONTINUOUS
10
6.7538976377952755
20
-3.4476574803149607
11
6.8139763779527556
21
-3.4476574803149607
0
LINE
8
BLACK
6
CONTINUOUS
10
6.8139763779527556
20
-3.4476574803149607
11
6.8139763779527556
21
-3.4647834645669291
0
LINE
8
BLACK
6
CONTINUOUS
10
6.6004330708661412
20
-3.439744094488189
11
6.5403543307086611
21
-3.439744094488189
0
LINE
8
BLACK
6
CONTINUOUS
10
6.5403543307086611
20
-3.439744094488189
11
6.5403543307086611
21
-3.4226181102362205
0
LINE
8
BLACK
6
CONTINUOUS
10
6.5403543307086611
20
-3.4226181102362205
11
6.6004330708661412
21
-3.4226181102362205
0
LINE
8
BLACK
6
CONTINUOUS
10
6.6004330708661412
20
-3.4226181102362205
11
6.6004330708661412
21
-3.439744094488189
0
LINE
8
BLACK
6
CONTINUOUS
10
6.8139763779527556
20
-3.439744094488189
11
6.7538976377952755
21
-3.439744094488189
0
LINE
8
BLACK
6
CONTINUOUS
10
6.7538976377952755
20
-3.439744094488189
11
6.7538976377952755
21
-3.4226181102362205
0
LINE
8
BLACK
6
CONTINUOUS
10
6.7538976377952755
20
-3.4226181102362205
11
6.8139763779527556
21
-3.4226181102362205
0
LINE
8
BLACK
6
CONTINUOUS
10
6.8139763779527556
20
-3.4226181102362205
11
6.8139763779527556
21
-3.439744094488189
0
LINE
8
BLACK
6
CONTINUOUS
10
4.3507874015748031
20
-3.4385826771653543
11
4.291732283464567
21
-3.4385826771653543
0
LINE
8
BLACK
6
CONTINUOUS
10
4.291732283464567
20
-3.4385826771653543
11
4.291732283464567
21
-3.4031496062992126
0
LINE
8
BLACK
6
CONTINUOUS
10
4.291732283464567
20
-3.4031496062992126
11
4.3507874015748031
21
-3.4031496062992126
0
LINE
8
BLACK
6
CONTINUOUS
10
4.3507874015748031
20
-3.4031496062992126
11
4.3507874015748031
21
-3.4385826771653543
0
LINE
8
BLACK
6
CONTINUOUS
10
5.0397637795275587
20
-3.4385826771653543
11
4.9807086614173226
21
-3.4385826771653543
0
LINE
8
BLACK
6
CONTINUOUS
10
4.9807086614173226
20
-3.4385826771653543
11
4.9807086614173226
21
-3.4031496062992126
0
LINE
8
BLACK
6
CONTINUOUS
10
4.9807086614173226
20
-3.4031496062992126
11
5.0397637795275587
21
-3.4031496062992126
0
LINE
8
BLACK
6
CONTINUOUS
10
5.0397637795275587
20
-3.4031496062992126
11
5.0397637795275587
21
-3.4385826771653543
0
LINE
8
BLACK
6
CONTINUOUS
10
7.2905775984251964
20
-3.3923830708661415
11
7.2937707480314957
21
-3.3945166535433069
0
LINE
8
BLACK
6
CONTINUOUS
10
7.2937707480314957
20
-3.3945166535433069
11
7.2959043307086615
21
-3.3977098031496062
0
LINE
8
BLACK
6
CONTINUOUS
10
7.2959043307086615
20
-3.3977098031496062
11
7.2966535433070865
21
-3.4014763779527559
0
LINE
8
BLACK
6
CONTINUOUS
10
7.2966535433070865
20
-3.4014763779527559
11
7.2966535433070865
21
-3.428051181102362
0
LINE
8
BLACK
6
CONTINUOUS
10
7.2966535433070865
20
-3.428051181102362
11
7.2959043307086615
21
-3.4318177559055116
0
LINE
8
BLACK
6
CONTINUOUS
10
7.2959043307086615
20
-3.4318177559055116
11
7.2937707480314957
21
-3.435010905511811
0
LINE
8
BLACK
6
CONTINUOUS
10
7.2937707480314957
20
-3.435010905511811
11
7.2905775984251964
21
-3.4371444881889763
0
LINE
8
BLACK
6
CONTINUOUS
10
7.2905775984251964
20
-3.4371444881889763
11
7.2868110236220467
21
-3.4378937007874013
0
LINE
8
BLACK
6
CONTINUOUS
10
7.2868110236220467
20
-3.4378937007874013
11
7.2494094488188976
21
-3.4378937007874013
0
LINE
8
BLACK
6
CONTINUOUS
10
7.2494094488188976
20
-3.4378937007874013
11
7.2456428740157479
21
-3.4371444881889763
0
LINE
8
BLACK
6
CONTINUOUS
10
7.2456428740157479
20
-3.4371444881889763
11
7.2424497244094486
21
-3.435010905511811
0
LINE
8
BLACK
6
CONTINUOUS
10
7.2424497244094486
20
-3.435010905511811
11
7.2403161417322837
21
-3.4318177559055116
0
LINE
8
BLACK
6
CONTINUOUS
10
7.2403161417322837
20
-3.4318177559055116
11
7.2395669291338578
21
-3.428051181102362
0
LINE
8
BLACK
6
CONTINUOUS
10
7.2395669291338578
20
-3.428051181102362
11
7.2395669291338578
21
-3.4014763779527559
0
LINE
8
BLACK
6
CONTINUOUS
10
7.2395669291338578
20
-3.4014763779527559
11
7.2403161417322837
21
-3.3977098031496062
0
LINE
8
BLACK
6
CONTINUOUS
10
7.2403161417322837
20
-3.3977098031496062
11
7.2424497244094486
21
-3.3945166535433069
0
LINE
8
BLACK
6
CONTINUOUS
10
7.2424497244094486
20
-3.3945166535433069
11
7.2456428740157479
21
-3.3923830708661415
0
LINE
8
BLACK
6
CONTINUOUS
10
7.2456428740157479
20
-3.3923830708661415
11
7.2494094488188976
21
-3.3916338582677166
0
LINE
8
BLACK
6
CONTINUOUS
10
7.2494094488188976
20
-3.3916338582677166
11
7.2868110236220467
21
-3.3916338582677166
0
LINE
8
BLACK
6
CONTINUOUS
10
7.2868110236220467
20
-3.3916338582677166
11
7.2905775984251964
21
-3.3923830708661415
0
LINE
8
BLACK
6
CONTINUOUS
10
7.4933335039370075
20
-3.3910051181102361
11
7.4965266535433068
21
-3.3931387007874014
0
LINE
8
BLACK
6
CONTINUOUS
10
7.4965266535433068
20
-3.3931387007874014
11
7.4986602362204726
21
-3.3963318503937008
0
LINE
8
BLACK
6
CONTINUOUS
10
7.4986602362204726
20
-3.3963318503937008
11
7.4994094488188976
21
-3.4000984251968505
0
LINE
8
BLACK
6
CONTINUOUS
10
7.4994094488188976
20
-3.4000984251968505
11
7.4994094488188976
21
-3.4266732283464565
0
LINE
8
BLACK
6
CONTINUOUS
10
7.4994094488188976
20
-3.4266732283464565
11
7.4986602362204726
21
-3.4304398031496062
0
LINE
8
BLACK
6
CONTINUOUS
10
7.4986602362204726
20
-3.4304398031496062
11
7.4965266535433068
21
-3.4336329527559055
0
LINE
8
BLACK
6
CONTINUOUS
10
7.4965266535433068
20
-3.4336329527559055
11
7.4933335039370075
21
-3.4357665354330709
0
LINE
8
BLACK
6
CONTINUOUS
10
7.4933335039370075
20
-3.4357665354330709
11
7.4895669291338578
21
-3.4365157480314958
0
LINE
8
BLACK
6
CONTINUOUS
10
7.4895669291338578
20
-3.4365157480314958
11
7.4521653543307087
21
-3.4365157480314958
0
LINE
8
BLACK
6
CONTINUOUS
10
7.4521653543307087
20
-3.4365157480314958
11
7.448398779527559
21
-3.4357665354330709
0
LINE
8
BLACK
6
CONTINUOUS
10
7.448398779527559
20
-3.4357665354330709
11
7.4452056299212597
21
-3.4336329527559055
0
LINE
8
BLACK
6
CONTINUOUS
10
7.4452056299212597
20
-3.4336329527559055
11
7.4430720472440939
21
-3.4304398031496062
0
LINE
8
BLACK
6
CONTINUOUS
10
7.4430720472440939
20
-3.4304398031496062
11
7.4423228346456689
21
-3.4266732283464565
0
LINE
8
BLACK
6
CONTINUOUS
10
7.4423228346456689
20
-3.4266732283464565
11
7.4423228346456689
21
-3.4000984251968505
0
LINE
8
BLACK
6
CONTINUOUS
10
7.4423228346456689
20
-3.4000984251968505
11
7.4430720472440939
21
-3.3963318503937008
0
LINE
8
BLACK
6
CONTINUOUS
10
7.4430720472440939
20
-3.3963318503937008
11
7.4452056299212597
21
-3.3931387007874014
0
LINE
8
BLACK
6
CONTINUOUS
10
7.4452056299212597
20
-3.3931387007874014
11
7.448398779527559
21
-3.3910051181102361
0
LINE
8
BLACK
6
CONTINUOUS
10
7.448398779527559
20
-3.3910051181102361
11
7.4521653543307087
21
-3.3902559055118111
0
LINE
8
BLACK
6
CONTINUOUS
10
7.4521653543307087
20
-3.3902559055118111
11
7.4895669291338578
21
-3.3902559055118111
0
LINE
8
BLACK
6
CONTINUOUS
10
7.4895669291338578
20
-3.3902559055118111
11
7.4933335039370075
21
-3.3910051181102361
0
LINE
8
BLACK
6
CONTINUOUS
10
8.3699083070866145
20
-3.3777177165354328
11
8.3731014566929129
21
-3.3798512992125982
0
LINE
8
BLACK
6
CONTINUOUS
10
8.3731014566929129
20
-3.3798512992125982
11
8.3752350393700787
21
-3.3830444488188975
0
LINE
8
BLACK
6
CONTINUOUS
10
8.3752350393700787
20
-3.3830444488188975
11
8.3759842519685037
21
-3.3868110236220472
0
LINE
8
BLACK
6
CONTINUOUS
10
8.3759842519685037
20
-3.3868110236220472
11
8.3759842519685037
21
-3.4242125984251968
0
LINE
8
BLACK
6
CONTINUOUS
10
8.3759842519685037
20
-3.4242125984251968
11
8.3752350393700787
21
-3.4279791732283464
0
LINE
8
BLACK
6
CONTINUOUS
10
8.3752350393700787
20
-3.4279791732283464
11
8.3731014566929129
21
-3.4311723228346458
0
LINE
8
BLACK
6
CONTINUOUS
10
8.3731014566929129
20
-3.4311723228346458
11
8.3699083070866145
21
-3.4333059055118111
0
LINE
8
BLACK
6
CONTINUOUS
10
8.3699083070866145
20
-3.4333059055118111
11
8.3661417322834648
21
-3.4340551181102361
0
LINE
8
BLACK
6
CONTINUOUS
10
8.3661417322834648
20
-3.4340551181102361
11
8.3395669291338574
21
-3.4340551181102361
0
LINE
8
BLACK
6
CONTINUOUS
10
8.3395669291338574
20
-3.4340551181102361
11
8.3358003543307078
21
-3.4333059055118111
0
LINE
8
BLACK
6
CONTINUOUS
10
8.3358003543307078
20
-3.4333059055118111
11
8.3326072047244093
21
-3.4311723228346458
0
LINE
8
BLACK
6
CONTINUOUS
10
8.3326072047244093
20
-3.4311723228346458
11
8.3304736220472435
21
-3.4279791732283464
0
LINE
8
BLACK
6
CONTINUOUS
10
8.3304736220472435
20
-3.4279791732283464
11
8.3297244094488185
21
-3.4242125984251968
0
LINE
8
BLACK
6
CONTINUOUS
10
8.3297244094488185
20
-3.4242125984251968
11
8.3297244094488185
21
-3.3868110236220472
0
LINE
8
BLACK
6
CONTINUOUS
10
8.3297244094488185
20
-3.3868110236220472
11
8.3304736220472435
21
-3.3830444488188975
0
LINE
8
BLACK
6
CONTINUOUS
10
8.3304736220472435
20
-3.3830444488188975
11
8.3326072047244093
21
-3.3798512992125982
0
LINE
8
BLACK
6
CONTINUOUS
10
8.3326072047244093
20
-3.3798512992125982
11
8.3358003543307078
21
-3.3777177165354328
0
LINE
8
BLACK
6
CONTINUOUS
10
8.3358003543307078
20
-3.3777177165354328
11
8.3395669291338574
21
-3.3769685039370079
0
LINE
8
BLACK
6
CONTINUOUS
10
8.3395669291338574
20
-3.3769685039370079
11
8.3661417322834648
21
-3.3769685039370079
0
LINE
8
BLACK
6
CONTINUOUS
10
8.3661417322834648
20
-3.3769685039370079
11
8.3699083070866145
21
-3.3777177165354328
0
LINE
8
BLACK
6
CONTINUOUS
10
8.4516012204724404
20
-3.3777177165354328
11
8.4547943700787407
21
-3.3798512992125982
0
LINE
8
BLACK
6
CONTINUOUS
10
8.4547943700787407
20
-3.3798512992125982
11
8.4569279527559047
21
-3.3830444488188975
0
LINE
8
BLACK
6
CONTINUOUS
10
8.4569279527559047
20
-3.3830444488188975
11
8.4576771653543297
21
-3.3868110236220472
0
LINE
8
BLACK
6
CONTINUOUS
10
8.4576771653543297
20
-3.3868110236220472
11
8.4576771653543297
21
-3.4242125984251968
0
LINE
8
BLACK
6
CONTINUOUS
10
8.4576771653543297
20
-3.4242125984251968
11
8.4569279527559047
21
-3.4279791732283464
0
LINE
8
BLACK
6
CONTINUOUS
10
8.4569279527559047
20
-3.4279791732283464
11
8.4547943700787407
21
-3.4311723228346458
0
LINE
8
BLACK
6
CONTINUOUS
10
8.4547943700787407
20
-3.4311723228346458
11
8.4516012204724404
21
-3.4333059055118111
0
LINE
8
BLACK
6
CONTINUOUS
10
8.4516012204724404
20
-3.4333059055118111
11
8.4478346456692908
21
-3.4340551181102361
0
LINE
8
BLACK
6
CONTINUOUS
10
8.4478346456692908
20
-3.4340551181102361
11
8.4212598425196852
21
-3.4340551181102361
0
LINE
8
BLACK
6
CONTINUOUS
10
8.4212598425196852
20
-3.4340551181102361
11
8.4174932677165355
21
-3.4333059055118111
0
LINE
8
BLACK
6
CONTINUOUS
10
8.4174932677165355
20
-3.4333059055118111
11
8.4143001181102353
21
-3.4311723228346458
0
LINE
8
BLACK
6
CONTINUOUS
10
8.4143001181102353
20
-3.4311723228346458
11
8.4121665354330712
21
-3.4279791732283464
0
LINE
8
BLACK
6
CONTINUOUS
10
8.4121665354330712
20
-3.4279791732283464
11
8.4114173228346463
21
-3.4242125984251968
0
LINE
8
BLACK
6
CONTINUOUS
10
8.4114173228346463
20
-3.4242125984251968
11
8.4114173228346463
21
-3.3868110236220472
0
LINE
8
BLACK
6
CONTINUOUS
10
8.4114173228346463
20
-3.3868110236220472
11
8.4121665354330712
21
-3.3830444488188975
0
LINE
8
BLACK
6
CONTINUOUS
10
8.4121665354330712
20
-3.3830444488188975
11
8.4143001181102353
21
-3.3798512992125982
0
LINE
8
BLACK
6
CONTINUOUS
10
8.4143001181102353
20
-3.3798512992125982
11
8.4174932677165355
21
-3.3777177165354328
0
LINE
8
BLACK
6
CONTINUOUS
10
8.4174932677165355
20
-3.3777177165354328
11
8.4212598425196852
21
-3.3769685039370079
0
LINE
8
BLACK
6
CONTINUOUS
10
8.4212598425196852
20
-3.3769685039370079
11
8.4478346456692908
21
-3.3769685039370079
0
LINE
8
BLACK
6
CONTINUOUS
10
8.4478346456692908
20
-3.3769685039370079
11
8.4516012204724404
21
-3.3777177165354328
0
LINE
8
BLACK
6
CONTINUOUS
10
4.5692913385826772
20
-3.4275590551181101
11
4.5338582677165356
21
-3.4275590551181101
0
LINE
8
BLACK
6
CONTINUOUS
10
4.5338582677165356
20
-3.4275590551181101
11
4.5338582677165356
21
-3.3921259842519684
0
LINE
8
BLACK
6
CONTINUOUS
10
4.5338582677165356
20
-3.3921259842519684
11
4.5692913385826772
21
-3.3921259842519684
0
LINE
8
BLACK
6
CONTINUOUS
10
4.5692913385826772
20
-3.3921259842519684
11
4.5692913385826772
21
-3.4275590551181101
0
LINE
8
BLACK
6
CONTINUOUS
10
4.6244094488188976
20
-3.4275590551181101
11
4.5889763779527559
21
-3.4275590551181101
0
LINE
8
BLACK
6
CONTINUOUS
10
4.5889763779527559
20
-3.4275590551181101
11
4.5889763779527559
21
-3.3921259842519684
0
LINE
8
BLACK
6
CONTINUOUS
10
4.5889763779527559
20
-3.3921259842519684
11
4.6244094488188976
21
-3.3921259842519684
0
LINE
8
BLACK
6
CONTINUOUS
10
4.6244094488188976
20
-3.3921259842519684
11
4.6244094488188976
21
-3.4275590551181101
0
LINE
8
BLACK
6
CONTINUOUS
10
4.679527559055118
20
-3.4275590551181101
11
4.6440944881889763
21
-3.4275590551181101
0
LINE
8
BLACK
6
CONTINUOUS
10
4.6440944881889763
20
-3.4275590551181101
11
4.6440944881889763
21
-3.3921259842519684
0
LINE
8
BLACK
6
CONTINUOUS
10
4.6440944881889763
20
-3.3921259842519684
11
4.679527559055118
21
-3.3921259842519684
0
LINE
8
BLACK
6
CONTINUOUS
10
4.679527559055118
20
-3.3921259842519684
11
4.679527559055118
21
-3.4275590551181101
0
LINE
8
BLACK
6
CONTINUOUS
10
3.593333503937008
20
-3.3668909448818898
11
3.5965266535433069
21
-3.3690245275590551
0
LINE
8
BLACK
6
CONTINUOUS
10
3.5965266535433069
20
-3.3690245275590551
11
3.5986602362204723
21
-3.372217677165354
0
LINE
8
BLACK
6
CONTINUOUS
10
3.5986602362204723
20
-3.372217677165354
11
3.5994094488188977
21
-3.3759842519685037
0
LINE
8
BLACK
6
CONTINUOUS
10
3.5994094488188977
20
-3.3759842519685037
11
3.5994094488188977
21
-3.4114173228346454
0
LINE
8
BLACK
6
CONTINUOUS
10
3.5994094488188977
20
-3.4114173228346454
11
3.5986602362204723
21
-3.4151838976377951
0
LINE
8
BLACK
6
CONTINUOUS
10
3.5986602362204723
20
-3.4151838976377951
11
3.5965266535433069
21
-3.4183770472440944
0
LINE
8
BLACK
6
CONTINUOUS
10
3.5965266535433069
20
-3.4183770472440944
11
3.593333503937008
21
-3.4205106299212598
0
LINE
8
BLACK
6
CONTINUOUS
10
3.593333503937008
20
-3.4205106299212598
11
3.5895669291338583
21
-3.4212598425196852
0
LINE
8
BLACK
6
CONTINUOUS
10
3.5895669291338583
20
-3.4212598425196852
11
3.5620078740157481
21
-3.4212598425196852
0
LINE
8
BLACK
6
CONTINUOUS
10
3.5620078740157481
20
-3.4212598425196852
11
3.5582412992125985
21
-3.4205106299212598
0
LINE
8
BLACK
6
CONTINUOUS
10
3.5582412992125985
20
-3.4205106299212598
11
3.5550481496062991
21
-3.4183770472440944
0
LINE
8
BLACK
6
CONTINUOUS
10
3.5550481496062991
20
-3.4183770472440944
11
3.5529145669291338
21
-3.4151838976377951
0
LINE
8
BLACK
6
CONTINUOUS
10
3.5529145669291338
20
-3.4151838976377951
11
3.5521653543307088
21
-3.4114173228346454
0
LINE
8
BLACK
6
CONTINUOUS
10
3.5521653543307088
20
-3.4114173228346454
11
3.5521653543307088
21
-3.3759842519685037
0
LINE
8
BLACK
6
CONTINUOUS
10
3.5521653543307088
20
-3.3759842519685037
11
3.5529145669291338
21
-3.372217677165354
0
LINE
8
BLACK
6
CONTINUOUS
10
3.5529145669291338
20
-3.372217677165354
11
3.5550481496062991
21
-3.3690245275590551
0
LINE
8
BLACK
6
CONTINUOUS
10
3.5550481496062991
20
-3.3690245275590551
11
3.5582412992125985
21
-3.3668909448818898
0
LINE
8
BLACK
6
CONTINUOUS
10
3.5582412992125985
20
-3.3668909448818898
11
3.5620078740157481
21
-3.3661417322834644
0
LINE
8
BLACK
6
CONTINUOUS
10
3.5620078740157481
20
-3.3661417322834644
11
3.5895669291338583
21
-3.3661417322834644
0
LINE
8
BLACK
6
CONTINUOUS
10
3.5895669291338583
20
-3.3661417322834644
11
3.593333503937008
21
-3.3668909448818898
0
LINE
8
BLACK
6
CONTINUOUS
10
3.6720736614173228
20
-3.3668909448818898
11
3.6752668110236222
21
-3.3690245275590551
0
LINE
8
BLACK
6
CONTINUOUS
10
3.6752668110236222
20
-3.3690245275590551
11
3.6774003937007875
21
-3.372217677165354
0
LINE
8
BLACK
6
CONTINUOUS
10
3.6774003937007875
20
-3.372217677165354
11
3.6781496062992125
21
-3.3759842519685037
0
LINE
8
BLACK
6
CONTINUOUS
10
3.6781496062992125
20
-3.3759842519685037
11
3.6781496062992125
21
-3.4114173228346454
0
LINE
8
BLACK
6
CONTINUOUS
10
3.6781496062992125
20
-3.4114173228346454
11
3.6774003937007875
21
-3.4151838976377951
0
LINE
8
BLACK
6
CONTINUOUS
10
3.6774003937007875
20
-3.4151838976377951
11
3.6752668110236222
21
-3.4183770472440944
0
LINE
8
BLACK
6
CONTINUOUS
10
3.6752668110236222
20
-3.4183770472440944
11
3.6720736614173228
21
-3.4205106299212598
0
LINE
8
BLACK
6
CONTINUOUS
10
3.6720736614173228
20
-3.4205106299212598
11
3.6683070866141732
21
-3.4212598425196852
0
LINE
8
BLACK
6
CONTINUOUS
10
3.6683070866141732
20
-3.4212598425196852
11
3.640748031496063
21
-3.4212598425196852
0
LINE
8
BLACK
6
CONTINUOUS
10
3.640748031496063
20
-3.4212598425196852
11
3.6369814566929133
21
-3.4205106299212598
0
LINE
8
BLACK
6
CONTINUOUS
10
3.6369814566929133
20
-3.4205106299212598
11
3.6337883070866139
21
-3.4183770472440944
0
LINE
8
BLACK
6
CONTINUOUS
10
3.6337883070866139
20
-3.4183770472440944
11
3.6316547244094486
21
-3.4151838976377951
0
LINE
8
BLACK
6
CONTINUOUS
10
3.6316547244094486
20
-3.4151838976377951
11
3.6309055118110236
21
-3.4114173228346454
0
LINE
8
BLACK
6
CONTINUOUS
10
3.6309055118110236
20
-3.4114173228346454
11
3.6309055118110236
21
-3.3759842519685037
0
LINE
8
BLACK
6
CONTINUOUS
10
3.6309055118110236
20
-3.3759842519685037
11
3.6316547244094486
21
-3.372217677165354
0
LINE
8
BLACK
6
CONTINUOUS
10
3.6316547244094486
20
-3.372217677165354
11
3.6337883070866139
21
-3.3690245275590551
0
LINE
8
BLACK
6
CONTINUOUS
10
3.6337883070866139
20
-3.3690245275590551
11
3.6369814566929133
21
-3.3668909448818898
0
LINE
8
BLACK
6
CONTINUOUS
10
3.6369814566929133
20
-3.3668909448818898
11
3.640748031496063
21
-3.3661417322834644
0
LINE
8
BLACK
6
CONTINUOUS
10
3.640748031496063
20
-3.3661417322834644
11
3.6683070866141732
21
-3.3661417322834644
0
LINE
8
BLACK
6
CONTINUOUS
10
3.6683070866141732
20
-3.3661417322834644
11
3.6720736614173228
21
-3.3668909448818898
0
LINE
8
BLACK
6
CONTINUOUS
10
3.3974673622047242
20
-3.362953937007874
11
3.4006605118110236
21
-3.3650875196850394
0
LINE
8
BLACK
6
CONTINUOUS
10
3.4006605118110236
20
-3.3650875196850394
11
3.4027940944881889
21
-3.3682806692913383
0
LINE
8
BLACK
6
CONTINUOUS
10
3.4027940944881889
20
-3.3682806692913383
11
3.4035433070866139
21
-3.372047244094488
0
LINE
8
BLACK
6
CONTINUOUS
10
3.4035433070866139
20
-3.372047244094488
11
3.4035433070866139
21
-3.4074803149606296
0
LINE
8
BLACK
6
CONTINUOUS
10
3.4035433070866139
20
-3.4074803149606296
11
3.4027940944881889
21
-3.4112468897637793
0
LINE
8
BLACK
6
CONTINUOUS
10
3.4027940944881889
20
-3.4112468897637793
11
3.4006605118110236
21
-3.4144400393700787
0
LINE
8
BLACK
6
CONTINUOUS
10
3.4006605118110236
20
-3.4144400393700787
11
3.3974673622047242
21
-3.416573622047244
0
LINE
8
BLACK
6
CONTINUOUS
10
3.3974673622047242
20
-3.416573622047244
11
3.3937007874015745
21
-3.417322834645669
0
LINE
8
BLACK
6
CONTINUOUS
10
3.3937007874015745
20
-3.417322834645669
11
3.3681102362204722
21
-3.417322834645669
0
LINE
8
BLACK
6
CONTINUOUS
10
3.3681102362204722
20
-3.417322834645669
11
3.3643436614173226
21
-3.416573622047244
0
LINE
8
BLACK
6
CONTINUOUS
10
3.3643436614173226
20
-3.416573622047244
11
3.3611505118110236
21
-3.4144400393700787
0
LINE
8
BLACK
6
CONTINUOUS
10
3.3611505118110236
20
-3.4144400393700787
11
3.3590169291338583
21
-3.4112468897637793
0
LINE
8
BLACK
6
CONTINUOUS
10
3.3590169291338583
20
-3.4112468897637793
11
3.3582677165354329
21
-3.4074803149606296
0
LINE
8
BLACK
6
CONTINUOUS
10
3.3582677165354329
20
-3.4074803149606296
11
3.3582677165354329
21
-3.372047244094488
0
LINE
8
BLACK
6
CONTINUOUS
10
3.3582677165354329
20
-3.372047244094488
11
3.3590169291338583
21
-3.3682806692913383
0
LINE
8
BLACK
6
CONTINUOUS
10
3.3590169291338583
20
-3.3682806692913383
11
3.3611505118110236
21
-3.3650875196850394
0
LINE
8
BLACK
6
CONTINUOUS
10
3.3611505118110236
20
-3.3650875196850394
11
3.3643436614173226
21
-3.362953937007874
0
LINE
8
BLACK
6
CONTINUOUS
10
3.3643436614173226
20
-3.362953937007874
11
3.3681102362204722
21
-3.3622047244094486
0
LINE
8
BLACK
6
CONTINUOUS
10
3.3681102362204722
20
-3.3622047244094486
11
3.3937007874015745
21
-3.3622047244094486
0
LINE
8
BLACK
6
CONTINUOUS
10
3.3937007874015745
20
-3.3622047244094486
11
3.3974673622047242
21
-3.362953937007874
0
LINE
8
BLACK
6
CONTINUOUS
10
3.4781760236220474
20
-3.362953937007874
11
3.4813691732283463
21
-3.3650875196850394
0
LINE
8
BLACK
6
CONTINUOUS
10
3.4813691732283463
20
-3.3650875196850394
11
3.4835027559055116
21
-3.3682806692913383
0
LINE
8
BLACK
6
CONTINUOUS
10
3.4835027559055116
20
-3.3682806692913383
11
3.484251968503937
21
-3.372047244094488
0
LINE
8
BLACK
6
CONTINUOUS
10
3.484251968503937
20
-3.372047244094488
11
3.484251968503937
21
-3.4074803149606296
0
LINE
8
BLACK
6
CONTINUOUS
10
3.484251968503937
20
-3.4074803149606296
11
3.4835027559055116
21
-3.4112468897637793
0
LINE
8
BLACK
6
CONTINUOUS
10
3.4835027559055116
20
-3.4112468897637793
11
3.4813691732283463
21
-3.4144400393700787
0
LINE
8
BLACK
6
CONTINUOUS
10
3.4813691732283463
20
-3.4144400393700787
11
3.4781760236220474
21
-3.416573622047244
0
LINE
8
BLACK
6
CONTINUOUS
10
3.4781760236220474
20
-3.416573622047244
11
3.4744094488188977
21
-3.417322834645669
0
LINE
8
BLACK
6
CONTINUOUS
10
3.4744094488188977
20
-3.417322834645669
11
3.4488188976377954
21
-3.417322834645669
0
LINE
8
BLACK
6
CONTINUOUS
10
3.4488188976377954
20
-3.417322834645669
11
3.4450523228346457
21
-3.416573622047244
0
LINE
8
BLACK
6
CONTINUOUS
10
3.4450523228346457
20
-3.416573622047244
11
3.4418591732283463
21
-3.4144400393700787
0
LINE
8
BLACK
6
CONTINUOUS
10
3.4418591732283463
20
-3.4144400393700787
11
3.439725590551181
21
-3.4112468897637793
0
LINE
8
BLACK
6
CONTINUOUS
10
3.439725590551181
20
-3.4112468897637793
11
3.438976377952756
21
-3.4074803149606296
0
LINE
8
BLACK
6
CONTINUOUS
10
3.438976377952756
20
-3.4074803149606296
11
3.438976377952756
21
-3.372047244094488
0
LINE
8
BLACK
6
CONTINUOUS
10
3.438976377952756
20
-3.372047244094488
11
3.439725590551181
21
-3.3682806692913383
0
LINE
8
BLACK
6
CONTINUOUS
10
3.439725590551181
20
-3.3682806692913383
11
3.4418591732283463
21
-3.3650875196850394
0
LINE
8
BLACK
6
CONTINUOUS
10
3.4418591732283463
20
-3.3650875196850394
11
3.4450523228346457
21
-3.362953937007874
0
LINE
8
BLACK
6
CONTINUOUS
10
3.4450523228346457
20
-3.362953937007874
11
3.4488188976377954
21
-3.3622047244094486
0
LINE
8
BLACK
6
CONTINUOUS
10
3.4488188976377954
20
-3.3622047244094486
11
3.4744094488188977
21
-3.3622047244094486
0
LINE
8
BLACK
6
CONTINUOUS
10
3.4744094488188977
20
-3.3622047244094486
11
3.4781760236220474
21
-3.362953937007874
0
LINE
8
BLACK
6
CONTINUOUS
10
6.6004330708661412
20
-3.4147834645669293
11
6.5403543307086611
21
-3.4147834645669293
0
LINE
8
BLACK
6
CONTINUOUS
10
6.5403543307086611
20
-3.4147834645669293
11
6.5403543307086611
21
-3.3976574803149604
0
LINE
8
BLACK
6
CONTINUOUS
10
6.5403543307086611
20
-3.3976574803149604
11
6.6004330708661412
21
-3.3976574803149604
0
LINE
8
BLACK
6
CONTINUOUS
10
6.6004330708661412
20
-3.3976574803149604
11
6.6004330708661412
21
-3.4147834645669293
0
LINE
8
BLACK
6
CONTINUOUS
10
6.8139763779527556
20
-3.4147834645669293
11
6.7538976377952755
21
-3.4147834645669293
0
LINE
8
BLACK
6
CONTINUOUS
10
6.7538976377952755
20
-3.4147834645669293
11
6.7538976377952755
21
-3.3976574803149604
0
LINE
8
BLACK
6
CONTINUOUS
10
6.7538976377952755
20
-3.3976574803149604
11
6.8139763779527556
21
-3.3976574803149604
0
LINE
8
BLACK
6
CONTINUOUS
10
6.8139763779527556
20
-3.3976574803149604
11
6.8139763779527556
21
-3.4147834645669293
0
LINE
8
BLACK
6
CONTINUOUS
10
6.6004330708661412
20
-3.3897440944881887
11
6.5403543307086611
21
-3.3897440944881887
0
LINE
8
BLACK
6
CONTINUOUS
10
6.5403543307086611
20
-3.3897440944881887
11
6.5403543307086611
21
-3.3726181102362203
0
LINE
8
BLACK
6
CONTINUOUS
10
6.5403543307086611
20
-3.3726181102362203
11
6.6004330708661412
21
-3.3726181102362203
0
LINE
8
BLACK
6
CONTINUOUS
10
6.6004330708661412
20
-3.3726181102362203
11
6.6004330708661412
21
-3.3897440944881887
0
LINE
8
BLACK
6
CONTINUOUS
10
6.8139763779527556
20
-3.3897440944881887
11
6.7538976377952755
21
-3.3897440944881887
0
LINE
8
BLACK
6
CONTINUOUS
10
6.7538976377952755
20
-3.3897440944881887
11
6.7538976377952755
21
-3.3726181102362203
0
LINE
8
BLACK
6
CONTINUOUS
10
6.7538976377952755
20
-3.3726181102362203
11
6.8139763779527556
21
-3.3726181102362203
0
LINE
8
BLACK
6
CONTINUOUS
10
6.8139763779527556
20
-3.3726181102362203
11
6.8139763779527556
21
-3.3897440944881887
0
LINE
8
BLACK
6
CONTINUOUS
10
4.3507874015748031
20
-3.3885826771653544
11
4.291732283464567
21
-3.3885826771653544
0
LINE
8
BLACK
6
CONTINUOUS
10
4.291732283464567
20
-3.3885826771653544
11
4.291732283464567
21
-3.3531496062992123
0
LINE
8
BLACK
6
CONTINUOUS
10
4.291732283464567
20
-3.3531496062992123
11
4.3507874015748031
21
-3.3531496062992123
0
LINE
8
BLACK
6
CONTINUOUS
10
4.3507874015748031
20
-3.3531496062992123
11
4.3507874015748031
21
-3.3885826771653544
0
LINE
8
BLACK
6
CONTINUOUS
10
5.0397637795275587
20
-3.3885826771653544
11
4.9807086614173226
21
-3.3885826771653544
0
LINE
8
BLACK
6
CONTINUOUS
10
4.9807086614173226
20
-3.3885826771653544
11
4.9807086614173226
21
-3.3531496062992123
0
LINE
8
BLACK
6
CONTINUOUS
10
4.9807086614173226
20
-3.3531496062992123
11
5.0397637795275587
21
-3.3531496062992123
0
LINE
8
BLACK
6
CONTINUOUS
10
5.0397637795275587
20
-3.3531496062992123
11
5.0397637795275587
21
-3.3885826771653544
0
LINE
8
BLACK
6
CONTINUOUS
10
8.1927429527559053
20
-3.3186625984251967
11
8.1959361023622037
21
-3.3207961811023621
0
LINE
8
BLACK
6
CONTINUOUS
10
8.1959361023622037
20
-3.3207961811023621
11
8.1980696850393695
21
-3.3239893307086614
0
LINE
8
BLACK
6
CONTINUOUS
10
8.1980696850393695
20
-3.3239893307086614
11
8.1988188976377945
21
-3.3277559055118111
0
LINE
8
BLACK
6
CONTINUOUS
10
8.1988188976377945
20
-3.3277559055118111
11
8.1988188976377945
21
-3.3651574803149606
0
LINE
8
BLACK
6
CONTINUOUS
10
8.1988188976377945
20
-3.3651574803149606
11
8.1980696850393695
21
-3.3689240551181103
0
LINE
8
BLACK
6
CONTINUOUS
10
8.1980696850393695
20
-3.3689240551181103
11
8.1959361023622037
21
-3.3721172047244092
0
LINE
8
BLACK
6
CONTINUOUS
10
8.1959361023622037
20
-3.3721172047244092
11
8.1927429527559053
21
-3.3742507874015746
0
LINE
8
BLACK
6
CONTINUOUS
10
8.1927429527559053
20
-3.3742507874015746
11
8.1889763779527556
21
-3.375
0
LINE
8
BLACK
6
CONTINUOUS
10
8.1889763779527556
20
-3.375
11
8.16240157480315
21
-3.375
0
LINE
8
BLACK
6
CONTINUOUS
10
8.16240157480315
20
-3.375
11
8.1586350000000003
21
-3.3742507874015746
0
LINE
8
BLACK
6
CONTINUOUS
10
8.1586350000000003
20
-3.3742507874015746
11
8.1554418503937001
21
-3.3721172047244092
0
LINE
8
BLACK
6
CONTINUOUS
10
8.1554418503937001
20
-3.3721172047244092
11
8.1533082677165361
21
-3.3689240551181103
0
LINE
8
BLACK
6
CONTINUOUS
10
8.1533082677165361
20
-3.3689240551181103
11
8.1525590551181093
21
-3.3651574803149606
0
LINE
8
BLACK
6
CONTINUOUS
10
8.1525590551181093
20
-3.3651574803149606
11
8.1525590551181093
21
-3.3277559055118111
0
LINE
8
BLACK
6
CONTINUOUS
10
8.1525590551181093
20
-3.3277559055118111
11
8.1533082677165361
21
-3.3239893307086614
0
LINE
8
BLACK
6
CONTINUOUS
10
8.1533082677165361
20
-3.3239893307086614
11
8.1554418503937001
21
-3.3207961811023621
0
LINE
8
BLACK
6
CONTINUOUS
10
8.1554418503937001
20
-3.3207961811023621
11
8.1586350000000003
21
-3.3186625984251967
0
LINE
8
BLACK
6
CONTINUOUS
10
8.1586350000000003
20
-3.3186625984251967
11
8.16240157480315
21
-3.3179133858267718
0
LINE
8
BLACK
6
CONTINUOUS
10
8.16240157480315
20
-3.3179133858267718
11
8.1889763779527556
21
-3.3179133858267718
0
LINE
8
BLACK
6
CONTINUOUS
10
8.1889763779527556
20
-3.3179133858267718
11
8.1927429527559053
21
-3.3186625984251967
0
LINE
8
BLACK
6
CONTINUOUS
10
8.2744358661417312
20
-3.3186625984251967
11
8.2776290157480314
21
-3.3207961811023621
0
LINE
8
BLACK
6
CONTINUOUS
10
8.2776290157480314
20
-3.3207961811023621
11
8.2797625984251972
21
-3.3239893307086614
0
LINE
8
BLACK
6
CONTINUOUS
10
8.2797625984251972
20
-3.3239893307086614
11
8.2805118110236222
21
-3.3277559055118111
0
LINE
8
BLACK
6
CONTINUOUS
10
8.2805118110236222
20
-3.3277559055118111
11
8.2805118110236222
21
-3.3651574803149606
0
LINE
8
BLACK
6
CONTINUOUS
10
8.2805118110236222
20
-3.3651574803149606
11
8.2797625984251972
21
-3.3689240551181103
0
LINE
8
BLACK
6
CONTINUOUS
10
8.2797625984251972
20
-3.3689240551181103
11
8.2776290157480314
21
-3.3721172047244092
0
LINE
8
BLACK
6
CONTINUOUS
10
8.2776290157480314
20
-3.3721172047244092
11
8.2744358661417312
21
-3.3742507874015746
0
LINE
8
BLACK
6
CONTINUOUS
10
8.2744358661417312
20
-3.3742507874015746
11
8.2706692913385833
21
-3.375
0
LINE
8
BLACK
6
CONTINUOUS
10
8.2706692913385833
20
-3.375
11
8.2440944881889759
21
-3.375
0
LINE
8
BLACK
6
CONTINUOUS
10
8.2440944881889759
20
-3.375
11
8.2403279133858263
21
-3.3742507874015746
0
LINE
8
BLACK
6
CONTINUOUS
10
8.2403279133858263
20
-3.3742507874015746
11
8.2371347637795278
21
-3.3721172047244092
0
LINE
8
BLACK
6
CONTINUOUS
10
8.2371347637795278
20
-3.3721172047244092
11
8.235001181102362
21
-3.3689240551181103
0
LINE
8
BLACK
6
CONTINUOUS
10
8.235001181102362
20
-3.3689240551181103
11
8.234251968503937
21
-3.3651574803149606
0
LINE
8
BLACK
6
CONTINUOUS
10
8.234251968503937
20
-3.3651574803149606
11
8.234251968503937
21
-3.3277559055118111
0
LINE
8
BLACK
6
CONTINUOUS
10
8.234251968503937
20
-3.3277559055118111
11
8.235001181102362
21
-3.3239893307086614
0
LINE
8
BLACK
6
CONTINUOUS
10
8.235001181102362
20
-3.3239893307086614
11
8.2371347637795278
21
-3.3207961811023621
0
LINE
8
BLACK
6
CONTINUOUS
10
8.2371347637795278
20
-3.3207961811023621
11
8.2403279133858263
21
-3.3186625984251967
0
LINE
8
BLACK
6
CONTINUOUS
10
8.2403279133858263
20
-3.3186625984251967
11
8.2440944881889759
21
-3.3179133858267718
0
LINE
8
BLACK
6
CONTINUOUS
10
8.2440944881889759
20
-3.3179133858267718
11
8.2706692913385833
21
-3.3179133858267718
0
LINE
8
BLACK
6
CONTINUOUS
10
8.2706692913385833
20
-3.3179133858267718
11
8.2744358661417312
21
-3.3186625984251967
0
LINE
8
BLACK
6
CONTINUOUS
10
4.5692913385826772
20
-3.3724409448818897
11
4.5338582677165356
21
-3.3724409448818897
0
LINE
8
BLACK
6
CONTINUOUS
10
4.5338582677165356
20
-3.3724409448818897
11
4.5338582677165356
21
-3.3370078740157481
0
LINE
8
BLACK
6
CONTINUOUS
10
4.5338582677165356
20
-3.3370078740157481
11
4.5692913385826772
21
-3.3370078740157481
0
LINE
8
BLACK
6
CONTINUOUS
10
4.5692913385826772
20
-3.3370078740157481
11
4.5692913385826772
21
-3.3724409448818897
0
LINE
8
BLACK
6
CONTINUOUS
10
4.6244094488188976
20
-3.3724409448818897
11
4.5889763779527559
21
-3.3724409448818897
0
LINE
8
BLACK
6
CONTINUOUS
10
4.5889763779527559
20
-3.3724409448818897
11
4.5889763779527559
21
-3.3370078740157481
0
LINE
8
BLACK
6
CONTINUOUS
10
4.5889763779527559
20
-3.3370078740157481
11
4.6244094488188976
21
-3.3370078740157481
0
LINE
8
BLACK
6
CONTINUOUS
10
4.6244094488188976
20
-3.3370078740157481
11
4.6244094488188976
21
-3.3724409448818897
0
LINE
8
BLACK
6
CONTINUOUS
10
4.679527559055118
20
-3.3724409448818897
11
4.6440944881889763
21
-3.3724409448818897
0
LINE
8
BLACK
6
CONTINUOUS
10
4.6440944881889763
20
-3.3724409448818897
11
4.6440944881889763
21
-3.3370078740157481
0
LINE
8
BLACK
6
CONTINUOUS
10
4.6440944881889763
20
-3.3370078740157481
11
4.679527559055118
21
-3.3370078740157481
0
LINE
8
BLACK
6
CONTINUOUS
10
4.679527559055118
20
-3.3370078740157481
11
4.679527559055118
21
-3.3724409448818897
0
LINE
8
BLACK
6
CONTINUOUS
10
6.6004330708661412
20
-3.364783464566929
11
6.5403543307086611
21
-3.364783464566929
0
LINE
8
BLACK
6
CONTINUOUS
10
6.5403543307086611
20
-3.364783464566929
11
6.5403543307086611
21
-3.3476574803149606
0
LINE
8
BLACK
6
CONTINUOUS
10
6.5403543307086611
20
-3.3476574803149606
11
6.6004330708661412
21
-3.3476574803149606
0
LINE
8
BLACK
6
CONTINUOUS
10
6.6004330708661412
20
-3.3476574803149606
11
6.6004330708661412
21
-3.364783464566929
0
LINE
8
BLACK
6
CONTINUOUS
10
6.8139763779527556
20
-3.364783464566929
11
6.7538976377952755
21
-3.364783464566929
0
LINE
8
BLACK
6
CONTINUOUS
10
6.7538976377952755
20
-3.364783464566929
11
6.7538976377952755
21
-3.3476574803149606
0
LINE
8
BLACK
6
CONTINUOUS
10
6.7538976377952755
20
-3.3476574803149606
11
6.8139763779527556
21
-3.3476574803149606
0
LINE
8
BLACK
6
CONTINUOUS
10
6.8139763779527556
20
-3.3476574803149606
11
6.8139763779527556
21
-3.364783464566929
0
LINE
8
BLACK
6
CONTINUOUS
10
6.6004330708661412
20
-3.3397440944881889
11
6.5403543307086611
21
-3.3397440944881889
0
LINE
8
BLACK
6
CONTINUOUS
10
6.5403543307086611
20
-3.3397440944881889
11
6.5403543307086611
21
-3.3226181102362204
0
LINE
8
BLACK
6
CONTINUOUS
10
6.5403543307086611
20
-3.3226181102362204
11
6.6004330708661412
21
-3.3226181102362204
0
LINE
8
BLACK
6
CONTINUOUS
10
6.6004330708661412
20
-3.3226181102362204
11
6.6004330708661412
21
-3.3397440944881889
0
LINE
8
BLACK
6
CONTINUOUS
10
6.8139763779527556
20
-3.3397440944881889
11
6.7538976377952755
21
-3.3397440944881889
0
LINE
8
BLACK
6
CONTINUOUS
10
6.7538976377952755
20
-3.3397440944881889
11
6.7538976377952755
21
-3.3226181102362204
0
LINE
8
BLACK
6
CONTINUOUS
10
6.7538976377952755
20
-3.3226181102362204
11
6.8139763779527556
21
-3.3226181102362204
0
LINE
8
BLACK
6
CONTINUOUS
10
6.8139763779527556
20
-3.3226181102362204
11
6.8139763779527556
21
-3.3397440944881889
0
LINE
8
BLACK
6
CONTINUOUS
10
4.3507874015748031
20
-3.3385826771653542
11
4.291732283464567
21
-3.3385826771653542
0
LINE
8
BLACK
6
CONTINUOUS
10
4.291732283464567
20
-3.3385826771653542
11
4.291732283464567
21
-3.3031496062992125
0
LINE
8
BLACK
6
CONTINUOUS
10
4.291732283464567
20
-3.3031496062992125
11
4.3507874015748031
21
-3.3031496062992125
0
LINE
8
BLACK
6
CONTINUOUS
10
4.3507874015748031
20
-3.3031496062992125
11
4.3507874015748031
21
-3.3385826771653542
0
LINE
8
BLACK
6
CONTINUOUS
10
5.0397637795275587
20
-3.3385826771653542
11
4.9807086614173226
21
-3.3385826771653542
0
LINE
8
BLACK
6
CONTINUOUS
10
4.9807086614173226
20
-3.3385826771653542
11
4.9807086614173226
21
-3.3031496062992125
0
LINE
8
BLACK
6
CONTINUOUS
10
4.9807086614173226
20
-3.3031496062992125
11
5.0397637795275587
21
-3.3031496062992125
0
LINE
8
BLACK
6
CONTINUOUS
10
5.0397637795275587
20
-3.3031496062992125
11
5.0397637795275587
21
-3.3385826771653542
0
LINE
8
BLACK
6
CONTINUOUS
10
6.6004330708661412
20
-3.3147834645669292
11
6.5403543307086611
21
-3.3147834645669292
0
LINE
8
BLACK
6
CONTINUOUS
10
6.5403543307086611
20
-3.3147834645669292
11
6.5403543307086611
21
-3.2976574803149608
0
LINE
8
BLACK
6
CONTINUOUS
10
6.5403543307086611
20
-3.2976574803149608
11
6.6004330708661412
21
-3.2976574803149608
0
LINE
8
BLACK
6
CONTINUOUS
10
6.6004330708661412
20
-3.2976574803149608
11
6.6004330708661412
21
-3.3147834645669292
0
LINE
8
BLACK
6
CONTINUOUS
10
6.8139763779527556
20
-3.3147834645669292
11
6.7538976377952755
21
-3.3147834645669292
0
LINE
8
BLACK
6
CONTINUOUS
10
6.7538976377952755
20
-3.3147834645669292
11
6.7538976377952755
21
-3.2976574803149608
0
LINE
8
BLACK
6
CONTINUOUS
10
6.7538976377952755
20
-3.2976574803149608
11
6.8139763779527556
21
-3.2976574803149608
0
LINE
8
BLACK
6
CONTINUOUS
10
6.8139763779527556
20
-3.2976574803149608
11
6.8139763779527556
21
-3.3147834645669292
0
LINE
8
BLACK
6
CONTINUOUS
10
5.6147637795275589
20
-3.3003937007874016
11
5.5064960629921256
21
-3.3003937007874016
0
LINE
8
BLACK
6
CONTINUOUS
10
5.5064960629921256
20
-3.3003937007874016
11
5.5064960629921256
21
-3.2610236220472442
0
LINE
8
BLACK
6
CONTINUOUS
10
5.5064960629921256
20
-3.2610236220472442
11
5.6147637795275589
21
-3.2610236220472442
0
LINE
8
BLACK
6
CONTINUOUS
10
5.6147637795275589
20
-3.2610236220472442
11
5.6147637795275589
21
-3.3003937007874016
0
LINE
8
BLACK
6
CONTINUOUS
10
5.8411417322834644
20
-3.3003937007874016
11
5.7328740157480311
21
-3.3003937007874016
0
LINE
8
BLACK
6
CONTINUOUS
10
5.7328740157480311
20
-3.3003937007874016
11
5.7328740157480311
21
-3.2610236220472442
0
LINE
8
BLACK
6
CONTINUOUS
10
5.7328740157480311
20
-3.2610236220472442
11
5.8411417322834644
21
-3.2610236220472442
0
LINE
8
BLACK
6
CONTINUOUS
10
5.8411417322834644
20
-3.2610236220472442
11
5.8411417322834644
21
-3.3003937007874016
0
LINE
8
BLACK
6
CONTINUOUS
10
6.6004330708661412
20
-3.2897440944881891
11
6.5403543307086611
21
-3.2897440944881891
0
LINE
8
BLACK
6
CONTINUOUS
10
6.5403543307086611
20
-3.2897440944881891
11
6.5403543307086611
21
-3.2726181102362202
0
LINE
8
BLACK
6
CONTINUOUS
10
6.5403543307086611
20
-3.2726181102362202
11
6.6004330708661412
21
-3.2726181102362202
0
LINE
8
BLACK
6
CONTINUOUS
10
6.6004330708661412
20
-3.2726181102362202
11
6.6004330708661412
21
-3.2897440944881891
0
LINE
8
BLACK
6
CONTINUOUS
10
6.8139763779527556
20
-3.2897440944881891
11
6.7538976377952755
21
-3.2897440944881891
0
LINE
8
BLACK
6
CONTINUOUS
10
6.7538976377952755
20
-3.2897440944881891
11
6.7538976377952755
21
-3.2726181102362202
0
LINE
8
BLACK
6
CONTINUOUS
10
6.7538976377952755
20
-3.2726181102362202
11
6.8139763779527556
21
-3.2726181102362202
0
LINE
8
BLACK
6
CONTINUOUS
10
6.8139763779527556
20
-3.2726181102362202
11
6.8139763779527556
21
-3.2897440944881891
0
LINE
8
BLACK
6
CONTINUOUS
10
4.3507874015748031
20
-3.2885826771653544
11
4.291732283464567
21
-3.2885826771653544
0
LINE
8
BLACK
6
CONTINUOUS
10
4.291732283464567
20
-3.2885826771653544
11
4.291732283464567
21
-3.2531496062992127
0
LINE
8
BLACK
6
CONTINUOUS
10
4.291732283464567
20
-3.2531496062992127
11
4.3507874015748031
21
-3.2531496062992127
0
LINE
8
BLACK
6
CONTINUOUS
10
4.3507874015748031
20
-3.2531496062992127
11
4.3507874015748031
21
-3.2885826771653544
0
LINE
8
BLACK
6
CONTINUOUS
10
5.0397637795275587
20
-3.2885826771653544
11
4.9807086614173226
21
-3.2885826771653544
0
LINE
8
BLACK
6
CONTINUOUS
10
4.9807086614173226
20
-3.2885826771653544
11
4.9807086614173226
21
-3.2531496062992127
0
LINE
8
BLACK
6
CONTINUOUS
10
4.9807086614173226
20
-3.2531496062992127
11
5.0397637795275587
21
-3.2531496062992127
0
LINE
8
BLACK
6
CONTINUOUS
10
5.0397637795275587
20
-3.2531496062992127
11
5.0397637795275587
21
-3.2885826771653544
0
LINE
8
BLACK
6
CONTINUOUS
10
7.0342783858267719
20
-3.2428751968503935
11
7.0374715354330704
21
-3.2450087795275588
0
LINE
8
BLACK
6
CONTINUOUS
10
7.0374715354330704
20
-3.2450087795275588
11
7.0396051181102361
21
-3.2482019291338582
0
LINE
8
BLACK
6
CONTINUOUS
10
7.0396051181102361
20
-3.2482019291338582
11
7.0403543307086611
21
-3.2519685039370079
0
LINE
8
BLACK
6
CONTINUOUS
10
7.0403543307086611
20
-3.2519685039370079
11
7.0403543307086611
21
-3.2785433070866139
0
LINE
8
BLACK
6
CONTINUOUS
10
7.0403543307086611
20
-3.2785433070866139
11
7.0396051181102361
21
-3.2823098818897636
0
LINE
8
BLACK
6
CONTINUOUS
10
7.0396051181102361
20
-3.2823098818897636
11
7.0374715354330704
21
-3.2855030314960629
0
LINE
8
BLACK
6
CONTINUOUS
10
7.0374715354330704
20
-3.2855030314960629
11
7.0342783858267719
21
-3.2876366141732283
0
LINE
8
BLACK
6
CONTINUOUS
10
7.0342783858267719
20
-3.2876366141732283
11
7.0305118110236222
21
-3.2883858267716533
0
LINE
8
BLACK
6
CONTINUOUS
10
7.0305118110236222
20
-3.2883858267716533
11
6.9931102362204722
21
-3.2883858267716533
0
LINE
8
BLACK
6
CONTINUOUS
10
6.9931102362204722
20
-3.2883858267716533
11
6.9893436614173226
21
-3.2876366141732283
0
LINE
8
BLACK
6
CONTINUOUS
10
6.9893436614173226
20
-3.2876366141732283
11
6.9861505118110232
21
-3.2855030314960629
0
LINE
8
BLACK
6
CONTINUOUS
10
6.9861505118110232
20
-3.2855030314960629
11
6.9840169291338583
21
-3.2823098818897636
0
LINE
8
BLACK
6
CONTINUOUS
10
6.9840169291338583
20
-3.2823098818897636
11
6.9832677165354333
21
-3.2785433070866139
0
LINE
8
BLACK
6
CONTINUOUS
10
6.9832677165354333
20
-3.2785433070866139
11
6.9832677165354333
21
-3.2519685039370079
0
LINE
8
BLACK
6
CONTINUOUS
10
6.9832677165354333
20
-3.2519685039370079
11
6.9840169291338583
21
-3.2482019291338582
0
LINE
8
BLACK
6
CONTINUOUS
10
6.9840169291338583
20
-3.2482019291338582
11
6.9861505118110232
21
-3.2450087795275588
0
LINE
8
BLACK
6
CONTINUOUS
10
6.9861505118110232
20
-3.2450087795275588
11
6.9893436614173226
21
-3.2428751968503935
0
LINE
8
BLACK
6
CONTINUOUS
10
6.9893436614173226
20
-3.2428751968503935
11
6.9931102362204722
21
-3.2421259842519685
0
LINE
8
BLACK
6
CONTINUOUS
10
6.9931102362204722
20
-3.2421259842519685
11
7.0305118110236222
21
-3.2421259842519685
0
LINE
8
BLACK
6
CONTINUOUS
10
7.0305118110236222
20
-3.2421259842519685
11
7.0342783858267719
21
-3.2428751968503935
0
LINE
8
BLACK
6
CONTINUOUS
10
7.1632153937007876
20
-3.2369696850393699
11
7.1664085433070861
21
-3.2391032677165352
0
LINE
8
BLACK
6
CONTINUOUS
10
7.1664085433070861
20
-3.2391032677165352
11
7.1685421259842519
21
-3.2422964173228346
0
LINE
8
BLACK
6
CONTINUOUS
10
7.1685421259842519
20
-3.2422964173228346
11
7.1692913385826769
21
-3.2460629921259843
0
LINE
8
BLACK
6
CONTINUOUS
10
7.1692913385826769
20
-3.2460629921259843
11
7.1692913385826769
21
-3.2736220472440944
0
LINE
8
BLACK
6
CONTINUOUS
10
7.1692913385826769
20
-3.2736220472440944
11
7.1685421259842519
21
-3.2773886220472441
0
LINE
8
BLACK
6
CONTINUOUS
10
7.1685421259842519
20
-3.2773886220472441
11
7.1664085433070861
21
-3.280581771653543
0
LINE
8
BLACK
6
CONTINUOUS
10
7.1664085433070861
20
-3.280581771653543
11
7.1632153937007876
21
-3.2827153543307084
0
LINE
8
BLACK
6
CONTINUOUS
10
7.1632153937007876
20
-3.2827153543307084
11
7.159448818897638
21
-3.2834645669291338
0
LINE
8
BLACK
6
CONTINUOUS
10
7.159448818897638
20
-3.2834645669291338
11
7.1240157480314963
21
-3.2834645669291338
0
LINE
8
BLACK
6
CONTINUOUS
10
7.1240157480314963
20
-3.2834645669291338
11
7.1202491732283466
21
-3.2827153543307084
0
LINE
8
BLACK
6
CONTINUOUS
10
7.1202491732283466
20
-3.2827153543307084
11
7.1170560236220473
21
-3.280581771653543
0
LINE
8
BLACK
6
CONTINUOUS
10
7.1170560236220473
20
-3.280581771653543
11
7.1149224409448815
21
-3.2773886220472441
0
LINE
8
BLACK
6
CONTINUOUS
10
7.1149224409448815
20
-3.2773886220472441
11
7.1141732283464565
21
-3.2736220472440944
0
LINE
8
BLACK
6
CONTINUOUS
10
7.1141732283464565
20
-3.2736220472440944
11
7.1141732283464565
21
-3.2460629921259843
0
LINE
8
BLACK
6
CONTINUOUS
10
7.1141732283464565
20
-3.2460629921259843
11
7.1149224409448815
21
-3.2422964173228346
0
LINE
8
BLACK
6
CONTINUOUS
10
7.1149224409448815
20
-3.2422964173228346
11
7.1170560236220473
21
-3.2391032677165352
0
LINE
8
BLACK
6
CONTINUOUS
10
7.1170560236220473
20
-3.2391032677165352
11
7.1202491732283466
21
-3.2369696850393699
0
LINE
8
BLACK
6
CONTINUOUS
10
7.1202491732283466
20
-3.2369696850393699
11
7.1240157480314963
21
-3.2362204724409449
0
LINE
8
BLACK
6
CONTINUOUS
10
7.1240157480314963
20
-3.2362204724409449
11
7.159448818897638
21
-3.2362204724409449
0
LINE
8
BLACK
6
CONTINUOUS
10
7.159448818897638
20
-3.2362204724409449
11
7.1632153937007876
21
-3.2369696850393699
0
LINE
8
BLACK
6
CONTINUOUS
10
4.0287665748031491
20
-3.236477559055118
11
4.0319597244094485
21
-3.2386111417322834
0
LINE
8
BLACK
6
CONTINUOUS
10
4.0319597244094485
20
-3.2386111417322834
11
4.0340933070866143
21
-3.2418042913385827
0
LINE
8
BLACK
6
CONTINUOUS
10
4.0340933070866143
20
-3.2418042913385827
11
4.0348425196850393
21
-3.2455708661417324
0
LINE
8
BLACK
6
CONTINUOUS
10
4.0348425196850393
20
-3.2455708661417324
11
4.0348425196850393
21
-3.2721456692913384
0
LINE
8
BLACK
6
CONTINUOUS
10
4.0348425196850393
20
-3.2721456692913384
11
4.0340933070866143
21
-3.2759122440944881
0
LINE
8
BLACK
6
CONTINUOUS
10
4.0340933070866143
20
-3.2759122440944881
11
4.0319597244094485
21
-3.2791053937007875
0
LINE
8
BLACK
6
CONTINUOUS
10
4.0319597244094485
20
-3.2791053937007875
11
4.0287665748031491
21
-3.2812389763779528
0
LINE
8
BLACK
6
CONTINUOUS
10
4.0287665748031491
20
-3.2812389763779528
11
4.0249999999999995
21
-3.2819881889763778
0
LINE
8
BLACK
6
CONTINUOUS
10
4.0249999999999995
20
-3.2819881889763778
11
3.9875984251968504
21
-3.2819881889763778
0
LINE
8
BLACK
6
CONTINUOUS
10
3.9875984251968504
20
-3.2819881889763778
11
3.9838318503937007
21
-3.2812389763779528
0
LINE
8
BLACK
6
CONTINUOUS
10
3.9838318503937007
20
-3.2812389763779528
11
3.9806387007874013
21
-3.2791053937007875
0
LINE
8
BLACK
6
CONTINUOUS
10
3.9806387007874013
20
-3.2791053937007875
11
3.978505118110236
21
-3.2759122440944881
0
LINE
8
BLACK
6
CONTINUOUS
10
3.978505118110236
20
-3.2759122440944881
11
3.977755905511811
21
-3.2721456692913384
0
LINE
8
BLACK
6
CONTINUOUS
10
3.977755905511811
20
-3.2721456692913384
11
3.977755905511811
21
-3.2455708661417324
0
LINE
8
BLACK
6
CONTINUOUS
10
3.977755905511811
20
-3.2455708661417324
11
3.978505118110236
21
-3.2418042913385827
0
LINE
8
BLACK
6
CONTINUOUS
10
3.978505118110236
20
-3.2418042913385827
11
3.9806387007874013
21
-3.2386111417322834
0
LINE
8
BLACK
6
CONTINUOUS
10
3.9806387007874013
20
-3.2386111417322834
11
3.9838318503937007
21
-3.236477559055118
0
LINE
8
BLACK
6
CONTINUOUS
10
3.9838318503937007
20
-3.236477559055118
11
3.9875984251968504
21
-3.235728346456693
0
LINE
8
BLACK
6
CONTINUOUS
10
3.9875984251968504
20
-3.235728346456693
11
4.0249999999999995
21
-3.235728346456693
0
LINE
8
BLACK
6
CONTINUOUS
10
4.0249999999999995
20
-3.235728346456693
11
4.0287665748031491
21
-3.236477559055118
0
LINE
8
BLACK
6
CONTINUOUS
10
4.1575067322834647
20
-3.236477559055118
11
4.160699881889764
21
-3.2386111417322834
0
LINE
8
BLACK
6
CONTINUOUS
10
4.160699881889764
20
-3.2386111417322834
11
4.1628334645669289
21
-3.2418042913385827
0
LINE
8
BLACK
6
CONTINUOUS
10
4.1628334645669289
20
-3.2418042913385827
11
4.1635826771653539
21
-3.2455708661417324
0
LINE
8
BLACK
6
CONTINUOUS
10
4.1635826771653539
20
-3.2455708661417324
11
4.1635826771653539
21
-3.2721456692913384
0
LINE
8
BLACK
6
CONTINUOUS
10
4.1635826771653539
20
-3.2721456692913384
11
4.1628334645669289
21
-3.2759122440944881
0
LINE
8
BLACK
6
CONTINUOUS
10
4.1628334645669289
20
-3.2759122440944881
11
4.160699881889764
21
-3.2791053937007875
0
LINE
8
BLACK
6
CONTINUOUS
10
4.160699881889764
20
-3.2791053937007875
11
4.1575067322834647
21
-3.2812389763779528
0
LINE
8
BLACK
6
CONTINUOUS
10
4.1575067322834647
20
-3.2812389763779528
11
4.153740157480315
21
-3.2819881889763778
0
LINE
8
BLACK
6
CONTINUOUS
10
4.153740157480315
20
-3.2819881889763778
11
4.116338582677165
21
-3.2819881889763778
0
LINE
8
BLACK
6
CONTINUOUS
10
4.116338582677165
20
-3.2819881889763778
11
4.1125720078740153
21
-3.2812389763779528
0
LINE
8
BLACK
6
CONTINUOUS
10
4.1125720078740153
20
-3.2812389763779528
11
4.1093788582677169
21
-3.2791053937007875
0
LINE
8
BLACK
6
CONTINUOUS
10
4.1093788582677169
20
-3.2791053937007875
11
4.1072452755905511
21
-3.2759122440944881
0
LINE
8
BLACK
6
CONTINUOUS
10
4.1072452755905511
20
-3.2759122440944881
11
4.1064960629921261
21
-3.2721456692913384
0
LINE
8
BLACK
6
CONTINUOUS
10
4.1064960629921261
20
-3.2721456692913384
11
4.1064960629921261
21
-3.2455708661417324
0
LINE
8
BLACK
6
CONTINUOUS
10
4.1064960629921261
20
-3.2455708661417324
11
4.1072452755905511
21
-3.2418042913385827
0
LINE
8
BLACK
6
CONTINUOUS
10
4.1072452755905511
20
-3.2418042913385827
11
4.1093788582677169
21
-3.2386111417322834
0
LINE
8
BLACK
6
CONTINUOUS
10
4.1093788582677169
20
-3.2386111417322834
11
4.1125720078740153
21
-3.236477559055118
0
LINE
8
BLACK
6
CONTINUOUS
10
4.1125720078740153
20
-3.236477559055118
11
4.116338582677165
21
-3.235728346456693
0
LINE
8
BLACK
6
CONTINUOUS
10
4.116338582677165
20
-3.235728346456693
11
4.153740157480315
21
-3.235728346456693
0
LINE
8
BLACK
6
CONTINUOUS
10
4.153740157480315
20
-3.235728346456693
11
4.1575067322834647
21
-3.236477559055118
0
LINE
8
BLACK
6
CONTINUOUS
10
3.7334909842519686
20
-3.2335248031496064
11
3.7366841338582675
21
-3.2356583858267718
0
LINE
8
BLACK
6
CONTINUOUS
10
3.7366841338582675
20
-3.2356583858267718
11
3.7388177165354328
21
-3.2388515354330707
0
LINE
8
BLACK
6
CONTINUOUS
10
3.7388177165354328
20
-3.2388515354330707
11
3.7395669291338582
21
-3.2426181102362204
0
LINE
8
BLACK
6
CONTINUOUS
10
3.7395669291338582
20
-3.2426181102362204
11
3.7395669291338582
21
-3.2691929133858268
0
LINE
8
BLACK
6
CONTINUOUS
10
3.7395669291338582
20
-3.2691929133858268
11
3.7388177165354328
21
-3.2729594881889761
0
LINE
8
BLACK
6
CONTINUOUS
10
3.7388177165354328
20
-3.2729594881889761
11
3.7366841338582675
21
-3.2761526377952754
0
LINE
8
BLACK
6
CONTINUOUS
10
3.7366841338582675
20
-3.2761526377952754
11
3.7334909842519686
21
-3.2782862204724408
0
LINE
8
BLACK
6
CONTINUOUS
10
3.7334909842519686
20
-3.2782862204724408
11
3.7297244094488189
21
-3.2790354330708662
0
LINE
8
BLACK
6
CONTINUOUS
10
3.7297244094488189
20
-3.2790354330708662
11
3.6923228346456693
21
-3.2790354330708662
0
LINE
8
BLACK
6
CONTINUOUS
10
3.6923228346456693
20
-3.2790354330708662
11
3.6885562598425197
21
-3.2782862204724408
0
LINE
8
BLACK
6
CONTINUOUS
10
3.6885562598425197
20
-3.2782862204724408
11
3.6853631102362203
21
-3.2761526377952754
0
LINE
8
BLACK
6
CONTINUOUS
10
3.6853631102362203
20
-3.2761526377952754
11
3.683229527559055
21
-3.2729594881889761
0
LINE
8
BLACK
6
CONTINUOUS
10
3.683229527559055
20
-3.2729594881889761
11
3.68248031496063
21
-3.2691929133858268
0
LINE
8
BLACK
6
CONTINUOUS
10
3.68248031496063
20
-3.2691929133858268
11
3.68248031496063
21
-3.2426181102362204
0
LINE
8
BLACK
6
CONTINUOUS
10
3.68248031496063
20
-3.2426181102362204
11
3.683229527559055
21
-3.2388515354330707
0
LINE
8
BLACK
6
CONTINUOUS
10
3.683229527559055
20
-3.2388515354330707
11
3.6853631102362203
21
-3.2356583858267718
0
LINE
8
BLACK
6
CONTINUOUS
10
3.6853631102362203
20
-3.2356583858267718
11
3.6885562598425197
21
-3.2335248031496064
0
LINE
8
BLACK
6
CONTINUOUS
10
3.6885562598425197
20
-3.2335248031496064
11
3.6923228346456693
21
-3.232775590551181
0
LINE
8
BLACK
6
CONTINUOUS
10
3.6923228346456693
20
-3.232775590551181
11
3.7297244094488189
21
-3.232775590551181
0
LINE
8
BLACK
6
CONTINUOUS
10
3.7297244094488189
20
-3.232775590551181
11
3.7334909842519686
21
-3.2335248031496064
0
LINE
8
BLACK
6
CONTINUOUS
10
3.8712862598425195
20
-3.2335248031496064
11
3.8744794094488189
21
-3.2356583858267718
0
LINE
8
BLACK
6
CONTINUOUS
10
3.8744794094488189
20
-3.2356583858267718
11
3.8766129921259842
21
-3.2388515354330707
0
LINE
8
BLACK
6
CONTINUOUS
10
3.8766129921259842
20
-3.2388515354330707
11
3.8773622047244092
21
-3.2426181102362204
0
LINE
8
BLACK
6
CONTINUOUS
10
3.8773622047244092
20
-3.2426181102362204
11
3.8773622047244092
21
-3.2691929133858268
0
LINE
8
BLACK
6
CONTINUOUS
10
3.8773622047244092
20
-3.2691929133858268
11
3.8766129921259842
21
-3.2729594881889761
0
LINE
8
BLACK
6
CONTINUOUS
10
3.8766129921259842
20
-3.2729594881889761
11
3.8744794094488189
21
-3.2761526377952754
0
LINE
8
BLACK
6
CONTINUOUS
10
3.8744794094488189
20
-3.2761526377952754
11
3.8712862598425195
21
-3.2782862204724408
0
LINE
8
BLACK
6
CONTINUOUS
10
3.8712862598425195
20
-3.2782862204724408
11
3.8675196850393698
21
-3.2790354330708662
0
LINE
8
BLACK
6
CONTINUOUS
10
3.8675196850393698
20
-3.2790354330708662
11
3.8301181102362203
21
-3.2790354330708662
0
LINE
8
BLACK
6
CONTINUOUS
10
3.8301181102362203
20
-3.2790354330708662
11
3.8263515354330706
21
-3.2782862204724408
0
LINE
8
BLACK
6
CONTINUOUS
10
3.8263515354330706
20
-3.2782862204724408
11
3.8231583858267717
21
-3.2761526377952754
0
LINE
8
BLACK
6
CONTINUOUS
10
3.8231583858267717
20
-3.2761526377952754
11
3.8210248031496064
21
-3.2729594881889761
0
LINE
8
BLACK
6
CONTINUOUS
10
3.8210248031496064
20
-3.2729594881889761
11
3.8202755905511809
21
-3.2691929133858268
0
LINE
8
BLACK
6
CONTINUOUS
10
3.8202755905511809
20
-3.2691929133858268
11
3.8202755905511809
21
-3.2426181102362204
0
LINE
8
BLACK
6
CONTINUOUS
10
3.8202755905511809
20
-3.2426181102362204
11
3.8210248031496064
21
-3.2388515354330707
0
LINE
8
BLACK
6
CONTINUOUS
10
3.8210248031496064
20
-3.2388515354330707
11
3.8231583858267717
21
-3.2356583858267718
0
LINE
8
BLACK
6
CONTINUOUS
10
3.8231583858267717
20
-3.2356583858267718
11
3.8263515354330706
21
-3.2335248031496064
0
LINE
8
BLACK
6
CONTINUOUS
10
3.8263515354330706
20
-3.2335248031496064
11
3.8301181102362203
21
-3.232775590551181
0
LINE
8
BLACK
6
CONTINUOUS
10
3.8301181102362203
20
-3.232775590551181
11
3.8675196850393698
21
-3.232775590551181
0
LINE
8
BLACK
6
CONTINUOUS
10
3.8675196850393698
20
-3.232775590551181
11
3.8712862598425195
21
-3.2335248031496064
0
LINE
8
BLACK
6
CONTINUOUS
10
4.3507874015748031
20
-3.2385826771653541
11
4.291732283464567
21
-3.2385826771653541
0
LINE
8
BLACK
6
CONTINUOUS
10
4.291732283464567
20
-3.2385826771653541
11
4.291732283464567
21
-3.2031496062992124
0
LINE
8
BLACK
6
CONTINUOUS
10
4.291732283464567
20
-3.2031496062992124
11
4.3507874015748031
21
-3.2031496062992124
0
LINE
8
BLACK
6
CONTINUOUS
10
4.3507874015748031
20
-3.2031496062992124
11
4.3507874015748031
21
-3.2385826771653541
0
LINE
8
BLACK
6
CONTINUOUS
10
5.0397637795275587
20
-3.2385826771653541
11
4.9807086614173226
21
-3.2385826771653541
0
LINE
8
BLACK
6
CONTINUOUS
10
4.9807086614173226
20
-3.2385826771653541
11
4.9807086614173226
21
-3.2031496062992124
0
LINE
8
BLACK
6
CONTINUOUS
10
4.9807086614173226
20
-3.2031496062992124
11
5.0397637795275587
21
-3.2031496062992124
0
LINE
8
BLACK
6
CONTINUOUS
10
5.0397637795275587
20
-3.2031496062992124
11
5.0397637795275587
21
-3.2385826771653541
0
LINE
8
BLACK
6
CONTINUOUS
10
7.4840551181102359
20
-3.2283464566929134
11
7.4608267716535428
21
-3.2283464566929134
0
LINE
8
BLACK
6
CONTINUOUS
10
7.4608267716535428
20
-3.2283464566929134
11
7.4608267716535428
21
-3.1830708661417324
0
LINE
8
BLACK
6
CONTINUOUS
10
7.4608267716535428
20
-3.1830708661417324
11
7.4840551181102359
21
-3.1830708661417324
0
LINE
8
BLACK
6
CONTINUOUS
10
7.4840551181102359
20
-3.1830708661417324
11
7.4840551181102359
21
-3.2283464566929134
0
LINE
8
BLACK
6
CONTINUOUS
10
7.5155511811023619
20
-3.2283464566929134
11
7.4923228346456687
21
-3.2283464566929134
0
LINE
8
BLACK
6
CONTINUOUS
10
7.4923228346456687
20
-3.2283464566929134
11
7.4923228346456687
21
-3.1830708661417324
0
LINE
8
BLACK
6
CONTINUOUS
10
7.4923228346456687
20
-3.1830708661417324
11
7.5155511811023619
21
-3.1830708661417324
0
LINE
8
BLACK
6
CONTINUOUS
10
7.5155511811023619
20
-3.1830708661417324
11
7.5155511811023619
21
-3.2283464566929134
0
LINE
8
BLACK
6
CONTINUOUS
10
7.5353937007874014
20
-3.2283464566929134
11
7.5236614173228347
21
-3.2283464566929134
0
LINE
8
BLACK
6
CONTINUOUS
10
7.5236614173228347
20
-3.2283464566929134
11
7.5236614173228347
21
-3.1830708661417324
0
LINE
8
BLACK
6
CONTINUOUS
10
7.5236614173228347
20
-3.1830708661417324
11
7.5353937007874014
21
-3.1830708661417324
0
LINE
8
BLACK
6
CONTINUOUS
10
7.5353937007874014
20
-3.1830708661417324
11
7.5353937007874014
21
-3.2283464566929134
0
LINE
8
BLACK
6
CONTINUOUS
10
7.5550787401574802
20
-3.2283464566929134
11
7.5433464566929134
21
-3.2283464566929134
0
LINE
8
BLACK
6
CONTINUOUS
10
7.5433464566929134
20
-3.2283464566929134
11
7.5433464566929134
21
-3.1830708661417324
0
LINE
8
BLACK
6
CONTINUOUS
10
7.5433464566929134
20
-3.1830708661417324
11
7.5550787401574802
21
-3.1830708661417324
0
LINE
8
BLACK
6
CONTINUOUS
10
7.5550787401574802
20
-3.1830708661417324
11
7.5550787401574802
21
-3.2283464566929134
0
LINE
8
BLACK
6
CONTINUOUS
10
7.5747637795275589
20
-3.2283464566929134
11
7.5630314960629921
21
-3.2283464566929134
0
LINE
8
BLACK
6
CONTINUOUS
10
7.5630314960629921
20
-3.2283464566929134
11
7.5630314960629921
21
-3.1830708661417324
0
LINE
8
BLACK
6
CONTINUOUS
10
7.5630314960629921
20
-3.1830708661417324
11
7.5747637795275589
21
-3.1830708661417324
0
LINE
8
BLACK
6
CONTINUOUS
10
7.5747637795275589
20
-3.1830708661417324
11
7.5747637795275589
21
-3.2283464566929134
0
LINE
8
BLACK
6
CONTINUOUS
10
7.5944488188976376
20
-3.2283464566929134
11
7.5827165354330708
21
-3.2283464566929134
0
LINE
8
BLACK
6
CONTINUOUS
10
7.5827165354330708
20
-3.2283464566929134
11
7.5827165354330708
21
-3.1830708661417324
0
LINE
8
BLACK
6
CONTINUOUS
10
7.5827165354330708
20
-3.1830708661417324
11
7.5944488188976376
21
-3.1830708661417324
0
LINE
8
BLACK
6
CONTINUOUS
10
7.5944488188976376
20
-3.1830708661417324
11
7.5944488188976376
21
-3.2283464566929134
0
LINE
8
BLACK
6
CONTINUOUS
10
7.6141338582677163
20
-3.2283464566929134
11
7.6024015748031495
21
-3.2283464566929134
0
LINE
8
BLACK
6
CONTINUOUS
10
7.6024015748031495
20
-3.2283464566929134
11
7.6024015748031495
21
-3.1830708661417324
0
LINE
8
BLACK
6
CONTINUOUS
10
7.6024015748031495
20
-3.1830708661417324
11
7.6141338582677163
21
-3.1830708661417324
0
LINE
8
BLACK
6
CONTINUOUS
10
7.6141338582677163
20
-3.1830708661417324
11
7.6141338582677163
21
-3.2283464566929134
0
LINE
8
BLACK
6
CONTINUOUS
10
7.633818897637795
20
-3.2283464566929134
11
7.6220866141732282
21
-3.2283464566929134
0
LINE
8
BLACK
6
CONTINUOUS
10
7.6220866141732282
20
-3.2283464566929134
11
7.6220866141732282
21
-3.1830708661417324
0
LINE
8
BLACK
6
CONTINUOUS
10
7.6220866141732282
20
-3.1830708661417324
11
7.633818897637795
21
-3.1830708661417324
0
LINE
8
BLACK
6
CONTINUOUS
10
7.633818897637795
20
-3.1830708661417324
11
7.633818897637795
21
-3.2283464566929134
0
LINE
8
BLACK
6
CONTINUOUS
10
7.6535039370078737
20
-3.2283464566929134
11
7.6417716535433069
21
-3.2283464566929134
0
LINE
8
BLACK
6
CONTINUOUS
10
7.6417716535433069
20
-3.2283464566929134
11
7.6417716535433069
21
-3.1830708661417324
0
LINE
8
BLACK
6
CONTINUOUS
10
7.6417716535433069
20
-3.1830708661417324
11
7.6535039370078737
21
-3.1830708661417324
0
LINE
8
BLACK
6
CONTINUOUS
10
7.6535039370078737
20
-3.1830708661417324
11
7.6535039370078737
21
-3.2283464566929134
0
LINE
8
BLACK
6
CONTINUOUS
10
7.6731889763779524
20
-3.2283464566929134
11
7.6614566929133856
21
-3.2283464566929134
0
LINE
8
BLACK
6
CONTINUOUS
10
7.6614566929133856
20
-3.2283464566929134
11
7.6614566929133856
21
-3.1830708661417324
0
LINE
8
BLACK
6
CONTINUOUS
10
7.6614566929133856
20
-3.1830708661417324
11
7.6731889763779524
21
-3.1830708661417324
0
LINE
8
BLACK
6
CONTINUOUS
10
7.6731889763779524
20
-3.1830708661417324
11
7.6731889763779524
21
-3.2283464566929134
0
LINE
8
BLACK
6
CONTINUOUS
10
7.7045275590551183
20
-3.2283464566929134
11
7.6812992125984252
21
-3.2283464566929134
0
LINE
8
BLACK
6
CONTINUOUS
10
7.6812992125984252
20
-3.2283464566929134
11
7.6812992125984252
21
-3.1830708661417324
0
LINE
8
BLACK
6
CONTINUOUS
10
7.6812992125984252
20
-3.1830708661417324
11
7.7045275590551183
21
-3.1830708661417324
0
LINE
8
BLACK
6
CONTINUOUS
10
7.7045275590551183
20
-3.1830708661417324
11
7.7045275590551183
21
-3.2283464566929134
0
LINE
8
BLACK
6
CONTINUOUS
10
7.7360236220472443
20
-3.2283464566929134
11
7.7127952755905511
21
-3.2283464566929134
0
LINE
8
BLACK
6
CONTINUOUS
10
7.7127952755905511
20
-3.2283464566929134
11
7.7127952755905511
21
-3.1830708661417324
0
LINE
8
BLACK
6
CONTINUOUS
10
7.7127952755905511
20
-3.1830708661417324
11
7.7360236220472443
21
-3.1830708661417324
0
LINE
8
BLACK
6
CONTINUOUS
10
7.7360236220472443
20
-3.1830708661417324
11
7.7360236220472443
21
-3.2283464566929134
0
LINE
8
BLACK
6
CONTINUOUS
10
7.0342783858267719
20
-3.1611822834645666
11
7.0374715354330704
21
-3.163315866141732
0
LINE
8
BLACK
6
CONTINUOUS
10
7.0374715354330704
20
-3.163315866141732
11
7.0396051181102361
21
-3.1665090157480313
0
LINE
8
BLACK
6
CONTINUOUS
10
7.0396051181102361
20
-3.1665090157480313
11
7.0403543307086611
21
-3.170275590551181
0
LINE
8
BLACK
6
CONTINUOUS
10
7.0403543307086611
20
-3.170275590551181
11
7.0403543307086611
21
-3.1968503937007875
0
LINE
8
BLACK
6
CONTINUOUS
10
7.0403543307086611
20
-3.1968503937007875
11
7.0396051181102361
21
-3.2006169685039367
0
LINE
8
BLACK
6
CONTINUOUS
10
7.0396051181102361
20
-3.2006169685039367
11
7.0374715354330704
21
-3.2038101181102361
0
LINE
8
BLACK
6
CONTINUOUS
10
7.0374715354330704
20
-3.2038101181102361
11
7.0342783858267719
21
-3.2059437007874014
0
LINE
8
BLACK
6
CONTINUOUS
10
7.0342783858267719
20
-3.2059437007874014
11
7.0305118110236222
21
-3.2066929133858268
0
LINE
8
BLACK
6
CONTINUOUS
10
7.0305118110236222
20
-3.2066929133858268
11
6.9931102362204722
21
-3.2066929133858268
0
LINE
8
BLACK
6
CONTINUOUS
10
6.9931102362204722
20
-3.2066929133858268
11
6.9893436614173226
21
-3.2059437007874014
0
LINE
8
BLACK
6
CONTINUOUS
10
6.9893436614173226
20
-3.2059437007874014
11
6.9861505118110232
21
-3.2038101181102361
0
LINE
8
BLACK
6
CONTINUOUS
10
6.9861505118110232
20
-3.2038101181102361
11
6.9840169291338583
21
-3.2006169685039367
0
LINE
8
BLACK
6
CONTINUOUS
10
6.9840169291338583
20
-3.2006169685039367
11
6.9832677165354333
21
-3.1968503937007875
0
LINE
8
BLACK
6
CONTINUOUS
10
6.9832677165354333
20
-3.1968503937007875
11
6.9832677165354333
21
-3.170275590551181
0
LINE
8
BLACK
6
CONTINUOUS
10
6.9832677165354333
20
-3.170275590551181
11
6.9840169291338583
21
-3.1665090157480313
0
LINE
8
BLACK
6
CONTINUOUS
10
6.9840169291338583
20
-3.1665090157480313
11
6.9861505118110232
21
-3.163315866141732
0
LINE
8
BLACK
6
CONTINUOUS
10
6.9861505118110232
20
-3.163315866141732
11
6.9893436614173226
21
-3.1611822834645666
0
LINE
8
BLACK
6
CONTINUOUS
10
6.9893436614173226
20
-3.1611822834645666
11
6.9931102362204722
21
-3.1604330708661417
0
LINE
8
BLACK
6
CONTINUOUS
10
6.9931102362204722
20
-3.1604330708661417
11
7.0305118110236222
21
-3.1604330708661417
0
LINE
8
BLACK
6
CONTINUOUS
10
7.0305118110236222
20
-3.1604330708661417
11
7.0342783858267719
21
-3.1611822834645666
0
LINE
8
BLACK
6
CONTINUOUS
10
7.1632153937007876
20
-3.1582295275590551
11
7.1664085433070861
21
-3.1603631102362204
0
LINE
8
BLACK
6
CONTINUOUS
10
7.1664085433070861
20
-3.1603631102362204
11
7.1685421259842519
21
-3.1635562598425198
0
LINE
8
BLACK
6
CONTINUOUS
10
7.1685421259842519
20
-3.1635562598425198
11
7.1692913385826769
21
-3.1673228346456694
0
LINE
8
BLACK
6
CONTINUOUS
10
7.1692913385826769
20
-3.1673228346456694
11
7.1692913385826769
21
-3.1948818897637796
0
LINE
8
BLACK
6
CONTINUOUS
10
7.1692913385826769
20
-3.1948818897637796
11
7.1685421259842519
21
-3.1986484645669289
0
LINE
8
BLACK
6
CONTINUOUS
10
7.1685421259842519
20
-3.1986484645669289
11
7.1664085433070861
21
-3.2018416141732282
0
LINE
8
BLACK
6
CONTINUOUS
10
7.1664085433070861
20
-3.2018416141732282
11
7.1632153937007876
21
-3.2039751968503936
0
LINE
8
BLACK
6
CONTINUOUS
10
7.1632153937007876
20
-3.2039751968503936
11
7.159448818897638
21
-3.204724409448819
0
LINE
8
BLACK
6
CONTINUOUS
10
7.159448818897638
20
-3.204724409448819
11
7.1240157480314963
21
-3.204724409448819
0
LINE
8
BLACK
6
CONTINUOUS
10
7.1240157480314963
20
-3.204724409448819
11
7.1202491732283466
21
-3.2039751968503936
0
LINE
8
BLACK
6
CONTINUOUS
10
7.1202491732283466
20
-3.2039751968503936
11
7.1170560236220473
21
-3.2018416141732282
0
LINE
8
BLACK
6
CONTINUOUS
10
7.1170560236220473
20
-3.2018416141732282
11
7.1149224409448815
21
-3.1986484645669289
0
LINE
8
BLACK
6
CONTINUOUS
10
7.1149224409448815
20
-3.1986484645669289
11
7.1141732283464565
21
-3.1948818897637796
0
LINE
8
BLACK
6
CONTINUOUS
10
7.1141732283464565
20
-3.1948818897637796
11
7.1141732283464565
21
-3.1673228346456694
0
LINE
8
BLACK
6
CONTINUOUS
10
7.1141732283464565
20
-3.1673228346456694
11
7.1149224409448815
21
-3.1635562598425198
0
LINE
8
BLACK
6
CONTINUOUS
10
7.1149224409448815
20
-3.1635562598425198
11
7.1170560236220473
21
-3.1603631102362204
0
LINE
8
BLACK
6
CONTINUOUS
10
7.1170560236220473
20
-3.1603631102362204
11
7.1202491732283466
21
-3.1582295275590551
0
LINE
8
BLACK
6
CONTINUOUS
10
7.1202491732283466
20
-3.1582295275590551
11
7.1240157480314963
21
-3.1574803149606296
0
LINE
8
BLACK
6
CONTINUOUS
10
7.1240157480314963
20
-3.1574803149606296
11
7.159448818897638
21
-3.1574803149606296
0
LINE
8
BLACK
6
CONTINUOUS
10
7.159448818897638
20
-3.1574803149606296
11
7.1632153937007876
21
-3.1582295275590551
0
LINE
8
BLACK
6
CONTINUOUS
10
4.0287665748031491
20
-3.1547846456692912
11
4.0319597244094485
21
-3.1569182283464565
0
LINE
8
BLACK
6
CONTINUOUS
10
4.0319597244094485
20
-3.1569182283464565
11
4.0340933070866143
21
-3.1601113779527559
0
LINE
8
BLACK
6
CONTINUOUS
10
4.0340933070866143
20
-3.1601113779527559
11
4.0348425196850393
21
-3.1638779527559056
0
LINE
8
BLACK
6
CONTINUOUS
10
4.0348425196850393
20
-3.1638779527559056
11
4.0348425196850393
21
-3.1904527559055116
0
LINE
8
BLACK
6
CONTINUOUS
10
4.0348425196850393
20
-3.1904527559055116
11
4.0340933070866143
21
-3.1942193307086613
0
LINE
8
BLACK
6
CONTINUOUS
10
4.0340933070866143
20
-3.1942193307086613
11
4.0319597244094485
21
-3.1974124803149606
0
LINE
8
BLACK
6
CONTINUOUS
10
4.0319597244094485
20
-3.1974124803149606
11
4.0287665748031491
21
-3.199546062992126
0
LINE
8
BLACK
6
CONTINUOUS
10
4.0287665748031491
20
-3.199546062992126
11
4.0249999999999995
21
-3.2002952755905509
0
LINE
8
BLACK
6
CONTINUOUS
10
4.0249999999999995
20
-3.2002952755905509
11
3.9875984251968504
21
-3.2002952755905509
0
LINE
8
BLACK
6
CONTINUOUS
10
3.9875984251968504
20
-3.2002952755905509
11
3.9838318503937007
21
-3.199546062992126
0
LINE
8
BLACK
6
CONTINUOUS
10
3.9838318503937007
20
-3.199546062992126
11
3.9806387007874013
21
-3.1974124803149606
0
LINE
8
BLACK
6
CONTINUOUS
10
3.9806387007874013
20
-3.1974124803149606
11
3.978505118110236
21
-3.1942193307086613
0
LINE
8
BLACK
6
CONTINUOUS
10
3.978505118110236
20
-3.1942193307086613
11
3.977755905511811
21
-3.1904527559055116
0
LINE
8
BLACK
6
CONTINUOUS
10
3.977755905511811
20
-3.1904527559055116
11
3.977755905511811
21
-3.1638779527559056
0
LINE
8
BLACK
6
CONTINUOUS
10
3.977755905511811
20
-3.1638779527559056
11
3.978505118110236
21
-3.1601113779527559
0
LINE
8
BLACK
6
CONTINUOUS
10
3.978505118110236
20
-3.1601113779527559
11
3.9806387007874013
21
-3.1569182283464565
0
LINE
8
BLACK
6
CONTINUOUS
10
3.9806387007874013
20
-3.1569182283464565
11
3.9838318503937007
21
-3.1547846456692912
0
LINE
8
BLACK
6
CONTINUOUS
10
3.9838318503937007
20
-3.1547846456692912
11
3.9875984251968504
21
-3.1540354330708662
0
LINE
8
BLACK
6
CONTINUOUS
10
3.9875984251968504
20
-3.1540354330708662
11
4.0249999999999995
21
-3.1540354330708662
0
LINE
8
BLACK
6
CONTINUOUS
10
4.0249999999999995
20
-3.1540354330708662
11
4.0287665748031491
21
-3.1547846456692912
0
LINE
8
BLACK
6
CONTINUOUS
10
4.1575067322834647
20
-3.1547846456692912
11
4.160699881889764
21
-3.1569182283464565
0
LINE
8
BLACK
6
CONTINUOUS
10
4.160699881889764
20
-3.1569182283464565
11
4.1628334645669289
21
-3.1601113779527559
0
LINE
8
BLACK
6
CONTINUOUS
10
4.1628334645669289
20
-3.1601113779527559
11
4.1635826771653539
21
-3.1638779527559056
0
LINE
8
BLACK
6
CONTINUOUS
10
4.1635826771653539
20
-3.1638779527559056
11
4.1635826771653539
21
-3.1904527559055116
0
LINE
8
BLACK
6
CONTINUOUS
10
4.1635826771653539
20
-3.1904527559055116
11
4.1628334645669289
21
-3.1942193307086613
0
LINE
8
BLACK
6
CONTINUOUS
10
4.1628334645669289
20
-3.1942193307086613
11
4.160699881889764
21
-3.1974124803149606
0
LINE
8
BLACK
6
CONTINUOUS
10
4.160699881889764
20
-3.1974124803149606
11
4.1575067322834647
21
-3.199546062992126
0
LINE
8
BLACK
6
CONTINUOUS
10
4.1575067322834647
20
-3.199546062992126
11
4.153740157480315
21
-3.2002952755905509
0
LINE
8
BLACK
6
CONTINUOUS
10
4.153740157480315
20
-3.2002952755905509
11
4.116338582677165
21
-3.2002952755905509
0
LINE
8
BLACK
6
CONTINUOUS
10
4.116338582677165
20
-3.2002952755905509
11
4.1125720078740153
21
-3.199546062992126
0
LINE
8
BLACK
6
CONTINUOUS
10
4.1125720078740153
20
-3.199546062992126
11
4.1093788582677169
21
-3.1974124803149606
0
LINE
8
BLACK
6
CONTINUOUS
10
4.1093788582677169
20
-3.1974124803149606
11
4.1072452755905511
21
-3.1942193307086613
0
LINE
8
BLACK
6
CONTINUOUS
10
4.1072452755905511
20
-3.1942193307086613
11
4.1064960629921261
21
-3.1904527559055116
0
LINE
8
BLACK
6
CONTINUOUS
10
4.1064960629921261
20
-3.1904527559055116
11
4.1064960629921261
21
-3.1638779527559056
0
LINE
8
BLACK
6
CONTINUOUS
10
4.1064960629921261
20
-3.1638779527559056
11
4.1072452755905511
21
-3.1601113779527559
0
LINE
8
BLACK
6
CONTINUOUS
10
4.1072452755905511
20
-3.1601113779527559
11
4.1093788582677169
21
-3.1569182283464565
0
LINE
8
BLACK
6
CONTINUOUS
10
4.1093788582677169
20
-3.1569182283464565
11
4.1125720078740153
21
-3.1547846456692912
0
LINE
8
BLACK
6
CONTINUOUS
10
4.1125720078740153
20
-3.1547846456692912
11
4.116338582677165
21
-3.1540354330708662
0
LINE
8
BLACK
6
CONTINUOUS
10
4.116338582677165
20
-3.1540354330708662
11
4.153740157480315
21
-3.1540354330708662
0
LINE
8
BLACK
6
CONTINUOUS
10
4.153740157480315
20
-3.1540354330708662
11
4.1575067322834647
21
-3.1547846456692912
0
LINE
8
BLACK
6
CONTINUOUS
10
3.7334909842519686
20
-3.1518318897637796
11
3.7366841338582675
21
-3.1539654724409449
0
LINE
8
BLACK
6
CONTINUOUS
10
3.7366841338582675
20
-3.1539654724409449
11
3.7388177165354328
21
-3.1571586220472438
0
LINE
8
BLACK
6
CONTINUOUS
10
3.7388177165354328
20
-3.1571586220472438
11
3.7395669291338582
21
-3.1609251968503935
0
LINE
8
BLACK
6
CONTINUOUS
10
3.7395669291338582
20
-3.1609251968503935
11
3.7395669291338582
21
-3.1875
0
LINE
8
BLACK
6
CONTINUOUS
10
3.7395669291338582
20
-3.1875
11
3.7388177165354328
21
-3.1912665748031497
0
LINE
8
BLACK
6
CONTINUOUS
10
3.7388177165354328
20
-3.1912665748031497
11
3.7366841338582675
21
-3.1944597244094486
0
LINE
8
BLACK
6
CONTINUOUS
10
3.7366841338582675
20
-3.1944597244094486
11
3.7334909842519686
21
-3.1965933070866139
0
LINE
8
BLACK
6
CONTINUOUS
10
3.7334909842519686
20
-3.1965933070866139
11
3.7297244094488189
21
-3.1973425196850394
0
LINE
8
BLACK
6
CONTINUOUS
10
3.7297244094488189
20
-3.1973425196850394
11
3.6923228346456693
21
-3.1973425196850394
0
LINE
8
BLACK
6
CONTINUOUS
10
3.6923228346456693
20
-3.1973425196850394
11
3.6885562598425197
21
-3.1965933070866139
0
LINE
8
BLACK
6
CONTINUOUS
10
3.6885562598425197
20
-3.1965933070866139
11
3.6853631102362203
21
-3.1944597244094486
0
LINE
8
BLACK
6
CONTINUOUS
10
3.6853631102362203
20
-3.1944597244094486
11
3.683229527559055
21
-3.1912665748031497
0
LINE
8
BLACK
6
CONTINUOUS
10
3.683229527559055
20
-3.1912665748031497
11
3.68248031496063
21
-3.1875
0
LINE
8
BLACK
6
CONTINUOUS
10
3.68248031496063
20
-3.1875
11
3.68248031496063
21
-3.1609251968503935
0
LINE
8
BLACK
6
CONTINUOUS
10
3.68248031496063
20
-3.1609251968503935
11
3.683229527559055
21
-3.1571586220472438
0
LINE
8
BLACK
6
CONTINUOUS
10
3.683229527559055
20
-3.1571586220472438
11
3.6853631102362203
21
-3.1539654724409449
0
LINE
8
BLACK
6
CONTINUOUS
10
3.6853631102362203
20
-3.1539654724409449
11
3.6885562598425197
21
-3.1518318897637796
0
LINE
8
BLACK
6
CONTINUOUS
10
3.6885562598425197
20
-3.1518318897637796
11
3.6923228346456693
21
-3.1510826771653542
0
LINE
8
BLACK
6
CONTINUOUS
10
3.6923228346456693
20
-3.1510826771653542
11
3.7297244094488189
21
-3.1510826771653542
0
LINE
8
BLACK
6
CONTINUOUS
10
3.7297244094488189
20
-3.1510826771653542
11
3.7334909842519686
21
-3.1518318897637796
0
LINE
8
BLACK
6
CONTINUOUS
10
3.8712862598425195
20
-3.1518318897637796
11
3.8744794094488189
21
-3.1539654724409449
0
LINE
8
BLACK
6
CONTINUOUS
10
3.8744794094488189
20
-3.1539654724409449
11
3.8766129921259842
21
-3.1571586220472438
0
LINE
8
BLACK
6
CONTINUOUS
10
3.8766129921259842
20
-3.1571586220472438
11
3.8773622047244092
21
-3.1609251968503935
0
LINE
8
BLACK
6
CONTINUOUS
10
3.8773622047244092
20
-3.1609251968503935
11
3.8773622047244092
21
-3.1875
0
LINE
8
BLACK
6
CONTINUOUS
10
3.8773622047244092
20
-3.1875
11
3.8766129921259842
21
-3.1912665748031497
0
LINE
8
BLACK
6
CONTINUOUS
10
3.8766129921259842
20
-3.1912665748031497
11
3.8744794094488189
21
-3.1944597244094486
0
LINE
8
BLACK
6
CONTINUOUS
10
3.8744794094488189
20
-3.1944597244094486
11
3.8712862598425195
21
-3.1965933070866139
0
LINE
8
BLACK
6
CONTINUOUS
10
3.8712862598425195
20
-3.1965933070866139
11
3.8675196850393698
21
-3.1973425196850394
0
LINE
8
BLACK
6
CONTINUOUS
10
3.8675196850393698
20
-3.1973425196850394
11
3.8301181102362203
21
-3.1973425196850394
0
LINE
8
BLACK
6
CONTINUOUS
10
3.8301181102362203
20
-3.1973425196850394
11
3.8263515354330706
21
-3.1965933070866139
0
LINE
8
BLACK
6
CONTINUOUS
10
3.8263515354330706
20
-3.1965933070866139
11
3.8231583858267717
21
-3.1944597244094486
0
LINE
8
BLACK
6
CONTINUOUS
10
3.8231583858267717
20
-3.1944597244094486
11
3.8210248031496064
21
-3.1912665748031497
0
LINE
8
BLACK
6
CONTINUOUS
10
3.8210248031496064
20
-3.1912665748031497
11
3.8202755905511809
21
-3.1875
0
LINE
8
BLACK
6
CONTINUOUS
10
3.8202755905511809
20
-3.1875
11
3.8202755905511809
21
-3.1609251968503935
0
LINE
8
BLACK
6
CONTINUOUS
10
3.8202755905511809
20
-3.1609251968503935
11
3.8210248031496064
21
-3.1571586220472438
0
LINE
8
BLACK
6
CONTINUOUS
10
3.8210248031496064
20
-3.1571586220472438
11
3.8231583858267717
21
-3.1539654724409449
0
LINE
8
BLACK
6
CONTINUOUS
10
3.8231583858267717
20
-3.1539654724409449
11
3.8263515354330706
21
-3.1518318897637796
0
LINE
8
BLACK
6
CONTINUOUS
10
3.8263515354330706
20
-3.1518318897637796
11
3.8301181102362203
21
-3.1510826771653542
0
LINE
8
BLACK
6
CONTINUOUS
10
3.8301181102362203
20
-3.1510826771653542
11
3.8675196850393698
21
-3.1510826771653542
0
LINE
8
BLACK
6
CONTINUOUS
10
3.8675196850393698
20
-3.1510826771653542
11
3.8712862598425195
21
-3.1518318897637796
0
LINE
8
BLACK
6
CONTINUOUS
10
4.3507874015748031
20
-3.1885826771653543
11
4.291732283464567
21
-3.1885826771653543
0
LINE
8
BLACK
6
CONTINUOUS
10
4.291732283464567
20
-3.1885826771653543
11
4.291732283464567
21
-3.1531496062992126
0
LINE
8
BLACK
6
CONTINUOUS
10
4.291732283464567
20
-3.1531496062992126
11
4.3507874015748031
21
-3.1531496062992126
0
LINE
8
BLACK
6
CONTINUOUS
10
4.3507874015748031
20
-3.1531496062992126
11
4.3507874015748031
21
-3.1885826771653543
0
LINE
8
BLACK
6
CONTINUOUS
10
5.0397637795275587
20
-3.1885826771653543
11
4.9807086614173226
21
-3.1885826771653543
0
LINE
8
BLACK
6
CONTINUOUS
10
4.9807086614173226
20
-3.1885826771653543
11
4.9807086614173226
21
-3.1531496062992126
0
LINE
8
BLACK
6
CONTINUOUS
10
4.9807086614173226
20
-3.1531496062992126
11
5.0397637795275587
21
-3.1531496062992126
0
LINE
8
BLACK
6
CONTINUOUS
10
5.0397637795275587
20
-3.1531496062992126
11
5.0397637795275587
21
-3.1885826771653543
0
LINE
8
BLACK
6
CONTINUOUS
10
5.6147637795275589
20
-3.1429133858267715
11
5.5064960629921256
21
-3.1429133858267715
0
LINE
8
BLACK
6
CONTINUOUS
10
5.5064960629921256
20
-3.1429133858267715
11
5.5064960629921256
21
-3.1035433070866141
0
LINE
8
BLACK
6
CONTINUOUS
10
5.5064960629921256
20
-3.1035433070866141
11
5.6147637795275589
21
-3.1035433070866141
0
LINE
8
BLACK
6
CONTINUOUS
10
5.6147637795275589
20
-3.1035433070866141
11
5.6147637795275589
21
-3.1429133858267715
0
LINE
8
BLACK
6
CONTINUOUS
10
5.8411417322834644
20
-3.1429133858267715
11
5.7328740157480311
21
-3.1429133858267715
0
LINE
8
BLACK
6
CONTINUOUS
10
5.7328740157480311
20
-3.1429133858267715
11
5.7328740157480311
21
-3.1035433070866141
0
LINE
8
BLACK
6
CONTINUOUS
10
5.7328740157480311
20
-3.1035433070866141
11
5.8411417322834644
21
-3.1035433070866141
0
LINE
8
BLACK
6
CONTINUOUS
10
5.8411417322834644
20
-3.1035433070866141
11
5.8411417322834644
21
-3.1429133858267715
0
LINE
8
BLACK
6
CONTINUOUS
10
4.3507874015748031
20
-3.1385826771653544
11
4.291732283464567
21
-3.1385826771653544
0
LINE
8
BLACK
6
CONTINUOUS
10
4.291732283464567
20
-3.1385826771653544
11
4.291732283464567
21
-3.1031496062992123
0
LINE
8
BLACK
6
CONTINUOUS
10
4.291732283464567
20
-3.1031496062992123
11
4.3507874015748031
21
-3.1031496062992123
0
LINE
8
BLACK
6
CONTINUOUS
10
4.3507874015748031
20
-3.1031496062992123
11
4.3507874015748031
21
-3.1385826771653544
0
LINE
8
BLACK
6
CONTINUOUS
10
5.0397637795275587
20
-3.1385826771653544
11
4.9807086614173226
21
-3.1385826771653544
0
LINE
8
BLACK
6
CONTINUOUS
10
4.9807086614173226
20
-3.1385826771653544
11
4.9807086614173226
21
-3.1031496062992123
0
LINE
8
BLACK
6
CONTINUOUS
10
4.9807086614173226
20
-3.1031496062992123
11
5.0397637795275587
21
-3.1031496062992123
0
LINE
8
BLACK
6
CONTINUOUS
10
5.0397637795275587
20
-3.1031496062992123
11
5.0397637795275587
21
-3.1385826771653544
0
CIRCLE
8
BLACK
10
8.5039370078740149
20
-5.5649606299212593
40
0.0324803149606299
0
CIRCLE
8
BLACK
10
8.3169291338582667
20
-5.5649606299212593
40
0.0324803149606299
0
CIRCLE
8
BLACK
10
3.0590551181102361
20
-5.1692913385826769
40
0.0590550787401575
0
CIRCLE
8
BLACK
10
2.372047244094488
20
-5.4647637795275585
40
0.0196850393700787
0
CIRCLE
8
BLACK
10
2.4704724409448819
20
-5.4647637795275585
40
0.0196850393700787
0
CIRCLE
8
BLACK
10
6.5452755905511806
20
-5.5275590551181102
40
0.0196850393700787
0
CIRCLE
8
BLACK
10
6.643700787401575
20
-5.5275590551181102
40
0.0196850393700787
0
CIRCLE
8
BLACK
10
4.5515748031496059
20
-3.3822834645669291
40
0.0039370078740157
0
CIRCLE
8
BLACK
10
4.5515748031496059
20
-3.4374015748031495
40
0.0039370078740157
0
CIRCLE
8
BLACK
10
4.5791338582677161
20
-3.3547244094488189
40
0.0039370078740157
0
CIRCLE
8
BLACK
10
4.5791338582677161
20
-3.4098425196850393
40
0.0039370078740157
0
CIRCLE
8
BLACK
10
4.5791338582677161
20
-3.4649606299212596
40
0.0039370078740157
0
CIRCLE
8
BLACK
10
4.6066929133858263
20
-3.3822834645669291
40
0.0039370078740157
0
CIRCLE
8
BLACK
10
4.6066929133858263
20
-3.4374015748031495
40
0.0039370078740157
0
CIRCLE
8
BLACK
10
4.6342519685039365
20
-3.3547244094488189
40
0.0039370078740157
0
CIRCLE
8
BLACK
10
4.6342519685039365
20
-3.4098425196850393
40
0.0039370078740157
0
CIRCLE
8
BLACK
10
4.6342519685039365
20
-3.4649606299212596
40
0.0039370078740157
0
CIRCLE
8
BLACK
10
4.6618110236220476
20
-3.3822834645669291
40
0.0039370078740157
0
CIRCLE
8
BLACK
10
4.6618110236220476
20
-3.4374015748031495
40
0.0039370078740157
0
CIRCLE
8
BLACK
10
2.6082677165354329
20
-3.2458661417322836
40
0.0196850393700787
0
CIRCLE
8
BLACK
10
2.5098425196850394
20
-3.2458661417322836
40
0.0196850393700787
0
CIRCLE
8
BLACK
10
5.5925196850393704
20
-5.5295275590551176
40
0.0196850393700787
0
CIRCLE
8
BLACK
10
5.6909448818897639
20
-5.5295275590551176
40
0.0196850393700787
0
CIRCLE
8
BLACK
10
6.1893700787401578
20
-4.6098425196850394
40
0.0688975984251969
0
CIRCLE
8
BLACK
10
6.0893700787401572
20
-5.265748031496063
40
0.0216535433070866
0
CIRCLE
8
BLACK
10
6.1893700787401578
20
-5.265748031496063
40
0.0216535433070866
0
CIRCLE
8
BLACK
10
6.2893700787401574
20
-5.265748031496063
40
0.0216535433070866
0
CIRCLE
8
BLACK
10
3.8440944881889765
20
-4.0433070866141732
40
0.0196850393700787
0
CIRCLE
8
BLACK
10
3.9440944881889761
20
-4.0433070866141732
40
0.0196850393700787
0
CIRCLE
8
BLACK
10
4.0440944881889767
20
-4.0433070866141732
40
0.0196850393700787
0
CIRCLE
8
BLACK
10
4.1440944881889763
20
-4.0433070866141732
40
0.0196850393700787
0
CIRCLE
8
BLACK
10
3.4429133858267718
20
-5.5295275590551176
40
0.0196850393700787
0
CIRCLE
8
BLACK
10
3.5413385826771653
20
-5.5295275590551176
40
0.0196850393700787
0
CIRCLE
8
BLACK
10
7.9822834645669287
20
-3.0578740157480313
40
0.0196850393700787
0
CIRCLE
8
BLACK
10
7.9822834645669287
20
-3.1578740157480314
40
0.0196850393700787
0
CIRCLE
8
BLACK
10
7.9822834645669287
20
-3.2578740157480315
40
0.0196850393700787
0
LINE
8
BLACK
6
CONTINUOUS
10
7.7803149606299211
20
-3.0492125984251968
11
7.7803149606299211
21
-3.0019685039370079
0
ARC
8
BLACK
10
7.7685039370078739
20
-3.0019685039370079
40
0.0118110236220472
50
0.00000000
51
180.00000000
0
LINE
8
BLACK
6
CONTINUOUS
10
7.7566929133858267
20
-3.0019685039370079
11
7.7566929133858267
21
-3.0492125984251968
0
ARC
8
BLACK
10
7.7685039370078739
20
-3.0492125984251968
40
0.0118110236220472
50
180.00000000
51
360.00000000
0
LINE
8
BLACK
6
CONTINUOUS
10
7.4401574803149604
20
-3.0492125984251968
11
7.4401574803149604
21
-3.0019685039370079
0
ARC
8
BLACK
10
7.4283464566929132
20
-3.0019685039370079
40
0.0118110236220472
50
0.00000000
51
180.00000000
0
LINE
8
BLACK
6
CONTINUOUS
10
7.4165354330708659
20
-3.0019685039370079
11
7.4165354330708659
21
-3.0492125984251968
0
ARC
8
BLACK
10
7.4283464566929132
20
-3.0492125984251968
40
0.0118110236220472
50
180.00000000
51
360.00000000
0
LINE
8
BLACK
6
CONTINUOUS
10
7.7803149606299211
20
-3.1988188976377954
11
7.7803149606299211
21
-3.1673228346456694
0
ARC
8
BLACK
10
7.7685039370078739
20
-3.1673228346456694
40
0.0118110236220472
50
0.00000000
51
180.00000000
0
LINE
8
BLACK
6
CONTINUOUS
10
7.7566929133858267
20
-3.1673228346456694
11
7.7566929133858267
21
-3.1988188976377954
0
ARC
8
BLACK
10
7.7685039370078739
20
-3.1988188976377954
40
0.0118110236220472
50
180.00000000
51
360.00000000
0
LINE
8
BLACK
6
CONTINUOUS
10
7.4401574803149604
20
-3.1988188976377954
11
7.4401574803149604
21
-3.1673228346456694
0
ARC
8
BLACK
10
7.4283464566929132
20
-3.1673228346456694
40
0.0118110236220472
50
0.00000000
51
180.00000000
0
LINE
8
BLACK
6
CONTINUOUS
10
7.4165354330708659
20
-3.1673228346456694
11
7.4165354330708659
21
-3.1988188976377954
0
ARC
8
BLACK
10
7.4283464566929132
20
-3.1988188976377954
40
0.0118110236220472
50
180.00000000
51
360.00000000
0
CIRCLE
8
BLACK
10
5.2480314960629917
20
-4.9448818897637796
40
0.0590550787401575
0
CIRCLE
8
BLACK
10
8.7362204724409445
20
-3.3582677165354329
40
0.0590550787401575
0
CIRCLE
8
BLACK
10
7.7007874015748028
20
-5.5393700787401574
40
0.0590550787401575
0
CIRCLE
8
BLACK
10
5.2956692913385828
20
-3.1625984251968502
40
0.0196850393700787
0
CIRCLE
8
BLACK
10
5.2956692913385828
20
-3.2625984251968503
40
0.0196850393700787
0
CIRCLE
8
BLACK
10
5.2956692913385828
20
-3.3625984251968504
40
0.0196850393700787
0
CIRCLE
8
BLACK
10
5.2956692913385828
20
-3.4625984251968505
40
0.0196850393700787
0
CIRCLE
8
BLACK
10
2.7854330708661417
20
-5.4667322834645669
40
0.0196850393700787
0
CIRCLE
8
BLACK
10
2.8838582677165352
20
-5.4667322834645669
40
0.0196850393700787
0
CIRCLE
8
BLACK
10
2.8740157480314958
20
-3.3188976377952755
40
0.0590550787401575
0
CIRCLE
8
BLACK
10
6.1968503937007871
20
-3.5314960629921259
40
0.0590550787401575
  0
ENDSEC
  0
EOF
